sales_date,sku_id,product_name,daily_quantity,rolling_mean_7,spike_ratio,anomaly_type,drop_ratio
2024-12-18,	-,【徐冬冬专属】Webber naturals伟博深海鱼油1100mg高纯度Omega3 120粒 z-1瓶装,6,2.0,3.0,SALES_SPIKE,
2024-12-21,	-,Webber naturals伟博深海鱼油900mg高纯度Omega3/DHA/EPA 200粒z-伟博油900mg深海鱼油200粒*1,5,1.2857142857142858,3.888888888888888,SALES_SPIKE,
2024-12-23,	-,【官方直播】加拿大伟博Webber鱼油500mgOmega3+D3青少年 100粒/瓶-2瓶装,8,1.1428571428571428,7.0,SALES_SPIKE,
2024-12-24,	-,【修贤生日场专属】webber naturals伟博天然加拿大伟博天然进口肉桂精华维稳60粒/瓶-两瓶装,8,2.0,4.0,SALES_SPIKE,
2024-12-25,	-,Webber Naturals伟博天然高纯度1390mg深海精粹鱼油软胶囊60粒 z-伟博天然高纯度1390mg深海精粹鱼油60粒*1,7,1.2857142857142858,5.444444444444444,SALES_SPIKE,
2024-12-26,	-,Webber Naturals伟博天然高纯度1390mg深海精粹鱼油软胶囊60粒 z-伟博天然高纯度1390mg深海精粹鱼油60粒*1,10,1.8571428571428568,5.384615384615384,SALES_SPIKE,
2024-12-27,	-,【官方直播】加拿大伟博儿童鱼油高脑力DHA无腥可嚼软胶囊120粒/瓶-2瓶装,6,1.5714285714285714,3.8181818181818175,SALES_SPIKE,
2024-12-29,	-,【徐冬冬专属】Webber naturals伟博深海鱼油1100mg高纯度Omega3 120粒 z-2瓶装,8,1.4285714285714286,5.6,SALES_SPIKE,
2024-12-29,	-,【徐冬冬专属】Webber naturals伟博深海鱼油1100mg高纯度Omega3 120粒 z-1瓶装,28,2.4285714285714284,11.529411764705884,SALES_SPIKE,
2025-01-05,	-,【鱼油+卵磷脂组合装】1100mg鱼油120粒+大豆卵磷脂胶囊1200mg180粒-1100mg鱼油120粒/瓶+大豆卵磷脂胶囊1200mg180粒/瓶,5,1.5714285714285714,3.181818181818182,SALES_SPIKE,
2025-01-06,	-,【徐冬冬专属】Webber naturals伟博深海鱼油1100mg高纯度Omega3 120粒 z-1瓶装,8,2.0,4.0,SALES_SPIKE,
2025-01-06,	-,【修贤生日场专属】webber naturals伟博天然加拿大伟博天然进口肉桂精华维稳60粒/瓶-两瓶装,18,2.857142857142857,6.3,SALES_SPIKE,
2025-01-07,	-,【修贤生日场专属】webber naturals伟博天然加拿大伟博天然进口肉桂精华维稳60粒/瓶-两瓶装,6,1.5714285714285714,3.8181818181818175,SALES_SPIKE,
2025-01-09,	-,webber伟博天然4倍高纯度健身深海鱼油1390mg成人omega3胶囊60粒q-2瓶装+辅酶,14,2.0,7.0,SALES_SPIKE,
2025-01-15,	-,【官方直播】加拿大伟博深海鱼油1390mg高纯度Omega3-两瓶装组合,6,1.0,6.0,SALES_SPIKE,
2025-01-26,	-,【罗凤魁专属】Webber Naturals伟博天然高纯度1390mg深海精粹鱼油软胶囊60粒 z-伟博天然高纯度1390mg深海精粹鱼油60粒*2,10,1.7142857142857142,5.833333333333334,SALES_SPIKE,
2025-01-28,	-,【官方直播】WebberNaturals伟博深海鱼油1390mg高纯度Omega3 120粒-1瓶装,10,1.7142857142857142,5.833333333333334,SALES_SPIKE,
2025-01-29,	-,【官方直播】WebberNaturals伟博深海鱼油1390mg高纯度Omega3 120粒-3瓶装,5,1.1428571428571428,4.375,SALES_SPIKE,
2025-01-31,	-,【官方直播】WebberNaturals伟博深海鱼油1390mg高纯度Omega3 120粒-5瓶装,5,1.4285714285714286,3.5,SALES_SPIKE,
2025-02-05,	-,【重启身材专属】webber naturals伟博天然加拿大伟博天然进口肉桂精华维稳60粒/瓶-两瓶装,5,1.1428571428571428,4.375,SALES_SPIKE,
2025-02-18,	-,【官方直播】WebberNaturals伟博深海鱼油1390mg高纯度Omega3 120粒-1瓶装,7,1.2857142857142858,5.444444444444444,SALES_SPIKE,
2025-02-19,	-,【重启身材专属】webber naturals伟博天然加拿大伟博天然进口肉桂精华维稳60粒/瓶-两瓶装,11,1.1428571428571428,9.625,SALES_SPIKE,
2025-02-21,	-,【官方直播】WebberNaturals伟博深海鱼油1390mg高纯度Omega3 120粒-1瓶装,5,1.2857142857142858,3.888888888888888,SALES_SPIKE,
2025-02-26,	-,【官方直播】WebberNaturals伟博深海鱼油1390mg高纯度Omega3 120粒-1瓶装,8,1.2857142857142858,6.222222222222221,SALES_SPIKE,
2025-02-28,	-,【官方直播】加拿大伟博Webber鱼油500mgOmega3+D3青少年 100粒/瓶-2瓶装,5,1.4285714285714286,3.5,SALES_SPIKE,
2025-03-01,	-,Webber Naturals伟博天然进口小分子胶原蛋白多肽粉150g z-胶原蛋白多肽粉150g*1,5,1.5714285714285714,3.181818181818182,SALES_SPIKE,
2025-03-02,	-,【官方直播】加拿大伟博儿童鱼油高脑力DHA无腥可嚼软胶囊120粒/瓶-2瓶装,5,1.2857142857142858,3.888888888888888,SALES_SPIKE,
2025-03-04,	-,Webber Naturals伟博天然进口小分子胶原蛋白多肽粉150g z-胶原蛋白多肽粉150g*1,5,1.5714285714285714,3.181818181818182,SALES_SPIKE,
2025-03-05,	-,【官方直播】加拿大伟博儿童鱼油高脑力DHA无腥可嚼软胶囊120粒/瓶-2瓶装,7,2.0,3.5,SALES_SPIKE,
2025-03-08,	-,【官方直播】加拿大伟博儿童鱼油高脑力DHA无腥可嚼软胶囊120粒/瓶-2瓶装,5,1.5714285714285714,3.181818181818182,SALES_SPIKE,
2025-03-10,	-,【漂亮开春专属】webber naturals伟博天然加拿大伟博天然进口肉桂精华维稳60粒/瓶-两瓶装,8,1.7142857142857142,4.666666666666667,SALES_SPIKE,
2025-03-13,	-,Webber Naturals伟博天然进口小分子胶原蛋白多肽粉150g z-胶原蛋白多肽粉150g*1,49,2.857142857142857,17.15,SALES_SPIKE,
2025-03-16,	-,Webber Naturals伟博天然进口小分子胶原蛋白多肽粉150g z-胶原蛋白多肽粉150g*1,5,1.1428571428571428,4.375,SALES_SPIKE,
2025-03-17,	-,Webber Naturals伟博天然进口小分子胶原蛋白多肽粉150g z-胶原蛋白多肽粉150g*3,13,1.7142857142857142,7.583333333333334,SALES_SPIKE,
2025-03-17,	-,Webber Naturals伟博天然进口小分子胶原蛋白多肽粉150g z-胶原蛋白多肽粉150g*1,38,3.4285714285714284,11.083333333333334,SALES_SPIKE,
2025-03-19,	-,【官方直播】加拿大伟博儿童鱼油高脑力DHA无腥可嚼软胶囊120粒/瓶-2瓶装,7,1.4285714285714286,4.9,SALES_SPIKE,
2025-03-20,	-,Webber Naturals伟博天然进口小分子胶原蛋白多肽粉150g z-胶原蛋白多肽粉150g*1,6,1.4285714285714286,4.2,SALES_SPIKE,
2025-03-22,	-,【YY专属】Webber Naturals伟博维生素C1000毫克150粒/瓶（效期至25年9月）-1瓶装,9,1.7142857142857142,5.25,SALES_SPIKE,
2025-03-23,	-,Webber Naturals伟博维生素C1000毫克150粒/瓶（效期至25年9月）-1瓶装,6,1.7142857142857142,3.5,SALES_SPIKE,
2025-03-23,	-,【YY专属】Webber Naturals伟博维生素C1000毫克150粒/瓶（效期至25年9月）-3瓶装,14,1.8571428571428568,7.538461538461538,SALES_SPIKE,
2025-03-23,	-,【YY专属】Webber Naturals伟博维生素C1000毫克150粒/瓶（效期至25年9月）-1瓶装,15,4.142857142857143,3.620689655172413,SALES_SPIKE,
2025-03-24,	-,Webber Naturals伟博维生素C1000毫克150粒/瓶（效期至25年9月）-1瓶装,9,2.857142857142857,3.15,SALES_SPIKE,
2025-03-24,	-,【YY专属】Webber Naturals伟博维生素C1000毫克150粒/瓶（效期至25年9月）-1瓶装,14,4.0,3.5,SALES_SPIKE,
2025-03-25,	-,Webber Naturals伟博维生素C1000毫克150粒/瓶（效期至25年9月）-3瓶装,13,2.857142857142857,4.55,SALES_SPIKE,
2025-03-25,	-,【YY专属】Webber Naturals伟博维生素C1000毫克150粒/瓶（效期至25年9月）-1瓶装,25,4.285714285714286,5.833333333333334,SALES_SPIKE,
2025-03-26,	-,Webber Naturals伟博维生素C1000毫克150粒/瓶（效期至25年9月）-1瓶装,47,1.1428571428571428,41.125,SALES_SPIKE,
2025-03-26,	-,Webber Naturals伟博维生素C1000毫克150粒/瓶（效期至25年9月）-3瓶装,24,7.714285714285714,3.111111111111111,SALES_SPIKE,
2025-03-27,	-,【YY专属】Webber Naturals伟博维生素C1000毫克150粒/瓶（效期至25年9月）-1瓶装,9,2.0,4.5,SALES_SPIKE,
2025-03-27,	-,Webber Naturals伟博维生素C1000毫克150粒/瓶（效期至25年9月）-3瓶装,29,3.0,9.666666666666666,SALES_SPIKE,
2025-03-27,	-,Webber Naturals伟博维生素C1000毫克150粒/瓶（效期至25年9月）-1瓶装,62,6.857142857142857,9.041666666666668,SALES_SPIKE,
2025-03-28,	-,Webber Naturals伟博维生素C1000毫克150粒/瓶（效期至25年9月）-1瓶装,60,1.8571428571428568,32.30769230769231,SALES_SPIKE,
2025-03-28,	-,Webber Naturals伟博维生素C1000毫克150粒/瓶（效期至25年9月）-3瓶装,45,10.571428571428571,4.256756756756757,SALES_SPIKE,
2025-03-28,	-,【YY专属】Webber Naturals伟博维生素C1000毫克150粒/瓶（效期至25年9月）-1瓶装,7,2.2857142857142856,3.0625,SALES_SPIKE,
2025-03-29,	-,Webber Naturals伟博维生素C1000毫克150粒/瓶（效期至25年9月）-1瓶装,45,2.4285714285714284,18.529411764705884,SALES_SPIKE,
2025-03-29,	-,Webber Naturals伟博维生素C1000毫克150粒/瓶（效期至25年9月）-3瓶装,40,8.714285714285714,4.59016393442623,SALES_SPIKE,
2025-03-30,	-,Webber Naturals伟博维生素C1000毫克150粒/瓶（效期至25年9月）-1瓶装,65,2.0,32.5,SALES_SPIKE,
2025-03-30,	-,Webber Naturals伟博维生素C1000毫克150粒/瓶（效期至25年9月）-3瓶装,43,11.0,3.909090909090909,SALES_SPIKE,
2025-03-31,	-,Webber Naturals伟博维生素C1000毫克150粒/瓶（效期至25年9月）-1瓶装,45,2.4285714285714284,18.529411764705884,SALES_SPIKE,
2025-03-31,	-,Webber Naturals伟博维生素C1000毫克150粒/瓶（效期至25年9月）-3瓶装,27,2.0,13.5,SALES_SPIKE,
2025-04-01,	-,Webber Naturals伟博维生素C1000毫克150粒/瓶（效期至25年9月）-1瓶装,39,2.0,19.5,SALES_SPIKE,
2025-04-02,	-,Webber Naturals伟博维生素C1000毫克150粒/瓶（效期至25年9月）-3瓶装,33,1.8571428571428568,17.76923076923077,SALES_SPIKE,
2025-04-02,	-,Webber Naturals伟博维生素C1000毫克150粒/瓶（效期至25年9月）-1瓶装,26,6.285714285714286,4.136363636363637,SALES_SPIKE,
2025-04-03,	-,【官方直播】WebberNaturals伟博深海鱼油1390mg高纯度Omega3 120粒-1瓶装,9,2.7142857142857144,3.31578947368421,SALES_SPIKE,
2025-04-03,	-,Webber Naturals伟博维生素C1000毫克150粒/瓶（效期至25年9月）-1瓶装,21,1.8571428571428568,11.307692307692308,SALES_SPIKE,
2025-04-04,	-,Webber Naturals伟博维生素C1000毫克150粒/瓶（效期至25年9月）-1瓶装,13,3.142857142857143,4.136363636363637,SALES_SPIKE,
2025-04-05,	-,【官方直播】WebberNaturals伟博深海鱼油1390mg高纯度Omega3 120粒-1瓶装,7,1.8571428571428568,3.769230769230769,SALES_SPIKE,
2025-04-05,	-,【YY专属】Webber Naturals伟博维生素C1000毫克150粒/瓶（效期至25年9月）-3瓶装,68,2.7142857142857144,25.052631578947366,SALES_SPIKE,
2025-04-05,	-,【YY专属】Webber Naturals伟博维生素C1000毫克150粒/瓶（效期至25年9月）-1瓶装,85,14.857142857142858,5.721153846153846,SALES_SPIKE,
2025-04-06,	-,Webber Naturals伟博维生素C1000毫克150粒/瓶（效期至25年9月）-1瓶装,25,1.8571428571428568,13.461538461538462,SALES_SPIKE,
2025-04-06,	-,Webber Naturals伟博维生素C1000毫克150粒/瓶（效期至25年9月）-3瓶装,17,2.4285714285714284,7.000000000000001,SALES_SPIKE,
2025-04-06,	-,【YY专属】Webber Naturals伟博维生素C1000毫克150粒/瓶（效期至25年9月）-1瓶装,46,4.714285714285714,9.757575757575758,SALES_SPIKE,
2025-04-07,	-,Webber Naturals伟博维生素C1000毫克150粒/瓶（效期至25年9月）-3瓶装,40,5.0,8.0,SALES_SPIKE,
2025-04-07,	-,Webber Naturals伟博维生素C1000毫克150粒/瓶（效期至25年9月）-1瓶装,58,6.714285714285714,8.638297872340425,SALES_SPIKE,
2025-04-07,	-,【YY专属】Webber Naturals伟博维生素C1000毫克150粒/瓶（效期至25年9月）-1瓶装,25,2.7142857142857144,9.210526315789473,SALES_SPIKE,
2025-04-08,	-,【YY专属】Webber Naturals伟博维生素C1000毫克150粒/瓶（效期至25年9月）-1瓶装,29,8.714285714285714,3.3278688524590168,SALES_SPIKE,
2025-04-08,	-,Webber Naturals伟博维生素C1000毫克150粒/瓶（效期至25年9月）-1瓶装,178,2.0,89.0,SALES_SPIKE,
2025-04-09,	-,Webber Naturals伟博维生素C1000毫克150粒/瓶（效期至25年9月）-1瓶装,224,1.8571428571428568,120.6153846153846,SALES_SPIKE,
2025-04-09,	-,Webber Naturals伟博维生素C1000毫克150粒/瓶（效期至25年9月）-3瓶装,151,33.142857142857146,4.55603448275862,SALES_SPIKE,
2025-04-10,	-,Webber Naturals伟博维生素C1000毫克150粒/瓶（效期至25年9月）-3瓶装,110,4.142857142857143,26.551724137931032,SALES_SPIKE,
2025-04-10,	-,Webber Naturals伟博维生素C1000毫克150粒/瓶（效期至25年9月）-1瓶装,172,17.857142857142858,9.632,SALES_SPIKE,
2025-04-11,	-,【官方直播】WebberNaturals伟博深海鱼油1390mg高纯度Omega3 120粒-1瓶装,12,3.4285714285714284,3.5,SALES_SPIKE,
2025-04-11,	-,Webber Naturals伟博维生素C1000毫克150粒/瓶（效期至25年9月）-3瓶装,59,5.142857142857143,11.47222222222222,SALES_SPIKE,
2025-04-11,	-,Webber Naturals伟博维生素C1000毫克150粒/瓶（效期至25年9月）-1瓶装,137,13.857142857142858,9.88659793814433,SALES_SPIKE,
2025-04-12,	-,Webber Naturals伟博维生素C1000毫克150粒/瓶（效期至25年9月）-3瓶装,105,3.4285714285714284,30.625,SALES_SPIKE,
2025-04-12,	-,【官方直播】WebberNaturals伟博深海鱼油1390mg高纯度Omega3 120粒-1瓶装,11,3.2857142857142856,3.347826086956522,SALES_SPIKE,
2025-04-12,	-,Webber Naturals伟博维生素C1000毫克150粒/瓶（效期至25年9月）-1瓶装,158,4.285714285714286,36.86666666666667,SALES_SPIKE,
2025-04-14,	-,【官方直播】WebberNaturals伟博深海鱼油1390mg高纯度Omega3 120粒-3瓶装,6,1.4285714285714286,4.2,SALES_SPIKE,
2025-04-15,	-,【官方直播】WebberNaturals伟博深海鱼油1390mg高纯度Omega3 120粒-3瓶装,9,1.4285714285714286,6.3,SALES_SPIKE,
2025-04-16,	-,【官方直播】WebberNaturals伟博深海鱼油1390mg高纯度Omega3 120粒-3瓶装,13,3.142857142857143,4.136363636363637,SALES_SPIKE,
2025-04-16,	-,【官方直播】加拿大伟博儿童鱼油高脑力DHA无腥可嚼软胶囊120粒/瓶-2瓶装,5,1.4285714285714286,3.5,SALES_SPIKE,
2025-04-17,	-,【官方直播】WebberNaturals伟博深海鱼油1390mg高纯度Omega3 120粒-3瓶装,11,2.142857142857143,5.133333333333334,SALES_SPIKE,
2025-04-17,	-,【官方直播】WebberNaturals伟博深海鱼油1390mg高纯度Omega3 120粒-1瓶装,8,2.4285714285714284,3.294117647058824,SALES_SPIKE,
2025-04-18,	-,【官方直播】WebberNaturals伟博深海鱼油1390mg高纯度Omega3 120粒-3瓶装,10,2.857142857142857,3.5,SALES_SPIKE,
2025-04-19,	-,【官方直播】WebberNaturals伟博深海鱼油1390mg高纯度Omega3 120粒-2瓶装,5,1.5714285714285714,3.181818181818182,SALES_SPIKE,
2025-04-19,	-,【官方直播】WebberNaturals伟博深海鱼油1390mg高纯度Omega3 120粒-3瓶装,10,2.142857142857143,4.666666666666667,SALES_SPIKE,
2025-04-20,	-,【官方直播】WebberNaturals伟博深海鱼油1390mg高纯度Omega3 120粒-3瓶装,9,1.1428571428571428,7.875,SALES_SPIKE,
2025-04-20,	-,【官方直播】WebberNaturals伟博深海鱼油1390mg高纯度Omega3 120粒-1瓶装,8,2.4285714285714284,3.294117647058824,SALES_SPIKE,
2025-04-21,	-,【官方直播】加拿大伟博儿童鱼油高脑力DHA无腥可嚼软胶囊120粒/瓶-2瓶装,7,1.2857142857142858,5.444444444444444,SALES_SPIKE,
2025-04-21,	-,【官方直播】WebberNaturals伟博深海鱼油1390mg高纯度Omega3 120粒-3瓶装,11,2.7142857142857144,4.052631578947368,SALES_SPIKE,
2025-04-22,	-,【官方直播】WebberNaturals伟博深海鱼油1390mg高纯度Omega3 120粒-3瓶装,6,1.2857142857142858,4.666666666666666,SALES_SPIKE,
2025-04-22,	-,Webber Naturals伟博维生素C1000毫克150粒/瓶（效期至25年9月）-1瓶装,7,2.0,3.5,SALES_SPIKE,
2025-04-22,	-,【官方直播】WebberNaturals伟博深海鱼油1390mg高纯度Omega3 120粒-1瓶装,9,2.571428571428572,3.5,SALES_SPIKE,
2025-04-23,	-,【官方直播】WebberNaturals伟博深海鱼油1390mg高纯度Omega3 120粒-3瓶装,8,1.4285714285714286,5.6,SALES_SPIKE,
2025-04-25,	-,【官方直播】WebberNaturals伟博深海鱼油1390mg高纯度Omega3 120粒-3瓶装,17,2.142857142857143,7.933333333333334,SALES_SPIKE,
2025-04-26,	-,【官方直播】WebberNaturals伟博深海鱼油1390mg高纯度Omega3 120粒-3瓶装,13,2.142857142857143,6.066666666666666,SALES_SPIKE,
2025-04-26,	-,【官方直播】加拿大伟博Webber鱼油500mgOmega3+D3青少年 100粒/瓶-2瓶装,5,1.4285714285714286,3.5,SALES_SPIKE,
2025-04-26,	-,【官方直播】WebberNaturals伟博深海鱼油1390mg高纯度Omega3 120粒-1瓶装,9,2.0,4.5,SALES_SPIKE,
2025-04-27,	-,【官方直播】WebberNaturals伟博深海鱼油1390mg高纯度Omega3 120粒-1瓶装,9,3.0,3.0,SALES_SPIKE,
2025-04-29,	-,【官方直播】WebberNaturals伟博深海鱼油1390mg高纯度Omega3 120粒-3瓶装,14,1.4285714285714286,9.8,SALES_SPIKE,
2025-04-30,	-,Webber Naturals伟博天然进口小分子胶原蛋白多肽粉150g z-胶原蛋白多肽粉150g*1,9,1.2857142857142858,6.999999999999999,SALES_SPIKE,
2025-04-30,	-,【官方直播】WebberNaturals伟博深海鱼油1390mg高纯度Omega3 120粒-3瓶装,9,2.4285714285714284,3.7058823529411766,SALES_SPIKE,
2025-05-01,	-,【官方直播】WebberNaturals伟博深海鱼油1390mg高纯度Omega3 120粒-1瓶装,6,1.8571428571428568,3.230769230769231,SALES_SPIKE,
2025-05-02,	-,【官方直播】WebberNaturals伟博深海鱼油1390mg高纯度Omega3 120粒-1瓶装,8,1.4285714285714286,5.6,SALES_SPIKE,
2025-05-03,	-,【官方直播】WebberNaturals伟博深海鱼油1390mg高纯度Omega3 120粒-1瓶装,6,1.7142857142857142,3.5,SALES_SPIKE,
2025-05-06,	-,【官方直播】加拿大伟博Webber鱼油500mgOmega3+D3青少年 100粒/瓶-2瓶装,5,1.2857142857142858,3.888888888888888,SALES_SPIKE,
2025-07-11,	-,【官方直播】WebberNaturals伟博深海鱼油1100mg高纯度Omega3 120粒-一瓶装【4个月的量】,5,1.2857142857142858,3.888888888888888,SALES_SPIKE,
2025-07-18,	-,【官方直播】WebberNaturals伟博深海鱼油1100mg高纯度Omega3 120粒-一瓶装【4个月的量】,10,1.8571428571428568,5.384615384615384,SALES_SPIKE,
2025-07-19,	-,【官方直播】WebberNaturals伟博深海鱼油1100mg高纯度Omega3 120粒-一瓶装【4个月的量】,12,3.142857142857143,3.8181818181818175,SALES_SPIKE,
2025-07-20,	-,【官方直播】WebberNaturals伟博深海鱼油1100mg高纯度Omega3 120粒-一瓶装【4个月的量】,7,1.5714285714285714,4.454545454545455,SALES_SPIKE,
2025-07-21,	-,【官方直播】WebberNaturals伟博深海鱼油1100mg高纯度Omega3 120粒-一瓶装【4个月的量】,10,2.2857142857142856,4.375,SALES_SPIKE,
2025-07-22,	-,【官方直播】WebberNaturals伟博深海鱼油1100mg高纯度Omega3 120粒-一瓶装【4个月的量】,9,1.7142857142857142,5.25,SALES_SPIKE,
2025-07-24,	-,【官方直播】WebberNaturals伟博深海鱼油1100mg高纯度Omega3 120粒-一瓶装【4个月的量】,8,1.4285714285714286,5.6,SALES_SPIKE,
2025-07-26,	-,【官方直播】WebberNaturals伟博深海鱼油1100mg高纯度Omega3 120粒-一瓶装【4个月的量】,6,1.2857142857142858,4.666666666666666,SALES_SPIKE,
2025-07-27,	-,【官方直播】WebberNaturals伟博深海鱼油1100mg高纯度Omega3 120粒-一瓶装【4个月的量】,15,2.142857142857143,7.0,SALES_SPIKE,
2025-07-28,	-,【官方直播】WebberNaturals伟博深海鱼油1100mg高纯度Omega3 120粒-一瓶装【4个月的量】,6,1.7142857142857142,3.5,SALES_SPIKE,
2025-07-29,	-,【官方直播】WebberNaturals伟博深海鱼油1100mg高纯度Omega3 120粒-一瓶装【4个月的量】,12,2.2857142857142856,5.25,SALES_SPIKE,
2025-07-30,	-,【官方直播】WebberNaturals伟博深海鱼油1100mg高纯度Omega3 120粒-一瓶装【4个月的量】,9,1.5714285714285714,5.727272727272728,SALES_SPIKE,
2025-07-31,	-,【官方直播】WebberNaturals伟博深海鱼油1100mg高纯度Omega3 120粒-一瓶装【4个月的量】,13,2.571428571428572,5.055555555555555,SALES_SPIKE,
2025-08-01,	-,【官方直播】WebberNaturals伟博深海鱼油1100mg高纯度Omega3 120粒-一瓶装【4个月的量】,7,1.7142857142857142,4.083333333333334,SALES_SPIKE,
2025-08-02,	-,【官方直播】WebberNaturals伟博深海鱼油1100mg高纯度Omega3 120粒-一瓶装【4个月的量】,7,1.1428571428571428,6.125,SALES_SPIKE,
2025-08-02,	-,伟博加拿大进口99%纯度1100mg成人omega3深海鱼油心血管养护120粒-1瓶装（4个月的量）,5,1.0,5.0,SALES_SPIKE,
2025-08-03,	-,【官方直播】WebberNaturals伟博深海鱼油1100mg高纯度Omega3 120粒-一瓶装【4个月的量】,6,1.4285714285714286,4.2,SALES_SPIKE,
2025-08-04,	-,【官方直播】WebberNaturals伟博深海鱼油1100mg高纯度Omega3 120粒-一瓶装【4个月的量】,6,1.8571428571428568,3.230769230769231,SALES_SPIKE,
2025-08-04,	-,Webber Naturals伟博天然进口小分子胶原蛋白多肽粉150g z-胶原蛋白多肽粉150g*1,8,1.8571428571428568,4.307692307692308,SALES_SPIKE,
2025-08-06,	-,【官方直播】WebberNaturals伟博深海鱼油1100mg高纯度Omega3 120粒-一瓶装【4个月的量】,6,1.5714285714285714,3.8181818181818175,SALES_SPIKE,
2025-08-10,	-,【官方直播】WebberNaturals伟博深海鱼油1100mg高纯度Omega3 120粒-一瓶装【4个月的量】-(625273090086*1),5,1.0,5.0,SALES_SPIKE,
2025-08-11,	-,【官方直播】WebberNaturals伟博深海鱼油1100mg高纯度Omega3 120粒-一瓶装【4个月的量】,7,1.0,7.0,SALES_SPIKE,
2025-08-13,	-,【官方直播】WebberNaturals伟博深海鱼油1100mg高纯度Omega3 120粒-一瓶装【4个月的量】-(625273090086*1),9,2.571428571428572,3.5,SALES_SPIKE,
2025-08-14,	-,【官方直播】WebberNaturals伟博深海鱼油1100mg高纯度Omega3 120粒-一瓶装【4个月的量】-(625273090086*1),9,1.7142857142857142,5.25,SALES_SPIKE,
2025-08-15,	-,【官方直播】WebberNaturals伟博深海鱼油1100mg高纯度Omega3 120粒-一瓶装【4个月的量】-(625273090086*1),14,2.142857142857143,6.533333333333333,SALES_SPIKE,
2025-08-16,	-,【官方直播】WebberNaturals伟博深海鱼油1100mg高纯度Omega3 120粒-一瓶装【4个月的量】-(625273090086*1),15,1.0,15.0,SALES_SPIKE,
2025-08-16,	-,Webber Naturals伟博天然高纯度1100mg深海精粹鱼油软胶囊60粒 D-1瓶装-(625273090420*1),11,2.0,5.5,SALES_SPIKE,
2025-08-17,	-,Webber Naturals伟博天然高纯度1100mg深海精粹鱼油软胶囊60粒 D-1瓶装-(625273090420*1),18,3.142857142857143,5.727272727272728,SALES_SPIKE,
2025-08-17,	-,【官方直播】WebberNaturals伟博深海鱼油1100mg高纯度Omega3 120粒-一瓶装【4个月的量】-(625273090086*1),17,4.571428571428571,3.71875,SALES_SPIKE,
2025-08-18,	-,伟博加拿大进口99%纯度1100mg成人omega3深海鱼油心血管养护120粒-一瓶装（体验装）-(625273090086*1),5,1.1428571428571428,4.375,SALES_SPIKE,
2025-08-19,	-,Webber Naturals伟博天然高纯度1100mg深海精粹鱼油软胶囊60粒 D-1瓶装-(625273090420*1),8,2.571428571428572,3.1111111111111107,SALES_SPIKE,
2025-08-19,	-,【官方直播】WebberNaturals伟博深海鱼油1100mg高纯度Omega3 120粒-一瓶装【4个月的量】-(625273090086*1),16,2.857142857142857,5.6,SALES_SPIKE,
2025-08-20,	-,Webber Naturals伟博天然高纯度1100mg深海精粹鱼油软胶囊60粒 D-1瓶装-(625273090420*1),9,1.7142857142857142,5.25,SALES_SPIKE,
2025-08-20,	-,【官方直播】WebberNaturals伟博深海鱼油1100mg高纯度Omega3 120粒-一瓶装【4个月的量】-(625273090086*1),12,2.7142857142857144,4.421052631578947,SALES_SPIKE,
2025-08-20,	-,伟博加拿大进口99%纯度1100mg成人omega3深海鱼油心血管养护120粒-1瓶装（4个月的量）-(625273090086*1),5,1.4285714285714286,3.5,SALES_SPIKE,
2025-08-21,	-,【官方直播】WebberNaturals伟博深海鱼油1100mg高纯度Omega3 120粒-一瓶装【4个月的量】-(625273090086*1),15,2.4285714285714284,6.176470588235294,SALES_SPIKE,
2025-08-23,	-,【官方直播】WebberNaturals伟博深海鱼油1100mg高纯度Omega3 120粒-一瓶装【4个月的量】-(625273090086*1),9,2.142857142857143,4.2,SALES_SPIKE,
2025-08-23,	-,伟博加拿大进口99%纯度1100mg成人omega3深海鱼油心血管养护120粒-一瓶装（体验装）-(625273090086*1),13,2.571428571428572,5.055555555555555,SALES_SPIKE,
2025-08-24,	-,【官方直播】WebberNaturals伟博深海鱼油1100mg高纯度Omega3 120粒-一瓶装【4个月的量】-(625273090086*1),12,1.8571428571428568,6.461538461538462,SALES_SPIKE,
2025-08-25,	-,伟博加拿大进口99%纯度1100mg成人omega3深海鱼油心血管养护120粒-一瓶装（体验装）-(625273090086*1),8,1.1428571428571428,7.0,SALES_SPIKE,
2025-08-25,	-,【官方直播】WebberNaturals伟博深海鱼油1100mg高纯度Omega3 120粒-一瓶装【4个月的量】-(625273090086*1),12,2.857142857142857,4.2,SALES_SPIKE,
2025-08-26,	-,【官方直播】WebberNaturals伟博深海鱼油1100mg高纯度Omega3 120粒-一瓶装【4个月的量】-(625273090086*1),11,3.4285714285714284,3.208333333333333,SALES_SPIKE,
2025-08-27,	-,【官方直播】WebberNaturals伟博深海鱼油1100mg高纯度Omega3 120粒-一瓶装【4个月的量】-(625273090086*1),12,1.4285714285714286,8.4,SALES_SPIKE,
2025-08-28,	-,【官方直播】WebberNaturals伟博深海鱼油1100mg高纯度Omega3 120粒-一瓶装【4个月的量】-(625273090086*1),9,2.7142857142857144,3.31578947368421,SALES_SPIKE,
2025-08-29,	-,【官方直播】WebberNaturals伟博深海鱼油1100mg高纯度Omega3 120粒-一瓶装【4个月的量】-(625273090086*1),20,3.2857142857142856,6.086956521739131,SALES_SPIKE,
2025-08-29,	-,伟博加拿大进口99%纯度1100mg成人omega3深海鱼油心血管养护120粒-一瓶装（体验装）-(625273090086*1),14,4.285714285714286,3.2666666666666666,SALES_SPIKE,
2025-08-31,	-,【官方直播】WebberNaturals伟博深海鱼油1100mg高纯度Omega3 120粒-一瓶装【4个月的量】-(625273090086*1),10,1.4285714285714286,7.0,SALES_SPIKE,
2025-09-01,	-,【官方直播】WebberNaturals伟博深海鱼油1100mg高纯度Omega3 120粒-一瓶装【4个月的量】-(625273090086*1),13,2.857142857142857,4.55,SALES_SPIKE,
2025-09-02,	-,【官方直播】WebberNaturals伟博深海鱼油1100mg高纯度Omega3 120粒-一瓶装【4个月的量】-(625273090086*1),12,1.0,12.0,SALES_SPIKE,
2025-09-03,	-,【官方直播】WebberNaturals伟博深海鱼油1100mg高纯度Omega3 120粒-一瓶装【4个月的量】-(625273090086*1),7,1.4285714285714286,4.9,SALES_SPIKE,
2025-09-04,	-,伟博加拿大进口99%纯度1100mg成人omega3深海鱼油心血管养护120粒-一瓶装（体验装）-(625273090086*1),13,3.2857142857142856,3.956521739130435,SALES_SPIKE,
2025-09-05,	-,【官方直播】WebberNaturals伟博深海鱼油1100mg高纯度Omega3 120粒-一瓶装【4个月的量】-(625273090086*1),13,2.571428571428572,5.055555555555555,SALES_SPIKE,
2025-09-05,	-,伟博加拿大进口99%纯度1100mg成人omega3深海鱼油心血管养护120粒-一瓶装（体验装）-(625273090086*1),10,1.5714285714285714,6.363636363636364,SALES_SPIKE,
2025-09-06,	-,【韩大宝专属】WebberNaturals伟博500mg维生素C胶囊60粒  效期到2026-06-30-3瓶装-(625273076622*3),14,3.0,4.666666666666667,SALES_SPIKE,
2025-09-06,	-,【官方直播】WebberNaturals伟博深海鱼油1100mg高纯度Omega3 120粒-一瓶装【4个月的量】-(625273090086*1),17,4.0,4.25,SALES_SPIKE,
2025-09-07,	-,【官方直播】WebberNaturals伟博深海鱼油1100mg高纯度Omega3 120粒-一瓶装【4个月的量】-(625273090086*1),12,2.2857142857142856,5.25,SALES_SPIKE,
2025-09-09,	-,伟博加拿大进口99%纯度1100mg成人omega3深海鱼油心血管养护120粒-一瓶装（体验装）-(625273090086*1),17,2.857142857142857,5.95,SALES_SPIKE,
2025-09-09,	-,【官方直播】WebberNaturals伟博深海鱼油1100mg高纯度Omega3 120粒-一瓶装【4个月的量】-(625273090086*1),14,3.4285714285714284,4.083333333333334,SALES_SPIKE,
2025-09-10,	-,【官方直播】WebberNaturals伟博深海鱼油1100mg高纯度Omega3 120粒-一瓶装【4个月的量】-(625273090086*1),17,3.7142857142857135,4.576923076923077,SALES_SPIKE,
2025-09-10,	-,伟博加拿大进口99%纯度1100mg成人omega3深海鱼油心血管养护120粒-一瓶装（体验装）-(625273090086*1),12,2.142857142857143,5.6000000000000005,SALES_SPIKE,
2025-09-11,	-,【官方直播】WebberNaturals伟博深海鱼油1100mg高纯度Omega3 120粒-一瓶装【4个月的量】-(625273090086*1),15,3.4285714285714284,4.375,SALES_SPIKE,
2025-09-12,	-,【官方直播】WebberNaturals伟博深海鱼油1100mg高纯度Omega3 120粒-一瓶装【4个月的量】-(625273090086*1),10,2.0,5.0,SALES_SPIKE,
2025-09-13,	-,【官方直播】WebberNaturals伟博深海鱼油1100mg高纯度Omega3 120粒-一瓶装【4个月的量】-(625273090086*1),10,1.5714285714285714,6.363636363636364,SALES_SPIKE,
2025-09-14,	-,【官方直播】WebberNaturals伟博深海鱼油1100mg高纯度Omega3 120粒-一瓶装【4个月的量】-(625273090086*1),13,1.4285714285714286,9.1,SALES_SPIKE,
2025-09-14,	-,伟博加拿大进口99%纯度1100mg成人omega3深海鱼油心血管养护120粒-一瓶装（体验装）-(625273090086*1),16,3.7142857142857135,4.307692307692308,SALES_SPIKE,
2025-09-15,	-,【官方直播】WebberNaturals伟博深海鱼油1100mg高纯度Omega3 120粒-一瓶装【4个月的量】-(625273090086*1),10,2.2857142857142856,4.375,SALES_SPIKE,
2025-09-16,	-,【官方直播】WebberNaturals伟博深海鱼油1100mg高纯度Omega3 120粒-一瓶装【4个月的量】-(625273090086*1),15,3.571428571428572,4.2,SALES_SPIKE,
2025-09-17,	-,【官方直播】WebberNaturals伟博深海鱼油1100mg高纯度Omega3 120粒-一瓶装【4个月的量】-(625273090086*1),6,1.7142857142857142,3.5,SALES_SPIKE,
2025-09-17,	-,伟博加拿大进口99%纯度1100mg成人omega3深海鱼油心血管养护120粒-一瓶装（体验装）-(625273090086*1),8,1.8571428571428568,4.307692307692308,SALES_SPIKE,
2025-09-18,	-,伟博加拿大进口99%纯度1100mg成人omega3深海鱼油心血管养护120粒-一瓶装（体验装）-(625273090086*1),9,2.4285714285714284,3.7058823529411766,SALES_SPIKE,
2025-09-18,	-,【官方直播】WebberNaturals伟博深海鱼油1100mg高纯度Omega3 120粒-一瓶装【4个月的量】-(625273090086*1),12,2.7142857142857144,4.421052631578947,SALES_SPIKE,
2025-09-19,	-,【官方直播】加拿大伟博儿童鱼油高脑力DHA无腥可嚼软胶囊120粒/瓶-1瓶装-(625273090185*1),12,1.8571428571428568,6.461538461538462,SALES_SPIKE,
2025-09-19,	-,【美彤专属】【成人拍】WebberNaturals高纯度深海鱼油omega3成人健身鱼油120粒-【成人拍】1瓶装（送一瓶40mg叶黄素）-(625273090086*1+625273070255*1),13,3.7142857142857135,3.5,SALES_SPIKE,
2025-09-20,	-,伟博加拿大进口99%纯度1100mg成人omega3深海鱼油心血管养护120粒-一瓶装（体验装）-(625273090086*1),19,5.142857142857143,3.694444444444444,SALES_SPIKE,
2025-09-20,	-,【美彤专属】【成人拍】WebberNaturals高纯度深海鱼油omega3成人健身鱼油120粒-【成人拍】1瓶装（送一瓶40mg叶黄素）-(625273090086*1+625273070255*1),27,4.142857142857143,6.517241379310344,SALES_SPIKE,
2025-09-21,	-,【美彤专属】【成人拍】WebberNaturals高纯度深海鱼油omega3成人健身鱼油120粒-【成人拍】1瓶装（送一瓶40mg叶黄素）-(625273090086*1+625273070255*1),45,7.142857142857143,6.3,SALES_SPIKE,
2025-09-21,	-,伟博加拿大进口99%纯度1100mg成人omega3深海鱼油心血管养护120粒-一瓶装（体验装）-(625273090086*1),11,2.7142857142857144,4.052631578947368,SALES_SPIKE,
2025-09-22,	-,【美彤专属】【成人拍】WebberNaturals高纯度深海鱼油omega3成人健身鱼油120粒-【成人拍】1瓶装（送一瓶40mg叶黄素）-(625273090086*1+625273070255*1),29,5.428571428571429,5.342105263157895,SALES_SPIKE,
2025-09-23,	-,【官方直播】WebberNaturals伟博深海鱼油1100mg高纯度Omega3 120粒-一瓶装【4个月的量】-(625273090086*1),15,1.7142857142857142,8.75,SALES_SPIKE,
2025-09-24,	-,【官方直播】WebberNaturals伟博深海鱼油1100mg高纯度Omega3 120粒-一瓶装【4个月的量】-(625273090086*1),13,3.857142857142857,3.3703703703703702,SALES_SPIKE,
2025-09-25,	-,伟博加拿大进口99%纯度1100mg成人omega3深海鱼油心血管养护120粒-一瓶装（体验装）-(625273090086*1),10,1.5714285714285714,6.363636363636364,SALES_SPIKE,
2025-09-25,	-,【美彤专属】【成人拍】WebberNaturals高纯度深海鱼油omega3成人健身鱼油120粒-【成人拍】1瓶装（送一瓶40mg叶黄素）-(625273090086*1+625273070255*1),11,2.857142857142857,3.85,SALES_SPIKE,
2025-09-25,	-,【官方直播】WebberNaturals伟博深海鱼油1100mg高纯度Omega3 120粒-一瓶装【4个月的量】-(625273090086*1),13,1.7142857142857142,7.583333333333334,SALES_SPIKE,
2025-09-26,	-,【官方直播】WebberNaturals伟博深海鱼油1100mg高纯度Omega3 120粒-一瓶装【4个月的量】-(625273090086*1),15,1.2857142857142858,11.666666666666666,SALES_SPIKE,
2025-09-27,	-,【官方直播】WebberNaturals伟博深海鱼油1100mg高纯度Omega3 120粒-一瓶装【4个月的量】-(625273090086*1),13,2.857142857142857,4.55,SALES_SPIKE,
2025-09-27,	-,【护发美甲美肤】进口VB烟酰胺锌硒女士全能营养素30粒26-5-30-3瓶装-(625273079975*3),12,1.7142857142857142,7.0,SALES_SPIKE,
2025-09-28,	-,【官方直播】WebberNaturals伟博深海鱼油1100mg高纯度Omega3 120粒-一瓶装【4个月的量】-(625273090086*1),10,1.4285714285714286,7.0,SALES_SPIKE,
2025-09-28,	-,【护发美甲美肤】进口VB烟酰胺锌硒女士全能营养素30粒26-5-30-3瓶装-(625273079975*3),21,4.142857142857143,5.068965517241379,SALES_SPIKE,
2025-09-29,	-,【官方直播】WebberNaturals伟博深海鱼油1100mg高纯度Omega3 120粒-一瓶装【4个月的量】-(625273090086*1),19,2.0,9.5,SALES_SPIKE,
2025-09-30,	-,【免疫力】进口500mg维生素C缓释胶囊60粒 效期到2026-06-30-3瓶装-(625273076622*3),22,5.428571428571429,4.052631578947368,SALES_SPIKE,
2025-10-01,	-,【官方直播】WebberNaturals伟博深海鱼油1100mg高纯度Omega3 120粒-一瓶装【4个月的量】-(625273090086*1),14,3.857142857142857,3.6296296296296298,SALES_SPIKE,
2025-10-01,	-,【免疫力】进口500mg维生素C缓释胶囊60粒 效期到2026-06-30-3瓶装-(625273076622*3),14,3.857142857142857,3.6296296296296298,SALES_SPIKE,
2025-10-02,	-,【官方直播】WebberNaturals伟博深海鱼油1100mg高纯度Omega3 120粒-一瓶装【4个月的量】-(625273090086*1),10,2.571428571428572,3.888888888888888,SALES_SPIKE,
2025-10-03,	-,【官方直播】WebberNaturals伟博深海鱼油1100mg高纯度Omega3 120粒-一瓶装【4个月的量】-(625273090086*1),12,2.4285714285714284,4.941176470588236,SALES_SPIKE,
2025-10-03,	-,【美彤专属】【成人拍】WebberNaturals高纯度深海鱼油omega3成人健身鱼油120粒-【成人拍】1瓶装（送一瓶40mg叶黄素）-(625273090086*1+625273070255*1),338,3.4285714285714284,98.58333333333334,SALES_SPIKE,
2025-10-04,	-,【美彤专属】【成人拍】WebberNaturals高纯度深海鱼油omega3成人健身鱼油120粒-【成人拍】1瓶装（送一瓶40mg叶黄素）-(625273090086*1+625273070255*1),16,3.571428571428572,4.48,SALES_SPIKE,
2025-10-06,	-,【官方直播】WebberNaturals伟博深海鱼油1100mg高纯度Omega3 120粒-一瓶装【4个月的量】-(625273090086*1),8,2.142857142857143,3.733333333333333,SALES_SPIKE,
2025-10-07,	-,【官方直播】WebberNaturals伟博深海鱼油1100mg高纯度Omega3 120粒-一瓶装【4个月的量】-(625273090086*1),9,1.8571428571428568,4.846153846153846,SALES_SPIKE,
2025-10-08,	-,【官方直播】WebberNaturals伟博深海鱼油1100mg高纯度Omega3 120粒-一瓶装【4个月的量】-(625273090086*1),12,2.0,6.0,SALES_SPIKE,
2025-10-08,	-,【美彤专属】【成人拍】WebberNaturals高纯度深海鱼油omega3成人健身鱼油120粒-【成人拍】1瓶装（送一瓶40mg叶黄素）-(625273090086*1+625273070255*1),6,2.0,3.0,SALES_SPIKE,
2025-10-09,	-,【官方直播】加拿大伟博儿童鱼油高脑力DHA无腥可嚼软胶囊120粒/瓶-1瓶装-(625273090185*1),9,1.7142857142857142,5.25,SALES_SPIKE,
2025-10-09,	-,【官方直播】WebberNaturals伟博深海鱼油1100mg高纯度Omega3 120粒-一瓶装【4个月的量】-(625273090086*1),11,2.142857142857143,5.133333333333334,SALES_SPIKE,
2025-10-10,	-,伟博加拿大进口99%纯度1100mg成人omega3深海鱼油心血管养护120粒-一瓶装（体验装）-(625273090086*1),8,2.571428571428572,3.1111111111111107,SALES_SPIKE,
2025-10-10,	-,【官方直播】WebberNaturals伟博深海鱼油1100mg高纯度Omega3 120粒-一瓶装【4个月的量】-(625273090086*1),20,1.7142857142857142,11.666666666666668,SALES_SPIKE,
2025-10-11,	-,【护发美甲美肤】进口VB烟酰胺锌硒女士全能营养素30粒26-5-30-3瓶装-(625273079975*3),128,1.1428571428571428,112.0,SALES_SPIKE,
2025-10-12,	-,【官方直播】WebberNaturals伟博深海鱼油1100mg高纯度Omega3 120粒-一瓶装【4个月的量】-(625273090086*1),12,2.0,6.0,SALES_SPIKE,
2025-10-13,	-,【官方直播】WebberNaturals伟博深海鱼油1100mg高纯度Omega3 120粒-一瓶装【4个月的量】-(625273090086*1),18,1.1428571428571428,15.75,SALES_SPIKE,
2025-10-13,	-,伟博加拿大进口99%纯度1100mg成人omega3深海鱼油心血管养护120粒-一瓶装（体验装）-(625273090086*1),7,2.142857142857143,3.2666666666666666,SALES_SPIKE,
2025-10-13,	-,【免疫力】进口500mg维生素C缓释胶囊60粒 效期到2026-06-30-3瓶装-(625273076622*3),74,2.7142857142857144,27.26315789473684,SALES_SPIKE,
2025-10-15,	-,【官方直播】WebberNaturals伟博深海鱼油1100mg高纯度Omega3 120粒-一瓶装【4个月的量】-(625273090086*1),8,1.7142857142857142,4.666666666666667,SALES_SPIKE,
2025-10-15,	-,【免疫力】进口500mg维生素C缓释胶囊60粒 效期到2026-06-30-3瓶装-(625273076622*3),31,2.142857142857143,14.466666666666669,SALES_SPIKE,
2025-10-16,	-,伟博加拿大进口99%纯度1100mg成人omega3深海鱼油心血管养护120粒-一瓶装（体验装）-(625273090086*1),9,1.4285714285714286,6.3,SALES_SPIKE,
2025-10-16,	-,【免疫力】进口500mg维生素C缓释胶囊60粒 效期到2026-06-30-3瓶装-(625273076622*3),9,2.7142857142857144,3.31578947368421,SALES_SPIKE,
2025-10-17,	-,伟博加拿大进口99%纯度1100mg成人omega3深海鱼油心血管养护120粒-一瓶装（体验装）-(625273090086*1),6,1.2857142857142858,4.666666666666666,SALES_SPIKE,
2025-10-17,	-,【免疫力】进口500mg维生素C缓释胶囊60粒 效期到2026-06-30-3瓶装-(625273076622*3),20,2.142857142857143,9.333333333333334,SALES_SPIKE,
2025-10-20,	-,【官方直播】加拿大伟博儿童鱼油高脑力DHA无腥可嚼软胶囊120粒/瓶-1瓶装-(625273090185*1),7,1.2857142857142858,5.444444444444444,SALES_SPIKE,
2025-10-20,	-,【官方直播】WebberNaturals伟博深海鱼油1100mg高纯度Omega3 120粒-一瓶装【4个月的量】-(625273090086*1),12,2.142857142857143,5.6000000000000005,SALES_SPIKE,
2025-10-20,	-,伟博加拿大进口99%纯度1100mg成人omega3深海鱼油心血管养护120粒-一瓶装（体验装）-(625273090086*1),5,1.4285714285714286,3.5,SALES_SPIKE,
2025-10-21,	-,【官方直播】WebberNaturals伟博深海鱼油1100mg高纯度Omega3 120粒-一瓶装【4个月的量】-(625273090086*1),8,1.8571428571428568,4.307692307692308,SALES_SPIKE,
2025-10-22,	-,伟博加拿大进口99%纯度1100mg成人omega3深海鱼油心血管养护120粒-一瓶装（体验装）-(625273090086*1),5,1.5714285714285714,3.181818181818182,SALES_SPIKE,
2025-10-23,	-,伟博加拿大进口99%纯度1100mg成人omega3深海鱼油心血管养护120粒-一瓶装（体验装）-(625273090086*1),9,2.0,4.5,SALES_SPIKE,
2025-10-24,	-,【官方直播】WebberNaturals伟博深海鱼油1100mg高纯度Omega3 120粒-一瓶装【4个月的量】-(625273090086*1),12,1.7142857142857142,7.0,SALES_SPIKE,
2025-10-25,	-,【免疫力】进口500mg维生素C缓释胶囊60粒 效期到2026-06-30-3瓶装-(625273076622*3),36,3.142857142857143,11.454545454545457,SALES_SPIKE,
2025-10-26,	-,伟博加拿大进口99%纯度1100mg成人omega3深海鱼油心血管养护120粒-一瓶装（体验装）-(625273090086*1),5,1.4285714285714286,3.5,SALES_SPIKE,
2025-10-26,	-,【免疫力】进口500mg维生素C缓释胶囊60粒 效期到2026-06-30-3瓶装-(625273076622*3),14,2.142857142857143,6.533333333333333,SALES_SPIKE,
2025-10-29,	-,伟博加拿大进口99%纯度1100mg成人omega3深海鱼油心血管养护120粒-一瓶装（体验装）-(625273090086*1),15,1.5714285714285714,9.545454545454543,SALES_SPIKE,
2025-10-30,	-,伟博加拿大进口99%纯度1100mg成人omega3深海鱼油心血管养护120粒-一瓶装（体验装）-(625273090086*1),10,3.142857142857143,3.181818181818182,SALES_SPIKE,
2025-10-31,	-,【官方直播】加拿大伟博儿童鱼油高脑力DHA无腥可嚼软胶囊120粒/瓶-1瓶装-(625273090185*1),7,1.0,7.0,SALES_SPIKE,
2025-10-31,	-,伟博加拿大进口99%纯度1100mg成人omega3深海鱼油心血管养护120粒-一瓶装（体验装）-(625273090086*1),7,2.2857142857142856,3.0625,SALES_SPIKE,
2025-11-03,	-,伟博加拿大进口99%纯度1100mg成人omega3深海鱼油心血管养护120粒-一瓶装（体验装）-(625273090086*1),13,1.7142857142857142,7.583333333333334,SALES_SPIKE,
2025-11-04,	-,伟博加拿大进口99%纯度1100mg成人omega3深海鱼油心血管养护120粒-两瓶装（1个周期）【送一瓶价值149的60粒100mg辅酶Q10】-(625273090086*2+628347570705*1),5,1.4285714285714286,3.5,SALES_SPIKE,
2025-11-05,	-,伟博加拿大进口99%纯度1100mg成人omega3深海鱼油心血管养护120粒-一瓶装（体验装）-(625273090086*1),8,1.5714285714285714,5.090909090909091,SALES_SPIKE,
2025-11-05,	-,【官方直播】加拿大伟博儿童鱼油高脑力DHA无腥可嚼软胶囊120粒/瓶-1瓶装-(625273090185*1),9,2.571428571428572,3.5,SALES_SPIKE,
2025-03-05,	7054785415521403139,webber naturals伟博深海鱼油Omega3 80粒/瓶-默认-(DYWEB625273033953),6,1.0,6.0,SALES_SPIKE,
2024-12-18,	7054785415521419523,webbernaturals进口儿童鱼油高DHA青少年Omega-3甜橙味120粒/瓶-默认-(DYWEB625273033496),15,4.142857142857143,3.620689655172413,SALES_SPIKE,
2025-01-02,	7054785415521419523,伟博天然儿童鱼油150mg高DHA香橙味omega3IVO认证脑黄金120粒6岁+-默认-(DYWEB625273033496),7,1.8571428571428568,3.769230769230769,SALES_SPIKE,
2025-01-03,	7054785415521419523,伟博天然儿童鱼油150mg高DHA香橙味omega3IVO认证脑黄金120粒6岁+-默认-(DYWEB625273033496),9,2.7142857142857144,3.31578947368421,SALES_SPIKE,
2025-01-10,	7054785415521419523,伟博天然儿童鱼油150mg高DHA香橙味omega3IVO认证脑黄金120粒6岁+-默认-(DYWEB625273033496),11,3.4285714285714284,3.208333333333333,SALES_SPIKE,
2025-01-27,	7054785415521419523,伟博天然儿童鱼油150mg高DHA香橙味omega3IVO认证脑黄金120粒6岁+-默认-(DYWEB625273033496),17,3.4285714285714284,4.958333333333334,SALES_SPIKE,
2025-01-29,	7054785415521419523,伟博天然儿童鱼油150mg高DHA香橙味omega3IVO认证脑黄金120粒6岁+-默认-(DYWEB625273033496),14,4.571428571428571,3.0625,SALES_SPIKE,
2025-02-20,	7054785415521419523,Webber Naturals儿童鱼油150mg高DHA香橙味omega3脑黄金120粒6岁+-默认-(DYWEB625273033496),48,14.0,3.4285714285714284,SALES_SPIKE,
2025-03-20,	7054785415521419523,Webber Naturals儿童鱼油150mg高DHA香橙味omega3脑黄金120粒6岁+-默认-(DYWEB625273033496),45,9.714285714285714,4.632352941176471,SALES_SPIKE,
2025-07-12,	7054785415521419523,WEBBER NATURALS6岁+儿童鱼油高DHA香橙味欧米伽3眼脑同步120粒-默认-(DYWEB625273033496),6,1.8571428571428568,3.230769230769231,SALES_SPIKE,
2025-07-16,	7054785415521419523,Webber Naturals儿童鱼油150mg高DHA香橙味omega3脑黄金120粒6岁+-默认-(DYWEB625273033496),14,1.8571428571428568,7.538461538461538,SALES_SPIKE,
2025-07-19,	7054785415521419523,Webber Naturals儿童鱼油150mg高DHA香橙味omega3脑黄金120粒6岁+-默认-(DYWEB625273033496),11,2.2857142857142856,4.8125,SALES_SPIKE,
2025-07-20,	7054785415521419523,Webber Naturals儿童鱼油150mg高DHA香橙味omega3脑黄金120粒6岁+-默认-(DYWEB625273033496),11,3.2857142857142856,3.347826086956522,SALES_SPIKE,
2025-07-21,	7054785415521419523,Webber Naturals儿童鱼油150mg高DHA香橙味omega3脑黄金120粒6岁+-默认-(DYWEB625273033496),13,4.285714285714286,3.033333333333333,SALES_SPIKE,
2025-07-25,	7054785415521419523,WEBBER NATURALS6岁+儿童鱼油高DHA香橙味欧米伽3眼脑同步120粒-默认-(DYWEB625273033496),11,2.571428571428572,4.277777777777778,SALES_SPIKE,
2025-07-26,	7054785415521419523,WEBBER NATURALS6岁+儿童鱼油高DHA香橙味欧米伽3眼脑同步120粒-默认-(DYWEB625273033496),15,3.142857142857143,4.7727272727272725,SALES_SPIKE,
2025-07-29,	7054785415521419523,WEBBER NATURALS6岁+儿童鱼油高DHA香橙味欧米伽3眼脑同步120粒-默认-(DYWEB625273033496),11,3.0,3.6666666666666665,SALES_SPIKE,
2025-07-30,	7054785415521419523,WEBBER NATURALS6岁+儿童鱼油高DHA香橙味欧米伽3眼脑同步120粒-默认-(DYWEB625273033496),16,4.571428571428571,3.5,SALES_SPIKE,
2025-07-31,	7054785415521419523,WEBBER NATURALS6岁+儿童鱼油高DHA香橙味欧米伽3眼脑同步120粒-默认-(DYWEB625273033496),16,5.0,3.2,SALES_SPIKE,
2025-08-07,	7054785415521419523,WEBBER NATURALS6岁+儿童鱼油高DHA香橙味欧米伽3眼脑同步120粒-默认-(DYWEB625273033496),22,5.142857142857143,4.277777777777778,SALES_SPIKE,
2025-08-10,	7054785415521419523,WEBBER NATURALS6岁+儿童鱼油高DHA香橙味欧米伽3眼脑同步120粒-默认-(DYWEB625273033496),14,4.571428571428571,3.0625,SALES_SPIKE,
2025-08-17,	7054785415521419523,WEBBER NATURALS6岁+儿童鱼油高DHA香橙味欧米伽3眼脑同步120粒-默认-(DYWEB625273033496),17,5.571428571428571,3.0512820512820515,SALES_SPIKE,
2025-08-20,	7054785415521419523,WEBBER NATURALS6岁+儿童鱼油高DHA香橙味欧米伽3眼脑同步120粒-默认-(DYWEB625273033496),14,4.428571428571429,3.161290322580645,SALES_SPIKE,
2025-08-22,	7054785415521419523,WEBBER NATURALS6岁+儿童鱼油高DHA香橙味欧米伽3眼脑同步120粒-默认-(DYWEB625273033496),18,4.428571428571429,4.064516129032258,SALES_SPIKE,
2025-08-27,	7054785415521419523,WEBBER NATURALS6岁+儿童鱼油高DHA香橙味欧米伽3眼脑同步120粒-默认-(DYWEB625273033496),13,3.571428571428572,3.64,SALES_SPIKE,
2025-08-28,	7054785415521419523,WEBBER NATURALS6岁+儿童鱼油高DHA香橙味欧米伽3眼脑同步120粒-默认-(DYWEB625273033496),18,4.571428571428571,3.9375,SALES_SPIKE,
2025-08-29,	7054785415521419523,WEBBER NATURALS6岁+儿童鱼油高DHA香橙味欧米伽3眼脑同步120粒-默认-(DYWEB625273033496),42,6.285714285714286,6.681818181818182,SALES_SPIKE,
2025-10-07,	7054785415521419523,WEBBER NATURALS6岁+儿童鱼油高DHA香橙味欧米伽3眼脑同步120粒-默认-(DYWEB625273033496),27,8.857142857142858,3.048387096774193,SALES_SPIKE,
2025-10-08,	7054785415521419523,WEBBER NATURALS6岁+儿童鱼油高DHA香橙味欧米伽3眼脑同步120粒-默认-(DYWEB625273033496),41,10.285714285714286,3.986111111111111,SALES_SPIKE,
2025-01-08,	7054785415630438688,webber naturals伟博天然进口肉桂精华维稳60粒/瓶-默认-(DYWEB625273034370),6,1.6,3.75,SALES_SPIKE,
2025-10-27,	7054785415630438688,【官方直播】WebberNaturals伟博深海鱼油1100mg高纯度Omega3 120粒-两瓶装【8个月的量】-(625273090086*2);WEBBER NATURALS高浓缩肉桂精华植物维稳糖值150mg呵护健康60粒-默认-(DYWEB625273034370),8,1.4285714285714286,5.6,SALES_SPIKE,
2025-11-04,	7054785415630438688,【官方直播】WebberNaturals伟博深海鱼油1100mg高纯度Omega3 120粒-两瓶装【8个月的量】-(625273090086*2);WEBBER NATURALS高浓缩肉桂精华植物维稳糖值150mg呵护健康60粒-默认-(DYWEB625273034370),10,3.2857142857142856,3.0434782608695654,SALES_SPIKE,
2025-10-13,	7054785415630536992,【官方直播】WebberNaturals伟博深海鱼油1100mg高纯度Omega3 120粒-两瓶装【8个月的量】-(625273090086*2);WEBBER NATURALS奶蓟草护肝片姜黄硫辛酸熬夜加班养护65粒护肝片-默认-(DYWEB625273034523),8,2.0,4.0,SALES_SPIKE,
2025-10-14,	7054785415630536992,【官方直播】WebberNaturals伟博深海鱼油1100mg高纯度Omega3 120粒-两瓶装【8个月的量】-(625273090086*2);WEBBER NATURALS奶蓟草护肝片姜黄硫辛酸熬夜加班养护65粒护肝片-默认-(DYWEB625273034523),10,3.142857142857143,3.181818181818182,SALES_SPIKE,
2025-10-26,	7054785415630536992,【官方直播】WebberNaturals伟博深海鱼油1100mg高纯度Omega3 120粒-两瓶装【8个月的量】-(625273090086*2);WEBBER NATURALS奶蓟草护肝片姜黄硫辛酸熬夜加班养护65粒护肝片-默认-(DYWEB625273034523),22,3.2857142857142856,6.695652173913044,SALES_SPIKE,
2025-10-27,	7054785415630536992,【官方直播】WebberNaturals伟博深海鱼油1100mg高纯度Omega3 120粒-两瓶装【8个月的量】-(625273090086*2);WEBBER NATURALS奶蓟草护肝片姜黄硫辛酸熬夜加班养护65粒护肝片-默认-(DYWEB625273034523),18,5.857142857142857,3.073170731707317,SALES_SPIKE,
2025-10-30,	7054785415630536992,【官方直播】WebberNaturals伟博深海鱼油1100mg高纯度Omega3 120粒-两瓶装【8个月的量】-(625273090086*2);WEBBER NATURALS奶蓟草护肝片姜黄硫辛酸熬夜加班养护65粒护肝片-默认-(DYWEB625273034523),24,4.0,6.0,SALES_SPIKE,
2024-12-11,	7077809856803225896,WebberNaturals伟博深海鱼油900mg高纯度Omega3 DHA/EPA鱼油200粒-默认-(DYWEB625273052985),12,3.2857142857142856,3.6521739130434794,SALES_SPIKE,
2024-12-17,	7077809856803225896,Webber naturals伟博深海鱼油900mg高纯度Omega3/DHA/EPA200粒/瓶-默认-(DYWEB625273052985),14,2.142857142857143,6.533333333333333,SALES_SPIKE,
2024-12-18,	7077809856803225896,Webber naturals伟博深海鱼油900mg高纯度Omega3/DHA/EPA200粒/瓶-默认-(DYWEB625273052985),22,3.857142857142857,5.703703703703703,SALES_SPIKE,
2024-12-19,	7077809856803225896,WebberNaturals伟博深海鱼油900mg高纯度Omega3 DHA/EPA鱼油200粒-默认-(DYWEB625273052985),25,7.0,3.571428571428572,SALES_SPIKE,
2025-03-07,	7077809856803225896,WebberNaturals伟博深海鱼油900mg高纯度Omega3 DHA/EPA鱼油200粒-默认-(DYWEB625273052985),44,12.714285714285714,3.460674157303371,SALES_SPIKE,
2025-03-13,	7077809856803225896;7054785415630520608,WebberNaturals伟博深海鱼油900mg高纯度Omega3 DHA/EPA鱼油200粒-默认-(DYWEB625273052985);伟博天然进口α硫辛酸胶囊100mg*60粒/瓶-默认-(DYWEB625273031287),12,4.0,3.0,SALES_SPIKE,
2025-03-26,	7077809856803225896;7054785415630520608,WebberNaturals伟博深海鱼油900mg高纯度Omega3 DHA/EPA鱼油200粒-默认-(DYWEB625273052985);伟博天然进口α硫辛酸胶囊100mg*60粒/瓶-默认-(DYWEB625273031287),52,5.142857142857143,10.11111111111111,SALES_SPIKE,
2025-03-27,	7077809856803225896;7054785415630520608,WebberNaturals伟博深海鱼油900mg高纯度Omega3 DHA/EPA鱼油200粒-默认-(DYWEB625273052985);伟博天然进口α硫辛酸胶囊100mg*60粒/瓶-默认-(DYWEB625273031287),36,10.857142857142858,3.31578947368421,SALES_SPIKE,
2025-03-22,	7077809856803225896;7081274293186969897,WebberNaturals伟博深海鱼油900mg高纯度Omega3 DHA/EPA鱼油200粒-默认-(DYWEB625273052985);【效期至25年8月】伟博复合氨糖维骨素胶囊三倍营养骨骼120粒/瓶-默认-(DYWEB625273050363),38,8.8,4.3181818181818175,SALES_SPIKE,
2025-02-15,	7077809856803225896;7110032684650660136,WebberNaturals伟博深海鱼油900mg高纯度Omega3 DHA/EPA鱼油200粒-默认-(DYWEB625273052985);【效期至25年6月】webbernaturals伟博500mg维生素C胶囊60粒-默认-(625273076622),18,2.0,9.0,SALES_SPIKE,
2025-02-27,	7077809856803225896;7110032684650660136,WebberNaturals伟博深海鱼油900mg高纯度Omega3 DHA/EPA鱼油200粒-默认-(DYWEB625273052985);【效期至25年6月】webbernaturals伟博500mg维生素C胶囊60粒-默认-(625273076622),28,7.142857142857143,3.92,SALES_SPIKE,
2025-02-28,	7077809856803225896;7110032684650660136,WebberNaturals伟博深海鱼油900mg高纯度Omega3 DHA/EPA鱼油200粒-默认-(DYWEB625273052985);【效期至25年6月】webbernaturals伟博500mg维生素C胶囊60粒-默认-(625273076622),42,9.142857142857142,4.59375,SALES_SPIKE,
2024-12-08,	7081192833746780446,【官方直播】加拿大伟博深海鱼油1100mg高纯度Omega3-两瓶装组合;webbernaturals辅酶Q10天然发酵免疫软胶囊60粒/瓶100mg营养-默认-(DYWEB625273038552),16,2.333333333333333,6.857142857142857,SALES_SPIKE,
2024-12-20,	7081192833746780446,【官方直播】加拿大伟博深海鱼油1100mg高纯度Omega3-两瓶装组合;webbernaturals辅酶Q10天然发酵免疫软胶囊60粒/瓶100mg营养-默认-(DYWEB625273038552),28,8.714285714285714,3.213114754098361,SALES_SPIKE,
2025-01-06,	7081192833746780446,【官方直播】加拿大伟博深海鱼油1100mg高纯度Omega3-两瓶装组合;webbernaturals辅酶Q10天然发酵免疫软胶囊60粒/瓶100mg营养-默认-(DYWEB625273038552),12,4.0,3.0,SALES_SPIKE,
2025-01-12,	7081192833746780446,【官方直播】加拿大伟博深海鱼油1390mg高纯度Omega3-两瓶装组合;webbernaturals辅酶Q10天然发酵免疫软胶囊60粒/瓶100mg营养-默认-(DYWEB625273038552),24,4.714285714285714,5.090909090909091,SALES_SPIKE,
2025-01-14,	7081192833746780446,【官方直播】加拿大伟博深海鱼油1390mg高纯度Omega3-两瓶装组合;webbernaturals辅酶Q10天然发酵免疫软胶囊60粒/瓶100mg营养-默认-(DYWEB625273038552),24,7.857142857142857,3.0545454545454547,SALES_SPIKE,
2025-02-16,	7081192833746780446,webbernaturals辅酶Q10天然发酵免疫软胶囊60粒/瓶100mg营养-默认-(DYWEB625273038552),5,1.5714285714285714,3.181818181818182,SALES_SPIKE,
2025-03-05,	7081192833746780446,【官方直播】加拿大伟博深海鱼油1390mg高纯度Omega3-两瓶装组合;webbernaturals辅酶Q10天然发酵免疫软胶囊60粒/瓶100mg营养-默认-(DYWEB625273038552),10,2.7142857142857144,3.684210526315789,SALES_SPIKE,
2025-03-11,	7081192833746780446,【官方直播】加拿大伟博深海鱼油1390mg高纯度Omega3-两瓶装组合;webbernaturals辅酶Q10天然发酵免疫软胶囊60粒/瓶100mg营养-默认-(DYWEB625273038552),16,3.4285714285714284,4.666666666666667,SALES_SPIKE,
2025-03-18,	7081192833746780446,【官方直播】加拿大伟博深海鱼油1390mg高纯度Omega3-两瓶装组合;webbernaturals辅酶Q10天然发酵免疫软胶囊60粒/瓶100mg营养-默认-(DYWEB625273038552),12,3.571428571428572,3.36,SALES_SPIKE,
2025-03-27,	7081192833746780446,webbernaturals辅酶Q10天然发酵免疫软胶囊60粒/瓶100mg营养-默认-(DYWEB625273038552),5,1.5714285714285714,3.181818181818182,SALES_SPIKE,
2025-09-06,	7081192833746780446,WEBBER NATURALS心脏辅酶Q10天然发酵胶囊100mg呵护心肌健康60粒-默认-(DYWEB625273038552),5,1.2857142857142858,3.888888888888888,SALES_SPIKE,
2025-10-27,	7081192833746780446,WEBBER NATURALS心脏辅酶Q10天然发酵胶囊100mg呵护心肌健康60粒-默认-(DYWEB625273038552),8,1.4285714285714286,5.6,SALES_SPIKE,
2025-10-01,	7081274294365618467,WEBBER NATURALS硫酸氨糖骨关节灵15种草本营养配方OSTEO 80粒/瓶-默认-(DYWEB625273033755),5,1.2857142857142858,3.888888888888888,SALES_SPIKE,
2024-12-09,	7081540798906548493, webber naturals天然大豆卵磷脂胶囊鱼油搭档1200mg 180粒/瓶-默认-(DYWEB625273079746),6,1.0,6.0,SALES_SPIKE,
2025-02-07,	7081540798906548493, webber naturals天然大豆卵磷脂胶囊鱼油搭档1200mg 180粒/瓶-默认-(DYWEB625273079746),7,2.0,3.5,SALES_SPIKE,
2025-04-28,	7081540798906548493, webber naturals天然大豆卵磷脂胶囊鱼油搭档1200mg 180粒/瓶-默认-(DYWEB625273079746),6,1.2857142857142858,4.666666666666666,SALES_SPIKE,
2025-04-17,	7083426159177990432,webber naturals进口PGX纤维胶囊健康膳食150粒/瓶-默认-(DYWEB625273037517),6,1.3333333333333333,4.5,SALES_SPIKE,
2025-08-11,	7083426159177990432,伟博加拿大进口99%纯度1100mg成人omega3深海鱼油心血管养护120粒-1瓶装（4个月的量）;webber naturals进口PGX纤维胶囊健康膳食150粒/瓶-默认-(DYWEB625273037517),12,2.2857142857142856,5.25,SALES_SPIKE,
2025-01-05,	7085276593567990030,WebberNaturals伟博天然高含量叶黄素玉米黄素40mg中老年护眼60粒-默认-(DYWEB625273034561),5,1.5714285714285714,3.181818181818182,SALES_SPIKE,
2025-02-13,	7085276593567990030,【春蚕专属】WebberNaturals伟博天然高含量叶黄素玉米黄素40mg中老年护眼60粒-默认-(DYWEB625273034561),9,2.0,4.5,SALES_SPIKE,
2025-07-16,	7085276593567990030,WebberNaturals伟博天然高含量叶黄素玉米黄素40mg中老年护眼60粒-默认-(DYWEB625273034561),5,1.5714285714285714,3.181818181818182,SALES_SPIKE,
2025-10-20,	7085276593567990030,WEBBER NATURALS高含量叶黄素玉米黄素40mg成人护眼疲劳干涩60粒-默认-(DYWEB625273034561),6,1.5714285714285714,3.8181818181818175,SALES_SPIKE,
2025-01-17,	7086274688812433667, webber naturals伟博胶原蛋白与神经酰胺生物活性胶原肽120片/瓶-默认-(DYWEB625273036695),7,1.8571428571428568,3.769230769230769,SALES_SPIKE,
2025-01-23,	7086274688812433667,Webber Naturals伟博胶原蛋白与神经酰胺生物活性胶原肽120片/瓶-默认-(DYWEB625273036695),16,2.142857142857143,7.466666666666667,SALES_SPIKE,
2025-01-30,	7086274688812433667, webber naturals伟博胶原蛋白与神经酰胺生物活性胶原肽120片/瓶-默认-(DYWEB625273036695),11,2.7142857142857144,4.052631578947368,SALES_SPIKE,
2025-02-05,	7086274688812433667,Webber Naturals伟博胶原蛋白与神经酰胺生物活性胶原肽120片/瓶-默认-(DYWEB625273036695),31,6.571428571428571,4.717391304347826,SALES_SPIKE,
2025-02-28,	7086274688812433667,Webber Naturals伟博胶原蛋白与神经酰胺生物活性胶原肽120片/瓶-默认-(DYWEB625273036695),17,4.714285714285714,3.606060606060606,SALES_SPIKE,
2025-03-13,	7086274688812433667,Webber Naturals伟博胶原蛋白与神经酰胺生物活性胶原肽120片/瓶-默认-(DYWEB625273036695),97,5.285714285714286,18.35135135135135,SALES_SPIKE,
2025-04-07,	7086274688812433667,Webber Naturals伟博胶原蛋白与神经酰胺生物活性胶原肽120片/瓶-默认-(DYWEB625273036695),20,2.571428571428572,7.777777777777777,SALES_SPIKE,
2025-10-06,	7086274688812433667,WEBBER NATURALS伟博胶原蛋白与神经酰胺生物活性胶原肽120片/瓶-默认-(DYWEB625273036695),9,2.7142857142857144,3.31578947368421,SALES_SPIKE,
2025-10-25,	7086274688812433667;7481121574674874687,WEBBER NATURALS伟博胶原蛋白与神经酰胺生物活性胶原肽120片/瓶-默认-(DYWEB625273036695);伟博天然辅酶Q10胶囊100mg 成人心脏活力60粒 效期至26年5月30日-默认-(DYWEB628347570705),10,2.4285714285714284,4.11764705882353,SALES_SPIKE,
2025-02-02,	7091865529023217957,Webber Naturals伟博天然进口小分子胶原蛋白多肽粉150g/瓶-默认-(DYWEB625273036657),7,2.142857142857143,3.2666666666666666,SALES_SPIKE,
2025-02-09,	7091865529023217957,Webber Naturals伟博天然进口小分子胶原蛋白多肽粉150g/瓶-默认-(DYWEB625273036657),10,2.7142857142857144,3.684210526315789,SALES_SPIKE,
2025-01-03,	7110032684650660136,【效期至25年6月】webbernaturals伟博500mg维生素C胶囊60粒-默认-(625273076622),5,1.0,5.0,SALES_SPIKE,
2024-12-08,	7124611154185519400,Webber naturals伟博深海鱼油500mgOmega3+D3青少年补脑 100粒/瓶-默认-(DYWEB625273090291),7,1.0,7.0,SALES_SPIKE,
2024-12-19,	7124611154185519400,Webber naturals伟博深海鱼油500mgOmega3+D3青少年补脑 100粒/瓶-默认-(DYWEB625273090291),14,4.142857142857143,3.379310344827586,SALES_SPIKE,
2025-01-01,	7124611154185519400,Webber naturals伟博深海鱼油500mgOmega3+D3青少年补脑 100粒/瓶-默认-(DYWEB625273090291),33,9.142857142857142,3.609375,SALES_SPIKE,
2025-01-11,	7124611154185519400,Webber naturals伟博深海鱼油500mgOmega3+D3青少年补脑 100粒/瓶-默认-(DYWEB625273090291),28,7.714285714285714,3.6296296296296298,SALES_SPIKE,
2025-02-17,	7124611154185519400,Webber naturals伟博深海鱼油500mgOmega3+D3青少年补脑 100粒/瓶-默认-(DYWEB625273090291),46,5.714285714285714,8.049999999999999,SALES_SPIKE,
2025-02-26,	7124611154185519400,Webber naturals伟博深海鱼油500mgOmega3+D3青少年补脑 100粒/瓶-默认-(DYWEB625273090291),42,5.857142857142857,7.170731707317073,SALES_SPIKE,
2025-04-18,	7124611154185519400,Webber naturals伟博深海鱼油500mgOmega3+D3青少年补脑 100粒/瓶-默认-(DYWEB625273090291),23,2.571428571428572,8.944444444444445,SALES_SPIKE,
2025-04-20,	7124611154185519400,Webber naturals伟博深海鱼油500mgOmega3+D3青少年补脑 100粒/瓶-默认-(DYWEB625273090291),18,5.571428571428571,3.230769230769231,SALES_SPIKE,
2025-07-20,	7124611154185519400,Webber naturals伟博深海鱼油500mgOmega3+D3青少年补脑 100粒/瓶-默认-(DYWEB625273090291),6,1.5714285714285714,3.8181818181818175,SALES_SPIKE,
2025-07-22,	7124611154185519400,Webber naturals伟博深海鱼油500mgOmega3+D3青少年补脑 100粒/瓶-默认-(DYWEB625273090291),34,2.857142857142857,11.9,SALES_SPIKE,
2025-08-17,	7124611154185519400,WEBBER NATURALS500mg Omega-3深海鱼油添加D3青少年鱼油100粒/瓶-默认-(DYWEB625273090291),8,2.571428571428572,3.1111111111111107,SALES_SPIKE,
2025-08-20,	7124611154185519400,WEBBER NATURALS500mg Omega-3深海鱼油添加D3青少年鱼油100粒/瓶-默认-(DYWEB625273090291),18,3.7142857142857135,4.846153846153846,SALES_SPIKE,
2025-09-03,	7124611154185519400,WEBBER NATURALS500mg Omega-3深海鱼油添加D3青少年鱼油100粒/瓶-默认-(DYWEB625273090291),15,4.285714285714286,3.5,SALES_SPIKE,
2025-09-14,	7124611154185519400,WEBBER NATURALS500mg Omega-3深海鱼油添加D3青少年鱼油100粒/瓶-默认-(DYWEB625273090291),79,3.0,26.33333333333333,SALES_SPIKE,
2025-09-16,	7124611154185519400,WEBBER NATURALS500mg Omega-3深海鱼油添加D3青少年鱼油100粒/瓶-默认-(DYWEB625273090291),55,17.0,3.235294117647059,SALES_SPIKE,
2024-12-11,	7142731245833732390, webber naturals进口儿童鱼油高脑力DHA软胶囊120粒/瓶-默认-(DYWEB625273090185),8,2.6,3.0769230769230766,SALES_SPIKE,
2025-01-07,	7142731245833732390, webber naturals进口儿童鱼油高脑力DHA软胶囊120粒/瓶-默认-(DYWEB625273090185),26,3.2857142857142856,7.91304347826087,SALES_SPIKE,
2025-01-09,	7142731245833732390, webber naturals进口儿童鱼油高脑力DHA软胶囊120粒/瓶-默认-(DYWEB625273090185),90,6.571428571428571,13.695652173913045,SALES_SPIKE,
2025-01-27,	7142731245833732390,webbernaturals进口儿童鱼油欧米伽3高DHA爆浆深海鱼油120粒 1岁+-默认-(DYWEB625273090185),8,2.2857142857142856,3.5,SALES_SPIKE,
2025-04-30,	7142731245833732390,WebberNaturals进口儿童鱼油欧米伽3高DHA爆浆深海鱼油120粒 1岁+-默认-(DYWEB625273090185),99,19.571428571428573,5.0583941605839415,SALES_SPIKE,
2025-07-14,	7142731245833732390,WEBBER NATURALS进口儿童鱼油欧米伽3高DHA爆浆深海鱼油120粒1岁+-默认-(DYWEB625273090185),5,1.5714285714285714,3.181818181818182,SALES_SPIKE,
2025-07-16,	7142731245833732390,WebberNaturals进口儿童鱼油欧米伽3高DHA爆浆深海鱼油120粒 1岁+-默认-(DYWEB625273090185),11,2.0,5.5,SALES_SPIKE,
2025-07-25,	7142731245833732390,WEBBER NATURALS进口儿童鱼油欧米伽3高DHA爆浆深海鱼油120粒1岁+-默认-(DYWEB625273090185),14,3.2857142857142856,4.260869565217392,SALES_SPIKE,
2025-08-11,	7142731245833732390,WEBBER NATURALS进口儿童鱼油欧米伽3高DHA爆浆深海鱼油120粒1岁+-默认-(DYWEB625273090185),16,3.857142857142857,4.148148148148148,SALES_SPIKE,
2024-12-18,	7144930821143691527,伟博天然进口KSM66南非醉茄印度人参精华3600mg*120粒缓压促睡眠-默认-(DYWEB625273052640),14,2.4285714285714284,5.764705882352942,SALES_SPIKE,
2025-02-06,	7144930821143691527,伟博天然进口KSM66南非醉茄印度人参精华3600mg*120粒降低皮质醇-默认-(DYWEB625273052640),16,4.142857142857143,3.862068965517241,SALES_SPIKE,
2025-02-13,	7144930821143691527,伟博天然进口KSM66南非醉茄印度人参精华3600mg*120粒降低皮质醇-默认-(DYWEB625273052640),6,1.8571428571428568,3.230769230769231,SALES_SPIKE,
2025-02-14,	7144930821143691527,伟博天然进口KSM66南非醉茄印度人参精华3600mg*120粒降低皮质醇-默认-(DYWEB625273052640),7,2.2857142857142856,3.0625,SALES_SPIKE,
2025-03-02,	7144930821143691527,伟博天然进口KSM66南非醉茄印度人参精华3600mg*120粒降低皮质醇-默认-(DYWEB625273052640),13,4.142857142857143,3.1379310344827585,SALES_SPIKE,
2025-03-15,	7144930821143691527,伟博天然进口KSM66南非醉茄印度人参精华3600mg*120粒降低皮质醇-默认-(DYWEB625273052640),9,3.0,3.0,SALES_SPIKE,
2025-03-17,	7144930821143691527,伟博天然进口KSM66南非醉茄印度人参精华3600mg*120粒降低皮质醇-默认-(DYWEB625273052640),11,3.2857142857142856,3.347826086956522,SALES_SPIKE,
2025-03-25,	7144930821143691527,伟博天然进口KSM66南非醉茄印度人参精华3600mg*120粒降低皮质醇-默认-(DYWEB625273052640),12,3.7142857142857135,3.230769230769231,SALES_SPIKE,
2025-03-31,	7144930821143691527,伟博天然进口KSM66南非醉茄印度人参精华3600mg*120粒降低皮质醇-默认-(DYWEB625273052640),12,3.7142857142857135,3.230769230769231,SALES_SPIKE,
2025-04-07,	7144930821143691527,伟博天然进口KSM66南非醉茄印度人参精华3600mg*120粒降低皮质醇-默认-(DYWEB625273052640),13,4.285714285714286,3.033333333333333,SALES_SPIKE,
2025-07-14,	7144930821143691527,WEBBER NATURALS南非醉茄KSM66 3600mg降低皮质醇缓压促睡眠120粒-默认-(DYWEB625273052640),5,1.4285714285714286,3.5,SALES_SPIKE,
2025-07-16,	7144930821143691527,伟博天然进口KSM66南非醉茄印度人参精华3600mg*120粒降低皮质醇-默认-(DYWEB625273052640),10,1.5714285714285714,6.363636363636364,SALES_SPIKE,
2025-07-23,	7144930821143691527,WEBBER NATURALS南非醉茄KSM66 3600mg降低皮质醇缓压促睡眠120粒-默认-(DYWEB625273052640),14,2.4285714285714284,5.764705882352942,SALES_SPIKE,
2025-08-07,	7144930821143691527,WEBBER NATURALS南非醉茄KSM66 3600mg降低皮质醇缓压促睡眠120粒-默认-(DYWEB625273052640),22,6.142857142857143,3.581395348837209,SALES_SPIKE,
2025-08-21,	7144930821143691527,WEBBER NATURALS南非醉茄KSM66 3600mg降低皮质醇缓压促睡眠120粒-默认-(DYWEB625273052640),24,6.0,4.0,SALES_SPIKE,
2025-09-05,	7144930821143691527,WEBBER NATURALS南非醉茄KSM66 3600mg降低皮质醇缓压促睡眠120粒-默认-(DYWEB625273052640),48,12.571428571428571,3.8181818181818175,SALES_SPIKE,
2025-02-16,	7146439734645260555,WebberNaturals伟博进口VB烟酰胺锌硒55+女士全能综合营养素 30粒-默认-(DYWEB625273079975),6,1.5714285714285714,3.8181818181818175,SALES_SPIKE,
2024-12-06,	7146569951686672673,Webber naturals伟博深海鱼油1100mg高纯度Omega3-默认-(DYWEB625273090086),6,1.5,4.0,SALES_SPIKE,
2024-12-16,	7146569951686672673,Webber naturals伟博深海鱼油1100mg高纯度Omega3-默认-(DYWEB625273090086),10,3.142857142857143,3.181818181818182,SALES_SPIKE,
2024-12-17,	7146569951686672673,Webber naturals伟博深海鱼油1100mg高纯度Omega3-默认-(DYWEB625273090086),16,4.285714285714286,3.733333333333333,SALES_SPIKE,
2024-12-26,	7146569951686672673,Webber naturals伟博深海鱼油1100mg高纯度Omega3-默认-(DYWEB625273090086),16,5.0,3.2,SALES_SPIKE,
2025-03-11,	7146569951686672673,伟博精粹金CO2提纯1100mg4倍含量omega3成人心脑欧米伽3鱼油120粒-默认-(DYWEB625273090086),11,2.857142857142857,3.85,SALES_SPIKE,
2025-04-05,	7146569951686672673,伟博精粹金CO2提纯1100mg4倍含量omega3成人心脑欧米伽3鱼油120粒-默认-(DYWEB625273090086),12,3.142857142857143,3.8181818181818175,SALES_SPIKE,
2025-04-08,	7146569951686672673,伟博精粹金CO2提纯1100mg4倍含量omega3成人心脑欧米伽3鱼油120粒-默认-(DYWEB625273090086),22,6.714285714285714,3.276595744680851,SALES_SPIKE,
2025-04-10,	7146569951686672673,伟博精粹金CO2提纯1100mg4倍含量omega3成人心脑欧鱼油120粒 S-默认-(DYWEB625273090086),37,8.142857142857142,4.543859649122807,SALES_SPIKE,
2025-04-30,	7146569951686672673,伟博精粹金CO2提纯1100mg4倍含量omega3成人心脑欧米伽3鱼油120粒-默认-(DYWEB625273090086),25,7.428571428571429,3.3653846153846154,SALES_SPIKE,
2025-07-21,	7146569951686672673,伟博加拿大进口99%纯度1100mg成人omega3鱼油心血管养护120粒 DB-默认-(DYWEB625273090086),7,1.8571428571428568,3.769230769230769,SALES_SPIKE,
2025-07-23,	7146569951686672673,WEBBER NATURALS高纯度深海鱼油omega3欧米伽3成人健身鱼油120粒-默认-(DYWEB625273090086),10,3.0,3.333333333333333,SALES_SPIKE,
2025-08-08,	7146569951686672673,WEBBER NATURALS高纯度深海鱼油omega3欧米伽3成人健身鱼油120粒-默认-(DYWEB625273090086),13,4.0,3.25,SALES_SPIKE,
2025-08-26,	7146569951686672673,WEBBER NATURALS高纯度深海鱼油omega3欧米伽3成人健身鱼油120粒-默认-(DYWEB625273090086),12,3.142857142857143,3.8181818181818175,SALES_SPIKE,
2025-08-28,	7146569951686672673,【徐冬冬专属】WEBBER NATURALS高纯度深海鱼油omega3欧米伽3成人健身鱼油120粒D-默认-(DYWEB625273090086),88,3.571428571428572,24.64,SALES_SPIKE,
2025-09-01,	7146569951686672673,【徐冬冬专属】WEBBER NATURALS高纯度深海鱼油omega3欧米伽3成人健身鱼油120粒D-默认-(DYWEB625273090086),40,4.142857142857143,9.655172413793103,SALES_SPIKE,
2025-09-09,	7146569951686672673,WEBBER NATURALS高纯度深海鱼油omega3欧米伽3成人健身鱼油120粒-默认-(DYWEB625273090086),13,2.857142857142857,4.55,SALES_SPIKE,
2025-09-19,	7146569951686672673,WEBBER NATURALS高纯度深海鱼油omega3欧米伽3成人健身鱼油120粒-默认-(DYWEB625273090086),23,7.285714285714286,3.156862745098039,SALES_SPIKE,
2025-10-09,	7146569951686672673,WEBBER NATURALS高纯度深海鱼油omega3欧米伽3成人健身鱼油120粒-默认-(DYWEB625273090086),18,5.857142857142857,3.073170731707317,SALES_SPIKE,
2025-10-25,	7146569951686672673,WEBBER NATURALS高纯度深海鱼油omega3欧米伽3成人健身鱼油120粒-默认-(DYWEB625273090086),49,9.714285714285714,5.044117647058824,SALES_SPIKE,
2025-03-22,	7146569951686672673;7199138110997872936,伟博精粹金CO2提纯1100mg4倍含量omega3成人心脑欧鱼油120粒 S-默认-(DYWEB625273090086);Webber   Naturals伟博维生素C1000毫克150粒/瓶（效期至25年9月）-默认-(DYWEB625273032727),20,3.4285714285714284,5.833333333333334,SALES_SPIKE,
2025-08-26,	7146569951686672673;7481121574674874687,WEBBER NATURALS高纯度深海鱼油omega3欧米伽3成人健身鱼油120粒-默认-(DYWEB625273090086);伟博天然进口辅酶Q10胶囊100mg 成人心脏活力60粒（效期至26年6月）-默认-(DYWEB628347570705),12,3.857142857142857,3.111111111111111,SALES_SPIKE,
2025-08-27,	7146569951686672673;7481121574674874687,【董先生专属】WEBBER NATURALS高纯度深海鱼油omega3欧米伽3成人健身鱼油120粒-默认-(DYWEB625273090086);伟博天然进口辅酶Q10胶囊100mg 成人心脏活力60粒（效期至26年6月）-默认-(DYWEB628347570705),16,5.285714285714286,3.027027027027027,SALES_SPIKE,
2025-08-29,	7146569951686672673;7481121574674874687,【徐冬冬专属】WEBBER NATURALS高纯度深海鱼油omega3欧米伽3成人健身鱼油120粒D-默认-(DYWEB625273090086);伟博天然进口辅酶Q10胶囊100mg 成人心脏活力60粒（效期至26年6月）-默认-(DYWEB628347570705),16,4.857142857142857,3.294117647058824,SALES_SPIKE,
2025-09-04,	7146569951686672673;7481121574674874687,【董先生专属】WEBBER NATURALS高纯度深海鱼油omega3欧米伽3成人健身鱼油120粒-默认-(DYWEB625273090086);伟博天然进口辅酶Q10胶囊100mg 成人心脏活力60粒（效期至26年6月）-默认-(DYWEB628347570705),10,3.0,3.333333333333333,SALES_SPIKE,
2025-09-04,	7146569951686672673;7481121574674874687,【徐冬冬专属】WEBBER NATURALS高纯度深海鱼油omega3欧米伽3成人健身鱼油120粒D-默认-(DYWEB625273090086);伟博天然辅酶Q10胶囊100mg 成人心脏活力60粒 效期至26年5月30日-默认-(DYWEB628347570705),12,3.857142857142857,3.111111111111111,SALES_SPIKE,
2025-09-07,	7146569951686672673;7481121574674874687,【董先生专属】WEBBER NATURALS高纯度深海鱼油omega3欧米伽3成人健身鱼油120粒-默认-(DYWEB625273090086);伟博天然进口辅酶Q10胶囊100mg 成人心脏活力60粒（效期至26年6月）-默认-(DYWEB628347570705),14,2.7142857142857144,5.157894736842105,SALES_SPIKE,
2025-09-09,	7146569951686672673;7481121574674874687,【徐冬冬专属】WEBBER NATURALS高纯度深海鱼油omega3欧米伽3成人健身鱼油120粒D-默认-(DYWEB625273090086);伟博天然进口辅酶Q10胶囊100mg 成人心脏活力60粒（效期至26年6月）-默认-(DYWEB628347570705),60,5.714285714285714,10.5,SALES_SPIKE,
2025-09-10,	7146569951686672673;7481121574674874687,【徐冬冬专属】WEBBER NATURALS高纯度深海鱼油omega3欧米伽3成人健身鱼油120粒D-默认-(DYWEB625273090086);伟博天然进口辅酶Q10胶囊100mg 成人心脏活力60粒（效期至26年6月）-默认-(DYWEB628347570705),48,7.571428571428571,6.339622641509434,SALES_SPIKE,
2025-09-13,	7146569951686672673;7481121574674874687,【徐冬冬专属】WEBBER NATURALS高纯度深海鱼油omega3欧米伽3成人健身鱼油120粒D-默认-(DYWEB625273090086);伟博天然辅酶Q10胶囊100mg 成人心脏活力60粒 效期至26年5月30日-默认-(DYWEB628347570705),108,11.285714285714286,9.569620253164556,SALES_SPIKE,
2025-09-19,	7146569951686672673;7481121574674874687,WEBBER NATURALS高纯度深海鱼油omega3欧米伽3成人健身鱼油120粒-默认-(DYWEB625273090086);伟博天然辅酶Q10胶囊100mg 成人心脏活力60粒 效期至26年5月30日-默认-(DYWEB628347570705),15,4.571428571428571,3.28125,SALES_SPIKE,
2025-10-11,	7146569951686672673;7481121574674874687,WEBBER NATURALS高纯度深海鱼油omega3欧米伽3成人健身鱼油120粒-默认-(DYWEB625273090086);伟博天然辅酶Q10胶囊100mg 成人心脏活力60粒 效期至26年5月30日-默认-(DYWEB628347570705),26,6.0,4.333333333333333,SALES_SPIKE,
2025-10-24,	7146569951686672673;7481121574674874687,WEBBER NATURALS高纯度深海鱼油omega3欧米伽3成人健身鱼油120粒-默认-(DYWEB625273090086);伟博天然辅酶Q10胶囊100mg 成人心脏活力60粒 效期至26年5月30日-默认-(DYWEB628347570705),60,17.0,3.5294117647058822,SALES_SPIKE,
2025-10-25,	7146569951686672673;7481121574674874687,WEBBER NATURALS高纯度深海鱼油omega3欧米伽3成人健身鱼油120粒-默认-(DYWEB625273090086);伟博天然辅酶Q10胶囊100mg 成人心脏活力60粒 效期至26年5月30日-默认-(DYWEB628347570705),119,22.571428571428573,5.272151898734177,SALES_SPIKE,
2025-11-03,	7146569951686672673;7481121574674874687,WEBBER NATURALS高纯度深海鱼油omega3欧米伽3成人健身鱼油120粒-默认-(DYWEB625273090086);伟博天然辅酶Q10胶囊100mg 成人心脏活力60粒 效期至26年5月30日-默认-(DYWEB628347570705),89,27.428571428571427,3.244791666666667,SALES_SPIKE,
2024-12-12,	7168643947345035558,伟博天然进口VB番茄红素锌硒钙水果多酚55+男士全营养素 30粒-默认-(DYWEB625273079968),5,1.6666666666666667,3.0,SALES_SPIKE,
2024-12-13,	7168643947345035558,伟博天然进口VB番茄红素锌硒钙水果多酚55+男士全营养素 30粒-默认-(DYWEB625273079968),7,2.142857142857143,3.2666666666666666,SALES_SPIKE,
2025-04-24,	7168643947345035558,伟博天然进口VB番茄红素锌硒钙水果多酚55+男士全营养素 30粒-默认-(DYWEB625273079968),10,2.571428571428572,3.888888888888888,SALES_SPIKE,
2025-04-30,	7168643947345035558,伟博天然进口VB番茄红素锌硒钙水果多酚55+男士全营养素 30粒-默认-(DYWEB625273079968),10,2.7142857142857144,3.684210526315789,SALES_SPIKE,
2025-07-20,	7168643947345035558,伟博天然进口VB番茄红素锌硒钙水果多酚55+男士全营养素 30粒-默认-(DYWEB625273079968),9,3.0,3.0,SALES_SPIKE,
2025-07-30,	7168643947345035558,伟博天然进口VB番茄红素锌硒钙水果多酚55+男士全营养素 30粒-默认-(DYWEB625273079968),11,3.4285714285714284,3.208333333333333,SALES_SPIKE,
2025-08-15,	7168643947345035558,伟博天然进口VB番茄红素锌硒钙水果多酚55+男士全营养素 30粒-默认-(DYWEB625273079968),8,2.142857142857143,3.733333333333333,SALES_SPIKE,
2025-10-17,	7198069483125195011,【官方直播】WebberNaturals伟博深海鱼油1100mg高纯度Omega3 120粒-六瓶装【2年的量】-(625273090086*6);WEBBER NATURALS伟博天然加拿大进口天然发酵好气色苹果醋240粒-默认-(DYWEB625273050547),6,2.0,3.0,SALES_SPIKE,
2025-03-13,	7199138110997872936,Webber   Naturals伟博维生素C1000毫克150粒/瓶（效期至25年9月）-默认-(DYWEB625273032727),23,1.7142857142857142,13.416666666666668,SALES_SPIKE,
2025-03-14,	7199138110997872936,Webber   Naturals伟博维生素C1000毫克150粒/瓶（效期至25年9月）-默认-(DYWEB625273032727),17,4.857142857142857,3.5000000000000004,SALES_SPIKE,
2025-03-15,	7199138110997872936,Webber   Naturals伟博维生素C1000毫克150粒/瓶（效期至25年9月）-默认-(DYWEB625273032727),45,7.428571428571429,6.057692307692308,SALES_SPIKE,
2025-03-25,	7199138110997872936,Webber   Naturals伟博维生素C1000毫克150粒/瓶（效期至25年9月）-默认-(DYWEB625273032727),25,2.571428571428572,9.72222222222222,SALES_SPIKE,
2025-03-26,	7199138110997872936,Webber   Naturals伟博维生素C1000毫克150粒/瓶（效期至25年9月）-默认-(DYWEB625273032727),75,5.428571428571429,13.81578947368421,SALES_SPIKE,
2025-03-28,	7199138110997872936,Webber   Naturals伟博维生素C1000毫克150粒/瓶（效期至25年9月）-默认-(DYWEB625273032727),180,18.857142857142858,9.545454545454543,SALES_SPIKE,
2025-01-03,	7217793915817132323,Webber naturals伟博进口叶黄素玉米黄质防蓝光缓解眼部疲劳40粒-默认-(DYWEB625273030426),5,1.3333333333333333,3.75,SALES_SPIKE,
2025-10-24,	7220679778930622735,WEBBER NATURALS伟博加拿大伟博天然安睡宝 茶氨酸褪黑素45粒/瓶-默认-(DYWEB625273090338),5,1.4285714285714286,3.5,SALES_SPIKE,
2025-01-16,	7222948241891918135, 【效期至25年5月】webbernaturals光之自然白藜芦醇葡萄籽精华60粒-默认-(DYWEB625273090352),9,1.5,6.0,SALES_SPIKE,
2025-03-10,	7223222612581990715,【官方直播】WebberNaturals伟博深海鱼油1390mg高纯度Omega3 120粒-1瓶装;【效期至25年7月】伟博天然高浓度奶蓟草熬夜养肝胶囊250mg护肝片-默认-(DYWEB625273090178),12,2.857142857142857,4.2,SALES_SPIKE,
2025-03-23,	7223222612581990715,【官方直播】WebberNaturals伟博深海鱼油1390mg高纯度Omega3 120粒-1瓶装;【效期至25年7月】伟博天然高浓度奶蓟草熬夜养肝胶囊250mg护肝片-默认-(DYWEB625273090178),32,9.285714285714286,3.446153846153846,SALES_SPIKE,
2025-03-28,	7223222612581990715,【官方直播】WebberNaturals伟博深海鱼油1390mg高纯度Omega3 120粒-1瓶装;【效期至25年7月】伟博天然高浓度奶蓟草熬夜养肝胶囊250mg护肝片-默认-(DYWEB625273090178),20,6.428571428571429,3.111111111111111,SALES_SPIKE,
2024-12-16,	7242231858778341689,webber naturals褪黑素片10毫克72粒/瓶-默认-(DYWEB625273038279),6,1.4285714285714286,4.2,SALES_SPIKE,
2024-12-18,	7242231858778341689,webber naturals褪黑素片10毫克72粒/瓶-默认-(DYWEB625273038279),7,2.142857142857143,3.2666666666666666,SALES_SPIKE,
2025-04-10,	7242231858778341689,webber naturals褪黑素片10毫克72粒/瓶-默认-(DYWEB625273038279),10,2.857142857142857,3.5,SALES_SPIKE,
2025-07-17,	7242231858778341689,webber naturals褪黑素片10毫克72粒/瓶-默认-(DYWEB625273038279),7,1.1428571428571428,6.125,SALES_SPIKE,
2025-07-18,	7242231858778341689,webber naturals褪黑素片10毫克72粒/瓶-默认-(DYWEB625273038279),7,2.0,3.5,SALES_SPIKE,
2025-07-17,	7295616354202386723,伟博天然进口KSM66南非醉茄印度人参精华7200mg*120粒降低皮质醇-默认-(625273071597),5,1.2857142857142858,3.888888888888888,SALES_SPIKE,
2025-09-15,	7295616354202386723,WEBBER NATURALS南非醉茄KSM66 7200mg降低皮质醇缓压促睡眠120粒-默认-(625273071597),7,2.142857142857143,3.2666666666666666,SALES_SPIKE,
2025-10-02,	7295616354202386723,WEBBER NATURALS南非醉茄KSM66 7200mg降低皮质醇缓压促睡眠120粒-默认-(625273071597),6,2.0,3.0,SALES_SPIKE,
2025-10-12,	7295616354202386723,WEBBER NATURALS南非醉茄KSM66 7200mg降低皮质醇缓压促睡眠120粒-默认-(625273071597),5,1.5714285714285714,3.181818181818182,SALES_SPIKE,
2025-10-28,	7295616354202386723;7054785415630536992,WEBBER NATURALS南非醉茄KSM66 7200mg降低皮质醇缓压促睡眠120粒-默认-(625273071597);WEBBER NATURALS奶蓟草护肝片姜黄硫辛酸熬夜加班养护65粒护肝片-默认-(DYWEB625273034523),8,2.0,4.0,SALES_SPIKE,
2025-11-04,	7295616354202386723;7481121574674874687,WEBBER NATURALS南非醉茄KSM66 7200mg降低皮质醇缓压促睡眠120粒-默认-(625273071597);伟博天然辅酶Q10胶囊100mg 成人心脏活力60粒 效期至26年5月30日-默认-(DYWEB628347570705),6,2.0,3.0,SALES_SPIKE,
2024-12-12,	7329414437553848576,Webber Naturals伟博天然高纯度1390mg深海精粹鱼油软胶囊60粒/瓶-默认-(DYWEB625273090420),5,1.5714285714285714,3.181818181818182,SALES_SPIKE,
2024-12-19,	7329414437553848576,【春蚕专属】Webber Naturals伟博天然高纯度1390mg深海精粹鱼油软胶囊60粒/瓶-默认-(DYWEB625273090420),9,2.142857142857143,4.2,SALES_SPIKE,
2024-12-22,	7329414437553848576,【兰姐专属】Webber Naturals伟博天然高纯度1390mg深海精粹鱼油软胶囊60粒/瓶-默认-(DYWEB625273090420),7,1.8571428571428568,3.769230769230769,SALES_SPIKE,
2024-12-25,	7329414437553848576,Webber Naturals伟博天然高纯度1390mg深海精粹鱼油软胶囊60粒/瓶-默认-(DYWEB625273090420),16,2.571428571428572,6.222222222222221,SALES_SPIKE,
2025-02-18,	7329414437553848576,Webber Naturals伟博天然高纯度1390mg深海精粹鱼油软胶囊60粒/瓶-默认-(DYWEB625273090420),9,2.571428571428572,3.5,SALES_SPIKE,
2025-02-21,	7329414437553848576,Webber Naturals伟博天然高纯度1390mg深海精粹鱼油软胶囊60粒/瓶-默认-(DYWEB625273090420),48,2.142857142857143,22.4,SALES_SPIKE,
2025-02-25,	7329414437553848576,Webber Naturals伟博天然高纯度1390mg深海精粹鱼油软胶囊60粒/瓶-默认-(DYWEB625273090420),31,2.2857142857142856,13.5625,SALES_SPIKE,
2025-03-16,	7329414437553848576,Webber Naturals伟博天然高纯度1390mg深海精粹鱼油软胶囊60粒/瓶-默认-(DYWEB625273090420),8,1.2857142857142858,6.222222222222221,SALES_SPIKE,
2025-03-18,	7329414437553848576,Webber Naturals伟博天然高纯度1390mg深海精粹鱼油软胶囊60粒/瓶-默认-(DYWEB625273090420),19,2.2857142857142856,8.3125,SALES_SPIKE,
2025-07-17,	7329414437553848576,Webber Naturals伟博天然高纯度1390mg深海精粹鱼油软胶囊60粒/瓶-默认-(DYWEB625273090420),5,1.5714285714285714,3.181818181818182,SALES_SPIKE,
2025-07-24,	7329414437553848576,WEBBER NATURALS高纯度深海鱼油omega-3欧米伽3成人健身鱼油60粒-默认-(DYWEB625273090420),6,2.0,3.0,SALES_SPIKE,
2025-07-30,	7329414437553848576,WEBBER NATURALS高纯度深海鱼油omega-3欧米伽3成人健身鱼油60粒-默认-(DYWEB625273090420),9,1.8571428571428568,4.846153846153846,SALES_SPIKE,
2025-08-12,	7329414437553848576,WEBBER NATURALS高纯度深海鱼油omega-3欧米伽3成人健身鱼油60粒-默认-(DYWEB625273090420),17,3.142857142857143,5.409090909090909,SALES_SPIKE,
2025-08-17,	7329414437553848576,WEBBER NATURALS高纯度深海鱼油omega-3欧米伽3成人健身鱼油60粒-默认-(DYWEB625273090420),13,1.7142857142857142,7.583333333333334,SALES_SPIKE,
2025-08-19,	7329414437553848576,WEBBER NATURALS高纯度深海鱼油omega-3欧米伽3成人健身鱼油60粒-默认-(DYWEB625273090420),17,3.7142857142857135,4.576923076923077,SALES_SPIKE,
2025-08-20,	7329414437553848576,WEBBER NATURALS高纯度深海鱼油omega-3欧米伽3成人健身鱼油60粒-默认-(DYWEB625273090420),28,5.714285714285714,4.9,SALES_SPIKE,
2025-02-26,	7329414437553848576;7110032684650660136,Webber Naturals伟博天然高纯度1390mg深海精粹鱼油软胶囊60粒/瓶-默认-(DYWEB625273090420);【效期至25年6月】webbernaturals伟博500mg维生素C胶囊60粒-默认-(625273076622),10,2.0,5.0,SALES_SPIKE,
2025-03-06,	7329414437553848576;7110032684650660136,Webber Naturals伟博天然高纯度1390mg深海精粹鱼油软胶囊60粒/瓶-默认-(DYWEB625273090420);【效期至25年6月】webbernaturals伟博500mg维生素C胶囊60粒-默认-(625273076622),48,4.0,12.0,SALES_SPIKE,
2025-03-11,	7329414437553848576;7110032684650660136,Webber Naturals伟博天然高纯度1390mg深海精粹鱼油软胶囊60粒/瓶-默认-(DYWEB625273090420);【效期至25年6月】webbernaturals伟博500mg维生素C胶囊60粒-默认-(625273076622),144,9.714285714285714,14.823529411764708,SALES_SPIKE,
2025-03-21,	7329414437553848576;7427011616899940648,Webber Naturals伟博天然高纯度1390mg深海精粹鱼油软胶囊60粒/瓶-默认-(DYWEB625273090420);Webber伟博 Osteo氨糖软骨素MSM添加乳香姜黄素高端关节修护30粒-默认-(625273090321),86,4.0,21.5,SALES_SPIKE,
2025-03-04,	7427011616899940648,【官方直播】WebberNaturals伟博深海鱼油1390mg高纯度Omega3 120粒-1瓶装;Webber伟博 Osteo氨糖软骨素MSM添加乳香姜黄素高端关节修护30粒-默认-(625273090321),44,12.714285714285714,3.460674157303371,SALES_SPIKE,
2025-03-08,	7427011616899940648,【官方直播】WebberNaturals伟博深海鱼油1390mg高纯度Omega3 120粒-5瓶装;Webber伟博 Osteo氨糖软骨素MSM添加乳香姜黄素高端关节修护30粒-默认-(625273090321),54,16.857142857142858,3.2033898305084745,SALES_SPIKE,
2025-08-17,	7444447155950960911,WEBBER NATURALS进口叶黄素玉米黄素成人25mg囤货装护眼胶囊175粒-默认-(DYWEB625273055566),6,1.1428571428571428,5.25,SALES_SPIKE,
2025-09-08,	7444452411308704054,Webber伟博天然1200mg高效能深海鱼油Omega3-6-9+GLA+ALA 180粒-默认-(DYWEB625273034776),7,1.2857142857142858,5.444444444444444,SALES_SPIKE,
2025-01-07,	7446970035580698914;7454032906437558543,【年货送礼】Webber伟博天然高纯度Omega3精粹金鱼油120粒2瓶装礼盒-默认-(625273090086*2);枫叶围巾-默认-(20241230001),12,3.0,4.0,SALES_SPIKE,
2025-01-20,	7446970035580698914;7454032906437558543,【年货送礼】Webber伟博天然高纯度Omega3精粹金鱼油120粒2瓶装礼盒-默认-(625273090086*2);枫叶围巾-默认-(20241230001),32,9.714285714285714,3.294117647058824,SALES_SPIKE,
2025-03-07,	7446970035580698914;7454032906437558543,【年货送礼】Webber伟博天然高纯度Omega3精粹金鱼油120粒2瓶装礼盒-默认-(625273090086*2);枫叶围巾-默认-(20241230001),10,3.142857142857143,3.181818181818182,SALES_SPIKE,
2025-03-20,	7448836024085741839,Webber Naturals伟博天然阳光小金盾小颗粒深海儿童鱼油+D3 60粒-默认-(DYWEB625273071634),11,1.3333333333333333,8.25,SALES_SPIKE,
2025-03-24,	7448836024085741839,Webber Naturals伟博天然阳光小金盾小颗粒深海儿童鱼油+D3 60粒-默认-(DYWEB625273071634),10,2.4285714285714284,4.11764705882353,SALES_SPIKE,
2025-09-11,	7448836024085741839,Webber Naturals伟博天然阳光小金盾小颗粒深海儿童鱼油+D3 60粒-默认-(DYWEB625273071634),17,2.0,8.5,SALES_SPIKE,
2025-09-22,	7448836024085741839,Webber Naturals伟博天然阳光小金盾小颗粒深海儿童鱼油+D3 60粒-默认-(DYWEB625273071634),20,3.571428571428572,5.6,SALES_SPIKE,
2025-09-27,	7448836024085741839,Webber Naturals伟博天然阳光小金盾小颗粒深海儿童鱼油+D3 60粒-默认-(DYWEB625273071634),40,7.285714285714286,5.490196078431373,SALES_SPIKE,
2025-10-13,	7448836024085741839,Webber Naturals伟博天然阳光小金盾小颗粒深海儿童鱼油+D3 60粒-默认-(DYWEB625273071634),15,3.4285714285714284,4.375,SALES_SPIKE,
2025-10-20,	7448836024085741839,Webber Naturals伟博天然阳光小金盾小颗粒深海儿童鱼油+D3 60粒-默认-(DYWEB625273071634),18,6.0,3.0,SALES_SPIKE,
2025-11-03,	7448836024085741839,Webber Naturals伟博天然阳光小金盾小颗粒深海儿童鱼油+D3 60粒-默认-(DYWEB625273071634),26,7.285714285714286,3.5686274509803924,SALES_SPIKE,
2025-07-25,	7481121574674874687,【官方直播】WebberNaturals 95%高纯度omega-3迷你深海鱼油30粒/瓶-2瓶;伟博天然进口辅酶Q10胶囊100mg 成人心脏活力60粒（效期至26年6月）-默认-(DYWEB628347570705),10,3.0,3.333333333333333,SALES_SPIKE,
2025-08-21,	7481121574674874687,【官方直播】WebberNaturals伟博深海鱼油1100mg高纯度Omega3 120粒-三瓶装【1年的量】-(625273090086*3);伟博天然进口辅酶Q10胶囊100mg 成人心脏活力60粒（效期至26年6月）-默认-(DYWEB628347570705),9,2.4285714285714284,3.7058823529411766,SALES_SPIKE,
2025-09-13,	7481121574674874687,【官方直播】WebberNaturals伟博深海鱼油1100mg高纯度Omega3 120粒-三瓶装【1年的量】-(625273090086*3);伟博天然辅酶Q10胶囊100mg 成人心脏活力60粒 效期至26年5月30日-默认-(DYWEB628347570705),9,2.857142857142857,3.15,SALES_SPIKE,
2025-10-13,	7481121574674874687,【官方直播】WebberNaturals伟博深海鱼油1100mg高纯度Omega3 120粒-一瓶装【4个月的量】-(625273090086*1);伟博天然辅酶Q10胶囊100mg 成人心脏活力60粒 效期至26年5月30日-默认-(DYWEB628347570705),18,2.2857142857142856,7.875,SALES_SPIKE,
2025-10-18,	7481121574674874687,【官方直播】WebberNaturals伟博深海鱼油1100mg高纯度Omega3 120粒-一瓶装【4个月的量】-(625273090086*1);伟博天然辅酶Q10胶囊100mg 成人心脏活力60粒 效期至26年5月30日-默认-(DYWEB628347570705),16,4.571428571428571,3.5,SALES_SPIKE,
2025-10-19,	7481121574674874687,【官方直播】WebberNaturals伟博深海鱼油1100mg高纯度Omega3 120粒-一瓶装【4个月的量】-(625273090086*1);伟博天然辅酶Q10胶囊100mg 成人心脏活力60粒 效期至26年5月30日-默认-(DYWEB628347570705),24,4.285714285714286,5.6000000000000005,SALES_SPIKE,
2025-10-20,	7481121574674874687,【官方直播】WebberNaturals伟博深海鱼油1100mg高纯度Omega3 120粒-一瓶装【4个月的量】-(625273090086*1);伟博天然辅酶Q10胶囊100mg 成人心脏活力60粒 效期至26年5月30日-默认-(DYWEB628347570705),28,7.142857142857143,3.92,SALES_SPIKE,
2025-10-25,	7481121574674874687,【官方直播】WebberNaturals伟博深海鱼油1100mg高纯度Omega3 120粒-一瓶装【4个月的量】-(625273090086*1);伟博天然辅酶Q10胶囊100mg 成人心脏活力60粒 效期至26年5月30日-默认-(DYWEB628347570705),18,3.571428571428572,5.04,SALES_SPIKE,
2025-10-26,	7481121574674874687,【官方直播】WebberNaturals伟博深海鱼油1100mg高纯度Omega3 120粒-一瓶装【4个月的量】-(625273090086*1);伟博天然辅酶Q10胶囊100mg 成人心脏活力60粒 效期至26年5月30日-默认-(DYWEB628347570705),54,4.571428571428571,11.8125,SALES_SPIKE,
2025-10-29,	7481121574674874687,【官方直播】WebberNaturals伟博深海鱼油1100mg高纯度Omega3 120粒-一瓶装【4个月的量】-(625273090086*1);伟博天然辅酶Q10胶囊100mg 成人心脏活力60粒 效期至26年5月30日-默认-(DYWEB628347570705),30,7.428571428571429,4.038461538461538,SALES_SPIKE,
2025-10-30,	7481121574674874687,【官方直播】WebberNaturals伟博深海鱼油1100mg高纯度Omega3 120粒-一瓶装【4个月的量】-(625273090086*1);伟博天然辅酶Q10胶囊100mg 成人心脏活力60粒 效期至26年5月30日-默认-(DYWEB628347570705),42,10.571428571428571,3.972972972972973,SALES_SPIKE,
2025-10-31,	7481121574674874687,【官方直播】WebberNaturals伟博深海鱼油1100mg高纯度Omega3 120粒-一瓶装【4个月的量】-(625273090086*1);伟博天然辅酶Q10胶囊100mg 成人心脏活力60粒 效期至26年5月30日-默认-(DYWEB628347570705),46,12.285714285714286,3.744186046511628,SALES_SPIKE,
2025-11-03,	7481121574674874687,【官方直播】WebberNaturals伟博深海鱼油1100mg高纯度Omega3 120粒-一瓶装【4个月的量】-(625273090086*1);伟博天然辅酶Q10胶囊100mg 成人心脏活力60粒 效期至26年5月30日-默认-(DYWEB628347570705),46,9.571428571428571,4.8059701492537314,SALES_SPIKE,
2025-11-04,	7481121574674874687,【官方直播】WebberNaturals伟博深海鱼油1100mg高纯度Omega3 120粒-一瓶装【4个月的量】-(625273090086*1);伟博天然辅酶Q10胶囊100mg 成人心脏活力60粒 效期至26年5月30日-默认-(DYWEB628347570705),42,10.142857142857142,4.140845070422535,SALES_SPIKE,
2025-10-24,	7503765776017555739,【官方直播】WebberNaturals伟博深海鱼油1100mg高纯度Omega3 120粒-一瓶装【4个月的量】-(625273090086*1);WEBBER NATURALS茶氨酸加纳籽褪黑素香蜂草草本5重配方安睡宝10粒-默认-(DYWEB990312500179),10,2.0,5.0,SALES_SPIKE,
2025-10-31,	7503765776017555739,【官方直播】WebberNaturals伟博深海鱼油1100mg高纯度Omega3 120粒-一瓶装【4个月的量】-(625273090086*1);WEBBER NATURALS茶氨酸加纳籽褪黑素香蜂草草本5重配方安睡宝10粒-默认-(DYWEB990312500179),20,5.714285714285714,3.5,SALES_SPIKE,
2025-11-05,	7503765776017555739,【官方直播】WebberNaturals伟博深海鱼油1100mg高纯度Omega3 120粒-一瓶装【4个月的量】-(625273090086*1);WEBBER NATURALS茶氨酸加纳籽褪黑素香蜂草草本5重配方安睡宝10粒-默认-(DYWEB990312500179),34,7.714285714285714,4.407407407407407,SALES_SPIKE,
2025-07-21,	7510043339572445477,webber伟博天然3倍深海鱼油欧米伽3成人保健无鱼腥DNA鱼油200粒-默认-(625273072433),11,3.571428571428572,3.08,SALES_SPIKE,
2025-10-08,	7510043339572445477,WEBBER NATURALS3倍深海鱼油欧米伽3成人健身无鱼腥DNA鱼油200粒-默认-(625273072433),12,2.571428571428572,4.666666666666666,SALES_SPIKE,
2025-10-17,	7510043339572445477;7481121574674874687,WEBBER NATURALS3倍深海鱼油欧米伽3成人健身无鱼腥DNA鱼油200粒-默认-(625273072433);伟博天然辅酶Q10胶囊100mg 成人心脏活力60粒 效期至26年5月30日-默认-(DYWEB628347570705),16,3.333333333333333,4.8,SALES_SPIKE,
2025-11-05,	7510043339572445477;7503765776017555739,WEBBER NATURALS3倍深海鱼油欧米伽3成人健身无鱼腥DNA鱼油200粒-默认-(625273072433);WEBBER NATURALS茶氨酸加纳籽褪黑素香蜂草草本5重配方安睡宝10粒-默认-(DYWEB990312500179),12,4.0,3.0,SALES_SPIKE,
2025-09-01,	7527938665289761070,WEBBER NATURALS伟博天然守护前列番茄红素南瓜籽油锯棕榈60粒/瓶-默认-(625273039344),8,2.4285714285714284,3.294117647058824,SALES_SPIKE,
2025-10-17,	7527938665289761070;7481121574674874687,WEBBER NATURALS伟博天然守护前列番茄红素南瓜籽油锯棕榈60粒/瓶-默认-(625273039344);伟博天然辅酶Q10胶囊100mg 成人心脏活力60粒 效期至26年5月30日-默认-(DYWEB628347570705),8,2.0,4.0,SALES_SPIKE,
2025-10-26,	7527938665289761070;7481121574674874687,WEBBER NATURALS伟博天然守护前列番茄红素南瓜籽油锯棕榈60粒/瓶-默认-(625273039344);伟博天然辅酶Q10胶囊100mg 成人心脏活力60粒 效期至26年5月30日-默认-(DYWEB628347570705),18,3.571428571428572,5.04,SALES_SPIKE,
2025-03-05,7.054785415521403e+18,webber naturals伟博深海鱼油Omega3 80粒/瓶-默认-(DYWEB625273033953),6,1.1428571428571428,5.25,SALES_SPIKE,
2025-07-28,7.054785415521419e+18,WEBBER NATURALS6岁+儿童鱼油高DHA香橙味欧米伽3眼脑同步120粒-默认-(DYWEB625273033496),5,1.2857142857142858,3.888888888888888,SALES_SPIKE,
2025-07-30,7.054785415521419e+18,WEBBER NATURALS6岁+儿童鱼油高DHA香橙味欧米伽3眼脑同步120粒-默认-(DYWEB625273033496),7,2.2857142857142856,3.0625,SALES_SPIKE,
2025-08-07,7.054785415521419e+18,WEBBER NATURALS6岁+儿童鱼油高DHA香橙味欧米伽3眼脑同步120粒-默认-(DYWEB625273033496),22,3.7142857142857135,5.9230769230769225,SALES_SPIKE,
2025-08-10,7.054785415521419e+18,WEBBER NATURALS6岁+儿童鱼油高DHA香橙味欧米伽3眼脑同步120粒-默认-(DYWEB625273033496),14,4.571428571428571,3.0625,SALES_SPIKE,
2025-08-17,7.054785415521419e+18,WEBBER NATURALS6岁+儿童鱼油高DHA香橙味欧米伽3眼脑同步120粒-默认-(DYWEB625273033496),17,5.428571428571429,3.131578947368421,SALES_SPIKE,
2025-08-22,7.054785415521419e+18,WEBBER NATURALS6岁+儿童鱼油高DHA香橙味欧米伽3眼脑同步120粒-默认-(DYWEB625273033496),18,4.714285714285714,3.818181818181818,SALES_SPIKE,
2025-08-27,7.054785415521419e+18,WEBBER NATURALS6岁+儿童鱼油高DHA香橙味欧米伽3眼脑同步120粒-默认-(DYWEB625273033496),15,3.142857142857143,4.7727272727272725,SALES_SPIKE,
2025-08-28,7.054785415521419e+18,WEBBER NATURALS6岁+儿童鱼油高DHA香橙味欧米伽3眼脑同步120粒-默认-(DYWEB625273033496),18,5.0,3.6,SALES_SPIKE,
2025-08-29,7.054785415521419e+18,WEBBER NATURALS6岁+儿童鱼油高DHA香橙味欧米伽3眼脑同步120粒-默认-(DYWEB625273033496),43,7.428571428571429,5.788461538461538,SALES_SPIKE,
2025-10-07,7.054785415521419e+18,WEBBER NATURALS6岁+儿童鱼油高DHA香橙味欧米伽3眼脑同步120粒-默认-(DYWEB625273033496),27,8.714285714285714,3.098360655737705,SALES_SPIKE,
2025-10-08,7.054785415521419e+18,WEBBER NATURALS6岁+儿童鱼油高DHA香橙味欧米伽3眼脑同步120粒-默认-(DYWEB625273033496),41,10.285714285714286,3.986111111111111,SALES_SPIKE,
2025-11-07,7.054785415521419e+18,WEBBER NATURALS6岁+儿童鱼油高DHA香橙味欧米伽3眼脑同步120粒-默认-(DYWEB625273033496),30,6.857142857142857,4.375,SALES_SPIKE,
2025-11-11,7.054785415521419e+18,WEBBER NATURALS6岁+儿童鱼油高DHA香橙味欧米伽3眼脑同步120粒-默认-(DYWEB625273033496),25,7.714285714285714,3.2407407407407405,SALES_SPIKE,
2025-11-16,7.054785415521419e+18,WEBBER NATURALS6岁+儿童鱼油高DHA香橙味欧米伽3眼脑同步120粒-默认-(DYWEB625273033496),17,5.428571428571429,3.131578947368421,SALES_SPIKE,
2025-11-17,7.054785415521419e+18,WEBBER NATURALS6岁+儿童鱼油高DHA香橙味欧米伽3眼脑同步120粒-默认-(DYWEB625273033496),22,4.857142857142857,4.529411764705883,SALES_SPIKE,
2025-11-22,7.054785415521419e+18,WEBBER NATURALS6岁+儿童鱼油高DHA香橙味欧米伽3眼脑同步120粒-默认-(DYWEB625273033496),31,7.857142857142857,3.9454545454545458,SALES_SPIKE,
2025-11-26,7.054785415521419e+18,WEBBER NATURALS6岁+儿童鱼油高DHA香橙味欧米伽3眼脑同步120粒-默认-(DYWEB625273033496),30,7.571428571428571,3.962264150943396,SALES_SPIKE,
2025-12-02,7.054785415521419e+18,WEBBER NATURALS6岁+儿童鱼油高DHA香橙味欧米伽3眼脑同步120粒-默认-(DYWEB625273033496),29,9.142857142857142,3.171875,SALES_SPIKE,
2025-12-10,7.054785415521419e+18,	【子豪专属】WEBBER NATURALS6岁+儿童鱼油高DHA香橙味欧米伽3眼脑同步120粒,6,1.8571428571428568,3.230769230769231,SALES_SPIKE,
2025-12-20,7.054785415521419e+18,	【达人专属】WEBBER NATURALS6岁+儿童鱼油高DHA香橙味欧米伽3眼脑同步120粒,14,2.7142857142857144,5.157894736842105,SALES_SPIKE,
2025-12-22,7.054785415521419e+18,	【子豪专属】WEBBER NATURALS6岁+儿童鱼油高DHA香橙味欧米伽3眼脑同步120粒,44,3.857142857142857,11.407407407407408,SALES_SPIKE,
2025-12-30,7.054785415521419e+18,	【子豪专属】WEBBER NATURALS6岁+儿童鱼油高DHA香橙味欧米伽3眼脑同步120粒,35,2.857142857142857,12.25,SALES_SPIKE,
2026-01-07,7.054785415521419e+18,	【达人专属】WEBBER NATURALS6岁+儿童鱼油高DHA香橙味欧米伽3眼脑同步120粒,10,3.2857142857142856,3.0434782608695654,SALES_SPIKE,
2025-01-12,7.05478541552142e+18,伟博天然儿童鱼油150mg高DHA香橙味omega3IVO认证脑黄金120粒6岁+-默认-(DYWEB625273033496),15,4.857142857142857,3.088235294117647,SALES_SPIKE,
2025-01-27,7.05478541552142e+18,伟博天然儿童鱼油150mg高DHA香橙味omega3IVO认证脑黄金120粒6岁+-默认-(DYWEB625273033496),17,3.142857142857143,5.409090909090909,SALES_SPIKE,
2025-02-20,7.05478541552142e+18,Webber Naturals儿童鱼油150mg高DHA香橙味omega3脑黄金120粒6岁+-默认-(DYWEB625273033496),50,14.142857142857142,3.5353535353535355,SALES_SPIKE,
2025-03-20,7.05478541552142e+18,Webber Naturals儿童鱼油150mg高DHA香橙味omega3脑黄金120粒6岁+-默认-(DYWEB625273033496),46,9.714285714285714,4.735294117647059,SALES_SPIKE,
2025-05-13,7.05478541552142e+18,Webber Naturals儿童鱼油150mg高DHA香橙味omega3脑黄金120粒6岁+-默认-(DYWEB625273033496),7,1.8571428571428568,3.769230769230769,SALES_SPIKE,
2025-05-14,7.05478541552142e+18,Webber Naturals儿童鱼油150mg高DHA香橙味omega3脑黄金120粒6岁+-默认-(DYWEB625273033496),14,2.571428571428572,5.444444444444444,SALES_SPIKE,
2025-06-09,7.05478541552142e+18,Webber Naturals儿童鱼油150mg高DHA香橙味omega3脑黄金120粒6岁+-默认-(DYWEB625273033496),8,2.4285714285714284,3.294117647058824,SALES_SPIKE,
2025-06-23,7.05478541552142e+18,Webber Naturals儿童鱼油150mg高DHA香橙味omega3脑黄金120粒6岁+-默认-(DYWEB625273033496),21,6.714285714285714,3.127659574468085,SALES_SPIKE,
2025-06-29,7.05478541552142e+18,【子豪专属】Webber Naturals儿童鱼油150mg高DHA香橙味omega3脑黄金120粒6岁+-默认-(DYWEB625273033496),50,9.142857142857142,5.46875,SALES_SPIKE,
2025-07-01,7.05478541552142e+18,【子豪专属】Webber Naturals儿童鱼油150mg高DHA香橙味omega3脑黄金120粒6岁+-默认-(DYWEB625273033496),51,14.571428571428571,3.5,SALES_SPIKE,
2025-07-09,7.05478541552142e+18,Webber Naturals儿童鱼油150mg高DHA香橙味omega3脑黄金120粒6岁+-默认-(DYWEB625273033496),13,3.0,4.333333333333333,SALES_SPIKE,
2025-07-16,7.05478541552142e+18,Webber Naturals儿童鱼油150mg高DHA香橙味omega3脑黄金120粒6岁+-默认-(DYWEB625273033496),16,4.571428571428571,3.5,SALES_SPIKE,
2025-10-27,7.054785415521436e+18,WEBBER NATURALS伟博天然进口钙镁维生素D3复合片200粒/瓶-默认-(DYWEB625273038668),5,1.4285714285714286,3.5,SALES_SPIKE,
2025-11-18,7.054785415521436e+18,WEBBER NATURALS伟博天然进口钙镁维生素D3复合片200粒/瓶-默认-(DYWEB625273038668),6,2.0,3.0,SALES_SPIKE,
2025-11-20,7.054785415521436e+18,WEBBER NATURALS伟博天然进口钙镁维生素D3复合片200粒/瓶-默认-(DYWEB625273038668),10,3.142857142857143,3.181818181818182,SALES_SPIKE,
2025-12-28,7.054785415521436e+18,	【达人专属】WEBBER NATURALS伟博天然进口钙镁维生素D3复合片200粒/瓶,5,1.1428571428571428,4.375,SALES_SPIKE,
2025-03-03,7.054785415521452e+18,webber naturals伟博青中老年补钙650mg+VD3促吸收钙片100片/瓶-默认-(DYWEB625273031591),6,1.6,3.75,SALES_SPIKE,
2025-05-10,7.054785415521452e+18,webber naturals伟博青中老年补钙650mg+VD3促吸收钙片100片/瓶-默认-(DYWEB625273031591),5,1.4285714285714286,3.5,SALES_SPIKE,
2025-10-27,7.054785415630438e+18,WEBBER NATURALS高浓缩肉桂精华植物维稳糖值150mg呵护健康60粒-默认-(DYWEB625273034370),8,1.1428571428571428,7.0,SALES_SPIKE,
2025-11-14,7.054785415630471e+18,WEBBER NATURALS氨基葡萄糖软骨素添加D3双倍关节氨糖维骨力300粒-默认-(DYWEB625273052558),7,1.7142857142857142,4.083333333333334,SALES_SPIKE,
2025-11-24,7.054785415630471e+18,WEBBER NATURALS氨基葡萄糖软骨素添加D3双倍关节氨糖维骨力300粒-默认-(DYWEB625273052558),12,2.142857142857143,5.6000000000000005,SALES_SPIKE,
2025-12-03,7.054785415630504e+18,WEBBER NATURALS进口3倍浓缩Omega3深海鱼油100mg辅酶q10胶囊80粒-默认-(DYWEB625273033779),6,2.0,3.0,SALES_SPIKE,
2025-03-13,7.05478541563052e+18,伟博天然进口α硫辛酸胶囊100mg*60粒/瓶-默认-(DYWEB625273031287),7,1.5,4.666666666666667,SALES_SPIKE,
2025-03-26,7.05478541563052e+18,伟博天然进口α硫辛酸胶囊100mg*60粒/瓶-默认-(DYWEB625273031287),28,2.571428571428572,10.888888888888888,SALES_SPIKE,
2025-03-27,7.05478541563052e+18,伟博天然进口α硫辛酸胶囊100mg*60粒/瓶-默认-(DYWEB625273031287),19,5.714285714285714,3.325,SALES_SPIKE,
2025-10-13,7.054785415630537e+18,WEBBER NATURALS奶蓟草护肝片姜黄硫辛酸熬夜加班养护65粒护肝片-默认-(DYWEB625273034523),9,1.1428571428571428,7.875,SALES_SPIKE,
2025-10-14,7.054785415630537e+18,WEBBER NATURALS奶蓟草护肝片姜黄硫辛酸熬夜加班养护65粒护肝片-默认-(DYWEB625273034523),7,2.142857142857143,3.2666666666666666,SALES_SPIKE,
2024-12-31,7.077809856803226e+18,WebberNaturals伟博深海鱼油900mg高纯度Omega3 DHA/EPA鱼油200粒-默认-(DYWEB625273052985),5,1.0,5.0,SALES_SPIKE,
2025-01-12,7.081192833746781e+18,webbernaturals辅酶Q10天然发酵免疫软胶囊60粒/瓶100mg营养-默认-(DYWEB625273038552),13,2.571428571428572,5.055555555555555,SALES_SPIKE,
2025-02-16,7.081192833746781e+18,webbernaturals辅酶Q10天然发酵免疫软胶囊60粒/瓶100mg营养-默认-(DYWEB625273038552),5,1.5714285714285714,3.181818181818182,SALES_SPIKE,
2025-02-20,7.081192833746781e+18,webbernaturals辅酶Q10天然发酵免疫软胶囊60粒/瓶100mg营养-默认-(DYWEB625273038552),11,3.571428571428572,3.08,SALES_SPIKE,
2025-08-25,7.08119283374678e+18,WEBBER NATURALS心脏辅酶Q10天然发酵胶囊100mg呵护心肌健康60粒-默认-(DYWEB625273038552),5,1.1428571428571428,4.375,SALES_SPIKE,
2025-09-06,7.08119283374678e+18,WEBBER NATURALS心脏辅酶Q10天然发酵胶囊100mg呵护心肌健康60粒-默认-(DYWEB625273038552),5,1.2857142857142858,3.888888888888888,SALES_SPIKE,
2025-10-27,7.08119283374678e+18,WEBBER NATURALS心脏辅酶Q10天然发酵胶囊100mg呵护心肌健康60粒-默认-(DYWEB625273038552),8,1.4285714285714286,5.6,SALES_SPIKE,
2025-11-25,7.08119283374678e+18,WEBBER NATURALS心脏辅酶Q10天然发酵胶囊100mg呵护心肌健康60粒-默认-(DYWEB625273038552),9,1.5714285714285714,5.727272727272728,SALES_SPIKE,
2025-12-16,7.081273337766478e+18,	WEBBER NATURALS进口Verisol小分子多肽胶原蛋白加生物素120粒/瓶,12,2.2857142857142856,5.25,SALES_SPIKE,
2025-03-09,7.08127429318697e+18,【效期至25年8月】伟博复合氨糖维骨素胶囊三倍营养骨骼120粒/瓶-默认-(DYWEB625273050363),5,1.0,5.0,SALES_SPIKE,
2025-03-10,7.08127429318697e+18,【效期至25年8月】伟博复合氨糖维骨素胶囊三倍营养骨骼120粒/瓶-默认-(DYWEB625273050363),6,1.8,3.333333333333333,SALES_SPIKE,
2025-03-21,7.08127429318697e+18,【效期至25年8月】伟博复合氨糖维骨素胶囊三倍营养骨骼120粒/瓶-默认-(DYWEB625273050363),8,2.4285714285714284,3.294117647058824,SALES_SPIKE,
2025-03-22,7.08127429318697e+18,【效期至25年8月】伟博复合氨糖维骨素胶囊三倍营养骨骼120粒/瓶-默认-(DYWEB625273050363),19,3.4285714285714284,5.541666666666667,SALES_SPIKE,
2025-10-01,7.081274294365618e+18,WEBBER NATURALS硫酸氨糖骨关节灵15种草本营养配方OSTEO 80粒/瓶-默认-(DYWEB625273033755),5,1.1428571428571428,4.375,SALES_SPIKE,
2025-11-10,7.081540798906548e+18,WEBBER NATURALS天然大豆卵磷脂胶囊鱼油搭档1200mg 180粒/瓶-默认-(DYWEB625273079746),6,1.2857142857142858,4.666666666666666,SALES_SPIKE,
2025-01-17,7.081540798906549e+18, webber naturals天然大豆卵磷脂胶囊鱼油搭档1200mg 180粒/瓶-默认-(DYWEB625273079746),6,1.8571428571428568,3.230769230769231,SALES_SPIKE,
2025-02-07,7.081540798906549e+18, webber naturals天然大豆卵磷脂胶囊鱼油搭档1200mg 180粒/瓶-默认-(DYWEB625273079746),7,2.0,3.5,SALES_SPIKE,
2025-04-28,7.081540798906549e+18, webber naturals天然大豆卵磷脂胶囊鱼油搭档1200mg 180粒/瓶-默认-(DYWEB625273079746),6,1.4285714285714286,4.2,SALES_SPIKE,
2025-04-17,7.08342615917799e+18,webber naturals进口PGX纤维胶囊健康膳食150粒/瓶-默认-(DYWEB625273037517),7,1.0,7.0,SALES_SPIKE,
2025-08-11,7.08342615917799e+18,webber naturals进口PGX纤维胶囊健康膳食150粒/瓶-默认-(DYWEB625273037517),6,1.2857142857142858,4.666666666666666,SALES_SPIKE,
2025-01-11,7.085276593567991e+18,WebberNaturals伟博天然高含量叶黄素玉米黄素40mg中老年护眼60粒-默认-(DYWEB625273034561),5,1.6666666666666667,3.0,SALES_SPIKE,
2025-02-13,7.085276593567991e+18,【春蚕专属】WebberNaturals伟博天然高含量叶黄素玉米黄素40mg中老年护眼60粒-默认-(DYWEB625273034561),9,2.0,4.5,SALES_SPIKE,
2025-06-09,7.085276593567991e+18,WebberNaturals伟博天然高含量叶黄素玉米黄素40mg中老年护眼60粒-默认-(DYWEB625273034561),8,2.571428571428572,3.1111111111111107,SALES_SPIKE,
2025-07-03,7.085276593567991e+18,WebberNaturals伟博天然高含量叶黄素玉米黄素40mg中老年护眼60粒-默认-(DYWEB625273034561),8,2.0,4.0,SALES_SPIKE,
2025-10-20,7.08527659356799e+18,WEBBER NATURALS高含量叶黄素玉米黄素40mg成人护眼疲劳干涩60粒-默认-(DYWEB625273034561),6,1.5714285714285714,3.8181818181818175,SALES_SPIKE,
2025-01-17,7.086274688812433e+18, webber naturals伟博胶原蛋白与神经酰胺生物活性胶原肽120片/瓶-默认-(DYWEB625273036695),7,2.25,3.111111111111111,SALES_SPIKE,
2025-01-23,7.086274688812433e+18,Webber Naturals伟博胶原蛋白与神经酰胺生物活性胶原肽120片/瓶-默认-(DYWEB625273036695),16,2.571428571428572,6.222222222222221,SALES_SPIKE,
2025-01-30,7.086274688812433e+18, webber naturals伟博胶原蛋白与神经酰胺生物活性胶原肽120片/瓶-默认-(DYWEB625273036695),11,2.571428571428572,4.277777777777778,SALES_SPIKE,
2025-02-05,7.086274688812433e+18,Webber Naturals伟博胶原蛋白与神经酰胺生物活性胶原肽120片/瓶-默认-(DYWEB625273036695),31,8.142857142857142,3.8070175438596494,SALES_SPIKE,
2025-02-28,7.086274688812433e+18,Webber Naturals伟博胶原蛋白与神经酰胺生物活性胶原肽120片/瓶-默认-(DYWEB625273036695),17,4.714285714285714,3.606060606060606,SALES_SPIKE,
2025-03-13,7.086274688812433e+18,Webber Naturals伟博胶原蛋白与神经酰胺生物活性胶原肽120片/瓶-默认-(DYWEB625273036695),97,5.285714285714286,18.35135135135135,SALES_SPIKE,
2025-04-07,7.086274688812433e+18,Webber Naturals伟博胶原蛋白与神经酰胺生物活性胶原肽120片/瓶-默认-(DYWEB625273036695),20,3.571428571428572,5.6,SALES_SPIKE,
2025-05-07,7.086274688812433e+18,Webber Naturals伟博胶原蛋白与神经酰胺生物活性胶原肽120片/瓶-默认-(DYWEB625273036695),8,2.2857142857142856,3.5,SALES_SPIKE,
2025-05-25,7.086274688812433e+18,Webber Naturals伟博胶原蛋白与神经酰胺生物活性胶原肽120片/瓶-默认-(DYWEB625273036695),20,4.285714285714286,4.666666666666667,SALES_SPIKE,
2025-06-25,7.086274688812433e+18,Webber Naturals伟博胶原蛋白与神经酰胺生物活性胶原肽120片/瓶-默认-(DYWEB625273036695),8,2.142857142857143,3.733333333333333,SALES_SPIKE,
2025-06-26,7.086274688812433e+18,Webber Naturals伟博胶原蛋白与神经酰胺生物活性胶原肽120片/瓶-默认-(DYWEB625273036695),12,3.142857142857143,3.8181818181818175,SALES_SPIKE,
2025-10-06,7.086274688812433e+18,WEBBER NATURALS伟博胶原蛋白与神经酰胺生物活性胶原肽120片/瓶-默认-(DYWEB625273036695),9,2.7142857142857144,3.31578947368421,SALES_SPIKE,
2025-11-24,7.086274688812433e+18,WEBBER NATURALS伟博胶原蛋白与神经酰胺生物活性胶原肽120片/瓶-默认-(DYWEB625273036695),7,2.2857142857142856,3.0625,SALES_SPIKE,
2025-12-21,7.086274688812433e+18,	【达人专属】WEBBER NATURALS伟博胶原蛋白与神经酰胺生物活性胶原肽120片/瓶,6,1.7142857142857142,3.5,SALES_SPIKE,
2025-01-15,7.091865529023218e+18,Webber Naturals伟博天然进口小分子胶原蛋白多肽粉150g/瓶-默认-(DYWEB625273036657),5,1.4,3.571428571428572,SALES_SPIKE,
2025-02-02,7.091865529023218e+18,Webber Naturals伟博天然进口小分子胶原蛋白多肽粉150g/瓶-默认-(DYWEB625273036657),7,2.142857142857143,3.2666666666666666,SALES_SPIKE,
2025-02-09,7.091865529023218e+18,Webber Naturals伟博天然进口小分子胶原蛋白多肽粉150g/瓶-默认-(DYWEB625273036657),10,2.857142857142857,3.5,SALES_SPIKE,
2026-01-05,7.091865529023218e+18,	【达人专属】Webber Naturals伟博天然进口小分子胶原蛋白多肽粉150g/瓶,6,1.0,6.0,SALES_SPIKE,
2025-02-15,7.11003268465066e+18,【效期至25年6月】webbernaturals伟博500mg维生素C胶囊60粒-默认-(625273076622),9,1.5714285714285714,5.727272727272728,SALES_SPIKE,
2025-02-17,7.11003268465066e+18,【效期至25年6月】webbernaturals伟博500mg维生素C胶囊60粒-默认-(625273076622),10,3.142857142857143,3.181818181818182,SALES_SPIKE,
2025-02-27,7.11003268465066e+18,【效期至25年6月】webbernaturals伟博500mg维生素C胶囊60粒-默认-(625273076622),16,4.714285714285714,3.393939393939394,SALES_SPIKE,
2025-02-28,7.11003268465066e+18,【效期至25年6月】webbernaturals伟博500mg维生素C胶囊60粒-默认-(625273076622),22,5.857142857142857,3.75609756097561,SALES_SPIKE,
2025-03-11,7.11003268465066e+18,【效期至25年6月】webbernaturals伟博500mg维生素C胶囊60粒-默认-(625273076622),74,12.714285714285714,5.820224719101124,SALES_SPIKE,
2025-11-09,7.11003268465066e+18,WebberNaturals伟博天然500mg维生素C胶囊60粒-默认-(625273076622),16,3.4285714285714284,4.666666666666667,SALES_SPIKE,
2025-11-10,7.11003268465066e+18,WebberNaturals伟博天然500mg维生素C胶囊60粒-默认-(625273076622),20,5.285714285714286,3.783783783783784,SALES_SPIKE,
2025-08-02,7.124611154185519e+18,WEBBER NATURALS500mg Omega-3深海鱼油添加D3青少年鱼油100粒/瓶-默认-(DYWEB625273090291),7,1.75,4.0,SALES_SPIKE,
2025-08-17,7.124611154185519e+18,WEBBER NATURALS500mg Omega-3深海鱼油添加D3青少年鱼油100粒/瓶-默认-(DYWEB625273090291),8,2.571428571428572,3.1111111111111107,SALES_SPIKE,
2025-08-20,7.124611154185519e+18,WEBBER NATURALS500mg Omega-3深海鱼油添加D3青少年鱼油100粒/瓶-默认-(DYWEB625273090291),18,3.7142857142857135,4.846153846153846,SALES_SPIKE,
2025-09-03,7.124611154185519e+18,WEBBER NATURALS500mg Omega-3深海鱼油添加D3青少年鱼油100粒/瓶-默认-(DYWEB625273090291),15,4.285714285714286,3.5,SALES_SPIKE,
2025-09-14,7.124611154185519e+18,WEBBER NATURALS500mg Omega-3深海鱼油添加D3青少年鱼油100粒/瓶-默认-(DYWEB625273090291),79,3.0,26.33333333333333,SALES_SPIKE,
2025-09-16,7.124611154185519e+18,WEBBER NATURALS500mg Omega-3深海鱼油添加D3青少年鱼油100粒/瓶-默认-(DYWEB625273090291),55,17.0,3.235294117647059,SALES_SPIKE,
2025-01-12,7.12461115418552e+18,Webber naturals伟博深海鱼油500mgOmega3+D3青少年补脑 100粒/瓶-默认-(DYWEB625273090291),11,3.4285714285714284,3.208333333333333,SALES_SPIKE,
2025-02-17,7.12461115418552e+18,Webber naturals伟博深海鱼油500mgOmega3+D3青少年补脑 100粒/瓶-默认-(DYWEB625273090291),46,5.714285714285714,8.049999999999999,SALES_SPIKE,
2025-02-26,7.12461115418552e+18,Webber naturals伟博深海鱼油500mgOmega3+D3青少年补脑 100粒/瓶-默认-(DYWEB625273090291),43,5.857142857142857,7.341463414634147,SALES_SPIKE,
2025-04-18,7.12461115418552e+18,Webber naturals伟博深海鱼油500mgOmega3+D3青少年补脑 100粒/瓶-默认-(DYWEB625273090291),23,2.857142857142857,8.049999999999999,SALES_SPIKE,
2025-04-20,7.12461115418552e+18,Webber naturals伟博深海鱼油500mgOmega3+D3青少年补脑 100粒/瓶-默认-(DYWEB625273090291),20,6.142857142857143,3.255813953488372,SALES_SPIKE,
2025-01-11,7.142731245833732e+18,webbernaturals进口儿童鱼油欧米伽3高DHA爆浆深海鱼油120粒 1岁+-默认-(DYWEB625273090185),11,2.142857142857143,5.133333333333334,SALES_SPIKE,
2025-01-27,7.142731245833732e+18,webbernaturals进口儿童鱼油欧米伽3高DHA爆浆深海鱼油120粒 1岁+-默认-(DYWEB625273090185),8,2.142857142857143,3.733333333333333,SALES_SPIKE,
2025-04-30,7.142731245833732e+18,WebberNaturals进口儿童鱼油欧米伽3高DHA爆浆深海鱼油120粒 1岁+-默认-(DYWEB625273090185),99,20.142857142857142,4.914893617021277,SALES_SPIKE,
2025-05-15,7.142731245833732e+18,WebberNaturals进口儿童鱼油欧米伽3高DHA爆浆深海鱼油120粒 1岁+-默认-(DYWEB625273090185),90,22.142857142857142,4.064516129032258,SALES_SPIKE,
2025-05-30,7.142731245833732e+18,WebberNaturals进口儿童鱼油欧米伽3高DHA爆浆深海鱼油120粒 1岁+-默认-(DYWEB625273090185),132,31.714285714285715,4.162162162162162,SALES_SPIKE,
2025-07-16,7.142731245833732e+18,WebberNaturals进口儿童鱼油欧米伽3高DHA爆浆深海鱼油120粒 1岁+-默认-(DYWEB625273090185),15,4.428571428571429,3.387096774193548,SALES_SPIKE,
2025-08-01,7.142731245833732e+18,WEBBER NATURALS进口儿童鱼油欧米伽3高DHA爆浆深海鱼油120粒1岁+-默认-(DYWEB625273090185),7,1.2857142857142858,5.444444444444444,SALES_SPIKE,
2025-08-02,7.142731245833732e+18,WEBBER NATURALS进口儿童鱼油欧米伽3高DHA爆浆深海鱼油120粒1岁+-默认-(DYWEB625273090185),9,2.0,4.5,SALES_SPIKE,
2025-08-11,7.142731245833732e+18,WEBBER NATURALS进口儿童鱼油欧米伽3高DHA爆浆深海鱼油120粒1岁+-默认-(DYWEB625273090185),16,3.857142857142857,4.148148148148148,SALES_SPIKE,
2025-07-26,7.144930821143691e+18,WEBBER NATURALS南非醉茄KSM66 3600mg降低皮质醇缓压促睡眠120粒-默认-(DYWEB625273052640),8,2.0,4.0,SALES_SPIKE,
2025-08-01,7.144930821143691e+18,WEBBER NATURALS南非醉茄KSM66 3600mg降低皮质醇缓压促睡眠120粒-默认-(DYWEB625273052640),14,2.571428571428572,5.444444444444444,SALES_SPIKE,
2025-08-07,7.144930821143691e+18,WEBBER NATURALS南非醉茄KSM66 3600mg降低皮质醇缓压促睡眠120粒-默认-(DYWEB625273052640),22,6.142857142857143,3.581395348837209,SALES_SPIKE,
2025-08-16,7.144930821143691e+18,WEBBER NATURALS南非醉茄KSM66 3600mg降低皮质醇缓压促睡眠120粒-默认-(DYWEB625273052640),23,7.571428571428571,3.037735849056604,SALES_SPIKE,
2025-09-05,7.144930821143691e+18,WEBBER NATURALS南非醉茄KSM66 3600mg降低皮质醇缓压促睡眠120粒-默认-(DYWEB625273052640),50,12.714285714285714,3.9325842696629216,SALES_SPIKE,
2025-01-02,7.144930821143692e+18,伟博天然进口KSM66南非醉茄印度人参精华3600mg*120粒降低皮质醇-默认-(DYWEB625273052640),5,1.3333333333333333,3.75,SALES_SPIKE,
2025-02-06,7.144930821143692e+18,伟博天然进口KSM66南非醉茄印度人参精华3600mg*120粒降低皮质醇-默认-(DYWEB625273052640),16,4.285714285714286,3.733333333333333,SALES_SPIKE,
2025-02-13,7.144930821143692e+18,伟博天然进口KSM66南非醉茄印度人参精华3600mg*120粒降低皮质醇-默认-(DYWEB625273052640),6,1.8571428571428568,3.230769230769231,SALES_SPIKE,
2025-02-14,7.144930821143692e+18,伟博天然进口KSM66南非醉茄印度人参精华3600mg*120粒降低皮质醇-默认-(DYWEB625273052640),7,2.2857142857142856,3.0625,SALES_SPIKE,
2025-03-02,7.144930821143692e+18,伟博天然进口KSM66南非醉茄印度人参精华3600mg*120粒降低皮质醇-默认-(DYWEB625273052640),13,4.142857142857143,3.1379310344827585,SALES_SPIKE,
2025-03-15,7.144930821143692e+18,伟博天然进口KSM66南非醉茄印度人参精华3600mg*120粒降低皮质醇-默认-(DYWEB625273052640),9,3.0,3.0,SALES_SPIKE,
2025-03-17,7.144930821143692e+18,伟博天然进口KSM66南非醉茄印度人参精华3600mg*120粒降低皮质醇-默认-(DYWEB625273052640),12,3.2857142857142856,3.6521739130434794,SALES_SPIKE,
2025-03-25,7.144930821143692e+18,伟博天然进口KSM66南非醉茄印度人参精华3600mg*120粒降低皮质醇-默认-(DYWEB625273052640),12,4.0,3.0,SALES_SPIKE,
2025-03-31,7.144930821143692e+18,伟博天然进口KSM66南非醉茄印度人参精华3600mg*120粒降低皮质醇-默认-(DYWEB625273052640),12,3.857142857142857,3.111111111111111,SALES_SPIKE,
2025-04-07,7.144930821143692e+18,伟博天然进口KSM66南非醉茄印度人参精华3600mg*120粒降低皮质醇-默认-(DYWEB625273052640),13,4.285714285714286,3.033333333333333,SALES_SPIKE,
2025-05-20,7.144930821143692e+18,伟博天然进口KSM66南非醉茄印度人参精华3600mg*120粒降低皮质醇-默认-(DYWEB625273052640),11,3.4285714285714284,3.208333333333333,SALES_SPIKE,
2025-05-22,7.144930821143692e+18,伟博天然进口KSM66南非醉茄印度人参精华3600mg*120粒降低皮质醇-默认-(DYWEB625273052640),28,5.857142857142857,4.7804878048780495,SALES_SPIKE,
2025-05-30,7.144930821143692e+18,伟博天然进口KSM66南非醉茄印度人参精华3600mg*120粒降低皮质醇-默认-(DYWEB625273052640),15,4.0,3.75,SALES_SPIKE,
2025-06-03,7.144930821143692e+18,伟博天然进口KSM66南非醉茄印度人参精华3600mg*120粒降低皮质醇-默认-(DYWEB625273052640),12,3.7142857142857135,3.230769230769231,SALES_SPIKE,
2025-06-10,7.144930821143692e+18,伟博天然进口KSM66南非醉茄印度人参精华3600mg*120粒降低皮质醇-默认-(DYWEB625273052640),8,2.0,4.0,SALES_SPIKE,
2025-07-10,7.144930821143692e+18,伟博天然进口KSM66南非醉茄印度人参精华3600mg*120粒降低皮质醇-默认-(DYWEB625273052640),13,3.0,4.333333333333333,SALES_SPIKE,
2025-07-15,7.144930821143692e+18,伟博天然进口KSM66南非醉茄印度人参精华3600mg*120粒降低皮质醇-默认-(DYWEB625273052640),10,3.142857142857143,3.181818181818182,SALES_SPIKE,
2025-02-16,7.14643973464526e+18,WebberNaturals伟博进口VB烟酰胺锌硒55+女士全能综合营养素 30粒-默认-(DYWEB625273079975),6,1.5714285714285714,3.8181818181818175,SALES_SPIKE,
2025-01-06,7.146569951686672e+18,伟博精粹金CO2提纯1100mg4倍含量omega3成人心脑欧米伽3鱼油120粒-默认-(DYWEB625273090086),10,3.2857142857142856,3.0434782608695654,SALES_SPIKE,
2025-01-11,7.146569951686672e+18,【官方直播】WebberNaturals伟博深海鱼油1390mg高纯度Omega3 120粒-默认-(DYWEB625273090086),9,2.142857142857143,4.2,SALES_SPIKE,
2025-01-11,7.146569951686672e+18,伟博精粹金CO2提纯1100mg4倍含量omega3成人心脑欧米伽3鱼油120粒-默认-(DYWEB625273090086),11,3.2857142857142856,3.347826086956522,SALES_SPIKE,
2025-01-12,7.146569951686672e+18,伟博精粹金CO2提纯1100mg4倍含量omega3成人心脑欧米伽3鱼油120粒-默认-(DYWEB625273090086),17,4.714285714285714,3.606060606060606,SALES_SPIKE,
2025-01-22,7.146569951686672e+18,伟博精粹金CO2提纯1100mg4倍含量omega3成人心脑欧米伽3鱼油120粒-默认-(DYWEB625273090086),14,4.571428571428571,3.0625,SALES_SPIKE,
2025-03-11,7.146569951686672e+18,伟博精粹金CO2提纯1100mg4倍含量omega3成人心脑欧米伽3鱼油120粒-默认-(DYWEB625273090086),14,3.4285714285714284,4.083333333333334,SALES_SPIKE,
2025-04-08,7.146569951686672e+18,伟博精粹金CO2提纯1100mg4倍含量omega3成人心脑欧米伽3鱼油120粒-默认-(DYWEB625273090086),23,7.571428571428571,3.037735849056604,SALES_SPIKE,
2025-04-10,7.146569951686672e+18,伟博精粹金CO2提纯1100mg4倍含量omega3成人心脑欧鱼油120粒 S-默认-(DYWEB625273090086),37,8.285714285714286,4.46551724137931,SALES_SPIKE,
2025-04-30,7.146569951686672e+18,伟博精粹金CO2提纯1100mg4倍含量omega3成人心脑欧米伽3鱼油120粒-默认-(DYWEB625273090086),25,7.571428571428571,3.30188679245283,SALES_SPIKE,
2025-05-23,7.146569951686672e+18,伟博精粹金CO2提纯1100mg4倍含量omega3成人心脑欧米伽3鱼油120粒-默认-(DYWEB625273090086),14,4.285714285714286,3.2666666666666666,SALES_SPIKE,
2025-05-24,7.146569951686672e+18,伟博精粹金CO2提纯1100mg4倍含量omega3成人心脑欧米伽3鱼油120粒-默认-(DYWEB625273090086),14,4.428571428571429,3.161290322580645,SALES_SPIKE,
2025-07-01,7.146569951686672e+18,伟博精粹金CO2提纯1100mg4倍含量omega3成人心脑欧米伽3鱼油120粒-默认-(DYWEB625273090086),12,3.2857142857142856,3.6521739130434794,SALES_SPIKE,
2025-07-03,7.146569951686672e+18,伟博精粹金CO2提纯1100mg4倍含量omega3成人心脑欧米伽3鱼油120粒-默认-(DYWEB625273090086),15,4.285714285714286,3.5,SALES_SPIKE,
2025-07-16,7.146569951686672e+18,伟博精粹金CO2提纯1100mg4倍含量omega3成人心脑欧米伽3鱼油120粒-默认-(DYWEB625273090086),9,2.4285714285714284,3.7058823529411766,SALES_SPIKE,
2025-07-25,7.146569951686672e+18,WEBBER NATURALS高纯度深海鱼油omega3欧米伽3成人健身鱼油120粒-默认-(DYWEB625273090086),5,1.5714285714285714,3.181818181818182,SALES_SPIKE,
2025-07-27,7.146569951686672e+18,WEBBER NATURALS高纯度深海鱼油omega3欧米伽3成人健身鱼油120粒-默认-(DYWEB625273090086),7,2.0,3.5,SALES_SPIKE,
2025-08-01,7.146569951686672e+18,WEBBER NATURALS高纯度深海鱼油omega3欧米伽3成人健身鱼油120粒-默认-(DYWEB625273090086),9,2.571428571428572,3.5,SALES_SPIKE,
2025-08-03,7.146569951686672e+18,WEBBER NATURALS高纯度深海鱼油omega3欧米伽3成人健身鱼油120粒-默认-(DYWEB625273090086),11,3.4285714285714284,3.208333333333333,SALES_SPIKE,
2025-08-08,7.146569951686672e+18,WEBBER NATURALS高纯度深海鱼油omega3欧米伽3成人健身鱼油120粒-默认-(DYWEB625273090086),14,4.0,3.5,SALES_SPIKE,
2025-08-26,7.146569951686672e+18,WEBBER NATURALS高纯度深海鱼油omega3欧米伽3成人健身鱼油120粒-默认-(DYWEB625273090086),20,2.0,10.0,SALES_SPIKE,
2025-08-28,7.146569951686672e+18,【徐冬冬专属】WEBBER NATURALS高纯度深海鱼油omega3欧米伽3成人健身鱼油120粒D-默认-(DYWEB625273090086),94,7.142857142857143,13.16,SALES_SPIKE,
2025-09-01,7.146569951686672e+18,【徐冬冬专属】WEBBER NATURALS高纯度深海鱼油omega3欧米伽3成人健身鱼油120粒D-默认-(DYWEB625273090086),46,14.0,3.2857142857142856,SALES_SPIKE,
2025-09-09,7.146569951686672e+18,【徐冬冬专属】WEBBER NATURALS高纯度深海鱼油omega3欧米伽3成人健身鱼油120粒D-默认-(DYWEB625273090086),33,5.428571428571429,6.078947368421052,SALES_SPIKE,
2025-09-12,7.146569951686672e+18,WEBBER NATURALS高纯度深海鱼油omega3欧米伽3成人健身鱼油120粒-默认-(DYWEB625273090086),19,5.0,3.8,SALES_SPIKE,
2025-09-13,7.146569951686672e+18,【徐冬冬专属】WEBBER NATURALS高纯度深海鱼油omega3欧米伽3成人健身鱼油120粒D-默认-(DYWEB625273090086),54,5.857142857142857,9.219512195121952,SALES_SPIKE,
2025-09-19,7.146569951686672e+18,WEBBER NATURALS高纯度深海鱼油omega3欧米伽3成人健身鱼油120粒-默认-(DYWEB625273090086),34,10.285714285714286,3.305555555555556,SALES_SPIKE,
2025-10-25,7.146569951686672e+18,WEBBER NATURALS高纯度深海鱼油omega3欧米伽3成人健身鱼油120粒-默认-(DYWEB625273090086),123,24.142857142857142,5.094674556213018,SALES_SPIKE,
2025-11-14,7.146569951686672e+18,WEBBER NATURALS高纯度深海鱼油omega3欧米伽3成人健身鱼油120粒-默认-(DYWEB625273090086),65,17.142857142857142,3.791666666666667,SALES_SPIKE,
2025-11-18,7.146569951686672e+18,WEBBER NATURALS高纯度深海鱼油omega3欧米伽3成人健身鱼油120粒-默认-(DYWEB625273090086),61,19.285714285714285,3.162962962962963,SALES_SPIKE,
2025-11-24,7.146569951686672e+18,WEBBER NATURALS高纯度深海鱼油omega3欧米伽3成人健身鱼油120粒-默认-(DYWEB625273090086),45,12.857142857142858,3.5,SALES_SPIKE,
2025-12-20,7.146569951686672e+18,	WEBBER NATURALS高纯度深海鱼油omega3欧米伽3成人健身鱼油120粒,21,4.285714285714286,4.9,SALES_SPIKE,
2025-12-21,7.146569951686672e+18,	WEBBER NATURALS高纯度深海鱼油omega3欧米伽3成人健身鱼油120粒,28,7.142857142857143,3.92,SALES_SPIKE,
2025-12-28,7.146569951686672e+18,	WEBBER NATURALS高纯度深海鱼油omega3欧米伽3成人健身鱼油120粒,17,5.571428571428571,3.0512820512820515,SALES_SPIKE,
2026-01-04,7.146569951686672e+18,	WEBBER NATURALS高纯度深海鱼油omega3欧米伽3成人健身鱼油120粒,21,5.428571428571429,3.8684210526315783,SALES_SPIKE,
2026-01-09,7.146569951686672e+18,	WEBBER NATURALS高纯度深海鱼油omega3欧米伽3成人健身鱼油120粒,13,3.7142857142857135,3.5,SALES_SPIKE,
2026-01-10,7.146569951686672e+18,	WEBBER NATURALS高纯度深海鱼油omega3欧米伽3成人健身鱼油120粒,23,3.7142857142857135,6.1923076923076925,SALES_SPIKE,
2026-01-13,7.146569951686672e+18,	WEBBER NATURALS高纯度深海鱼油omega3欧米伽3成人健身鱼油120粒,11,2.4285714285714284,4.529411764705883,SALES_SPIKE,
2026-01-14,7.146569951686672e+18,	WEBBER NATURALS高纯度深海鱼油omega3欧米伽3成人健身鱼油120粒,13,3.4285714285714284,3.791666666666667,SALES_SPIKE,
2025-07-30,7.168643947345035e+18,伟博天然进口VB番茄红素锌硒钙水果多酚55+男士全营养素 30粒-默认-(DYWEB625273079968),6,2.0,3.0,SALES_SPIKE,
2025-08-15,7.168643947345035e+18,伟博天然进口VB番茄红素锌硒钙水果多酚55+男士全营养素 30粒-默认-(DYWEB625273079968),10,2.142857142857143,4.666666666666667,SALES_SPIKE,
2025-11-24,7.168643947345035e+18,伟博天然进口VB番茄红素锌硒钙水果多酚55+男士全营养素 30粒-默认-(DYWEB625273079968),7,2.2857142857142856,3.0625,SALES_SPIKE,
2025-02-20,7.168643947345036e+18,伟博天然进口VB番茄红素锌硒钙水果多酚55+男士全营养素 30粒-默认-(DYWEB625273079968),17,5.285714285714286,3.216216216216216,SALES_SPIKE,
2025-04-24,7.168643947345036e+18,伟博天然进口VB番茄红素锌硒钙水果多酚55+男士全营养素 30粒-默认-(DYWEB625273079968),10,2.571428571428572,3.888888888888888,SALES_SPIKE,
2025-04-30,7.168643947345036e+18,伟博天然进口VB番茄红素锌硒钙水果多酚55+男士全营养素 30粒-默认-(DYWEB625273079968),10,3.142857142857143,3.181818181818182,SALES_SPIKE,
2025-06-25,7.168643947345036e+18,伟博天然进口VB番茄红素锌硒钙水果多酚55+男士全营养素 30粒-默认-(DYWEB625273079968),11,3.4285714285714284,3.208333333333333,SALES_SPIKE,
2025-03-12,7.199138110997873e+18,Webber   Naturals伟博维生素C1000毫克150粒/瓶（效期至25年9月）-默认-(DYWEB625273032727),6,1.4285714285714286,4.2,SALES_SPIKE,
2025-03-13,7.199138110997873e+18,Webber   Naturals伟博维生素C1000毫克150粒/瓶（效期至25年9月）-默认-(DYWEB625273032727),28,2.142857142857143,13.066666666666666,SALES_SPIKE,
2025-03-14,7.199138110997873e+18,Webber   Naturals伟博维生素C1000毫克150粒/瓶（效期至25年9月）-默认-(DYWEB625273032727),21,6.142857142857143,3.4186046511627906,SALES_SPIKE,
2025-03-15,7.199138110997873e+18,Webber   Naturals伟博维生素C1000毫克150粒/瓶（效期至25年9月）-默认-(DYWEB625273032727),46,8.857142857142858,5.193548387096774,SALES_SPIKE,
2025-03-25,7.199138110997873e+18,Webber   Naturals伟博维生素C1000毫克150粒/瓶（效期至25年9月）-默认-(DYWEB625273032727),30,5.0,6.0,SALES_SPIKE,
2025-03-26,7.199138110997873e+18,Webber   Naturals伟博维生素C1000毫克150粒/瓶（效期至25年9月）-默认-(DYWEB625273032727),78,9.142857142857142,8.53125,SALES_SPIKE,
2025-03-28,7.199138110997873e+18,Webber   Naturals伟博维生素C1000毫克150粒/瓶（效期至25年9月）-默认-(DYWEB625273032727),180,24.285714285714285,7.411764705882353,SALES_SPIKE,
2025-10-24,7.220679778930622e+18,WEBBER NATURALS伟博加拿大伟博天然安睡宝 茶氨酸褪黑素45粒/瓶-默认-(DYWEB625273090338),5,1.5714285714285714,3.181818181818182,SALES_SPIKE,
2025-01-16,7.222948241891919e+18, 【效期至25年5月】webbernaturals光之自然白藜芦醇葡萄籽精华60粒-默认-(DYWEB625273090352),9,1.5,6.0,SALES_SPIKE,
2025-03-10,7.22322261258199e+18,【效期至25年7月】伟博天然高浓度奶蓟草熬夜养肝胶囊250mg护肝片-默认-(DYWEB625273090178),8,2.4285714285714284,3.294117647058824,SALES_SPIKE,
2025-03-12,7.22322261258199e+18,【效期至25年7月】伟博天然高浓度奶蓟草熬夜养肝胶囊250mg护肝片-默认-(DYWEB625273090178),12,4.0,3.0,SALES_SPIKE,
2025-03-20,7.22322261258199e+18,【效期至25年7月】伟博天然高浓度奶蓟草熬夜养肝胶囊250mg护肝片-默认-(DYWEB625273090178),24,7.142857142857143,3.36,SALES_SPIKE,
2025-12-28,7.239906506278453e+18,	WEBBER NATURALS升级款双倍硫酸氨糖软骨素+D3+K2关节维骨力300粒,6,1.7142857142857142,3.5,SALES_SPIKE,
2025-11-25,7.242231858778341e+18,WEBBER NATURALS褪黑素片10mg快速入睡深度睡眠薄荷味72粒-默认-(DYWEB625273038279),8,2.2857142857142856,3.5,SALES_SPIKE,
2025-01-14,7.24223185877834e+18,webber naturals褪黑素片10毫克72粒/瓶-默认-(DYWEB625273038279),7,2.142857142857143,3.2666666666666666,SALES_SPIKE,
2025-04-10,7.24223185877834e+18,webber naturals褪黑素片10毫克72粒/瓶-默认-(DYWEB625273038279),10,2.571428571428572,3.888888888888888,SALES_SPIKE,
2025-05-19,7.24223185877834e+18,webber naturals褪黑素片10毫克72粒/瓶-默认-(DYWEB625273038279),6,2.0,3.0,SALES_SPIKE,
2025-05-22,7.295616354202385e+18,伟博天然进口KSM66南非醉茄印度人参精华7200mg*120粒降低皮质醇-默认-(625273071597),7,1.1428571428571428,6.125,SALES_SPIKE,
2025-09-15,7.295616354202386e+18,WEBBER NATURALS南非醉茄KSM66 7200mg降低皮质醇缓压促睡眠120粒-默认-(625273071597),7,2.142857142857143,3.2666666666666666,SALES_SPIKE,
2025-10-02,7.295616354202386e+18,WEBBER NATURALS南非醉茄KSM66 7200mg降低皮质醇缓压促睡眠120粒-默认-(625273071597),7,2.0,3.5,SALES_SPIKE,
2025-10-12,7.295616354202386e+18,WEBBER NATURALS南非醉茄KSM66 7200mg降低皮质醇缓压促睡眠120粒-默认-(625273071597),5,1.5714285714285714,3.181818181818182,SALES_SPIKE,
2025-10-28,7.295616354202386e+18,WEBBER NATURALS南非醉茄KSM66 7200mg降低皮质醇缓压促睡眠120粒-默认-(625273071597),5,1.4285714285714286,3.5,SALES_SPIKE,
2025-02-18,7.329414437553848e+18,Webber Naturals伟博天然高纯度1390mg深海精粹鱼油软胶囊60粒/瓶-默认-(DYWEB625273090420),9,2.2857142857142856,3.9375,SALES_SPIKE,
2025-02-21,7.329414437553848e+18,Webber Naturals伟博天然高纯度1390mg深海精粹鱼油软胶囊60粒/瓶-默认-(DYWEB625273090420),49,2.2857142857142856,21.4375,SALES_SPIKE,
2025-02-25,7.329414437553848e+18,Webber Naturals伟博天然高纯度1390mg深海精粹鱼油软胶囊60粒/瓶-默认-(DYWEB625273090420),32,2.0,16.0,SALES_SPIKE,
2025-03-06,7.329414437553848e+18,Webber Naturals伟博天然高纯度1390mg深海精粹鱼油软胶囊60粒/瓶-默认-(DYWEB625273090420),25,2.4285714285714284,10.294117647058824,SALES_SPIKE,
2025-03-11,7.329414437553848e+18,Webber Naturals伟博天然高纯度1390mg深海精粹鱼油软胶囊60粒/瓶-默认-(DYWEB625273090420),74,2.2857142857142856,32.375,SALES_SPIKE,
2025-03-18,7.329414437553848e+18,Webber Naturals伟博天然高纯度1390mg深海精粹鱼油软胶囊60粒/瓶-默认-(DYWEB625273090420),20,4.571428571428571,4.375,SALES_SPIKE,
2025-03-21,7.329414437553848e+18,Webber Naturals伟博天然高纯度1390mg深海精粹鱼油软胶囊60粒/瓶-默认-(DYWEB625273090420),44,5.428571428571429,8.105263157894736,SALES_SPIKE,
2025-03-29,7.329414437553848e+18,Webber Naturals伟博天然高纯度1390mg深海精粹鱼油软胶囊60粒/瓶-默认-(DYWEB625273090420),32,7.714285714285714,4.148148148148148,SALES_SPIKE,
2025-06-25,7.329414437553848e+18,Webber Naturals伟博天然高纯度1390mg深海精粹鱼油软胶囊60粒/瓶-默认-(DYWEB625273090420),7,1.4285714285714286,4.9,SALES_SPIKE,
2025-08-12,7.329414437553848e+18,WEBBER NATURALS高纯度深海鱼油omega-3欧米伽3成人健身鱼油60粒-默认-(DYWEB625273090420),17,3.142857142857143,5.409090909090909,SALES_SPIKE,
2025-08-17,7.329414437553848e+18,WEBBER NATURALS高纯度深海鱼油omega-3欧米伽3成人健身鱼油60粒-默认-(DYWEB625273090420),13,1.7142857142857142,7.583333333333334,SALES_SPIKE,
2025-08-19,7.329414437553848e+18,WEBBER NATURALS高纯度深海鱼油omega-3欧米伽3成人健身鱼油60粒-默认-(DYWEB625273090420),17,3.4285714285714284,4.958333333333334,SALES_SPIKE,
2025-08-20,7.329414437553848e+18,WEBBER NATURALS高纯度深海鱼油omega-3欧米伽3成人健身鱼油60粒-默认-(DYWEB625273090420),28,5.714285714285714,4.9,SALES_SPIKE,
2025-02-16,7.427011616899939e+18,Webber伟博 Osteo氨糖软骨素MSM添加乳香姜黄素高端关节修护30粒-默认-(625273090321),9,3.0,3.0,SALES_SPIKE,
2025-02-23,7.427011616899939e+18,Webber伟博 Osteo氨糖软骨素MSM添加乳香姜黄素高端关节修护30粒-默认-(625273090321),34,10.142857142857142,3.352112676056338,SALES_SPIKE,
2025-08-17,7.444447155950961e+18,WEBBER NATURALS进口叶黄素玉米黄素成人25mg囤货装护眼胶囊175粒-默认-(DYWEB625273055566),6,1.1666666666666667,5.142857142857142,SALES_SPIKE,
2025-09-08,7.444452411308704e+18,Webber伟博天然1200mg高效能深海鱼油Omega3-6-9+GLA+ALA 180粒-默认-(DYWEB625273034776),7,1.2857142857142858,5.444444444444444,SALES_SPIKE,
2025-01-07,7.4469700355807e+18,【年货送礼】Webber伟博天然高纯度Omega3精粹金鱼油120粒2瓶装礼盒-默认-(625273090086*2),6,1.6666666666666667,3.6,SALES_SPIKE,
2025-01-20,7.4469700355807e+18,【年货送礼】Webber伟博天然高纯度Omega3精粹金鱼油120粒2瓶装礼盒-默认-(625273090086*2),16,4.857142857142857,3.294117647058824,SALES_SPIKE,
2025-03-07,7.4469700355807e+18,【年货送礼】Webber伟博天然高纯度Omega3精粹金鱼油120粒2瓶装礼盒-默认-(625273090086*2),5,1.4285714285714286,3.5,SALES_SPIKE,
2025-03-20,7.448836024085741e+18,Webber Naturals伟博天然阳光小金盾小颗粒深海儿童鱼油+D3 60粒-默认-(DYWEB625273071634),11,1.3333333333333333,8.25,SALES_SPIKE,
2025-03-24,7.448836024085741e+18,Webber Naturals伟博天然阳光小金盾小颗粒深海儿童鱼油+D3 60粒-默认-(DYWEB625273071634),10,2.4285714285714284,4.11764705882353,SALES_SPIKE,
2025-07-04,7.448836024085741e+18,Webber Naturals伟博天然阳光小金盾小颗粒深海儿童鱼油+D3 60粒-默认-(DYWEB625273071634),5,1.0,5.0,SALES_SPIKE,
2025-09-11,7.448836024085742e+18,Webber Naturals伟博天然阳光小金盾小颗粒深海儿童鱼油+D3 60粒-默认-(DYWEB625273071634),17,2.0,8.5,SALES_SPIKE,
2025-09-22,7.448836024085742e+18,Webber Naturals伟博天然阳光小金盾小颗粒深海儿童鱼油+D3 60粒-默认-(DYWEB625273071634),20,3.571428571428572,5.6,SALES_SPIKE,
2025-09-27,7.448836024085742e+18,Webber Naturals伟博天然阳光小金盾小颗粒深海儿童鱼油+D3 60粒-默认-(DYWEB625273071634),40,7.285714285714286,5.490196078431373,SALES_SPIKE,
2025-10-20,7.448836024085742e+18,Webber Naturals伟博天然阳光小金盾小颗粒深海儿童鱼油+D3 60粒-默认-(DYWEB625273071634),18,5.0,3.6,SALES_SPIKE,
2025-11-03,7.448836024085742e+18,Webber Naturals伟博天然阳光小金盾小颗粒深海儿童鱼油+D3 60粒-默认-(DYWEB625273071634),26,7.285714285714286,3.5686274509803924,SALES_SPIKE,
2026-01-10,7.448836024085742e+18,	【达人专属】Webber Naturals伟博天然阳光小金盾小颗粒深海儿童鱼油+D3 60粒,10,2.7142857142857144,3.684210526315789,SALES_SPIKE,
2025-05-18,7.448837780370702e+18,Webber Naturals伟博天然叶黄素40毫克 30粒 呵护眼睛-默认-(DYWEB625273070255),6,2.0,3.0,SALES_SPIKE,
2025-05-21,7.448837780370702e+18,Webber Naturals伟博天然叶黄素40毫克 30粒 呵护眼睛-默认-(DYWEB625273070255),12,3.7142857142857135,3.230769230769231,SALES_SPIKE,
2025-07-03,7.448837780370702e+18,Webber Naturals伟博天然叶黄素40毫克 30粒 呵护眼睛-默认-(DYWEB625273070255),5,1.2857142857142858,3.888888888888888,SALES_SPIKE,
2026-01-10,7.448837780370702e+18,	【达人专属】Webber Naturals伟博天然叶黄素40毫克 30粒 呵护眼睛,13,1.8571428571428568,7.0,SALES_SPIKE,
2025-01-07,7.454032906437558e+18,枫叶围巾-默认-(20241230001),6,1.5,4.0,SALES_SPIKE,
2025-01-20,7.454032906437558e+18,枫叶围巾-默认-(20241230001),16,4.857142857142857,3.294117647058824,SALES_SPIKE,
2025-08-21,7.481121574674874e+18,伟博天然进口辅酶Q10胶囊100mg 成人心脏活力60粒（效期至26年6月）-默认-(DYWEB628347570705),8,2.2857142857142856,3.5,SALES_SPIKE,
2025-08-22,7.481121574674874e+18,伟博天然进口辅酶Q10胶囊100mg 成人心脏活力60粒（效期至26年6月）-默认-(DYWEB628347570705),10,3.2857142857142856,3.0434782608695654,SALES_SPIKE,
2025-08-26,7.481121574674874e+18,伟博天然进口辅酶Q10胶囊100mg 成人心脏活力60粒（效期至26年6月）-默认-(DYWEB628347570705),18,5.0,3.6,SALES_SPIKE,
2025-09-09,7.481121574674874e+18,伟博天然进口辅酶Q10胶囊100mg 成人心脏活力60粒（效期至26年6月）-默认-(DYWEB628347570705),37,5.571428571428571,6.641025641025641,SALES_SPIKE,
2025-09-10,7.481121574674874e+18,伟博天然进口辅酶Q10胶囊100mg 成人心脏活力60粒（效期至26年6月）-默认-(DYWEB628347570705),34,11.285714285714286,3.012658227848101,SALES_SPIKE,
2025-09-13,7.481121574674874e+18,伟博天然辅酶Q10胶囊100mg 成人心脏活力60粒 效期至26年5月30日-默认-(DYWEB628347570705),64,14.571428571428571,4.392156862745098,SALES_SPIKE,
2025-10-11,7.481121574674874e+18,伟博天然辅酶Q10胶囊100mg 成人心脏活力60粒 效期至26年5月30日-默认-(DYWEB628347570705),17,4.857142857142857,3.5000000000000004,SALES_SPIKE,
2025-11-14,7.481121574674874e+18,伟博天然辅酶Q10胶囊100mg 成人心脏活力60粒 效期至26年5月30日-默认-(DYWEB628347570705),23,6.142857142857143,3.744186046511628,SALES_SPIKE,
2025-11-05,7.503765776017555e+18,WEBBER NATURALS茶氨酸加纳籽褪黑素香蜂草草本5重配方安睡宝10粒-默认-(DYWEB990312500179),35,10.428571428571429,3.356164383561644,SALES_SPIKE,
2025-06-30,7.510043339572445e+18,webber伟博天然3倍深海鱼油欧米伽3成人保健无鱼腥DNA鱼油200粒-默认-(625273072433),10,3.2857142857142856,3.0434782608695654,SALES_SPIKE,
2025-08-03,7.510043339572445e+18,WEBBER NATURALS3倍深海鱼油欧米伽3成人健身无鱼腥DNA鱼油200粒-默认-(625273072433),9,2.2857142857142856,3.9375,SALES_SPIKE,
2025-10-08,7.510043339572445e+18,WEBBER NATURALS3倍深海鱼油欧米伽3成人健身无鱼腥DNA鱼油200粒-默认-(625273072433),12,2.571428571428572,4.666666666666666,SALES_SPIKE,
2025-09-01,7.527938665289761e+18,WEBBER NATURALS伟博天然守护前列番茄红素南瓜籽油锯棕榈60粒/瓶-默认-(625273039344),8,2.4285714285714284,3.294117647058824,SALES_SPIKE,
2025-11-12,7.532330906892419e+18,【进博会专属】伟博天然骨胶原氨糖软骨素姜黄舒缓关节养护 60粒-默认-(625273072426),6,1.0,6.0,SALES_SPIKE,
2025-01-02,,【官方直播】加拿大伟博深海鱼油1390mg高纯度Omega3-两瓶装组合,5,1.4285714285714286,3.5,SALES_SPIKE,
2025-01-03,,【官方直播】加拿大伟博深海鱼油1390mg高纯度Omega3-两瓶装组合,5,1.1428571428571428,4.375,SALES_SPIKE,
2025-01-12,,【官方直播】加拿大伟博深海鱼油1390mg高纯度Omega3-两瓶装组合,13,1.4285714285714286,9.1,SALES_SPIKE,
2025-01-13,,【官方直播】加拿大伟博深海鱼油1390mg高纯度Omega3-两瓶装组合,5,1.0,5.0,SALES_SPIKE,
2025-01-14,,【官方直播】加拿大伟博深海鱼油1390mg高纯度Omega3-两瓶装组合,12,2.142857142857143,5.6000000000000005,SALES_SPIKE,
2025-01-15,,【官方直播】加拿大伟博深海鱼油1390mg高纯度Omega3-两瓶装组合,9,1.0,9.0,SALES_SPIKE,
2025-01-26,,【罗凤魁专属】Webber Naturals伟博天然高纯度1390mg深海精粹鱼油软胶囊60粒 z-伟博天然高纯度1390mg深海精粹鱼油60粒*2,10,1.7142857142857142,5.833333333333334,SALES_SPIKE,
2025-01-28,,【官方直播】WebberNaturals伟博深海鱼油1390mg高纯度Omega3 120粒-1瓶装,10,1.4285714285714286,7.0,SALES_SPIKE,
2025-01-29,,【官方直播】WebberNaturals伟博深海鱼油1390mg高纯度Omega3 120粒-3瓶装,5,1.4285714285714286,3.5,SALES_SPIKE,
2025-01-31,,【官方直播】WebberNaturals伟博深海鱼油1390mg高纯度Omega3 120粒-5瓶装,5,1.5714285714285714,3.181818181818182,SALES_SPIKE,
2025-02-05,,【重启身材专属】webber naturals伟博天然加拿大伟博天然进口肉桂精华维稳60粒/瓶-两瓶装,5,1.4285714285714286,3.5,SALES_SPIKE,
2025-02-11,,【官方直播】WebberNaturals伟博深海鱼油1390mg高纯度Omega3 120粒-1瓶装,5,1.4285714285714286,3.5,SALES_SPIKE,
2025-02-16,,【官方直播】WebberNaturals伟博深海鱼油1390mg高纯度Omega3 120粒-1瓶装,7,1.0,7.0,SALES_SPIKE,
2025-02-17,,【官方直播】WebberNaturals伟博深海鱼油1390mg高纯度Omega3 120粒-5瓶装,5,1.2857142857142858,3.888888888888888,SALES_SPIKE,
2025-02-18,,【官方直播】WebberNaturals伟博深海鱼油1390mg高纯度Omega3 120粒-1瓶装,7,1.8571428571428568,3.769230769230769,SALES_SPIKE,
2025-02-19,,【重启身材专属】webber naturals伟博天然加拿大伟博天然进口肉桂精华维稳60粒/瓶-两瓶装,11,1.4285714285714286,7.7,SALES_SPIKE,
2025-02-20,,【官方直播】加拿大伟博深海鱼油1390mg高纯度Omega3-两瓶装组合,6,1.2857142857142858,4.666666666666666,SALES_SPIKE,
2025-02-20,,【官方直播】WebberNaturals伟博深海鱼油1390mg高纯度Omega3 120粒-1瓶装,8,1.7142857142857142,4.666666666666667,SALES_SPIKE,
2025-02-21,,【官方直播】WebberNaturals伟博深海鱼油1390mg高纯度Omega3 120粒-1瓶装,11,1.4285714285714286,7.7,SALES_SPIKE,
2025-02-22,,【官方直播】WebberNaturals伟博深海鱼油1390mg高纯度Omega3 120粒-1瓶装,9,1.0,9.0,SALES_SPIKE,
2025-02-23,,【官方直播】WebberNaturals伟博深海鱼油1390mg高纯度Omega3 120粒-1瓶装,12,2.0,6.0,SALES_SPIKE,
2025-02-24,,【官方直播】WebberNaturals伟博深海鱼油1390mg高纯度Omega3 120粒-1瓶装,12,3.142857142857143,3.8181818181818175,SALES_SPIKE,
2025-02-25,,【官方直播】WebberNaturals伟博深海鱼油1390mg高纯度Omega3 120粒-1瓶装,15,3.4285714285714284,4.375,SALES_SPIKE,
2025-02-26,,【官方直播】WebberNaturals伟博深海鱼油1390mg高纯度Omega3 120粒-1瓶装,11,1.7142857142857142,6.416666666666667,SALES_SPIKE,
2025-02-27,,【官方直播】WebberNaturals伟博深海鱼油1390mg高纯度Omega3 120粒-1瓶装,8,1.2857142857142858,6.222222222222221,SALES_SPIKE,
2025-02-28,,【官方直播】WebberNaturals伟博深海鱼油1390mg高纯度Omega3 120粒-1瓶装,10,2.7142857142857144,3.684210526315789,SALES_SPIKE,
2025-03-01,,【官方直播】WebberNaturals伟博深海鱼油1390mg高纯度Omega3 120粒-1瓶装,17,1.8571428571428568,9.153846153846152,SALES_SPIKE,
2025-03-02,,【官方直播】加拿大伟博儿童鱼油高脑力DHA无腥可嚼软胶囊120粒/瓶-2瓶装,5,1.4285714285714286,3.5,SALES_SPIKE,
2025-03-02,,【官方直播】WebberNaturals伟博深海鱼油1390mg高纯度Omega3 120粒-1瓶装,14,1.7142857142857142,8.166666666666668,SALES_SPIKE,
2025-03-03,,【官方直播】WebberNaturals伟博深海鱼油1390mg高纯度Omega3 120粒-1瓶装,14,1.8571428571428568,7.538461538461538,SALES_SPIKE,
2025-03-04,,【官方直播】WebberNaturals伟博深海鱼油1390mg高纯度Omega3 120粒-1瓶装,22,1.5714285714285714,14.0,SALES_SPIKE,
2025-03-05,,【官方直播】WebberNaturals伟博深海鱼油1390mg高纯度Omega3 120粒-1瓶装,9,2.0,4.5,SALES_SPIKE,
2025-03-06,,【官方直播】WebberNaturals伟博深海鱼油1390mg高纯度Omega3 120粒-1瓶装,12,2.2857142857142856,5.25,SALES_SPIKE,
2025-03-07,,【官方直播】WebberNaturals伟博深海鱼油1390mg高纯度Omega3 120粒-1瓶装,11,2.4285714285714284,4.529411764705883,SALES_SPIKE,
2025-03-08,,【官方直播】WebberNaturals伟博深海鱼油1390mg高纯度Omega3 120粒-1瓶装,13,1.4285714285714286,9.1,SALES_SPIKE,
2025-03-09,,【官方直播】WebberNaturals伟博深海鱼油1390mg高纯度Omega3 120粒-1瓶装,7,2.2857142857142856,3.0625,SALES_SPIKE,
2025-03-09,,【官方直播】WebberNaturals伟博深海鱼油1390mg高纯度Omega3 120粒-5瓶装,9,2.571428571428572,3.5,SALES_SPIKE,
2025-03-10,,【官方直播】WebberNaturals伟博深海鱼油1390mg高纯度Omega3 120粒-1瓶装,19,3.142857142857143,6.045454545454546,SALES_SPIKE,
2025-03-11,,【官方直播】加拿大伟博深海鱼油1390mg高纯度Omega3-两瓶装组合,9,2.0,4.5,SALES_SPIKE,
2025-03-11,,【官方直播】WebberNaturals伟博深海鱼油1390mg高纯度Omega3 120粒-1瓶装,11,2.2857142857142856,4.8125,SALES_SPIKE,
2025-03-12,,【官方直播】WebberNaturals伟博深海鱼油1390mg高纯度Omega3 120粒-1瓶装,14,4.0,3.5,SALES_SPIKE,
2025-03-13,,Webber Naturals伟博天然进口小分子胶原蛋白多肽粉150g z-胶原蛋白多肽粉150g*3,13,2.2857142857142856,5.6875,SALES_SPIKE,
2025-03-13,,Webber Naturals伟博天然进口小分子胶原蛋白多肽粉150g z-胶原蛋白多肽粉150g*1,49,3.7142857142857135,13.192307692307692,SALES_SPIKE,
2025-03-15,,Webber Naturals伟博天然进口小分子胶原蛋白多肽粉150g z-胶原蛋白多肽粉150g*1,7,1.5714285714285714,4.454545454545455,SALES_SPIKE,
2025-03-15,,【官方直播】WebberNaturals伟博深海鱼油1390mg高纯度Omega3 120粒-1瓶装,15,2.571428571428572,5.833333333333333,SALES_SPIKE,
2025-03-16,,【官方直播】WebberNaturals伟博深海鱼油1390mg高纯度Omega3 120粒-1瓶装,12,3.7142857142857135,3.230769230769231,SALES_SPIKE,
2025-03-17,,Webber Naturals伟博天然进口小分子胶原蛋白多肽粉150g z-胶原蛋白多肽粉150g*3,13,3.2857142857142856,3.956521739130435,SALES_SPIKE,
2025-03-17,,Webber Naturals伟博天然进口小分子胶原蛋白多肽粉150g z-胶原蛋白多肽粉150g*1,38,3.4285714285714284,11.083333333333334,SALES_SPIKE,
2025-03-18,,Webber Naturals伟博天然进口小分子胶原蛋白多肽粉150g z-胶原蛋白多肽粉150g*1,7,1.4285714285714286,4.9,SALES_SPIKE,
2025-03-19,,【官方直播】WebberNaturals伟博深海鱼油1390mg高纯度Omega3 120粒-1瓶装,8,1.7142857142857142,4.666666666666667,SALES_SPIKE,
2025-03-21,,【官方直播】WebberNaturals伟博深海鱼油1390mg高纯度Omega3 120粒-1瓶装,6,2.0,3.0,SALES_SPIKE,
2025-03-22,,【YY专属】Webber Naturals伟博维生素C1000毫克150粒/瓶（效期至25年9月）-1瓶装,9,2.857142857142857,3.15,SALES_SPIKE,
2025-03-22,,【官方直播】WebberNaturals伟博深海鱼油1390mg高纯度Omega3 120粒-1瓶装,10,3.0,3.333333333333333,SALES_SPIKE,
2025-03-23,,【YY专属】Webber Naturals伟博维生素C1000毫克150粒/瓶（效期至25年9月）-1瓶装,15,1.8571428571428568,8.076923076923077,SALES_SPIKE,
2025-03-23,,【YY专属】Webber Naturals伟博维生素C1000毫克150粒/瓶（效期至25年9月）-3瓶装,14,2.4285714285714284,5.764705882352942,SALES_SPIKE,
2025-03-23,,【官方直播】WebberNaturals伟博深海鱼油1390mg高纯度Omega3 120粒-1瓶装,19,4.714285714285714,4.03030303030303,SALES_SPIKE,
2025-03-25,,Webber Naturals伟博维生素C1000毫克150粒/瓶（效期至25年9月）-3瓶装,13,3.0,4.333333333333333,SALES_SPIKE,
2025-03-25,,【YY专属】Webber Naturals伟博维生素C1000毫克150粒/瓶（效期至25年9月）-1瓶装,25,4.142857142857143,6.0344827586206895,SALES_SPIKE,
2025-03-26,,【官方直播】WebberNaturals伟博深海鱼油1390mg高纯度Omega3 120粒-1瓶装,9,1.4285714285714286,6.3,SALES_SPIKE,
2025-03-26,,【YY专属】Webber Naturals伟博维生素C1000毫克150粒/瓶（效期至25年9月）-3瓶装,12,2.571428571428572,4.666666666666666,SALES_SPIKE,
2025-03-26,,Webber Naturals伟博维生素C1000毫克150粒/瓶（效期至25年9月）-3瓶装,24,5.714285714285714,4.2,SALES_SPIKE,
2025-03-26,,Webber Naturals伟博维生素C1000毫克150粒/瓶（效期至25年9月）-1瓶装,48,1.2857142857142858,37.33333333333333,SALES_SPIKE,
2025-03-27,,Webber Naturals伟博维生素C1000毫克150粒/瓶（效期至25年9月）-1瓶装,62,8.142857142857142,7.614035087719299,SALES_SPIKE,
2025-03-27,,Webber Naturals伟博天然进口小分子胶原蛋白多肽粉150g z-胶原蛋白多肽粉150g*1,27,2.2857142857142856,11.8125,SALES_SPIKE,
2025-03-28,,Webber Naturals伟博维生素C1000毫克150粒/瓶（效期至25年9月）-3瓶装,45,5.857142857142857,7.682926829268293,SALES_SPIKE,
2025-03-28,,Webber Naturals伟博维生素C1000毫克150粒/瓶（效期至25年9月）-1瓶装,60,11.714285714285714,5.121951219512195,SALES_SPIKE,
2025-03-29,,【YY专属】Webber Naturals伟博维生素C1000毫克150粒/瓶（效期至25年9月）-3瓶装,7,1.8571428571428568,3.769230769230769,SALES_SPIKE,
2025-03-29,,【YY专属】Webber Naturals伟博维生素C1000毫克150粒/瓶（效期至25年9月）-1瓶装,9,2.7142857142857144,3.31578947368421,SALES_SPIKE,
2025-03-29,,Webber Naturals伟博维生素C1000毫克150粒/瓶（效期至25年9月）-3瓶装,40,3.857142857142857,10.37037037037037,SALES_SPIKE,
2025-03-29,,Webber Naturals伟博维生素C1000毫克150粒/瓶（效期至25年9月）-1瓶装,46,9.142857142857142,5.03125,SALES_SPIKE,
2025-03-30,,Webber Naturals伟博维生素C1000毫克150粒/瓶（效期至25年9月）-3瓶装,43,8.714285714285714,4.9344262295081975,SALES_SPIKE,
2025-03-30,,Webber Naturals伟博维生素C1000毫克150粒/瓶（效期至25年9月）-1瓶装,65,8.285714285714286,7.844827586206896,SALES_SPIKE,
2025-03-30,,【官方直播】WebberNaturals伟博深海鱼油1390mg高纯度Omega3 120粒-3瓶装,7,1.7142857142857142,4.083333333333334,SALES_SPIKE,
2025-03-30,,【官方直播】WebberNaturals伟博深海鱼油1390mg高纯度Omega3 120粒-1瓶装,13,2.2857142857142856,5.6875,SALES_SPIKE,
2025-03-31,,【官方直播】WebberNaturals伟博深海鱼油1390mg高纯度Omega3 120粒-1瓶装,11,3.4285714285714284,3.208333333333333,SALES_SPIKE,
2025-03-31,,Webber Naturals伟博维生素C1000毫克150粒/瓶（效期至25年9月）-3瓶装,27,2.4285714285714284,11.11764705882353,SALES_SPIKE,
2025-03-31,,Webber Naturals伟博维生素C1000毫克150粒/瓶（效期至25年9月）-1瓶装,45,5.857142857142857,7.682926829268293,SALES_SPIKE,
2025-04-01,,【官方直播】WebberNaturals伟博深海鱼油1390mg高纯度Omega3 120粒-1瓶装,8,1.8571428571428568,4.307692307692308,SALES_SPIKE,
2025-04-01,,Webber Naturals伟博维生素C1000毫克150粒/瓶（效期至25年9月）-1瓶装,40,2.0,20.0,SALES_SPIKE,
2025-04-02,,Webber Naturals伟博维生素C1000毫克150粒/瓶（效期至25年9月）-3瓶装,33,9.0,3.6666666666666665,SALES_SPIKE,
2025-04-02,,Webber Naturals伟博维生素C1000毫克150粒/瓶（效期至25年9月）-1瓶装,27,5.714285714285714,4.725,SALES_SPIKE,
2025-04-03,,Webber Naturals伟博维生素C1000毫克150粒/瓶（效期至25年9月）-1瓶装,21,1.1428571428571428,18.375,SALES_SPIKE,
2025-04-03,,Webber Naturals伟博维生素C1000毫克150粒/瓶（效期至25年9月）-3瓶装,18,3.857142857142857,4.666666666666667,SALES_SPIKE,
2025-04-03,,【官方直播】加拿大伟博儿童鱼油高脑力DHA无腥可嚼软胶囊120粒/瓶-2瓶装,5,1.2857142857142858,3.888888888888888,SALES_SPIKE,
2025-04-03,,【官方直播】WebberNaturals伟博深海鱼油1390mg高纯度Omega3 120粒-1瓶装,9,1.8571428571428568,4.846153846153846,SALES_SPIKE,
2025-04-04,,【官方直播】WebberNaturals伟博深海鱼油1390mg高纯度Omega3 120粒-1瓶装,7,2.142857142857143,3.2666666666666666,SALES_SPIKE,
2025-04-04,,【官方直播】WebberNaturals伟博深海鱼油1390mg高纯度Omega3 120粒-3瓶装,10,2.7142857142857144,3.684210526315789,SALES_SPIKE,
2025-04-04,,Webber Naturals伟博维生素C1000毫克150粒/瓶（效期至25年9月）-1瓶装,13,3.2857142857142856,3.956521739130435,SALES_SPIKE,
2025-04-05,,【官方直播】WebberNaturals伟博深海鱼油1390mg高纯度Omega3 120粒-1瓶装,7,1.7142857142857142,4.083333333333334,SALES_SPIKE,
2025-04-05,,Webber Naturals伟博维生素C1000毫克150粒/瓶（效期至25年9月）-1瓶装,12,3.571428571428572,3.36,SALES_SPIKE,
2025-04-05,,【YY专属】Webber Naturals伟博维生素C1000毫克150粒/瓶（效期至25年9月）-1瓶装,85,5.857142857142857,14.51219512195122,SALES_SPIKE,
2025-04-05,,【YY专属】Webber Naturals伟博维生素C1000毫克150粒/瓶（效期至25年9月）-3瓶装,68,17.0,4.0,SALES_SPIKE,
2025-04-06,,Webber Naturals伟博维生素C1000毫克150粒/瓶（效期至25年9月）-1瓶装,25,2.571428571428572,9.72222222222222,SALES_SPIKE,
2025-04-06,,【YY专属】Webber Naturals伟博维生素C1000毫克150粒/瓶（效期至25年9月）-1瓶装,46,7.285714285714286,6.313725490196078,SALES_SPIKE,
2025-04-07,,【官方直播】WebberNaturals伟博深海鱼油1390mg高纯度Omega3 120粒-3瓶装,11,2.7142857142857144,4.052631578947368,SALES_SPIKE,
2025-04-07,,Webber Naturals伟博维生素C1000毫克150粒/瓶（效期至25年9月）-1瓶装,59,4.142857142857143,14.241379310344826,SALES_SPIKE,
2025-04-07,,Webber Naturals伟博维生素C1000毫克150粒/瓶（效期至25年9月）-3瓶装,40,12.428571428571429,3.218390804597701,SALES_SPIKE,
2025-04-08,,【官方直播】加拿大伟博儿童鱼油高脑力DHA无腥可嚼软胶囊120粒/瓶-2瓶装,7,1.2857142857142858,5.444444444444444,SALES_SPIKE,
2025-04-08,,Webber Naturals伟博维生素C1000毫克150粒/瓶（效期至25年9月）-1瓶装,178,3.142857142857143,56.63636363636364,SALES_SPIKE,
2025-04-09,,Webber Naturals伟博维生素C1000毫克150粒/瓶（效期至25年9月）-1瓶装,225,1.8571428571428568,121.15384615384616,SALES_SPIKE,
2025-04-09,,Webber Naturals伟博维生素C1000毫克150粒/瓶（效期至25年9月）-3瓶装,152,33.285714285714285,4.566523605150215,SALES_SPIKE,
2025-04-10,,Webber Naturals伟博天然进口小分子胶原蛋白多肽粉150g z-胶原蛋白多肽粉150g*1,10,3.0,3.333333333333333,SALES_SPIKE,
2025-04-10,,Webber Naturals伟博维生素C1000毫克150粒/瓶（效期至25年9月）-1瓶装,172,4.285714285714286,40.13333333333333,SALES_SPIKE,
2025-04-10,,Webber Naturals伟博维生素C1000毫克150粒/瓶（效期至25年9月）-3瓶装,111,28.714285714285715,3.8656716417910446,SALES_SPIKE,
2025-04-11,,【官方直播】WebberNaturals伟博深海鱼油1390mg高纯度Omega3 120粒-1瓶装,12,4.0,3.0,SALES_SPIKE,
2025-04-11,,Webber Naturals伟博维生素C1000毫克150粒/瓶（效期至25年9月）-1瓶装,137,1.4285714285714286,95.9,SALES_SPIKE,
2025-04-12,,Webber Naturals伟博维生素C1000毫克150粒/瓶（效期至25年9月）-1瓶装,158,4.714285714285714,33.51515151515152,SALES_SPIKE,
2025-04-12,,Webber Naturals伟博维生素C1000毫克150粒/瓶（效期至25年9月）-3瓶装,108,27.0,4.0,SALES_SPIKE,
2025-04-15,,【官方直播】WebberNaturals伟博深海鱼油1390mg高纯度Omega3 120粒-1瓶装,6,1.7142857142857142,3.5,SALES_SPIKE,
2025-04-15,,【官方直播】WebberNaturals伟博深海鱼油1390mg高纯度Omega3 120粒-3瓶装,9,2.2857142857142856,3.9375,SALES_SPIKE,
2025-04-16,,【官方直播】加拿大伟博儿童鱼油高脑力DHA无腥可嚼软胶囊120粒/瓶-2瓶装,5,1.1428571428571428,4.375,SALES_SPIKE,
2025-04-16,,【官方直播】WebberNaturals伟博深海鱼油1390mg高纯度Omega3 120粒-1瓶装,10,1.7142857142857142,5.833333333333334,SALES_SPIKE,
2025-04-16,,【官方直播】WebberNaturals伟博深海鱼油1390mg高纯度Omega3 120粒-3瓶装,13,3.142857142857143,4.136363636363637,SALES_SPIKE,
2025-04-17,,【官方直播】加拿大伟博Webber鱼油500mgOmega3+D3青少年 100粒/瓶-2瓶装,5,1.4285714285714286,3.5,SALES_SPIKE,
2025-04-17,,【官方直播】WebberNaturals伟博深海鱼油1390mg高纯度Omega3 120粒-1瓶装,9,2.4285714285714284,3.7058823529411766,SALES_SPIKE,
2025-04-17,,【官方直播】WebberNaturals伟博深海鱼油1390mg高纯度Omega3 120粒-3瓶装,12,3.857142857142857,3.111111111111111,SALES_SPIKE,
2025-04-18,,【官方直播】WebberNaturals伟博深海鱼油1390mg高纯度Omega3 120粒-1瓶装,8,2.2857142857142856,3.5,SALES_SPIKE,
2025-04-18,,【官方直播】WebberNaturals伟博深海鱼油1390mg高纯度Omega3 120粒-3瓶装,11,3.2857142857142856,3.347826086956522,SALES_SPIKE,
2025-04-19,,【官方直播】WebberNaturals伟博深海鱼油1390mg高纯度Omega3 120粒-1瓶装,8,1.5714285714285714,5.090909090909091,SALES_SPIKE,
2025-04-19,,【官方直播】WebberNaturals伟博深海鱼油1390mg高纯度Omega3 120粒-3瓶装,11,3.142857142857143,3.5,SALES_SPIKE,
2025-04-20,,【官方直播】加拿大伟博儿童鱼油高脑力DHA无腥可嚼软胶囊120粒/瓶-2瓶装,5,1.2857142857142858,3.888888888888888,SALES_SPIKE,
2025-04-20,,【官方直播】WebberNaturals伟博深海鱼油1390mg高纯度Omega3 120粒-1瓶装,9,1.8571428571428568,4.846153846153846,SALES_SPIKE,
2025-04-21,,【官方直播】WebberNaturals伟博深海鱼油1390mg高纯度Omega3 120粒-3瓶装,11,1.2857142857142858,8.555555555555555,SALES_SPIKE,
2025-04-22,,【官方直播】WebberNaturals伟博深海鱼油1390mg高纯度Omega3 120粒-1瓶装,9,2.7142857142857144,3.31578947368421,SALES_SPIKE,
2025-04-23,,【官方直播】WebberNaturals伟博深海鱼油1390mg高纯度Omega3 120粒-3瓶装,8,1.4285714285714286,5.6,SALES_SPIKE,
2025-04-24,,【官方直播】加拿大伟博儿童鱼油高脑力DHA无腥可嚼软胶囊120粒/瓶-2瓶装,6,1.2857142857142858,4.666666666666666,SALES_SPIKE,
2025-04-25,,【官方直播】WebberNaturals伟博深海鱼油1390mg高纯度Omega3 120粒-1瓶装,10,3.0,3.333333333333333,SALES_SPIKE,
2025-04-25,,【官方直播】WebberNaturals伟博深海鱼油1390mg高纯度Omega3 120粒-3瓶装,18,3.4285714285714284,5.25,SALES_SPIKE,
2025-04-26,,【官方直播】WebberNaturals伟博深海鱼油1390mg高纯度Omega3 120粒-3瓶装,13,3.7142857142857135,3.5,SALES_SPIKE,
2025-04-27,,【官方直播】WebberNaturals伟博深海鱼油1390mg高纯度Omega3 120粒-3瓶装,7,1.7142857142857142,4.083333333333334,SALES_SPIKE,
2025-04-29,,【官方直播】加拿大伟博Webber鱼油500mgOmega3+D3青少年 100粒/瓶-3瓶装,5,1.4285714285714286,3.5,SALES_SPIKE,
2025-04-29,,【官方直播】加拿大伟博儿童鱼油高脑力DHA无腥可嚼软胶囊120粒/瓶-2瓶装,8,2.571428571428572,3.1111111111111107,SALES_SPIKE,
2025-04-29,,【官方直播】WebberNaturals伟博深海鱼油1390mg高纯度Omega3 120粒-3瓶装,14,3.571428571428572,3.92,SALES_SPIKE,
2025-04-30,,【官方直播】WebberNaturals伟博深海鱼油1390mg高纯度Omega3 120粒-1瓶装,10,3.2857142857142856,3.0434782608695654,SALES_SPIKE,
2025-05-01,,Webber Naturals伟博天然进口小分子胶原蛋白多肽粉150g z-胶原蛋白多肽粉150g*1,6,1.2857142857142858,4.666666666666666,SALES_SPIKE,
2025-05-02,,【官方直播】WebberNaturals伟博深海鱼油1390mg高纯度Omega3 120粒-1瓶装,8,2.571428571428572,3.1111111111111107,SALES_SPIKE,
2025-05-03,,【官方直播】WebberNaturals伟博深海鱼油1100mg高纯度Omega3 120粒-一瓶装【4个月的量】,5,1.2857142857142858,3.888888888888888,SALES_SPIKE,
2025-05-03,,【官方直播】WebberNaturals伟博深海鱼油1390mg高纯度Omega3 120粒-3瓶装,6,1.8571428571428568,3.230769230769231,SALES_SPIKE,
2025-05-05,,伟博进口99%纯度1100mg成人omega3深海鱼油中老年心血管养护120粒-1瓶装（4个月的量）,5,1.4285714285714286,3.5,SALES_SPIKE,
2025-05-05,,【官方直播】WebberNaturals伟博深海鱼油1100mg高纯度Omega3 120粒-一瓶装【4个月的量】,6,2.0,3.0,SALES_SPIKE,
2025-05-06,,【官方直播】WebberNaturals伟博深海鱼油1100mg高纯度Omega3 120粒-一瓶装【4个月的量】,7,1.5714285714285714,4.454545454545455,SALES_SPIKE,
2025-05-06,,伟博进口99%纯度1100mg成人omega3深海鱼油中老年心血管养护120粒-1瓶装（4个月的量）,7,1.7142857142857142,4.083333333333334,SALES_SPIKE,
2025-05-07,,【官方直播】WebberNaturals伟博深海鱼油1390mg高纯度Omega3 120粒-1瓶装,9,2.7142857142857144,3.31578947368421,SALES_SPIKE,
2025-05-09,,【官方直播】WebberNaturals伟博深海鱼油1100mg高纯度Omega3 120粒-一瓶装【4个月的量】,9,1.4285714285714286,6.3,SALES_SPIKE,
2025-05-10,,【官方直播】WebberNaturals伟博深海鱼油1100mg高纯度Omega3 120粒-一瓶装【4个月的量】,7,2.142857142857143,3.2666666666666666,SALES_SPIKE,
2025-05-11,,【官方直播】WebberNaturals伟博深海鱼油1100mg高纯度Omega3 120粒-一瓶装【4个月的量】,8,2.0,4.0,SALES_SPIKE,
2025-05-11,,【子子小琪专属】Webber Naturals伟博天然高纯度1100mg深海精粹鱼油软胶囊60粒 D-1瓶装（赠500mgVC一瓶）,8,2.2857142857142856,3.5,SALES_SPIKE,
2025-05-12,,【官方直播】WebberNaturals伟博深海鱼油1100mg高纯度Omega3 120粒-一瓶装【4个月的量】,11,3.2857142857142856,3.347826086956522,SALES_SPIKE,
2025-05-13,,【官方直播】WebberNaturals伟博深海鱼油1100mg高纯度Omega3 120粒-一瓶装【4个月的量】,10,2.2857142857142856,4.375,SALES_SPIKE,
2025-05-14,,伟博进口99%纯度1100mg成人omega3深海鱼油中老年心血管养护120粒-1瓶装（4个月的量）,11,1.1428571428571428,9.625,SALES_SPIKE,
2025-05-15,,【官方直播】WebberNaturals伟博深海鱼油1100mg高纯度Omega3 120粒-一瓶装【4个月的量】,19,3.0,6.333333333333333,SALES_SPIKE,
2025-05-16,,伟博进口99%纯度1100mg成人omega3深海鱼油中老年心血管养护120粒-1瓶装（4个月的量）,9,2.142857142857143,4.2,SALES_SPIKE,
2025-05-16,,Webber naturals伟博500mg维生素C胶囊60粒-3瓶装,10,2.0,5.0,SALES_SPIKE,
2025-05-16,,【官方直播】WebberNaturals伟博深海鱼油1100mg高纯度Omega3 120粒-一瓶装【4个月的量】,11,2.7142857142857144,4.052631578947368,SALES_SPIKE,
2025-05-17,,Webber naturals伟博深海鱼油1100mg高纯度Omega3 120粒 z-3瓶装,22,4.142857142857143,5.310344827586206,SALES_SPIKE,
2025-05-17,,Webber naturals伟博500mg维生素C胶囊60粒-3瓶装,5,1.5714285714285714,3.181818181818182,SALES_SPIKE,
2025-05-17,,【官方直播】WebberNaturals伟博深海鱼油1100mg高纯度Omega3 120粒-一瓶装【4个月的量】,9,2.0,4.5,SALES_SPIKE,
2025-05-18,,伟博进口99%纯度1100mg成人omega3深海鱼油中老年心血管养护120粒-1瓶装（4个月的量）,13,2.7142857142857144,4.789473684210526,SALES_SPIKE,
2025-05-18,,Webber naturals伟博深海鱼油1100mg高纯度Omega3 120粒 z-3瓶装,8,1.8571428571428568,4.307692307692308,SALES_SPIKE,
2025-05-19,,伟博进口99%纯度1100mg成人omega3深海鱼油中老年心血管养护120粒-1瓶装（4个月的量）,17,3.142857142857143,5.409090909090909,SALES_SPIKE,
2025-05-20,,伟博进口99%纯度1100mg成人omega3深海鱼油中老年心血管养护120粒-1瓶装（4个月的量）,13,2.7142857142857144,4.789473684210526,SALES_SPIKE,
2025-05-20,,【官方直播】WebberNaturals伟博深海鱼油1100mg高纯度Omega3 120粒-一瓶装【4个月的量】,16,4.571428571428571,3.5,SALES_SPIKE,
2025-05-21,,Webber Naturals伟博天然高纯度1100mg深海精粹鱼油软胶囊60粒 D-1瓶装（赠500mgVC一瓶）,7,1.4285714285714286,4.9,SALES_SPIKE,
2025-05-21,,伟博进口99%纯度1100mg成人omega3深海鱼油中老年心血管养护120粒-1瓶装（4个月的量）,15,2.4285714285714284,6.176470588235294,SALES_SPIKE,
2025-05-21,,【官方直播】WebberNaturals伟博深海鱼油1100mg高纯度Omega3 120粒-一瓶装【4个月的量】,13,3.571428571428572,3.64,SALES_SPIKE,
2025-05-21,,Webber Naturals伟博天然进口小分子胶原蛋白多肽粉150g z-胶原蛋白多肽粉150g*1,10,1.8571428571428568,5.384615384615384,SALES_SPIKE,
2025-05-22,,【官方直播】WebberNaturals伟博深海鱼油1100mg高纯度Omega3 120粒-一瓶装【4个月的量】,13,1.8571428571428568,7.0,SALES_SPIKE,
2025-05-22,,伟博进口99%纯度1100mg成人omega3深海鱼油中老年心血管养护120粒-1瓶装（4个月的量）,17,3.571428571428572,4.76,SALES_SPIKE,
2025-05-24,,Webber naturals伟博500mg维生素C胶囊60粒-3瓶装,8,1.5714285714285714,5.090909090909091,SALES_SPIKE,
2025-05-24,,【子子小琪专属】Webber Naturals伟博天然高纯度1100mg深海精粹鱼油软胶囊60粒 D-1瓶装（赠500mgVC一瓶）,40,2.571428571428572,15.555555555555554,SALES_SPIKE,
2025-05-24,,【官方直播】WebberNaturals伟博深海鱼油1100mg高纯度Omega3 120粒-一瓶装【4个月的量】,15,3.2857142857142856,4.565217391304348,SALES_SPIKE,
2025-05-25,,【官方直播】WebberNaturals伟博深海鱼油1100mg高纯度Omega3 120粒-一瓶装【4个月的量】,28,3.571428571428572,7.84,SALES_SPIKE,
2025-05-26,,【官方直播】WebberNaturals伟博深海鱼油1100mg高纯度Omega3 120粒-一瓶装【4个月的量】,15,2.7142857142857144,5.526315789473684,SALES_SPIKE,
2025-05-26,,伟博进口99%纯度1100mg成人omega3深海鱼油中老年心血管养护120粒-1瓶装（4个月的量）,14,2.0,7.0,SALES_SPIKE,
2025-05-27,,伟博进口99%纯度1100mg成人omega3深海鱼油中老年心血管养护120粒-1瓶装（4个月的量）,15,2.571428571428572,5.833333333333333,SALES_SPIKE,
2025-05-27,,【子子小琪专属】Webber Naturals伟博天然高纯度1100mg深海精粹鱼油软胶囊60粒 D-1瓶装（赠500mgVC一瓶）,13,3.0,4.333333333333333,SALES_SPIKE,
2025-05-28,,Webber Naturals伟博天然高纯度1100mg深海精粹鱼油软胶囊60粒 D-1瓶装（赠500mgVC一瓶）,9,2.7142857142857144,3.31578947368421,SALES_SPIKE,
2025-05-28,,【官方直播】WebberNaturals伟博深海鱼油1100mg高纯度Omega3 120粒-一瓶装【4个月的量】,10,2.0,5.0,SALES_SPIKE,
2025-05-28,,伟博进口99%纯度1100mg成人omega3深海鱼油中老年心血管养护120粒-1瓶装（4个月的量）,12,3.7142857142857135,3.230769230769231,SALES_SPIKE,
2025-05-29,,伟博进口99%纯度1100mg成人omega3深海鱼油中老年心血管养护120粒-1瓶装（4个月的量）,25,1.1428571428571428,21.875,SALES_SPIKE,
2025-05-30,,Webber Naturals伟博天然高纯度1100mg深海精粹鱼油软胶囊60粒 D-1瓶装（赠500mgVC一瓶）,15,1.7142857142857142,8.75,SALES_SPIKE,
2025-06-01,,伟博进口99%纯度1100mg成人omega3深海鱼油中老年心血管养护120粒-1瓶装（4个月的量）,24,2.571428571428572,9.333333333333332,SALES_SPIKE,
2025-06-01,,Webber Naturals伟博天然高纯度1100mg深海精粹鱼油软胶囊60粒 D-1瓶装（赠500mgVC一瓶）,10,2.7142857142857144,3.684210526315789,SALES_SPIKE,
2025-06-02,,Webber Naturals伟博天然高纯度1100mg深海精粹鱼油软胶囊60粒 D-1瓶装（赠500mgVC一瓶）,16,2.2857142857142856,7.0,SALES_SPIKE,
2025-06-03,,伟博进口99%纯度1100mg成人omega3深海鱼油中老年心血管养护120粒-1瓶装（4个月的量）,18,3.857142857142857,4.666666666666667,SALES_SPIKE,
2025-06-03,,Webber Naturals伟博天然高纯度1100mg深海精粹鱼油软胶囊60粒 D-1瓶装（赠500mgVC一瓶）,10,3.0,3.333333333333333,SALES_SPIKE,
2025-06-04,,Webber Naturals伟博天然进口小分子胶原蛋白多肽粉150g z-胶原蛋白多肽粉150g*1,16,1.5714285714285714,10.181818181818182,SALES_SPIKE,
2025-06-04,,伟博进口99%纯度1100mg成人omega3深海鱼油中老年心血管养护120粒-1瓶装（4个月的量）,15,3.571428571428572,4.2,SALES_SPIKE,
2025-06-04,,Webber Naturals伟博天然高纯度1100mg深海精粹鱼油软胶囊60粒 D-1瓶装（赠500mgVC一瓶）,13,3.2857142857142856,3.956521739130435,SALES_SPIKE,
2025-06-05,,伟博进口99%纯度1100mg成人omega3深海鱼油中老年心血管养护120粒-1瓶装（4个月的量）,19,1.4285714285714286,13.3,SALES_SPIKE,
2025-06-07,,【3瓶装】加拿大伟博天然小分子胶原蛋白多肽粉150g/瓶-3瓶装,12,2.0,6.0,SALES_SPIKE,
2025-06-07,,伟博进口99%纯度1100mg成人omega3深海鱼油中老年心血管养护120粒-1瓶装（4个月的量）,13,2.142857142857143,6.066666666666666,SALES_SPIKE,
2025-06-07,,Webber Naturals伟博天然进口小分子胶原蛋白多肽粉150g z-胶原蛋白多肽粉150g*1,9,1.8571428571428568,4.846153846153846,SALES_SPIKE,
2025-06-08,,伟博进口99%纯度1100mg成人omega3深海鱼油中老年心血管养护120粒-1瓶装（4个月的量）,14,3.142857142857143,4.454545454545455,SALES_SPIKE,
2025-06-08,,Webber Naturals伟博天然高纯度1100mg深海精粹鱼油软胶囊60粒 D-1瓶装（赠500mgVC一瓶）,20,3.857142857142857,5.185185185185185,SALES_SPIKE,
2025-06-09,,伟博进口99%纯度1100mg成人omega3深海鱼油中老年心血管养护120粒-1瓶装（4个月的量）,11,2.0,5.5,SALES_SPIKE,
2025-06-09,,【官方直播】WebberNaturals伟博深海鱼油1100mg高纯度Omega3 120粒-一瓶装【4个月的量】,7,1.7142857142857142,4.083333333333334,SALES_SPIKE,
2025-06-11,,Webber Naturals伟博天然高纯度1100mg深海精粹鱼油软胶囊60粒 D-1瓶装（赠500mgVC一瓶）,10,2.4285714285714284,4.11764705882353,SALES_SPIKE,
2025-06-11,,伟博加拿大进口99%纯度1100mg成人omega3深海鱼油心血管养护120粒-1瓶装（4个月的量）,20,5.285714285714286,3.783783783783784,SALES_SPIKE,
2025-06-13,,【官方直播】WebberNaturals伟博深海鱼油1100mg高纯度Omega3 120粒-三瓶装【一年的量送一瓶叶黄素】,10,1.5714285714285714,6.363636363636364,SALES_SPIKE,
2025-06-13,,伟博加拿大进口99%纯度1100mg成人omega3深海鱼油心血管养护120粒-1瓶装（4个月的量）,12,2.7142857142857144,4.421052631578947,SALES_SPIKE,
2025-06-14,,Webber Naturals伟博天然高纯度1100mg深海精粹鱼油软胶囊60粒 D-1瓶装（赠500mgVC一瓶）,16,3.2857142857142856,4.869565217391305,SALES_SPIKE,
2025-06-14,,伟博加拿大进口99%纯度1100mg成人omega3深海鱼油心血管养护120粒-1瓶装（4个月的量）,12,3.2857142857142856,3.6521739130434794,SALES_SPIKE,
2025-06-16,,【官方直播】WebberNaturals伟博深海鱼油1100mg高纯度Omega3 120粒-三瓶装【一年的量送一瓶叶黄素】,6,1.4285714285714286,4.2,SALES_SPIKE,
2025-06-16,,Webber Naturals伟博天然高纯度1100mg深海精粹鱼油软胶囊60粒 D-1瓶装（赠500mgVC一瓶）,9,2.2857142857142856,3.9375,SALES_SPIKE,
2025-06-16,,伟博加拿大进口99%纯度1100mg成人omega3深海鱼油心血管养护120粒-1瓶装（4个月的量）,13,3.7142857142857135,3.5,SALES_SPIKE,
2025-06-17,,伟博加拿大进口99%纯度1100mg成人omega3深海鱼油心血管养护120粒-1瓶装（4个月的量）,16,1.8571428571428568,8.615384615384615,SALES_SPIKE,
2025-06-18,,【官方直播】WebberNaturals伟博深海鱼油1100mg高纯度Omega3 120粒-三瓶装【一年的量送一瓶叶黄素】,10,2.857142857142857,3.5,SALES_SPIKE,
2025-06-18,,伟博加拿大进口99%纯度1100mg成人omega3深海鱼油心血管养护120粒-1瓶装（4个月的量）,11,3.2857142857142856,3.347826086956522,SALES_SPIKE,
2025-06-19,,伟博加拿大进口99%纯度1100mg成人omega3深海鱼油心血管养护120粒-1瓶装（4个月的量）,15,2.7142857142857144,5.526315789473684,SALES_SPIKE,
2025-06-21,,【官方直播】WebberNaturals伟博深海鱼油1100mg高纯度Omega3 120粒-一瓶装【4个月的量】,10,2.2857142857142856,4.375,SALES_SPIKE,
2025-06-21,,伟博加拿大进口99%纯度1100mg成人omega3深海鱼油心血管养护120粒-1瓶装（4个月的量）,10,1.2857142857142858,7.777777777777777,SALES_SPIKE,
2025-06-22,,【官方直播】WebberNaturals伟博深海鱼油1100mg高纯度Omega3 120粒-三瓶装【一年的量送一瓶叶黄素】,12,1.2857142857142858,9.333333333333332,SALES_SPIKE,
2025-06-22,,伟博加拿大进口99%纯度1100mg成人omega3深海鱼油心血管养护120粒-1瓶装（4个月的量）,11,2.2857142857142856,4.8125,SALES_SPIKE,
2025-06-23,,伟博加拿大进口99%纯度1100mg成人omega3深海鱼油心血管养护120粒-1瓶装（4个月的量）,9,2.857142857142857,3.15,SALES_SPIKE,
2025-06-23,,WebberNaturals伟博500mg维生素C胶囊60粒-3瓶装,20,4.428571428571429,4.516129032258064,SALES_SPIKE,
2025-06-24,,【官方直播】WebberNaturals伟博深海鱼油1100mg高纯度Omega3 120粒-一瓶装【4个月的量】,13,3.142857142857143,4.136363636363637,SALES_SPIKE,
2025-06-24,,伟博加拿大进口99%纯度1100mg成人omega3深海鱼油心血管养护120粒-1瓶装（4个月的量）,8,2.571428571428572,3.1111111111111107,SALES_SPIKE,
2025-06-26,,【官方直播】WebberNaturals伟博深海鱼油1100mg高纯度Omega3 120粒-一瓶装【4个月的量】,8,2.142857142857143,3.733333333333333,SALES_SPIKE,
2025-06-26,,Webber Naturals伟博天然进口小分子胶原蛋白多肽粉150g z-胶原蛋白多肽粉150g*1,11,3.2857142857142856,3.347826086956522,SALES_SPIKE,
2025-06-26,,WebberNaturals伟博500mg维生素C胶囊60粒-3瓶装,14,3.7142857142857135,3.769230769230769,SALES_SPIKE,
2025-06-28,,【官方直播】WebberNaturals伟博深海鱼油1100mg高纯度Omega3 120粒-一瓶装【4个月的量】,13,2.142857142857143,6.066666666666666,SALES_SPIKE,
2025-06-30,,【官方直播】WebberNaturals伟博深海鱼油1100mg高纯度Omega3 120粒-三瓶装【一年的量送一瓶叶黄素】,10,1.5714285714285714,6.363636363636364,SALES_SPIKE,
2025-06-30,,【官方直播】WebberNaturals伟博深海鱼油1100mg高纯度Omega3 120粒-一瓶装【4个月的量】,10,2.857142857142857,3.5,SALES_SPIKE,
2025-07-01,,【官方直播】WebberNaturals伟博深海鱼油1100mg高纯度Omega3 120粒-一瓶装【4个月的量】,12,1.8571428571428568,6.461538461538462,SALES_SPIKE,
2025-07-01,,【官方直播】WebberNaturals伟博深海鱼油1100mg高纯度Omega3 120粒-三瓶装【一年的量送一瓶叶黄素】,10,3.0,3.333333333333333,SALES_SPIKE,
2025-07-02,,【官方直播】WebberNaturals伟博深海鱼油1100mg高纯度Omega3 120粒-一瓶装【4个月的量】,5,1.5714285714285714,3.181818181818182,SALES_SPIKE,
2025-07-02,,【官方直播】WebberNaturals伟博深海鱼油1100mg高纯度Omega3 120粒-三瓶装【一年的量送一瓶叶黄素】,8,2.142857142857143,3.733333333333333,SALES_SPIKE,
2025-07-03,,【官方直播】WebberNaturals伟博深海鱼油1100mg高纯度Omega3 120粒-三瓶装【一年的量送一瓶叶黄素】,16,3.857142857142857,4.148148148148148,SALES_SPIKE,
2025-07-04,,【官方直播】WebberNaturals伟博深海鱼油1100mg高纯度Omega3 120粒-一瓶装【4个月的量】,26,2.7142857142857144,9.578947368421051,SALES_SPIKE,
2025-07-05,,伟博加拿大进口99%纯度1100mg成人omega3深海鱼油心血管养护120粒-2瓶装（8个月的量）,6,1.1428571428571428,5.25,SALES_SPIKE,
2025-07-06,,【官方直播】WebberNaturals伟博深海鱼油1100mg高纯度Omega3 120粒-一瓶装【4个月的量】,11,1.8571428571428568,5.9230769230769225,SALES_SPIKE,
2025-07-07,,【官方直播】WebberNaturals伟博深海鱼油1100mg高纯度Omega3 120粒-一瓶装【4个月的量】,9,3.0,3.0,SALES_SPIKE,
2025-07-08,,【官方直播】WebberNaturals伟博深海鱼油1100mg高纯度Omega3 120粒-一瓶装【4个月的量】,10,2.0,5.0,SALES_SPIKE,
2025-07-11,,【官方直播】WebberNaturals伟博深海鱼油1100mg高纯度Omega3 120粒-一瓶装【4个月的量】,8,1.5714285714285714,5.090909090909091,SALES_SPIKE,
2025-07-12,,【官方直播】WebberNaturals伟博深海鱼油1100mg高纯度Omega3 120粒-一瓶装【4个月的量】,6,1.7142857142857142,3.5,SALES_SPIKE,
2025-07-13,,【官方直播】WebberNaturals伟博深海鱼油1100mg高纯度Omega3 120粒-一瓶装【4个月的量】,7,2.0,3.5,SALES_SPIKE,
2025-07-16,,【官方直播】WebberNaturals伟博深海鱼油1100mg高纯度Omega3 120粒-一瓶装【4个月的量】,9,1.8571428571428568,4.846153846153846,SALES_SPIKE,
2025-07-27,,【官方直播】WebberNaturals伟博深海鱼油1100mg高纯度Omega3 120粒-一瓶装【4个月的量】,5,1.1428571428571428,4.375,SALES_SPIKE,
2025-07-29,,【官方直播】WebberNaturals伟博深海鱼油1100mg高纯度Omega3 120粒-一瓶装【4个月的量】,5,1.1428571428571428,4.375,SALES_SPIKE,
2025-08-01,,【官方直播】WebberNaturals伟博深海鱼油1100mg高纯度Omega3 120粒-一瓶装【4个月的量】,7,1.2857142857142858,5.444444444444444,SALES_SPIKE,
2025-08-02,,伟博加拿大进口99%纯度1100mg成人omega3深海鱼油心血管养护120粒-1瓶装（4个月的量）,5,1.0,5.0,SALES_SPIKE,
2025-08-02,,【官方直播】WebberNaturals伟博深海鱼油1100mg高纯度Omega3 120粒-一瓶装【4个月的量】,6,1.7142857142857142,3.5,SALES_SPIKE,
2025-08-03,,【官方直播】WebberNaturals伟博深海鱼油1100mg高纯度Omega3 120粒-一瓶装【4个月的量】,6,1.5714285714285714,3.8181818181818175,SALES_SPIKE,
2025-08-04,,Webber Naturals伟博天然进口小分子胶原蛋白多肽粉150g z-胶原蛋白多肽粉150g*1,8,1.4285714285714286,5.6,SALES_SPIKE,
2025-08-05,,【官方直播】WebberNaturals伟博深海鱼油1100mg高纯度Omega3 120粒-一瓶装【4个月的量】,6,2.0,3.0,SALES_SPIKE,
2025-08-06,,【官方直播】WebberNaturals伟博深海鱼油1100mg高纯度Omega3 120粒-一瓶装【4个月的量】,6,1.8571428571428568,3.230769230769231,SALES_SPIKE,
2025-08-08,,【官方直播】WebberNaturals伟博深海鱼油1100mg高纯度Omega3 120粒-一瓶装【4个月的量】,6,1.7142857142857142,3.5,SALES_SPIKE,
2025-08-08,,伟博加拿大进口99%纯度1100mg成人omega3深海鱼油心血管养护120粒-1瓶装（4个月的量）,8,2.0,4.0,SALES_SPIKE,
2025-08-09,,【官方直播】WebberNaturals伟博深海鱼油1100mg高纯度Omega3 120粒-一瓶装【4个月的量】,5,1.0,5.0,SALES_SPIKE,
2025-08-09,,【官方直播】WebberNaturals伟博深海鱼油1100mg高纯度Omega3 120粒-一瓶装【4个月的量】-(625273090086*1),5,1.5714285714285714,3.181818181818182,SALES_SPIKE,
2025-08-10,,【官方直播】WebberNaturals伟博深海鱼油1100mg高纯度Omega3 120粒-一瓶装【4个月的量】-(625273090086*1),5,1.5714285714285714,3.181818181818182,SALES_SPIKE,
2025-08-11,,【官方直播】WebberNaturals伟博深海鱼油1100mg高纯度Omega3 120粒-一瓶装【4个月的量】,7,1.1428571428571428,6.125,SALES_SPIKE,
2025-08-11,,【官方直播】WebberNaturals伟博深海鱼油1100mg高纯度Omega3 120粒-一瓶装【4个月的量】-(625273090086*1),6,2.0,3.0,SALES_SPIKE,
2025-08-13,,伟博加拿大进口99%纯度1100mg成人omega3深海鱼油心血管养护120粒-1瓶装（4个月的量）-(625273090086*1),5,1.5714285714285714,3.181818181818182,SALES_SPIKE,
2025-08-13,,【官方直播】WebberNaturals伟博深海鱼油1100mg高纯度Omega3 120粒-一瓶装【4个月的量】-(625273090086*1),9,1.8571428571428568,4.846153846153846,SALES_SPIKE,
2025-08-14,,【官方直播】WebberNaturals伟博深海鱼油1100mg高纯度Omega3 120粒-一瓶装【4个月的量】-(625273090086*1),9,1.5714285714285714,5.727272727272728,SALES_SPIKE,
2025-08-15,,【官方直播】WebberNaturals伟博深海鱼油1100mg高纯度Omega3 120粒-一瓶装【4个月的量】-(625273090086*1),16,2.0,8.0,SALES_SPIKE,
2025-08-16,,【官方直播】加拿大伟博儿童鱼油高脑力DHA无腥可嚼软胶囊120粒/瓶-1瓶装-(625273090185*1),7,1.5714285714285714,4.454545454545455,SALES_SPIKE,
2025-08-16,,【官方直播】WebberNaturals伟博深海鱼油1100mg高纯度Omega3 120粒-一瓶装【4个月的量】-(625273090086*1),15,2.857142857142857,5.25,SALES_SPIKE,
2025-08-17,,Webber Naturals伟博天然高纯度1100mg深海精粹鱼油软胶囊60粒 D-1瓶装-(625273090420*1),18,3.142857142857143,5.727272727272728,SALES_SPIKE,
2025-08-17,,【官方直播】WebberNaturals伟博深海鱼油1100mg高纯度Omega3 120粒-一瓶装【4个月的量】-(625273090086*1),18,4.285714285714286,4.2,SALES_SPIKE,
2025-08-18,,【官方直播】WebberNaturals伟博深海鱼油1100mg高纯度Omega3 120粒-一瓶装【4个月的量】-(625273090086*1),10,2.7142857142857144,3.684210526315789,SALES_SPIKE,
2025-08-19,,伟博加拿大进口99%纯度1100mg成人omega3深海鱼油心血管养护120粒-1瓶装（4个月的量）-(625273090086*1),12,1.7142857142857142,7.0,SALES_SPIKE,
2025-08-19,,【官方直播】WebberNaturals伟博深海鱼油1100mg高纯度Omega3 120粒-一瓶装【4个月的量】-(625273090086*1),16,3.857142857142857,4.148148148148148,SALES_SPIKE,
2025-08-20,,【官方直播】WebberNaturals伟博深海鱼油1100mg高纯度Omega3 120粒-一瓶装【4个月的量】-(625273090086*1),12,1.2857142857142858,9.333333333333332,SALES_SPIKE,
2025-08-20,,Webber Naturals伟博天然高纯度1100mg深海精粹鱼油软胶囊60粒 D-1瓶装-(625273090420*1),9,1.4285714285714286,6.3,SALES_SPIKE,
2025-08-21,,【官方直播】WebberNaturals伟博深海鱼油1100mg高纯度Omega3 120粒-一瓶装【4个月的量】-(625273090086*1),15,2.571428571428572,5.833333333333333,SALES_SPIKE,
2025-08-23,,【官方直播】WebberNaturals伟博深海鱼油1100mg高纯度Omega3 120粒-一瓶装【4个月的量】-(625273090086*1),9,2.857142857142857,3.15,SALES_SPIKE,
2025-08-23,,伟博加拿大进口99%纯度1100mg成人omega3深海鱼油心血管养护120粒-一瓶装（体验装）-(625273090086*1),15,2.857142857142857,5.25,SALES_SPIKE,
2025-08-24,,【官方直播】WebberNaturals伟博深海鱼油1100mg高纯度Omega3 120粒-一瓶装【4个月的量】-(625273090086*1),12,3.571428571428572,3.36,SALES_SPIKE,
2025-08-24,,伟博加拿大进口99%纯度1100mg成人omega3深海鱼油心血管养护120粒-一瓶装（体验装）-(625273090086*1),7,1.7142857142857142,4.083333333333334,SALES_SPIKE,
2025-08-25,,伟博加拿大进口99%纯度1100mg成人omega3深海鱼油心血管养护120粒-一瓶装（体验装）-(625273090086*1),8,2.571428571428572,3.1111111111111107,SALES_SPIKE,
2025-08-25,,【官方直播】WebberNaturals伟博深海鱼油1100mg高纯度Omega3 120粒-一瓶装【4个月的量】-(625273090086*1),12,2.142857142857143,5.6000000000000005,SALES_SPIKE,
2025-08-26,,伟博加拿大进口99%纯度1100mg成人omega3深海鱼油心血管养护120粒-一瓶装（体验装）-(625273090086*1),11,2.7142857142857144,4.052631578947368,SALES_SPIKE,
2025-08-26,,【官方直播】WebberNaturals伟博深海鱼油1100mg高纯度Omega3 120粒-一瓶装【4个月的量】-(625273090086*1),11,3.142857142857143,3.5,SALES_SPIKE,
2025-08-27,,【官方直播】WebberNaturals伟博深海鱼油1100mg高纯度Omega3 120粒-一瓶装【4个月的量】-(625273090086*1),12,1.4285714285714286,8.4,SALES_SPIKE,
2025-08-27,,伟博加拿大进口99%纯度1100mg成人omega3深海鱼油心血管养护120粒-一瓶装（体验装）-(625273090086*1),5,1.5714285714285714,3.181818181818182,SALES_SPIKE,
2025-08-28,,【官方直播】WebberNaturals伟博深海鱼油1100mg高纯度Omega3 120粒-一瓶装【4个月的量】-(625273090086*1),9,2.7142857142857144,3.31578947368421,SALES_SPIKE,
2025-08-29,,伟博加拿大进口99%纯度1100mg成人omega3深海鱼油心血管养护120粒-一瓶装（体验装）-(625273090086*1),14,3.4285714285714284,4.083333333333334,SALES_SPIKE,
2025-08-29,,【官方直播】WebberNaturals伟博深海鱼油1100mg高纯度Omega3 120粒-一瓶装【4个月的量】-(625273090086*1),20,2.571428571428572,7.777777777777777,SALES_SPIKE,
2025-08-30,,伟博加拿大进口99%纯度1100mg成人omega3深海鱼油心血管养护120粒-一瓶装（体验装）-(625273090086*1),9,2.4285714285714284,3.7058823529411766,SALES_SPIKE,
2025-08-31,,【官方直播】WebberNaturals伟博深海鱼油1100mg高纯度Omega3 120粒-一瓶装【4个月的量】-(625273090086*1),10,2.857142857142857,3.5,SALES_SPIKE,
2025-09-01,,伟博加拿大进口99%纯度1100mg成人omega3深海鱼油心血管养护120粒-一瓶装（体验装）-(625273090086*1),5,1.4285714285714286,3.5,SALES_SPIKE,
2025-09-01,,【官方直播】WebberNaturals伟博深海鱼油1100mg高纯度Omega3 120粒-一瓶装【4个月的量】-(625273090086*1),13,2.0,6.5,SALES_SPIKE,
2025-09-02,,伟博加拿大进口99%纯度1100mg成人omega3深海鱼油心血管养护120粒-一瓶装（体验装）-(625273090086*1),6,1.2857142857142858,4.666666666666666,SALES_SPIKE,
2025-09-02,,【官方直播】WebberNaturals伟博深海鱼油1100mg高纯度Omega3 120粒-一瓶装【4个月的量】-(625273090086*1),12,1.2857142857142858,9.333333333333332,SALES_SPIKE,
2025-09-04,,Webber Naturals伟博天然进口小分子胶原蛋白多肽粉150g z-胶原蛋白多肽粉150g*3-(625273036657*3),5,1.4285714285714286,3.5,SALES_SPIKE,
2025-09-04,,【官方直播】WebberNaturals伟博深海鱼油1100mg高纯度Omega3 120粒-一瓶装【4个月的量】-(625273090086*1),12,2.0,6.0,SALES_SPIKE,
2025-09-04,,伟博加拿大进口99%纯度1100mg成人omega3深海鱼油心血管养护120粒-一瓶装（体验装）-(625273090086*1),13,3.4285714285714284,3.791666666666667,SALES_SPIKE,
2025-09-06,,【官方直播】WebberNaturals伟博深海鱼油1100mg高纯度Omega3 120粒-一瓶装【4个月的量】-(625273090086*1),19,2.0,9.5,SALES_SPIKE,
2025-09-07,,【官方直播】WebberNaturals伟博深海鱼油1100mg高纯度Omega3 120粒-一瓶装【4个月的量】-(625273090086*1),12,2.571428571428572,4.666666666666666,SALES_SPIKE,
2025-09-08,,伟博加拿大进口99%纯度1100mg成人omega3深海鱼油心血管养护120粒-一瓶装（体验装）-(625273090086*1),9,2.857142857142857,3.15,SALES_SPIKE,
2025-09-08,,【官方直播】WebberNaturals伟博深海鱼油1100mg高纯度Omega3 120粒-一瓶装【4个月的量】-(625273090086*1),10,2.2857142857142856,4.375,SALES_SPIKE,
2025-09-09,,伟博加拿大进口99%纯度1100mg成人omega3深海鱼油心血管养护120粒-一瓶装（体验装）-(625273090086*1),17,3.142857142857143,5.409090909090909,SALES_SPIKE,
2025-09-09,,【官方直播】WebberNaturals伟博深海鱼油1100mg高纯度Omega3 120粒-一瓶装【4个月的量】-(625273090086*1),14,3.4285714285714284,4.083333333333334,SALES_SPIKE,
2025-09-10,,【官方直播】WebberNaturals伟博深海鱼油1100mg高纯度Omega3 120粒-一瓶装【4个月的量】-(625273090086*1),17,1.7142857142857142,9.916666666666668,SALES_SPIKE,
2025-09-10,,伟博加拿大进口99%纯度1100mg成人omega3深海鱼油心血管养护120粒-一瓶装（体验装）-(625273090086*1),12,3.857142857142857,3.111111111111111,SALES_SPIKE,
2025-09-11,,【官方直播】WebberNaturals伟博深海鱼油1100mg高纯度Omega3 120粒-一瓶装【4个月的量】-(625273090086*1),17,3.0,5.666666666666667,SALES_SPIKE,
2025-09-12,,【官方直播】WebberNaturals伟博深海鱼油1100mg高纯度Omega3 120粒-一瓶装【4个月的量】-(625273090086*1),10,2.0,5.0,SALES_SPIKE,
2025-09-12,,伟博加拿大进口99%纯度1100mg成人omega3深海鱼油心血管养护120粒-一瓶装（体验装）-(625273090086*1),8,2.571428571428572,3.1111111111111107,SALES_SPIKE,
2025-09-14,,【官方直播】WebberNaturals伟博深海鱼油1100mg高纯度Omega3 120粒-一瓶装【4个月的量】-(625273090086*1),15,4.142857142857143,3.620689655172413,SALES_SPIKE,
2025-09-14,,伟博加拿大进口99%纯度1100mg成人omega3深海鱼油心血管养护120粒-一瓶装（体验装）-(625273090086*1),16,5.0,3.2,SALES_SPIKE,
2025-09-15,,【官方直播】WebberNaturals伟博深海鱼油1100mg高纯度Omega3 120粒-一瓶装【4个月的量】-(625273090086*1),10,2.142857142857143,4.666666666666667,SALES_SPIKE,
2025-09-16,,伟博加拿大进口99%纯度1100mg成人omega3深海鱼油心血管养护120粒-一瓶装（体验装）-(625273090086*1),7,2.142857142857143,3.2666666666666666,SALES_SPIKE,
2025-09-16,,【官方直播】WebberNaturals伟博深海鱼油1100mg高纯度Omega3 120粒-一瓶装【4个月的量】-(625273090086*1),15,2.4285714285714284,6.176470588235294,SALES_SPIKE,
2025-09-17,,伟博加拿大进口99%纯度1100mg成人omega3深海鱼油心血管养护120粒-一瓶装（体验装）-(625273090086*1),8,1.5714285714285714,5.090909090909091,SALES_SPIKE,
2025-09-18,,伟博加拿大进口99%纯度1100mg成人omega3深海鱼油心血管养护120粒-一瓶装（体验装）-(625273090086*1),9,2.0,4.5,SALES_SPIKE,
2025-09-18,,【官方直播】WebberNaturals伟博深海鱼油1100mg高纯度Omega3 120粒-一瓶装【4个月的量】-(625273090086*1),12,3.142857142857143,3.8181818181818175,SALES_SPIKE,
2025-09-19,,伟博加拿大进口99%纯度1100mg成人omega3深海鱼油心血管养护120粒-一瓶装（体验装）-(625273090086*1),13,4.142857142857143,3.1379310344827585,SALES_SPIKE,
2025-09-19,,【官方直播】加拿大伟博儿童鱼油高脑力DHA无腥可嚼软胶囊120粒/瓶-1瓶装-(625273090185*1),12,3.857142857142857,3.111111111111111,SALES_SPIKE,
2025-09-19,,【官方直播】WebberNaturals伟博深海鱼油1100mg高纯度Omega3 120粒-一瓶装【4个月的量】-(625273090086*1),13,3.142857142857143,4.136363636363637,SALES_SPIKE,
2025-09-20,,【美彤专属】【儿童拍】WebberNaturals伟博小金盾小颗粒深海儿童鱼油+D3 60粒-【儿童拍】2瓶装（送一瓶40mg叶黄素）-(625273071634*2+625273070255*1),10,3.2857142857142856,3.0434782608695654,SALES_SPIKE,
2025-09-20,,【美彤专属】【成人拍】WebberNaturals高纯度深海鱼油omega3成人健身鱼油120粒-【成人拍】1瓶装（送一瓶40mg叶黄素）-(625273090086*1+625273070255*1),27,4.571428571428571,5.90625,SALES_SPIKE,
2025-09-20,,伟博加拿大进口99%纯度1100mg成人omega3深海鱼油心血管养护120粒-一瓶装（体验装）-(625273090086*1),19,1.7142857142857142,11.083333333333334,SALES_SPIKE,
2025-09-20,,【官方直播】WebberNaturals伟博深海鱼油1100mg高纯度Omega3 120粒-一瓶装【4个月的量】-(625273090086*1),16,4.285714285714286,3.733333333333333,SALES_SPIKE,
2025-09-21,,【美彤专属】【成人拍】WebberNaturals高纯度深海鱼油omega3成人健身鱼油120粒-【成人拍】1瓶装（送一瓶40mg叶黄素）-(625273090086*1+625273070255*1),45,2.4285714285714284,18.529411764705884,SALES_SPIKE,
2025-09-22,,【美彤专属】【成人拍】WebberNaturals高纯度深海鱼油omega3成人健身鱼油120粒-【成人拍】1瓶装（送一瓶40mg叶黄素）-(625273090086*1+625273070255*1),29,9.142857142857142,3.171875,SALES_SPIKE,
2025-09-23,,【官方直播】WebberNaturals伟博深海鱼油1100mg高纯度Omega3 120粒-一瓶装【4个月的量】-(625273090086*1),15,2.2857142857142856,6.5625,SALES_SPIKE,
2025-09-24,,【官方直播】WebberNaturals伟博深海鱼油1100mg高纯度Omega3 120粒-一瓶装【4个月的量】-(625273090086*1),13,3.0,4.333333333333333,SALES_SPIKE,
2025-09-25,,【官方直播】WebberNaturals伟博深海鱼油1100mg高纯度Omega3 120粒-一瓶装【4个月的量】-(625273090086*1),13,3.0,4.333333333333333,SALES_SPIKE,
2025-09-25,,伟博加拿大进口99%纯度1100mg成人omega3深海鱼油心血管养护120粒-一瓶装（体验装）-(625273090086*1),10,1.7142857142857142,5.833333333333334,SALES_SPIKE,
2025-09-25,,【美彤专属】【成人拍】WebberNaturals高纯度深海鱼油omega3成人健身鱼油120粒-【成人拍】1瓶装（送一瓶40mg叶黄素）-(625273090086*1+625273070255*1),11,2.7142857142857144,4.052631578947368,SALES_SPIKE,
2025-09-26,,【官方直播】WebberNaturals伟博深海鱼油1100mg高纯度Omega3 120粒-一瓶装【4个月的量】-(625273090086*1),15,1.8571428571428568,8.076923076923077,SALES_SPIKE,
2025-09-27,,【护发美甲美肤】进口VB烟酰胺锌硒女士全能营养素30粒26-5-30-3瓶装-(625273079975*3),12,2.0,6.0,SALES_SPIKE,
2025-09-27,,【官方直播】WebberNaturals伟博深海鱼油1100mg高纯度Omega3 120粒-一瓶装【4个月的量】-(625273090086*1),13,3.571428571428572,3.64,SALES_SPIKE,
2025-09-28,,【护发美甲美肤】进口VB烟酰胺锌硒女士全能营养素30粒26-5-30-3瓶装-(625273079975*3),21,2.2857142857142856,9.1875,SALES_SPIKE,
2025-09-29,,【免疫力】进口500mg维生素C缓释胶囊60粒 效期到2026-06-30-3瓶装-(625273076622*3),5,1.4285714285714286,3.5,SALES_SPIKE,
2025-09-29,,【护发美甲美肤】进口VB烟酰胺锌硒女士全能营养素30粒26-5-30-3瓶装-(625273079975*3),11,2.142857142857143,5.133333333333334,SALES_SPIKE,
2025-09-29,,【官方直播】WebberNaturals伟博深海鱼油1100mg高纯度Omega3 120粒-一瓶装【4个月的量】-(625273090086*1),19,4.714285714285714,4.03030303030303,SALES_SPIKE,
2025-09-30,,【免疫力】进口500mg维生素C缓释胶囊60粒 效期到2026-06-30-3瓶装-(625273076622*3),22,5.285714285714286,4.162162162162162,SALES_SPIKE,
2025-10-01,,【免疫力】进口500mg维生素C缓释胶囊60粒 效期到2026-06-30-3瓶装-(625273076622*3),14,4.428571428571429,3.161290322580645,SALES_SPIKE,
2025-10-01,,【官方直播】WebberNaturals伟博深海鱼油1100mg高纯度Omega3 120粒-一瓶装【4个月的量】-(625273090086*1),15,3.857142857142857,3.888888888888889,SALES_SPIKE,
2025-10-02,,伟博加拿大进口99%纯度1100mg成人omega3深海鱼油心血管养护120粒-一瓶装（体验装）-(625273090086*1),9,2.7142857142857144,3.31578947368421,SALES_SPIKE,
2025-10-02,,【官方直播】WebberNaturals伟博深海鱼油1100mg高纯度Omega3 120粒-一瓶装【4个月的量】-(625273090086*1),10,2.7142857142857144,3.684210526315789,SALES_SPIKE,
2025-10-03,,【美彤专属】【儿童拍】WebberNaturals伟博小金盾小颗粒深海儿童鱼油+D3 60粒-【儿童拍】2瓶装（送一瓶40mg叶黄素）-(625273071634*2+625273070255*1),155,4.428571428571429,35.0,SALES_SPIKE,
2025-10-03,,【美彤专属】【成人拍】WebberNaturals高纯度深海鱼油omega3成人健身鱼油120粒-【成人拍】1瓶装（送一瓶40mg叶黄素）-(625273090086*1+625273070255*1),338,25.142857142857142,13.443181818181818,SALES_SPIKE,
2025-10-04,,【官方直播】WebberNaturals伟博深海鱼油1100mg高纯度Omega3 120粒-一瓶装【4个月的量】-(625273090086*1),8,2.142857142857143,3.733333333333333,SALES_SPIKE,
2025-10-04,,【免疫力】进口500mg维生素C缓释胶囊60粒 效期到2026-06-30-3瓶装-(625273076622*3),8,2.571428571428572,3.1111111111111107,SALES_SPIKE,
2025-10-04,,【美彤专属】【成人拍】WebberNaturals高纯度深海鱼油omega3成人健身鱼油120粒-【成人拍】1瓶装（送一瓶40mg叶黄素）-(625273090086*1+625273070255*1),16,3.4285714285714284,4.666666666666667,SALES_SPIKE,
2025-10-07,,【官方直播】WebberNaturals伟博深海鱼油1100mg高纯度Omega3 120粒-一瓶装【4个月的量】-(625273090086*1),9,2.4285714285714284,3.7058823529411766,SALES_SPIKE,
2025-10-08,,【官方直播】WebberNaturals伟博深海鱼油1100mg高纯度Omega3 120粒-一瓶装【4个月的量】-(625273090086*1),12,2.4285714285714284,4.941176470588236,SALES_SPIKE,
2025-10-08,,【美彤专属】【成人拍】WebberNaturals高纯度深海鱼油omega3成人健身鱼油120粒-【成人拍】1瓶装（送一瓶40mg叶黄素）-(625273090086*1+625273070255*1),6,1.5714285714285714,3.8181818181818175,SALES_SPIKE,
2025-10-09,,【官方直播】加拿大伟博儿童鱼油高脑力DHA无腥可嚼软胶囊120粒/瓶-1瓶装-(625273090185*1),10,1.7142857142857142,5.833333333333334,SALES_SPIKE,
2025-10-09,,【官方直播】WebberNaturals伟博深海鱼油1100mg高纯度Omega3 120粒-一瓶装【4个月的量】-(625273090086*1),11,2.2857142857142856,4.8125,SALES_SPIKE,
2025-10-10,,【官方直播】WebberNaturals伟博深海鱼油1100mg高纯度Omega3 120粒-一瓶装【4个月的量】-(625273090086*1),21,3.0,7.0,SALES_SPIKE,
2025-10-11,,【官方直播】WebberNaturals伟博深海鱼油1100mg高纯度Omega3 120粒-一瓶装【4个月的量】-(625273090086*1),12,3.4285714285714284,3.5,SALES_SPIKE,
2025-10-11,,【护发美甲美肤】进口VB烟酰胺锌硒女士全能营养素30粒26-5-30-3瓶装-(625273079975*3),128,2.571428571428572,49.77777777777777,SALES_SPIKE,
2025-10-12,,【免疫力】进口500mg维生素C缓释胶囊60粒 效期到2026-06-30-3瓶装-(625273076622*3),50,1.1428571428571428,43.75,SALES_SPIKE,
2025-10-13,,【免疫力】进口500mg维生素C缓释胶囊60粒 效期到2026-06-30-3瓶装-(625273076622*3),74,3.0,24.666666666666668,SALES_SPIKE,
2025-10-13,,【官方直播】WebberNaturals伟博深海鱼油1100mg高纯度Omega3 120粒-一瓶装【4个月的量】-(625273090086*1),29,2.571428571428572,11.277777777777777,SALES_SPIKE,
2025-10-14,,【免疫力】进口500mg维生素C缓释胶囊60粒 效期到2026-06-30-3瓶装-(625273076622*3),25,2.7142857142857144,9.210526315789473,SALES_SPIKE,
2025-10-14,,【官方直播】WebberNaturals伟博深海鱼油1100mg高纯度Omega3 120粒-一瓶装【4个月的量】-(625273090086*1),16,1.8571428571428568,8.615384615384615,SALES_SPIKE,
2025-10-15,,【官方直播】WebberNaturals伟博深海鱼油1100mg高纯度Omega3 120粒-一瓶装【4个月的量】-(625273090086*1),15,4.142857142857143,3.620689655172413,SALES_SPIKE,
2025-10-15,,【免疫力】进口500mg维生素C缓释胶囊60粒 效期到2026-06-30-3瓶装-(625273076622*3),31,2.857142857142857,10.85,SALES_SPIKE,
2025-10-16,,【免疫力】进口500mg维生素C缓释胶囊60粒 效期到2026-06-30-3瓶装-(625273076622*3),9,2.142857142857143,4.2,SALES_SPIKE,
2025-10-16,,【官方直播】WebberNaturals伟博深海鱼油1100mg高纯度Omega3 120粒-一瓶装【4个月的量】-(625273090086*1),10,2.4285714285714284,4.11764705882353,SALES_SPIKE,
2025-10-16,,伟博加拿大进口99%纯度1100mg成人omega3深海鱼油心血管养护120粒-一瓶装（体验装）-(625273090086*1),11,2.857142857142857,3.85,SALES_SPIKE,
2025-10-17,,【官方直播】WebberNaturals伟博深海鱼油1100mg高纯度Omega3 120粒-一瓶装【4个月的量】-(625273090086*1),9,2.857142857142857,3.15,SALES_SPIKE,
2025-10-17,,【免疫力】进口500mg维生素C缓释胶囊60粒 效期到2026-06-30-3瓶装-(625273076622*3),20,4.0,5.0,SALES_SPIKE,
2025-10-18,,【官方直播】WebberNaturals伟博深海鱼油1100mg高纯度Omega3 120粒-一瓶装【4个月的量】-(625273090086*1),16,3.0,5.333333333333333,SALES_SPIKE,
2025-10-19,,【官方直播】WebberNaturals伟博深海鱼油1100mg高纯度Omega3 120粒-一瓶装【4个月的量】-(625273090086*1),14,1.2857142857142858,10.888888888888888,SALES_SPIKE,
2025-10-20,,伟博加拿大进口99%纯度1100mg成人omega3深海鱼油心血管养护120粒-一瓶装（体验装）-(625273090086*1),5,1.4285714285714286,3.5,SALES_SPIKE,
2025-10-20,,【官方直播】WebberNaturals伟博深海鱼油1100mg高纯度Omega3 120粒-一瓶装【4个月的量】-(625273090086*1),26,1.5714285714285714,16.545454545454547,SALES_SPIKE,
2025-10-21,,【官方直播】WebberNaturals伟博深海鱼油1100mg高纯度Omega3 120粒-一瓶装【4个月的量】-(625273090086*1),18,1.4285714285714286,12.6,SALES_SPIKE,
2025-10-22,,【官方直播】WebberNaturals伟博深海鱼油1100mg高纯度Omega3 120粒-一瓶装【4个月的量】-(625273090086*1),16,2.571428571428572,6.222222222222221,SALES_SPIKE,
2025-10-23,,【官方直播】WebberNaturals伟博深海鱼油1100mg高纯度Omega3 120粒-一瓶装【4个月的量】-(625273090086*1),17,1.8571428571428568,9.153846153846152,SALES_SPIKE,
2025-10-24,,伟博加拿大进口99%纯度1100mg成人omega3深海鱼油心血管养护120粒-一瓶装（体验装）-(625273090086*1),10,1.7142857142857142,5.833333333333334,SALES_SPIKE,
2025-10-24,,【官方直播】WebberNaturals伟博深海鱼油1100mg高纯度Omega3 120粒-一瓶装【4个月的量】-(625273090086*1),23,3.7142857142857135,6.1923076923076925,SALES_SPIKE,
2025-10-25,,【免疫力】进口500mg维生素C缓释胶囊60粒 效期到2026-06-30-3瓶装-(625273076622*3),36,1.8571428571428568,19.384615384615383,SALES_SPIKE,
2025-10-25,,【官方直播】WebberNaturals伟博深海鱼油1100mg高纯度Omega3 120粒-两瓶装【8个月的量】-(625273090086*2),9,1.4285714285714286,6.3,SALES_SPIKE,
2025-10-25,,【官方直播】WebberNaturals伟博深海鱼油1100mg高纯度Omega3 120粒-一瓶装【4个月的量】-(625273090086*1),18,2.571428571428572,6.999999999999999,SALES_SPIKE,
2025-10-26,,【免疫力】进口500mg维生素C缓释胶囊60粒 效期到2026-06-30-3瓶装-(625273076622*3),14,2.7142857142857144,5.157894736842105,SALES_SPIKE,
2025-10-26,,【官方直播】加拿大伟博儿童鱼油高脑力DHA无腥可嚼软胶囊120粒/瓶-1瓶装-(625273090185*1),11,1.0,11.0,SALES_SPIKE,
2025-10-26,,【官方直播】WebberNaturals伟博深海鱼油1100mg高纯度Omega3 120粒-两瓶装【8个月的量】-(625273090086*2),11,3.0,3.6666666666666665,SALES_SPIKE,
2025-10-26,,【官方直播】WebberNaturals伟博深海鱼油1100mg高纯度Omega3 120粒-一瓶装【4个月的量】-(625273090086*1),33,4.428571428571429,7.451612903225806,SALES_SPIKE,
2025-10-27,,【官方直播】WebberNaturals伟博深海鱼油1100mg高纯度Omega3 120粒-一瓶装【4个月的量】-(625273090086*1),22,3.2857142857142856,6.695652173913044,SALES_SPIKE,
2025-10-28,,【官方直播】WebberNaturals伟博深海鱼油1100mg高纯度Omega3 120粒-一瓶装【4个月的量】-(625273090086*1),20,2.4285714285714284,8.23529411764706,SALES_SPIKE,
2025-10-28,,【免疫力】进口500mg维生素C缓释胶囊60粒 效期到2026-06-30-3瓶装-(625273076622*3),8,2.0,4.0,SALES_SPIKE,
2025-10-29,,【官方直播】WebberNaturals伟博深海鱼油1100mg高纯度Omega3 120粒-一瓶装【4个月的量】-(625273090086*1),21,3.4285714285714284,6.125,SALES_SPIKE,
2025-10-29,,伟博加拿大进口99%纯度1100mg成人omega3深海鱼油心血管养护120粒-一瓶装（体验装）-(625273090086*1),15,5.0,3.0,SALES_SPIKE,
2025-10-30,,【官方直播】WebberNaturals伟博深海鱼油1100mg高纯度Omega3 120粒-两瓶装【8个月的量】-(625273090086*2),14,2.142857142857143,6.533333333333333,SALES_SPIKE,
2025-10-30,,【官方直播】WebberNaturals伟博深海鱼油1100mg高纯度Omega3 120粒-一瓶装【4个月的量】-(625273090086*1),21,2.0,10.5,SALES_SPIKE,
2025-10-31,,【官方直播】WebberNaturals伟博深海鱼油1100mg高纯度Omega3 120粒-一瓶装【4个月的量】-(625273090086*1),38,3.7142857142857135,10.23076923076923,SALES_SPIKE,
2025-11-01,,【免疫力】进口500mg维生素C缓释胶囊60粒 效期到2026-06-30-3瓶装-(625273076622*3),7,2.2857142857142856,3.0625,SALES_SPIKE,
2025-11-01,,伟博加拿大进口99%纯度1100mg成人omega3深海鱼油心血管养护120粒-一瓶装（体验装）-(625273090086*1),8,2.2857142857142856,3.5,SALES_SPIKE,
2025-11-01,,【官方直播】加拿大伟博儿童鱼油高脑力DHA无腥可嚼软胶囊120粒/瓶-1瓶装-(625273090185*1),11,3.571428571428572,3.08,SALES_SPIKE,
2025-11-01,,【官方直播】WebberNaturals伟博深海鱼油1100mg高纯度Omega3 120粒-一瓶装【4个月的量】-(625273090086*1),25,4.714285714285714,5.303030303030303,SALES_SPIKE,
2025-11-02,,【官方直播】WebberNaturals伟博深海鱼油1100mg高纯度Omega3 120粒-一瓶装【4个月的量】-(625273090086*1),15,2.142857142857143,7.0,SALES_SPIKE,
2025-11-03,,【官方直播】WebberNaturals伟博深海鱼油1100mg高纯度Omega3 120粒-一瓶装【4个月的量】-(625273090086*1),35,3.142857142857143,11.136363636363637,SALES_SPIKE,
2025-11-03,,伟博加拿大进口99%纯度1100mg成人omega3深海鱼油心血管养护120粒-一瓶装（体验装）-(625273090086*1),13,2.142857142857143,6.066666666666666,SALES_SPIKE,
2025-11-04,,【官方直播】WebberNaturals伟博深海鱼油1100mg高纯度Omega3 120粒-两瓶装【8个月的量】-(625273090086*2),11,1.4285714285714286,7.7,SALES_SPIKE,
2025-11-04,,【官方直播】WebberNaturals伟博深海鱼油1100mg高纯度Omega3 120粒-一瓶装【4个月的量】-(625273090086*1),30,2.857142857142857,10.5,SALES_SPIKE,
2025-11-05,,【官方直播】WebberNaturals伟博深海鱼油1100mg高纯度Omega3 120粒-两瓶装【8个月的量】-(625273090086*2),15,2.571428571428572,5.833333333333333,SALES_SPIKE,
2025-11-05,,【官方直播】WebberNaturals伟博深海鱼油1100mg高纯度Omega3 120粒-一瓶装【4个月的量】-(625273090086*1),18,5.285714285714286,3.4054054054054057,SALES_SPIKE,
2025-11-06,,【官方直播】WebberNaturals伟博深海鱼油1100mg高纯度Omega3 120粒-一瓶装【4个月的量】-(625273090086*1),20,2.2857142857142856,8.75,SALES_SPIKE,
2025-11-07,,【官方直播】WebberNaturals伟博深海鱼油1100mg高纯度Omega3 120粒-一瓶装【4个月的量】-(625273090086*1),21,5.285714285714286,3.972972972972973,SALES_SPIKE,
2025-11-08,,【官方直播】WebberNaturals伟博深海鱼油1100mg高纯度Omega3 120粒-一瓶装【4个月的量】-(625273090086*1),21,2.571428571428572,8.166666666666666,SALES_SPIKE,
2025-11-09,,【官方直播】WebberNaturals伟博深海鱼油1100mg高纯度Omega3 120粒-一瓶装【4个月的量】-(625273090086*1),19,2.2857142857142856,8.3125,SALES_SPIKE,
2025-11-10,,【官方直播】WebberNaturals伟博深海鱼油1100mg高纯度Omega3 120粒-一瓶装【4个月的量】-(625273090086*1),8,2.142857142857143,3.733333333333333,SALES_SPIKE,
2025-11-10,,【进博会专属】伟博天然进口深海鱼油1100mg高纯度Omega3 120粒-一瓶装【4个月的量】-(625273090086*1),10,3.0,3.333333333333333,SALES_SPIKE,
2025-11-11,,【官方直播】WebberNaturals伟博深海鱼油1100mg高纯度Omega3 120粒-一瓶装【4个月的量】-(625273090086*1),17,2.142857142857143,7.933333333333334,SALES_SPIKE,
2025-11-11,,【进博会专属】伟博天然进口深海鱼油1100mg高纯度Omega3 120粒-一瓶装【4个月的量】-(625273090086*1),14,4.285714285714286,3.2666666666666666,SALES_SPIKE,
2025-11-13,,【官方直播】WebberNaturals伟博深海鱼油1100mg高纯度Omega3 120粒-两瓶装【8个月的量】-(625273090086*2),7,1.2857142857142858,5.444444444444444,SALES_SPIKE,
2025-11-13,,【进博会专属】伟博天然进口深海鱼油1100mg高纯度Omega3 120粒-一瓶装【4个月的量】-(625273090086*1),11,2.142857142857143,5.133333333333334,SALES_SPIKE,
2025-11-13,,【官方直播】WebberNaturals伟博深海鱼油1100mg高纯度Omega3 120粒-一瓶装【4个月的量】-(625273090086*1),17,4.0,4.25,SALES_SPIKE,
2025-11-13,,伟博加拿大进口99%纯度1100mg成人omega3深海鱼油心血管养护120粒-一瓶装（体验装）-(625273090086*1),10,2.571428571428572,3.888888888888888,SALES_SPIKE,
2025-11-14,,【官方直播】WebberNaturals伟博深海鱼油1100mg高纯度Omega3 120粒-一瓶装【4个月的量】-(625273090086*1),13,2.7142857142857144,4.789473684210526,SALES_SPIKE,
2025-11-15,,【官方直播】WebberNaturals伟博深海鱼油1100mg高纯度Omega3 120粒-两瓶装【8个月的量】-(625273090086*2),8,1.7142857142857142,4.666666666666667,SALES_SPIKE,
2025-11-15,,【官方直播】WebberNaturals伟博深海鱼油1100mg高纯度Omega3 120粒-一瓶装【4个月的量】-(625273090086*1),16,1.8571428571428568,8.615384615384615,SALES_SPIKE,
2025-11-16,,【官方直播】WebberNaturals伟博深海鱼油1100mg高纯度Omega3 120粒-两瓶装【8个月的量】-(625273090086*2),5,1.4285714285714286,3.5,SALES_SPIKE,
2025-11-16,,【官方直播】WebberNaturals伟博深海鱼油1100mg高纯度Omega3 120粒-一瓶装【4个月的量】-(625273090086*1),15,2.142857142857143,7.0,SALES_SPIKE,
2025-11-18,,【官方直播】加拿大伟博儿童鱼油高脑力DHA无腥可嚼软胶囊120粒/瓶-1瓶装-(625273090185*1),9,1.5714285714285714,5.727272727272728,SALES_SPIKE,
2025-11-18,,【官方直播】WebberNaturals伟博深海鱼油1100mg高纯度Omega3 120粒-一瓶装【4个月的量】-(625273090086*1),14,2.142857142857143,6.533333333333333,SALES_SPIKE,
2025-11-20,,【进博会专属】伟博天然进口深海鱼油1100mg高纯度Omega3 120粒-一瓶装【4个月的量】-(625273090086*1),13,1.8571428571428568,7.0,SALES_SPIKE,
2025-11-21,,【进博会专属】伟博天然进口深海鱼油1100mg高纯度Omega3 120粒-两瓶装【8个月的量】-(625273090086*2),9,1.5714285714285714,5.727272727272728,SALES_SPIKE,
2025-11-21,,【进博会专属】伟博天然进口深海鱼油1100mg高纯度Omega3 120粒-一瓶装【4个月的量】-(625273090086*1),15,2.857142857142857,5.25,SALES_SPIKE,
2025-11-22,,【进博会专属】伟博天然进口深海鱼油1100mg高纯度Omega3 120粒-一瓶装【4个月的量】-(625273090086*1),22,2.0,11.0,SALES_SPIKE,
2025-11-22,,伟博加拿大进口99%纯度1100mg成人omega3深海鱼油心血管养护120粒-一瓶装（体验装）-(625273090086*1),5,1.5714285714285714,3.181818181818182,SALES_SPIKE,
2025-11-23,,伟博加拿大进口99%纯度1100mg成人omega3深海鱼油心血管养护120粒-一瓶装（体验装）-(625273090086*1),7,1.7142857142857142,4.083333333333334,SALES_SPIKE,
2025-11-23,,【进博会专属】伟博天然进口深海鱼油1100mg高纯度Omega3 120粒-一瓶装【4个月的量】-(625273090086*1),17,1.5714285714285714,10.818181818181818,SALES_SPIKE,
2025-11-23,,【进博会专属】伟博天然进口深海鱼油1100mg高纯度Omega3 120粒-两瓶装【8个月的量】-(625273090086*2),11,3.571428571428572,3.08,SALES_SPIKE,
2025-11-24,,【进博会专属】伟博天然进口深海鱼油1100mg高纯度Omega3 120粒-一瓶装【4个月的量】-(625273090086*1),23,1.8571428571428568,12.384615384615383,SALES_SPIKE,
2025-11-24,,【进博会专属】伟博天然阳光小金盾小颗粒全家深海鱼油+D3 60粒-2瓶装-(625273071634*2),5,1.4285714285714286,3.5,SALES_SPIKE,
2025-11-24,,【进博会专属】伟博天然进口深海鱼油1100mg高纯度Omega3 120粒-两瓶装【8个月的量】-(625273090086*2),11,2.2857142857142856,4.8125,SALES_SPIKE,
2025-11-25,,【进博会专属】伟博天然进口深海鱼油1100mg高纯度Omega3 120粒-一瓶装【4个月的量】-(625273090086*1),20,3.4285714285714284,5.833333333333334,SALES_SPIKE,
2025-11-26,,【官方直播】伟博天然进口深海鱼油1100mg高纯度Omega3 120粒-一瓶装【4个月的量】-(625273090086*1),23,5.0,4.6,SALES_SPIKE,
2025-11-27,,Webber Naturals伟博天然进口小分子胶原蛋白多肽粉150g z-3瓶装-(625273036657*3),5,1.1428571428571428,4.375,SALES_SPIKE,
2025-11-27,,【官方直播】伟博天然进口深海鱼油1100mg高纯度Omega3 120粒-一瓶装【4个月的量】-(625273090086*1),21,2.571428571428572,8.166666666666666,SALES_SPIKE,
2025-11-27,,伟博加拿大进口99%纯度1100mg成人omega3深海鱼油心血管养护120粒-一瓶装（体验装）-(625273090086*1),10,1.2857142857142858,7.777777777777777,SALES_SPIKE,
2025-11-28,,【官方直播】伟博天然进口深海鱼油1100mg高纯度Omega3 120粒-一瓶装【4个月的量】-(625273090086*1),16,1.8571428571428568,8.615384615384615,SALES_SPIKE,
2025-11-29,,【官方直播】伟博天然进口深海鱼油1100mg高纯度Omega3 120粒-一瓶装【4个月的量】-(625273090086*1),10,1.5714285714285714,6.363636363636364,SALES_SPIKE,
2025-11-30,,【官方直播】伟博天然进口深海鱼油1100mg高纯度Omega3 120粒-一瓶装【4个月的量】-(625273090086*1),10,1.8571428571428568,5.384615384615384,SALES_SPIKE,
2025-12-01,,【官方直播】伟博天然进口深海鱼油1100mg高纯度Omega3 120粒-一瓶装【4个月的量】-(625273090086*1),8,2.0,4.0,SALES_SPIKE,
2025-12-02,,【官方直播】伟博天然进口深海鱼油1100mg高纯度Omega3 120粒-一瓶装【4个月的量】-(625273090086*1),19,2.2857142857142856,8.3125,SALES_SPIKE,
2025-12-03,,【官方直播】伟博天然进口深海鱼油1100mg高纯度Omega3 120粒-一瓶装【4个月的量】-(625273090086*1),7,1.0,7.0,SALES_SPIKE,
2025-12-12,,	【官方直播】伟博天然进口深海鱼油1100mg高纯度Omega3 120粒,7,1.7142857142857142,4.083333333333334,SALES_SPIKE,
2025-12-13,,	【官方直播】伟博天然进口深海鱼油1100mg高纯度Omega3 120粒,5,1.2857142857142858,3.888888888888888,SALES_SPIKE,
2025-12-16,,	【官方直播】伟博天然进口深海鱼油1100mg高纯度Omega3 120粒,9,2.7142857142857144,3.31578947368421,SALES_SPIKE,
2025-12-19,,	【官方直播】伟博天然进口深海鱼油1100mg高纯度Omega3 120粒,12,1.4285714285714286,8.4,SALES_SPIKE,
2025-12-21,,	【达人专属】伟博加拿大进口99%纯度1100mg成人omega3深海鱼油心血管养护120粒,7,2.0,3.5,SALES_SPIKE,
2025-12-22,,	【子豪专属】伟博天然进口儿童鱼油高脑力DHA软胶囊120粒/瓶,14,2.142857142857143,6.533333333333333,SALES_SPIKE,
2025-12-23,,	【达人专属】Webber Naturals伟博天然进口小分子胶原蛋白多肽粉150g z,9,1.5714285714285714,5.727272727272728,SALES_SPIKE,
2025-12-24,,	【达人专属】伟博加拿大进口99%纯度1100mg成人omega3深海鱼油心血管养护120粒,6,1.1428571428571428,5.25,SALES_SPIKE,
2025-12-24,,	【官方直播】伟博天然进口深海鱼油1100mg高纯度Omega3 120粒,19,2.142857142857143,8.866666666666667,SALES_SPIKE,
2025-12-25,,	【官方直播】伟博天然进口深海鱼油1100mg高纯度Omega3 120粒,26,2.857142857142857,9.1,SALES_SPIKE,
2025-12-26,,	【达人专属】伟博加拿大进口99%纯度1100mg成人omega3深海鱼油心血管养护120粒,7,1.8571428571428568,3.769230769230769,SALES_SPIKE,
2025-12-26,,	【官方直播】伟博天然进口深海鱼油1100mg高纯度Omega3 120粒,21,2.4285714285714284,8.647058823529413,SALES_SPIKE,
2025-12-27,,	【官方直播】伟博天然1岁+儿童鱼油高脑力DHA可嚼软胶囊120粒,6,2.0,3.0,SALES_SPIKE,
2025-12-27,,	【官方直播】伟博天然进口深海鱼油1100mg高纯度Omega3 120粒,18,2.142857142857143,8.4,SALES_SPIKE,
2025-12-28,,	【达人专属】伟博加拿大进口99%纯度1100mg成人omega3深海鱼油心血管养护120粒,6,1.1428571428571428,5.25,SALES_SPIKE,
2025-12-28,,	【官方直播】伟博天然进口深海鱼油1100mg高纯度Omega3 120粒,22,2.4285714285714284,9.058823529411766,SALES_SPIKE,
2025-12-29,,	【官方直播】伟博天然1岁+儿童鱼油高脑力DHA可嚼软胶囊120粒,5,1.2857142857142858,3.888888888888888,SALES_SPIKE,
2025-12-29,,	【官方直播】伟博天然进口深海鱼油1100mg高纯度Omega3 120粒,11,1.8571428571428568,5.9230769230769225,SALES_SPIKE,
2025-12-30,,	【子豪专属】伟博天然进口儿童鱼油高脑力DHA软胶囊120粒/瓶,12,2.0,6.0,SALES_SPIKE,
2025-12-30,,	【官方直播】伟博天然进口深海鱼油1100mg高纯度Omega3 120粒,15,3.571428571428572,4.2,SALES_SPIKE,
2025-12-31,,	【官方直播】伟博天然进口深海鱼油1100mg高纯度Omega3 120粒,10,2.4285714285714284,4.11764705882353,SALES_SPIKE,
2026-01-01,,	【官方直播】伟博天然进口深海鱼油1100mg高纯度Omega3 120粒,14,1.5714285714285714,8.90909090909091,SALES_SPIKE,
2026-01-02,,	【官方直播】伟博天然进口深海鱼油1100mg高纯度Omega3 120粒,14,1.7142857142857142,8.166666666666668,SALES_SPIKE,
2026-01-03,,	【官方直播】伟博天然进口深海鱼油1100mg高纯度Omega3 120粒,15,1.4285714285714286,10.5,SALES_SPIKE,
2026-01-04,,	【官方直播】伟博天然进口深海鱼油1100mg高纯度Omega3 120粒,15,1.2857142857142858,11.666666666666666,SALES_SPIKE,
2026-01-06,,	【官方直播】伟博天然进口深海鱼油1100mg高纯度Omega3 120粒,17,2.571428571428572,6.611111111111111,SALES_SPIKE,
2026-01-07,,	【官方直播】伟博天然进口深海鱼油1100mg高纯度Omega3 120粒,13,4.285714285714286,3.033333333333333,SALES_SPIKE,
2026-01-08,,	【官方直播】伟博天然进口深海鱼油1100mg高纯度Omega3 120粒,5,1.0,5.0,SALES_SPIKE,
2026-01-08,,	【官方直播】伟博天然进口深海鱼油1100mg高纯度Omega3 120粒,14,1.5714285714285714,8.90909090909091,SALES_SPIKE,
2026-01-09,,	【子豪专属】伟博天然进口儿童鱼油高脑力DHA软胶囊120粒/瓶,6,1.8571428571428568,3.230769230769231,SALES_SPIKE,
2026-01-09,,	【官方直播】伟博天然进口深海鱼油1100mg高纯度Omega3 120粒,18,1.8571428571428568,9.692307692307692,SALES_SPIKE,
2026-01-11,,	【官方直播】伟博天然进口深海鱼油1100mg高纯度Omega3 120粒,12,1.1428571428571428,10.5,SALES_SPIKE,
2026-01-12,,	【官方直播】伟博天然进口深海鱼油1100mg高纯度Omega3 120粒,14,1.2857142857142858,10.888888888888888,SALES_SPIKE,
2026-01-13,,	伟博加拿大进口99%纯度1100mg成人omega3深海鱼油心血管养护120粒,7,1.4285714285714286,4.9,SALES_SPIKE,
2026-01-14,,	【官方直播】伟博天然进口深海鱼油1100mg高纯度Omega3 120粒,13,1.2857142857142858,10.11111111111111,SALES_SPIKE,
2025-10-03,,伟博加拿大进口99%纯度1100mg成人omega3深海鱼油心血管养护120粒-一瓶装【体验装】-(625273090086*1),1,73.0,,SALES_DROP,0.0136986301369863
2025-10-03,,伟博天然进口VB番茄红素锌硒钙水果多酚55+男士全营养素 30粒z-1瓶装-(625273079968*1),1,72.85714285714286,,SALES_DROP,0.0137254901960784
2025-10-04,	-,【3瓶装】加拿大伟博天然小分子胶原蛋白多肽粉150g/瓶-3瓶装-(625273036657*3),1,72.57142857142857,,SALES_DROP,0.0137795275590551
2025-10-03,,Webber Naturals伟博天然进口小分子胶原蛋白多肽粉150g z-胶原蛋白多肽粉150g*1-(625273036657*1),1,72.14285714285714,,SALES_DROP,0.0138613861386138
2025-04-09,,伟博天然进口辅酶Q10胶囊100mg 成人心脏活力60粒（效期至26年6月）-1瓶装,1,59.0,,SALES_DROP,0.0169491525423728
2025-04-09,,伟博Osteo氨糖软骨素MSM 高端关节修护30粒（效期至25年7月）-3瓶,1,59.0,,SALES_DROP,0.0169491525423728
2025-04-09,	-,伟博Osteo氨糖软骨素MSM 高端关节修护30粒（效期至25年7月）-3瓶,1,58.85714285714285,,SALES_DROP,0.0169902912621359
2025-04-09,	-,伟博天然进口辅酶Q10胶囊100mg 成人心脏活力60粒（效期至26年6月）-1瓶装,1,58.85714285714285,,SALES_DROP,0.0169902912621359
2025-04-02,	7199138110997872936,Webber   Naturals伟博维生素C1000毫克150粒/瓶（效期至25年9月）-默认-(DYWEB625273032727),1,43.85714285714285,,SALES_DROP,0.022801302931596
2025-04-10,	7199138110997872936,Webber   Naturals伟博维生素C1000毫克150粒/瓶（效期至25年9月）-默认-(DYWEB625273032727),1,43.42857142857143,,SALES_DROP,0.0230263157894736
2025-04-08,,伟博Osteo氨糖软骨素MSM 高端关节修护30粒（效期至25年7月）-1瓶装,1,42.142857142857146,,SALES_DROP,0.023728813559322
2025-04-12,,伟博Osteo氨糖软骨素MSM 高端关节修护30粒（效期至25年7月）-1瓶装,1,41.85714285714285,,SALES_DROP,0.0238907849829351
2025-11-05,7.146569951686672e+18,WEBBER NATURALS高纯度深海鱼油omega3欧米伽3成人健身鱼油120粒D-默认-(DYWEB625273090086),1,41.285714285714285,,SALES_DROP,0.0242214532871972
2025-04-13,,【官方直播】加拿大伟博儿童鱼油高脑力DHA无腥可嚼软胶囊120粒/瓶-1瓶装,1,40.285714285714285,,SALES_DROP,0.0248226950354609
2025-10-28,7.146569951686672e+18,WEBBER NATURALS高纯度深海鱼油omega3欧米伽3成人健身鱼油120粒D-默认-(DYWEB625273090086),1,38.85714285714285,,SALES_DROP,0.025735294117647
2025-04-08,	-,Webber naturals伟博深海鱼油900mg高纯度Omega3/DHA/EPA 200粒z-伟博油900mg深海鱼油200粒*2,1,37.85714285714285,,SALES_DROP,0.0264150943396226
2025-10-03,,Webber Naturals伟博天然阳光小金盾小颗粒深海儿童鱼油+D3 60粒-2瓶装-(625273071634*2),2,72.85714285714286,,SALES_DROP,0.0274509803921568
2025-10-04,	-,伟博加拿大进口99%纯度1100mg成人omega3深海鱼油心血管养护120粒-一瓶装（体验装）-(625273090086*1),2,72.42857142857143,,SALES_DROP,0.0276134122287968
2025-10-04,	-,【官方直播】加拿大伟博儿童鱼油高脑力DHA无腥可嚼软胶囊120粒/瓶-1瓶装-(625273090185*1),2,72.42857142857143,,SALES_DROP,0.0276134122287968
2025-10-03,	-,【护发美甲美肤】进口VB烟酰胺锌硒女士全能营养素30粒26-5-30-3瓶装-(625273079975*3),2,72.28571428571429,,SALES_DROP,0.0276679841897233
2025-10-04,	-,【官方直播】加拿大伟博儿童鱼油高脑力DHA无腥可嚼软胶囊120粒/瓶-2瓶装-(625273090185*2),2,71.85714285714286,,SALES_DROP,0.0278330019880715
2025-10-26,7.146569951686672e+18,WEBBER NATURALS高纯度深海鱼油omega3欧米伽3成人健身鱼油120粒D-默认-(DYWEB625273090086),1,35.857142857142854,,SALES_DROP,0.0278884462151394
2025-11-07,7.146569951686672e+18,WEBBER NATURALS高纯度深海鱼油omega3欧米伽3成人健身鱼油120粒D-默认-(DYWEB625273090086),1,33.714285714285715,,SALES_DROP,0.0296610169491525
2025-04-02,7.199138110997873e+18,Webber   Naturals伟博维生素C1000毫克150粒/瓶（效期至25年9月）-默认-(DYWEB625273032727),1,33.142857142857146,,SALES_DROP,0.0301724137931034
2025-04-11,	-,伟博天然进口VB番茄红素锌硒钙水果多酚55+男士全营养素 30粒z-2瓶装,1,32.285714285714285,,SALES_DROP,0.0309734513274336
2025-04-10,7.199138110997873e+18,Webber   Naturals伟博维生素C1000毫克150粒/瓶（效期至25年9月）-默认-(DYWEB625273032727),1,32.142857142857146,,SALES_DROP,0.0311111111111111
2025-04-04,7.142731245833732e+18,伟博天然进口儿童鱼油高脑力DHA软胶囊120粒/瓶-默认-(DYWEB625273090185),1,30.714285714285715,,SALES_DROP,0.0325581395348837
2025-04-11,	-,伟博天然进口VB番茄红素锌硒钙水果多酚55+男士全营养素 30粒z-1瓶装,1,30.0,,SALES_DROP,0.0333333333333333
2025-04-11,	-, webber naturals伟博胶原蛋白与神经酰胺生物活性胶原肽120片z-抗皱胶原蛋白+神经酰胺120粒*2,1,29.857142857142858,,SALES_DROP,0.0334928229665071
2025-04-04,	7142731245833732390,伟博天然进口儿童鱼油高脑力DHA软胶囊120粒/瓶-默认-(DYWEB625273090185),1,29.857142857142858,,SALES_DROP,0.0334928229665071
2025-04-11,	-, webber naturals伟博胶原蛋白与神经酰胺生物活性胶原肽120片z-抗皱胶原蛋白+神经酰胺120粒*1,1,29.571428571428573,,SALES_DROP,0.0338164251207729
2025-04-09,,伟博Osteo氨糖软骨素MSM 高端关节修护30粒（效期至25年7月）-1瓶装,2,58.85714285714285,,SALES_DROP,0.0339805825242718
2025-04-09,	-,伟博Osteo氨糖软骨素MSM 高端关节修护30粒（效期至25年7月）-1瓶装,2,58.71428571428572,,SALES_DROP,0.0340632603406326
2025-04-09,	-,Webber Naturals伟博维生素C1000毫克150粒/瓶（效期至25年9月）-3瓶装;伟博天然进口辅酶Q10胶囊100mg 成人心脏活力60粒（效期至26年6月）-3瓶装,2,58.57142857142857,,SALES_DROP,0.0341463414634146
2025-11-18,7.146569951686672e+18,WEBBER NATURALS高纯度深海鱼油omega3欧米伽3成人健身鱼油120粒D-默认-(DYWEB625273090086),1,28.428571428571427,,SALES_DROP,0.0351758793969849
2025-09-26,7.124611154185519e+18,WEBBER NATURALS500mg Omega-3深海鱼油添加D3青少年鱼油100粒/瓶-默认-(DYWEB625273090291),1,28.428571428571427,,SALES_DROP,0.0351758793969849
2025-09-26,	7124611154185519400,WEBBER NATURALS500mg Omega-3深海鱼油添加D3青少年鱼油100粒/瓶-默认-(DYWEB625273090291),1,28.428571428571427,,SALES_DROP,0.0351758793969849
2025-09-19,7.124611154185519e+18,WEBBER NATURALS500mg Omega-3深海鱼油添加D3青少年鱼油100粒/瓶-默认-(DYWEB625273090291),1,28.285714285714285,,SALES_DROP,0.0353535353535353
2025-09-19,	7124611154185519400,WEBBER NATURALS500mg Omega-3深海鱼油添加D3青少年鱼油100粒/瓶-默认-(DYWEB625273090291),1,28.285714285714285,,SALES_DROP,0.0353535353535353
2025-04-10,,【官方直播】加拿大伟博Webber鱼油500mgOmega3+D3青少年 100粒/瓶-3瓶装,1,27.857142857142858,,SALES_DROP,0.0358974358974358
2025-10-12,	-,伟博天然进口VB番茄红素锌硒钙水果多酚55+男士全营养素 30粒z-1瓶装-(625273079968*1),1,26.428571428571427,,SALES_DROP,0.0378378378378378
2025-10-12,	-,【3瓶装】伟博精粹金CO2提纯1100mg4倍含量omega3成人心脑鱼油120粒-三瓶装（1年量）【送两瓶价值149的60粒100mg辅酶Q10】-(625273090086*3+628347570705*2),1,26.428571428571427,,SALES_DROP,0.0378378378378378
2025-10-12,	-,Webber Naturals伟博天然阳光小金盾小颗粒深海儿童鱼油+D3 60粒-2瓶装-(625273071634*2),1,26.428571428571427,,SALES_DROP,0.0378378378378378
2025-04-13,	-,伟博Osteo氨糖软骨素MSM 高端关节修护30粒（效期至25年7月）-1瓶装,1,26.428571428571427,,SALES_DROP,0.0378378378378378
2025-04-06,,【官方直播】加拿大伟博Webber鱼油500mgOmega3+D3青少年 100粒/瓶-2瓶装,1,26.285714285714285,,SALES_DROP,0.0380434782608695
2025-04-06,,【官方直播】加拿大伟博Webber儿童鱼油高DHAOmega-3甜橙味120粒/瓶-2瓶装,1,26.285714285714285,,SALES_DROP,0.0380434782608695
2025-10-24,7.146569951686672e+18,WEBBER NATURALS高纯度深海鱼油omega3欧米伽3成人健身鱼油120粒D-默认-(DYWEB625273090086),1,26.142857142857142,,SALES_DROP,0.0382513661202185
2025-07-04,	7142731245833732390,WebberNaturals进口儿童鱼油欧米伽3高DHA爆浆深海鱼油120粒 1岁+-默认-(DYWEB625273090185),1,26.0,,SALES_DROP,0.0384615384615384
2025-04-06,,【官方直播】加拿大伟博儿童鱼油高脑力DHA无腥可嚼软胶囊120粒/瓶-1瓶装,1,25.857142857142858,,SALES_DROP,0.0386740331491712
2025-04-13,	-,【官方直播】加拿大伟博儿童鱼油高脑力DHA无腥可嚼软胶囊120粒/瓶-1瓶装,1,25.714285714285715,,SALES_DROP,0.0388888888888888
2025-04-18,	7054785415521419523,Webber Naturals儿童鱼油150mg高DHA香橙味omega3脑黄金120粒6岁+-默认-(DYWEB625273033496),1,24.285714285714285,,SALES_DROP,0.0411764705882352
2025-03-29,7.199138110997873e+18,Webber   Naturals伟博维生素C1000毫克150粒/瓶（效期至25年9月）-默认-(DYWEB625273032727),2,48.285714285714285,,SALES_DROP,0.0414201183431952
2025-10-03,,【官方直播】WebberNaturals伟博深海鱼油1100mg高纯度Omega3 120粒-两瓶装【8个月的量】-(625273090086*2),3,72.0,,SALES_DROP,0.0416666666666666
2025-10-21,7.146569951686672e+18,WEBBER NATURALS高纯度深海鱼油omega3欧米伽3成人健身鱼油120粒D-默认-(DYWEB625273090086),1,24.0,,SALES_DROP,0.0416666666666666
2025-08-29,	7146569951686672673,【董先生专属】WEBBER NATURALS高纯度深海鱼油omega3欧米伽3成人健身鱼油120粒-默认-(DYWEB625273090086),1,23.571428571428573,,SALES_DROP,0.0424242424242424
2025-11-08,7.146569951686672e+18,WEBBER NATURALS高纯度深海鱼油omega3欧米伽3成人健身鱼油120粒D-默认-(DYWEB625273090086),1,23.571428571428573,,SALES_DROP,0.0424242424242424
2025-04-01,	7199138110997872936,Webber   Naturals伟博维生素C1000毫克150粒/瓶（效期至25年9月）-默认-(DYWEB625273032727),2,47.142857142857146,,SALES_DROP,0.0424242424242424
2025-08-30,	7146569951686672673,【董先生专属】WEBBER NATURALS高纯度深海鱼油omega3欧米伽3成人健身鱼油120粒-默认-(DYWEB625273090086),1,23.0,,SALES_DROP,0.0434782608695652
2025-11-26,7.503765776017555e+18,WEBBER NATURALS茶氨酸加纳籽褪黑素香蜂草草本5重配方安睡宝10粒-默认-(DYWEB990312500179),1,22.857142857142858,,SALES_DROP,0.04375
2025-04-07,,伟博Osteo氨糖软骨素MSM 高端关节修护30粒（效期至25年7月）-1瓶装,1,22.857142857142858,,SALES_DROP,0.04375
2025-04-19,7.05478541552142e+18,Webber Naturals儿童鱼油150mg高DHA香橙味omega3脑黄金120粒6岁+-默认-(DYWEB625273033496),1,22.571428571428573,,SALES_DROP,0.0443037974683544
2025-04-18,7.05478541552142e+18,Webber Naturals儿童鱼油150mg高DHA香橙味omega3脑黄金120粒6岁+-默认-(DYWEB625273033496),1,22.428571428571427,,SALES_DROP,0.0445859872611465
2025-04-10,,伟博Osteo氨糖软骨素MSM 高端关节修护30粒（效期至25年7月）-1瓶装,2,44.85714285714285,,SALES_DROP,0.0445859872611465
2025-09-14,7.481121574674874e+18,伟博天然进口辅酶Q10胶囊100mg 成人心脏活力60粒（效期至26年6月）-默认-(DYWEB628347570705),1,22.428571428571427,,SALES_DROP,0.0445859872611465
2025-03-30,7.199138110997873e+18,Webber   Naturals伟博维生素C1000毫克150粒/瓶（效期至25年9月）-默认-(DYWEB625273032727),2,44.285714285714285,,SALES_DROP,0.0451612903225806
2025-10-28,	7146569951686672673,WEBBER NATURALS高纯度深海鱼油omega3欧米伽3成人健身鱼油120粒D-默认-(DYWEB625273090086),1,22.142857142857142,,SALES_DROP,0.0451612903225806
2025-03-27,7.142731245833732e+18, webber naturals伟博天然进口儿童鱼油高脑力DHA软胶囊120粒 d-默认-(DYWEB625273090185),1,22.0,,SALES_DROP,0.0454545454545454
2025-04-10,,伟博天然进口辅酶Q10胶囊100mg 成人心脏活力60粒（效期至26年5月）-3瓶装,2,43.71428571428572,,SALES_DROP,0.0457516339869281
2025-03-27,,伟博天然进口辅酶Q10胶囊100mg 成人心脏活力60粒（效期至26年6月）-1瓶装,1,21.857142857142858,,SALES_DROP,0.0457516339869281
2025-03-27,	7142731245833732390, webber naturals伟博天然进口儿童鱼油高脑力DHA软胶囊120粒 d-默认-(DYWEB625273090185),1,21.428571428571427,,SALES_DROP,0.0466666666666666
2025-04-07,,伟博Osteo氨糖软骨素MSM 高端关节修护30粒（效期至25年7月）-3瓶,1,21.428571428571427,,SALES_DROP,0.0466666666666666
2025-04-07,,伟博天然进口辅酶Q10胶囊100mg 成人心脏活力60粒（效期至26年6月）-1瓶装,1,21.285714285714285,,SALES_DROP,0.046979865771812
2025-04-07,,伟博精粹金CO2提纯1100mg4倍含量omega3成人心脑欧米伽3鱼油120粒-3瓶装,1,21.285714285714285,,SALES_DROP,0.046979865771812
2025-04-09,,【官方直播】加拿大伟博Webber儿童鱼油高DHAOmega-3甜橙味120粒/瓶-2瓶装,2,42.285714285714285,,SALES_DROP,0.0472972972972973
2025-07-01,7.05478541552142e+18,Webber Naturals儿童鱼油150mg高DHA香橙味omega3脑黄金120粒6岁+-默认-(DYWEB625273033496),1,21.142857142857142,,SALES_DROP,0.0472972972972973
2025-04-09,,【官方直播】加拿大伟博Webber鱼油500mgOmega3+D3青少年 100粒/瓶-2瓶装,2,42.142857142857146,,SALES_DROP,0.047457627118644
2025-04-10,	-,伟博Osteo氨糖软骨素MSM 高端关节修护30粒（效期至25年7月）-1瓶装,2,41.85714285714285,,SALES_DROP,0.0477815699658703
2025-10-11,,【徐冬冬专属】WEBBER NATURALS高纯度深海鱼油omega3欧米伽3成人健身鱼油120粒-鱼油120粒*1瓶装【赠100mg辅酶60粒一瓶】-(625273090086*1+628347570705*1),1,20.714285714285715,,SALES_DROP,0.0482758620689655
2025-10-11,,【美彤专属】【儿童拍】WebberNaturals伟博小金盾小颗粒深海儿童鱼油+D3 60粒-【儿童拍】2瓶装（送一瓶40mg叶黄素）-(625273071634*2+625273070255*1),1,20.714285714285715,,SALES_DROP,0.0482758620689655
2025-01-11,	7142731245833732390,伟博天然进口儿童鱼油高脑力DHA软胶囊120粒/瓶-默认-(DYWEB625273090185),1,20.428571428571427,,SALES_DROP,0.0489510489510489
2025-10-12,,【官方直播】WebberNaturals伟博深海鱼油1100mg高纯度Omega3 120粒-三瓶装【1年的量】-(625273090086*3),1,20.428571428571427,,SALES_DROP,0.0489510489510489
2025-04-13,,【官方直播】加拿大伟博儿童鱼油高脑力DHA无腥可嚼软胶囊120粒/瓶-2瓶装,2,40.142857142857146,,SALES_DROP,0.0498220640569395
2025-04-12,,伟博天然进口辅酶Q10胶囊100mg 成人心脏活力60粒（效期至26年5月）-1瓶装,2,39.85714285714285,,SALES_DROP,0.050179211469534
2025-07-03,	7142731245833732390,WebberNaturals进口儿童鱼油欧米伽3高DHA爆浆深海鱼油120粒 1岁+-默认-(DYWEB625273090185),2,39.85714285714285,,SALES_DROP,0.050179211469534
2025-11-09,7.146569951686672e+18,WEBBER NATURALS高纯度深海鱼油omega3欧米伽3成人健身鱼油120粒D-默认-(DYWEB625273090086),1,19.571428571428573,,SALES_DROP,0.0510948905109489
2025-10-11,	-,伟博天然进口儿童鱼油高脑力DHA软胶囊120粒/瓶-2瓶装-(625273090185*2),1,19.571428571428573,,SALES_DROP,0.0510948905109489
2025-09-07,7.144930821143691e+18,WEBBER NATURALS南非醉茄KSM66 3600mg降低皮质醇缓压促睡眠120粒-默认-(DYWEB625273052640),1,19.428571428571427,,SALES_DROP,0.0514705882352941
2025-04-10,	-,【官方直播】加拿大伟博Webber鱼油500mgOmega3+D3青少年 100粒/瓶-3瓶装,1,19.142857142857142,,SALES_DROP,0.0522388059701492
2025-09-15,7.146569951686672e+18,WEBBER NATURALS高纯度深海鱼油omega3欧米伽3成人健身鱼油120粒D-默认-(DYWEB625273090086),1,19.0,,SALES_DROP,0.0526315789473684
2025-04-19,	7054785415521419523,Webber Naturals儿童鱼油150mg高DHA香橙味omega3脑黄金120粒6岁+-默认-(DYWEB625273033496),1,19.0,,SALES_DROP,0.0526315789473684
2025-04-09,	-,【官方直播】加拿大伟博Webber鱼油500mgOmega3+D3青少年 100粒/瓶-2瓶装,2,38.0,,SALES_DROP,0.0526315789473684
2025-04-09,	-,伟博天然进口辅酶Q10胶囊100mg 成人心脏活力60粒（效期至26年6月）-3瓶装;Webber Naturals伟博维生素C1000毫克150粒/瓶（效期至25年9月）-1瓶装,2,37.85714285714285,,SALES_DROP,0.0528301886792452
2025-03-27,	-,WebberNaturals伟博进口叶黄素玉米黄素软胶囊呵护眼睛10mg60粒 z-伟博天然叶黄素玉米黄素软胶囊10mg*60粒*1,1,18.857142857142858,,SALES_DROP,0.053030303030303
2025-03-27,	-, webber naturals进口儿童鱼油高脑力DHA软胶囊120粒z-儿童鱼油高脑力DHA软胶囊120粒*1,1,18.857142857142858,,SALES_DROP,0.053030303030303
2025-04-09,	-,【官方直播】加拿大伟博Webber儿童鱼油高DHAOmega-3甜橙味120粒/瓶-2瓶装,2,37.42857142857143,,SALES_DROP,0.0534351145038167
2025-04-12,	-,伟博Osteo氨糖软骨素MSM 高端关节修护30粒（效期至25年7月）-1瓶装,1,18.714285714285715,,SALES_DROP,0.0534351145038167
2026-01-14,7.503765776017555e+18,	WEBBER NATURALS茶氨酸加纳籽褪黑素香蜂草草本5重配方安睡宝10粒,1,18.428571428571427,,SALES_DROP,0.0542635658914728
2025-08-25,7.144930821143691e+18,WEBBER NATURALS南非醉茄KSM66 3600mg降低皮质醇缓压促睡眠120粒-默认-(DYWEB625273052640),1,18.285714285714285,,SALES_DROP,0.0546875
2025-03-26,7.22322261258199e+18,伟博天然高浓度奶蓟草熬夜养肝胶囊250mg(效期至25年7月)-默认-(DYWEB625273090178),1,18.0,,SALES_DROP,0.0555555555555555
2025-11-05,	7146569951686672673,WEBBER NATURALS高纯度深海鱼油omega3欧米伽3成人健身鱼油120粒D-默认-(DYWEB625273090086),1,18.0,,SALES_DROP,0.0555555555555555
2025-04-07,	-,伟博Osteo氨糖软骨素MSM 高端关节修护30粒（效期至25年7月）-1瓶装,1,17.857142857142858,,SALES_DROP,0.056
2025-04-07,	-,伟博Osteo氨糖软骨素MSM 高端关节修护30粒（效期至25年7月）-3瓶,1,17.857142857142858,,SALES_DROP,0.056
2025-04-07,	-, webber naturals伟博胶原蛋白与神经酰胺生物活性胶原肽120片z-抗皱胶原蛋白+神经酰胺120粒*1,1,17.857142857142858,,SALES_DROP,0.056
2025-03-27,	-,【官方直播】WebberNaturals伟博深海鱼油1390mg高纯度Omega3 120粒-3瓶装,1,17.714285714285715,,SALES_DROP,0.0564516129032258
2025-04-07,,【3瓶装】加拿大伟博天然小分子胶原蛋白多肽粉150g/瓶-【3瓶组合装】,1,17.285714285714285,,SALES_DROP,0.0578512396694214
2025-03-30,	-,伟博天然进口辅酶Q10胶囊100mg 成人心脏活力60粒（效期至26年6月）-3瓶装,1,17.285714285714285,,SALES_DROP,0.0578512396694214
2025-10-01,	7124611154185519400,WEBBER NATURALS500mg Omega-3深海鱼油添加D3青少年鱼油100粒/瓶-默认-(DYWEB625273090291),1,17.285714285714285,,SALES_DROP,0.0578512396694214
2025-10-21,	7146569951686672673,WEBBER NATURALS高纯度深海鱼油omega3欧米伽3成人健身鱼油120粒D-默认-(DYWEB625273090086),1,17.285714285714285,,SALES_DROP,0.0578512396694214
2025-10-01,7.124611154185519e+18,WEBBER NATURALS500mg Omega-3深海鱼油添加D3青少年鱼油100粒/瓶-默认-(DYWEB625273090291),1,17.285714285714285,,SALES_DROP,0.0578512396694214
2025-07-03,7.05478541552142e+18,Webber Naturals儿童鱼油150mg高DHA香橙味omega3脑黄金120粒6岁+-默认-(DYWEB625273033496),1,17.285714285714285,,SALES_DROP,0.0578512396694214
2025-03-30,,【官方直播】加拿大伟博儿童鱼油高脑力DHA无腥可嚼软胶囊120粒/瓶-1瓶装,1,17.285714285714285,,SALES_DROP,0.0578512396694214
2025-03-30,,【官方直播】加拿大伟博深海鱼油1390mg高纯度Omega3-两瓶装组合,1,17.285714285714285,,SALES_DROP,0.0578512396694214
2025-03-30,	-,【YY专属】Webber Naturals伟博维生素C1000毫克150粒/瓶（效期至25年9月）-3瓶装,1,17.285714285714285,,SALES_DROP,0.0578512396694214
2025-04-07,,【官方直播】加拿大伟博Webber鱼油500mgOmega3+D3青少年 100粒/瓶-2瓶装,1,17.142857142857142,,SALES_DROP,0.0583333333333333
2025-04-05,	-,【官方直播】加拿大伟博Webber儿童鱼油高DHAOmega-3甜橙味120粒/瓶-2瓶装,1,17.142857142857142,,SALES_DROP,0.0583333333333333
2025-03-27,	7142731245833732390,伟博天然进口儿童鱼油高脑力DHA软胶囊120粒/瓶-默认-(DYWEB625273090185),1,17.142857142857142,,SALES_DROP,0.0583333333333333
2025-03-30,,Webber naturals伟博深海鱼油1100mg高纯度Omega3 120粒 z-1瓶装,1,17.142857142857142,,SALES_DROP,0.0583333333333333
2025-03-30,,【2瓶】Webber Naturals伟博维生素C1000毫克150粒（效期至25年9月） -2瓶装,1,17.142857142857142,,SALES_DROP,0.0583333333333333
2025-04-05,	-,【官方直播】加拿大伟博Webber儿童鱼油高DHAOmega-3甜橙味120粒/瓶-3瓶装,1,17.142857142857142,,SALES_DROP,0.0583333333333333
2025-06-25,7.142731245833732e+18,【子豪专属】WebberNaturals进口儿童鱼油欧米伽3高DHA爆浆深海鱼油120粒 1岁+-默认-(DYWEB625273090185),1,17.142857142857142,,SALES_DROP,0.0583333333333333
2025-03-30,	-,【官方直播】加拿大伟博儿童鱼油高脑力DHA无腥可嚼软胶囊120粒/瓶-1瓶装,1,17.0,,SALES_DROP,0.0588235294117647
2025-10-26,	7146569951686672673,WEBBER NATURALS高纯度深海鱼油omega3欧米伽3成人健身鱼油120粒D-默认-(DYWEB625273090086),1,16.857142857142858,,SALES_DROP,0.059322033898305
2025-04-05,	-,【官方直播】加拿大伟博Webber鱼油500mgOmega3+D3青少年 100粒/瓶-3瓶装,1,16.714285714285715,,SALES_DROP,0.0598290598290598
2025-04-01,7.199138110997873e+18,Webber   Naturals伟博维生素C1000毫克150粒/瓶（效期至25年9月）-默认-(DYWEB625273032727),2,33.42857142857143,,SALES_DROP,0.0598290598290598
2025-06-18,7.142731245833732e+18,【子豪专属】WebberNaturals进口儿童鱼油欧米伽3高DHA爆浆深海鱼油120粒 1岁+-默认-(DYWEB625273090185),1,16.571428571428573,,SALES_DROP,0.0603448275862068
2025-03-10,7.11003268465066e+18,【效期至25年6月】webbernaturals伟博500mg维生素C胶囊60粒-默认-(625273076622),1,16.428571428571427,,SALES_DROP,0.0608695652173913
2025-08-25,	7144930821143691527,WEBBER NATURALS南非醉茄KSM66 3600mg降低皮质醇缓压促睡眠120粒-默认-(DYWEB625273052640),1,16.285714285714285,,SALES_DROP,0.0614035087719298
2025-11-03,7.146569951686672e+18,WEBBER NATURALS高纯度深海鱼油omega3欧米伽3成人健身鱼油120粒D-默认-(DYWEB625273090086),2,32.57142857142857,,SALES_DROP,0.0614035087719298
2025-08-26,7.144930821143691e+18,WEBBER NATURALS南非醉茄KSM66 3600mg降低皮质醇缓压促睡眠120粒-默认-(DYWEB625273052640),1,16.285714285714285,,SALES_DROP,0.0614035087719298
2025-03-13,7.142731245833732e+18,伟博天然进口儿童鱼油高脑力DHA软胶囊120粒/瓶-默认-(DYWEB625273090185),1,16.142857142857142,,SALES_DROP,0.0619469026548672
2024-12-30,	7142731245833732390,伟博天然进口儿童鱼油高脑力DHA软胶囊120粒/瓶-默认-(DYWEB625273090185),1,16.0,,SALES_DROP,0.0625
2025-04-16,7.146569951686672e+18,伟博精粹金CO2提纯1100mg4倍含量omega3成人心脑欧鱼油120粒 S-默认-(DYWEB625273090086),1,16.0,,SALES_DROP,0.0625
2025-03-19,	7142731245833732390,伟博天然进口儿童鱼油高脑力DHA软胶囊120粒/瓶-默认-(DYWEB625273090185),1,15.857142857142858,,SALES_DROP,0.063063063063063
2025-11-16,7.146569951686672e+18,WEBBER NATURALS高纯度深海鱼油omega3欧米伽3成人健身鱼油120粒D-默认-(DYWEB625273090086),2,31.714285714285715,,SALES_DROP,0.063063063063063
2025-03-27,7.142731245833732e+18,伟博天然进口儿童鱼油高脑力DHA软胶囊120粒/瓶-默认-(DYWEB625273090185),1,15.714285714285714,,SALES_DROP,0.0636363636363636
2025-04-16,	7146569951686672673,伟博精粹金CO2提纯1100mg4倍含量omega3成人心脑欧鱼油120粒 S-默认-(DYWEB625273090086),1,15.714285714285714,,SALES_DROP,0.0636363636363636
2025-11-17,7.146569951686672e+18,WEBBER NATURALS高纯度深海鱼油omega3欧米伽3成人健身鱼油120粒D-默认-(DYWEB625273090086),2,31.285714285714285,,SALES_DROP,0.0639269406392694
2025-03-13,	7142731245833732390,伟博天然进口儿童鱼油高脑力DHA软胶囊120粒/瓶-默认-(DYWEB625273090185),1,15.571428571428571,,SALES_DROP,0.0642201834862385
2025-03-27,,伟博Osteo氨糖软骨素MSM 高端关节修护30粒（效期至25年7月）-1瓶装,1,15.571428571428571,,SALES_DROP,0.0642201834862385
2025-03-29,,Webber naturals伟博深海鱼油1100mg高纯度Omega3 120粒 z-1瓶装,1,15.428571428571429,,SALES_DROP,0.0648148148148148
2025-04-22,	7054785415521419523,Webber Naturals儿童鱼油150mg高DHA香橙味omega3脑黄金120粒6岁+-默认-(DYWEB625273033496),1,15.428571428571429,,SALES_DROP,0.0648148148148148
2025-09-12,7.481121574674874e+18,伟博天然进口辅酶Q10胶囊100mg 成人心脏活力60粒（效期至26年6月）-默认-(DYWEB628347570705),1,15.428571428571429,,SALES_DROP,0.0648148148148148
2025-03-27,,【官方直播】加拿大伟博深海鱼油1390mg高纯度Omega3-两瓶装组合,1,15.428571428571429,,SALES_DROP,0.0648148148148148
2024-12-25,	7081192833746780446,webbernaturals辅酶Q10天然发酵免疫软胶囊60粒/瓶100mg营养-默认-(DYWEB625273038552),1,15.428571428571429,,SALES_DROP,0.0648148148148148
2025-04-05,	-,【鱼油+卵磷脂组合装】1100mg鱼油120粒+大豆卵磷脂胶囊1200mg180粒-1100mg鱼油120粒/瓶+大豆卵磷脂胶囊1200mg180粒/瓶,1,15.142857142857142,,SALES_DROP,0.0660377358490566
2025-04-12,,【官方直播】加拿大伟博儿童鱼油高脑力DHA无腥可嚼软胶囊120粒/瓶-1瓶装,2,30.285714285714285,,SALES_DROP,0.0660377358490566
2025-03-29,	-,伟博天然进口辅酶Q10胶囊100mg 成人心脏活力60粒（效期至26年6月）-3瓶装,1,15.0,,SALES_DROP,0.0666666666666666
2025-09-01,7.054785415521419e+18,WEBBER NATURALS儿童6岁+鱼油高DHA香橙味欧米伽3眼脑同步120粒-默认-(DYWEB625273033496),1,15.0,,SALES_DROP,0.0666666666666666
2025-03-29,	-,伟博Osteo氨糖软骨素MSM 高端关节修护30粒（效期至25年7月）-1瓶装,1,15.0,,SALES_DROP,0.0666666666666666
2025-04-10,,伟博天然进口辅酶Q10胶囊100mg 成人心脏活力60粒（效期至26年5月）-1瓶装,3,44.71428571428572,,SALES_DROP,0.0670926517571885
2025-03-30,,【YY专属】Webber Naturals伟博维生素C1000毫克150粒/瓶（效期至25年9月）-3瓶装,1,14.857142857142858,,SALES_DROP,0.0673076923076923
2025-04-07,	-,【3瓶装】加拿大伟博天然小分子胶原蛋白多肽粉150g/瓶-【3瓶组合装】,1,14.857142857142858,,SALES_DROP,0.0673076923076923
2026-01-07,7.077809856803226e+18,	WEBBER NATURALS3倍深海鱼油欧米伽3成人健身无鱼腥DNA鱼油200粒,1,14.857142857142858,,SALES_DROP,0.0673076923076923
2025-04-13,7.142731245833732e+18,伟博天然进口儿童鱼油高脑力DHA软胶囊120粒/瓶-默认-(DYWEB625273090185),2,29.571428571428573,,SALES_DROP,0.0676328502415458
2025-04-22,7.05478541552142e+18,Webber Naturals儿童鱼油150mg高DHA香橙味omega3脑黄金120粒6岁+-默认-(DYWEB625273033496),1,14.714285714285714,,SALES_DROP,0.0679611650485436
2025-10-05,	7146569951686672673,WEBBER NATURALS高纯度深海鱼油omega3欧米伽3成人健身鱼油120粒D-默认-(DYWEB625273090086),1,14.714285714285714,,SALES_DROP,0.0679611650485436
2025-04-13,	7142731245833732390,伟博天然进口儿童鱼油高脑力DHA软胶囊120粒/瓶-默认-(DYWEB625273090185),2,29.142857142857142,,SALES_DROP,0.0686274509803921
2025-09-14,7.146569951686672e+18,WEBBER NATURALS高纯度深海鱼油omega3欧米伽3成人健身鱼油120粒D-默认-(DYWEB625273090086),1,14.571428571428571,,SALES_DROP,0.0686274509803921
2025-03-27,7.22322261258199e+18,伟博天然高浓度奶蓟草熬夜养肝胶囊250mg(效期至25年7月)-默认-(DYWEB625273090178),1,14.428571428571429,,SALES_DROP,0.0693069306930693
2025-12-01,7.054785415521419e+18,【达人专属】WEBBER NATURALS6岁+儿童鱼油高DHA香橙味欧米伽3眼脑同步120粒-默认-(DYWEB625273033496),1,14.285714285714286,,SALES_DROP,0.0699999999999999
2025-03-04,	7427011616899940648,Webber伟博 Osteo氨糖软骨素MSM添加乳香姜黄素高端关节修护30粒-默认-(625273090321),1,14.285714285714286,,SALES_DROP,0.0699999999999999
2025-03-26,7.329414437553848e+18,【春蚕专属】Webber Naturals伟博天然高纯度1390mg深海精粹鱼油软胶囊60粒/瓶-默认-(DYWEB625273090420),1,14.285714285714286,,SALES_DROP,0.0699999999999999
2025-11-27,7.146569951686672e+18,WEBBER NATURALS高纯度深海鱼油omega3欧米伽3成人健身鱼油120粒D-默认-(DYWEB625273090086),1,14.142857142857142,,SALES_DROP,0.0707070707070707
2025-03-31,,WebberNaturals伟博天然高纯度1390mg深海精粹鱼油软胶囊60粒/瓶s-60粒*1瓶【2个月量】,1,14.142857142857142,,SALES_DROP,0.0707070707070707
2025-09-23,	7124611154185519400,WEBBER NATURALS500mg Omega-3深海鱼油添加D3青少年鱼油100粒/瓶-默认-(DYWEB625273090291),2,28.285714285714285,,SALES_DROP,0.0707070707070707
2025-09-23,7.124611154185519e+18,WEBBER NATURALS500mg Omega-3深海鱼油添加D3青少年鱼油100粒/瓶-默认-(DYWEB625273090291),2,28.285714285714285,,SALES_DROP,0.0707070707070707
2025-03-26,	-,webber naturals伟博天然褪黑素片10毫克72粒z-褪黑素片10毫克72粒*1,1,14.142857142857142,,SALES_DROP,0.0707070707070707
2025-03-14,7.142731245833732e+18,伟博天然进口儿童鱼油高脑力DHA软胶囊120粒/瓶-默认-(DYWEB625273090185),1,14.0,,SALES_DROP,0.0714285714285714
2025-01-17,	7077809856803225896;7054785415630487840,WebberNaturals伟博深海鱼油900mg高纯度Omega3 DHA/EPA鱼油200粒-默认-(DYWEB625273052985);webber naturals宝宝儿童婴童维生素d3滴液D3滴剂120滴 3.6ml/瓶-默认-(DYWEB625273079319),2,28.0,,SALES_DROP,0.0714285714285714
2025-03-27,7.329414437553848e+18,【春蚕专属】Webber Naturals伟博天然高纯度1390mg深海精粹鱼油软胶囊60粒/瓶-默认-(DYWEB625273090420),1,14.0,,SALES_DROP,0.0714285714285714
2025-04-06,	-, webber naturals伟博胶原蛋白与神经酰胺生物活性胶原肽120片z-抗皱胶原蛋白+神经酰胺120粒*2,1,14.0,,SALES_DROP,0.0714285714285714
2024-12-26,	7054785415521419523,webbernaturals进口儿童鱼油高DHA青少年Omega-3甜橙味120粒/瓶-默认-(DYWEB625273033496),1,14.0,,SALES_DROP,0.0714285714285714
2025-03-31,,WebberNaturals伟博天然高纯度1390mg深海精粹鱼油软胶囊60粒/瓶s-120粒*2瓶【8个月量】,1,14.0,,SALES_DROP,0.0714285714285714
2025-04-07,	-,伟博精粹金CO2提纯1100mg4倍含量omega3成人心脑欧米伽3鱼油120粒-3瓶装,1,13.857142857142858,,SALES_DROP,0.0721649484536082
2025-04-06,	-,【官方直播】加拿大伟博Webber鱼油500mgOmega3+D3青少年 100粒/瓶-2瓶装,1,13.857142857142858,,SALES_DROP,0.0721649484536082
2025-04-07,,【官方直播】加拿大伟博儿童鱼油高脑力DHA无腥可嚼软胶囊120粒/瓶-1瓶装,1,13.857142857142858,,SALES_DROP,0.0721649484536082
2025-03-19,7.142731245833732e+18,伟博天然进口儿童鱼油高脑力DHA软胶囊120粒/瓶-默认-(DYWEB625273090185),1,13.857142857142858,,SALES_DROP,0.0721649484536082
2025-11-19,7.146569951686672e+18,WEBBER NATURALS高纯度深海鱼油omega3欧米伽3成人健身鱼油120粒D-默认-(DYWEB625273090086),2,27.428571428571427,,SALES_DROP,0.0729166666666666
2025-04-07,	-,【官方直播】加拿大伟博儿童鱼油高脑力DHA无腥可嚼软胶囊120粒/瓶-1瓶装,1,13.714285714285714,,SALES_DROP,0.0729166666666666
2025-09-01,7.144930821143691e+18,WEBBER NATURALS南非醉茄KSM66 3600mg降低皮质醇缓压促睡眠120粒-默认-(DYWEB625273052640),1,13.714285714285714,,SALES_DROP,0.0729166666666666
2025-06-19,7.448837780370702e+18,Webber Naturals伟博天然叶黄素40毫克 30粒 呵护眼睛-默认-(DYWEB625273070255),1,13.714285714285714,,SALES_DROP,0.0729166666666666
2025-09-27,	7144930821143691527,WEBBER NATURALS南非醉茄KSM66 3600mg降低皮质醇缓压促睡眠120粒-默认-(DYWEB625273052640),1,13.571428571428571,,SALES_DROP,0.0736842105263158
2025-07-03,	7124611154185519400,Webber naturals伟博深海鱼油500mgOmega3+D3青少年补脑 100粒/瓶-默认-(DYWEB625273090291),1,13.571428571428571,,SALES_DROP,0.0736842105263158
2025-09-27,7.144930821143691e+18,WEBBER NATURALS南非醉茄KSM66 3600mg降低皮质醇缓压促睡眠120粒-默认-(DYWEB625273052640),1,13.571428571428571,,SALES_DROP,0.0736842105263158
2025-10-13,,WEBBER NATURALS伟博天然高纯度1390mg深海精粹鱼油软胶囊60粒/瓶-120粒*1瓶【4个月量】-(625273090086*1),1,13.571428571428571,,SALES_DROP,0.0736842105263158
2025-10-04,7.054785415521419e+18,WEBBER NATURALS儿童6岁+鱼油高DHA香橙味欧米伽3眼脑同步120粒-默认-(DYWEB625273033496),1,13.571428571428571,,SALES_DROP,0.0736842105263158
2025-04-12,	-,【官方直播】加拿大伟博儿童鱼油高脑力DHA无腥可嚼软胶囊120粒/瓶-1瓶装,2,27.0,,SALES_DROP,0.074074074074074
2025-10-13,	-,Webber Naturals伟博天然阳光小金盾小颗粒深海儿童鱼油+D3 60粒-2瓶装-(625273071634*2),1,13.428571428571429,,SALES_DROP,0.0744680851063829
2025-09-01,	7054785415521419523,WEBBER NATURALS儿童6岁+鱼油高DHA香橙味欧米伽3眼脑同步120粒-默认-(DYWEB625273033496),1,13.428571428571429,,SALES_DROP,0.0744680851063829
2025-10-13,,Webber Naturals伟博天然阳光小金盾小颗粒深海儿童鱼油+D3 60粒-2瓶装-(625273071634*2),1,13.428571428571429,,SALES_DROP,0.0744680851063829
2025-03-02,7.12461115418552e+18,Webber naturals伟博深海鱼油500mgOmega3+D3青少年补脑 100粒/瓶-默认-(DYWEB625273090291),1,13.428571428571429,,SALES_DROP,0.0744680851063829
2025-03-14,	7142731245833732390,伟博天然进口儿童鱼油高脑力DHA软胶囊120粒/瓶-默认-(DYWEB625273090185),1,13.285714285714286,,SALES_DROP,0.075268817204301
2025-11-13,7.054785415521419e+18,【进博会专属 】伟博天然6岁+儿童鱼油高DHA欧米伽3香橙味120粒-默认-(DYWEB625273033496),1,13.285714285714286,,SALES_DROP,0.075268817204301
2025-10-05,7.146569951686672e+18,WEBBER NATURALS高纯度深海鱼油omega3欧米伽3成人健身鱼油120粒D-默认-(DYWEB625273090086),1,13.142857142857142,,SALES_DROP,0.0760869565217391
2025-06-24,7.11003268465066e+18,WebberNaturals伟博天然500mg维生素C胶囊60粒 -默认-(625273076622),1,13.142857142857142,,SALES_DROP,0.0760869565217391
2025-03-26,	7329414437553848576;7427011616899940648,Webber Naturals伟博天然高纯度1390mg深海精粹鱼油软胶囊60粒/瓶-默认-(DYWEB625273090420);Webber伟博 Osteo氨糖软骨素MSM添加乳香姜黄素高端关节修护30粒-默认-(625273090321),2,26.0,,SALES_DROP,0.0769230769230769
2025-03-06,7.12461115418552e+18,Webber naturals伟博深海鱼油500mgOmega3+D3青少年补脑 100粒/瓶-默认-(DYWEB625273090291),1,13.0,,SALES_DROP,0.0769230769230769
2025-04-08,,【3瓶装】加拿大伟博天然小分子胶原蛋白多肽粉150g/瓶-【3瓶组合装】,1,13.0,,SALES_DROP,0.0769230769230769
2025-09-01,	7144930821143691527,WEBBER NATURALS南非醉茄KSM66 3600mg降低皮质醇缓压促睡眠120粒-默认-(DYWEB625273052640),1,12.857142857142858,,SALES_DROP,0.0777777777777777
2025-11-06,7.054785415521419e+18,【进博会专属 】伟博天然6岁+儿童鱼油高DHA欧米伽3香橙味120粒-默认-(DYWEB625273033496),1,12.857142857142858,,SALES_DROP,0.0777777777777777
2025-03-23,	7223222612581990715,【效期至25年7月】伟博天然高浓度奶蓟草熬夜养肝胶囊250mg护肝片-默认-(DYWEB625273090178),1,12.857142857142858,,SALES_DROP,0.0777777777777777
2025-09-23,7.146569951686672e+18,WEBBER NATURALS高纯度深海鱼油omega3欧米伽3成人健身鱼油120粒D-默认-(DYWEB625273090086),1,12.857142857142858,,SALES_DROP,0.0777777777777777
2025-10-14,	-,【徐冬冬专属】WEBBER NATURALS高纯度深海鱼油omega3欧米伽3成人健身鱼油120粒-鱼油120粒*1瓶装【赠100mg辅酶60粒一瓶】-(625273090086*1+628347570705*1),1,12.857142857142858,,SALES_DROP,0.0777777777777777
2025-04-13,	-,【官方直播】加拿大伟博儿童鱼油高脑力DHA无腥可嚼软胶囊120粒/瓶-2瓶装,2,25.571428571428573,,SALES_DROP,0.0782122905027933
2025-02-22,	7146569951686672673,【效期至27年10月】Webber naturals伟博高纯度Omega3鱼油120粒/瓶S-默认-(DYWEB625273090086),1,12.714285714285714,,SALES_DROP,0.0786516853932584
2025-03-03,7.142731245833732e+18,伟博天然进口儿童鱼油高脑力DHA软胶囊120粒/瓶-默认-(DYWEB625273090185),1,12.714285714285714,,SALES_DROP,0.0786516853932584
2025-08-23,7.329414437553848e+18,WEBBER NATURALS高纯度深海鱼油omega-3欧米伽3成人健身鱼油60粒-默认-(DYWEB625273090420),1,12.714285714285714,,SALES_DROP,0.0786516853932584
2025-08-23,	7329414437553848576,WEBBER NATURALS高纯度深海鱼油omega-3欧米伽3成人健身鱼油60粒-默认-(DYWEB625273090420),1,12.714285714285714,,SALES_DROP,0.0786516853932584
2025-02-22,7.146569951686672e+18,【效期至27年10月】Webber naturals伟博高纯度Omega3鱼油120粒/瓶S-默认-(DYWEB625273090086),1,12.714285714285714,,SALES_DROP,0.0786516853932584
2025-03-02,	7124611154185519400,Webber naturals伟博深海鱼油500mgOmega3+D3青少年补脑 100粒/瓶-默认-(DYWEB625273090291),1,12.714285714285714,,SALES_DROP,0.0786516853932584
2025-08-24,	7329414437553848576,WEBBER NATURALS高纯度深海鱼油omega-3欧米伽3成人健身鱼油60粒-默认-(DYWEB625273090420),1,12.571428571428571,,SALES_DROP,0.0795454545454545
2025-10-06,	7146569951686672673,WEBBER NATURALS高纯度深海鱼油omega3欧米伽3成人健身鱼油120粒D-默认-(DYWEB625273090086),1,12.571428571428571,,SALES_DROP,0.0795454545454545
2025-09-23,	7146569951686672673,WEBBER NATURALS高纯度深海鱼油omega3欧米伽3成人健身鱼油120粒D-默认-(DYWEB625273090086),1,12.571428571428571,,SALES_DROP,0.0795454545454545
2025-08-24,7.329414437553848e+18,WEBBER NATURALS高纯度深海鱼油omega-3欧米伽3成人健身鱼油60粒-默认-(DYWEB625273090420),1,12.571428571428571,,SALES_DROP,0.0795454545454545
2025-04-08,	-,【官方直播】加拿大伟博Webber儿童鱼油高DHAOmega-3甜橙味120粒/瓶-2瓶装,1,12.571428571428571,,SALES_DROP,0.0795454545454545
2025-10-01,7.448836024085742e+18,Webber Naturals伟博天然阳光小金盾小颗粒深海儿童鱼油+D3 60粒-默认-(DYWEB625273071634),1,12.428571428571429,,SALES_DROP,0.0804597701149425
2025-03-12,7.329414437553848e+18,【春蚕专属】Webber Naturals伟博天然高纯度1390mg深海精粹鱼油软胶囊60粒/瓶-默认-(DYWEB625273090420),1,12.428571428571429,,SALES_DROP,0.0804597701149425
2025-10-01,	7448836024085741839,Webber Naturals伟博天然阳光小金盾小颗粒深海儿童鱼油+D3 60粒-默认-(DYWEB625273071634),1,12.428571428571429,,SALES_DROP,0.0804597701149425
2025-12-05,7.11003268465066e+18,	WebberNaturals伟博天然500mg维生素C胶囊60粒,2,24.857142857142858,,SALES_DROP,0.0804597701149425
2025-03-03,	7142731245833732390,伟博天然进口儿童鱼油高脑力DHA软胶囊120粒/瓶-默认-(DYWEB625273090185),1,12.428571428571429,,SALES_DROP,0.0804597701149425
2025-03-07,7.12461115418552e+18,Webber naturals伟博深海鱼油500mgOmega3+D3青少年补脑 100粒/瓶-默认-(DYWEB625273090291),1,12.428571428571429,,SALES_DROP,0.0804597701149425
2025-07-05,	7142731245833732390,【子豪专属】WebberNaturals进口儿童鱼油欧米伽3高DHA爆浆深海鱼油120粒 1岁+-默认-(DYWEB625273090185),1,12.428571428571429,,SALES_DROP,0.0804597701149425
2025-03-11,7.329414437553848e+18,【春蚕专属】Webber Naturals伟博天然高纯度1390mg深海精粹鱼油软胶囊60粒/瓶-默认-(DYWEB625273090420),1,12.428571428571429,,SALES_DROP,0.0804597701149425
2025-03-06,	7124611154185519400,Webber naturals伟博深海鱼油500mgOmega3+D3青少年补脑 100粒/瓶-默认-(DYWEB625273090291),1,12.285714285714286,,SALES_DROP,0.0813953488372093
2025-06-27,7.05478541552142e+18,【子豪专属】Webber Naturals儿童鱼油150mg高DHA香橙味omega3脑黄金120粒6岁+-默认-(DYWEB625273033496),1,12.285714285714286,,SALES_DROP,0.0813953488372093
2025-10-06,7.146569951686672e+18,WEBBER NATURALS高纯度深海鱼油omega3欧米伽3成人健身鱼油120粒D-默认-(DYWEB625273090086),1,12.285714285714286,,SALES_DROP,0.0813953488372093
2025-04-05,	-,【效期至2027.7.29】加拿大伟博天然安睡宝 茶氨酸褪黑素45粒/瓶-褪黑素45粒*1,1,12.285714285714286,,SALES_DROP,0.0813953488372093
2025-11-06,7.146569951686672e+18,WEBBER NATURALS高纯度深海鱼油omega3欧米伽3成人健身鱼油120粒D-默认-(DYWEB625273090086),3,36.85714285714285,,SALES_DROP,0.0813953488372093
2025-03-11,7.329414437553848e+18,【楚门OI专属】Webber Naturals伟博天然高纯度1390mg深海精粹鱼油软胶囊60粒/瓶-默认-(DYWEB625273090420),1,12.142857142857142,,SALES_DROP,0.0823529411764705
2025-11-14,7.054785415521419e+18,【进博会专属 】伟博天然6岁+儿童鱼油高DHA欧米伽3香橙味120粒-默认-(DYWEB625273033496),1,12.142857142857142,,SALES_DROP,0.0823529411764705
2025-12-06,7.510043339572445e+18,	WEBBER NATURALS3倍深海鱼油欧米伽3成人健身无鱼腥DNA鱼油200粒,1,12.142857142857142,,SALES_DROP,0.0823529411764705
2025-04-06,,【官方直播】加拿大伟博儿童鱼油高脑力DHA无腥可嚼软胶囊120粒/瓶-2瓶装,2,24.285714285714285,,SALES_DROP,0.0823529411764705
2025-08-07,7.05478541563052e+18,伟博天然进口α硫辛酸胶囊100mg*60粒/瓶-默认-(DYWEB625273031287),1,12.142857142857142,,SALES_DROP,0.0823529411764705
2025-10-03,,【免疫力】进口500mg维生素C缓释胶囊60粒 效期到2026-06-30-3瓶装-(625273076622*3),6,72.57142857142857,,SALES_DROP,0.0826771653543307
2024-12-27,	7054785415521419523,webbernaturals进口儿童鱼油高DHA青少年Omega-3甜橙味120粒/瓶-默认-(DYWEB625273033496),1,12.0,,SALES_DROP,0.0833333333333333
2025-03-17,	7142731245833732390, webber naturals伟博天然进口儿童鱼油高脑力DHA软胶囊120粒 d-默认-(DYWEB625273090185),1,12.0,,SALES_DROP,0.0833333333333333
2025-10-14,	-,【美彤专属】【成人拍】WebberNaturals高纯度深海鱼油omega3成人健身鱼油120粒-【成人拍】1瓶装（送一瓶40mg叶黄素）-(625273090086*1+625273070255*1),1,12.0,,SALES_DROP,0.0833333333333333
2025-11-26,,【进博会专属】伟博天然进口深海鱼油1100mg高纯度Omega3 120粒-三瓶装【1年的量】-(625273090086*3),1,12.0,,SALES_DROP,0.0833333333333333
2025-03-17,7.142731245833732e+18, webber naturals伟博天然进口儿童鱼油高脑力DHA软胶囊120粒 d-默认-(DYWEB625273090185),1,12.0,,SALES_DROP,0.0833333333333333
2025-09-15,	7146569951686672673;7481121574674874687,WEBBER NATURALS高纯度深海鱼油omega3欧米伽3成人健身鱼油120粒D-默认-(DYWEB625273090086);伟博天然辅酶Q10胶囊100mg 成人心脏活力60粒 效期至26年5月30日-默认-(DYWEB628347570705),2,24.0,,SALES_DROP,0.0833333333333333
2025-10-03,	-,【美彤专属】【儿童拍】WebberNaturals伟博小金盾小颗粒深海儿童鱼油+D3 60粒-【儿童拍】2瓶装（送一瓶40mg叶黄素）-(625273071634*2+625273070255*1);【美彤专属】【成人拍】WebberNaturals高纯度深海鱼油omega3成人健身鱼油120粒-【成人拍】1瓶装（送一瓶40mg叶黄素）-(625273090086*1+625273070255*1),6,71.57142857142857,,SALES_DROP,0.0838323353293413
2025-09-19,7.146569951686672e+18,WEBBER NATURALS高纯度深海鱼油omega3欧米伽3成人健身鱼油120粒D-默认-(DYWEB625273090086),1,11.857142857142858,,SALES_DROP,0.0843373493975903
2025-09-29,7.146569951686672e+18,WEBBER NATURALS高纯度深海鱼油omega3欧米伽3成人健身鱼油120粒D-默认-(DYWEB625273090086),1,11.714285714285714,,SALES_DROP,0.0853658536585365
2025-10-05,7.448836024085742e+18,Webber Naturals伟博天然阳光小金盾小颗粒深海儿童鱼油+D3 60粒-默认-(DYWEB625273071634),1,11.714285714285714,,SALES_DROP,0.0853658536585365
2025-07-05,7.142731245833732e+18,【子豪专属】WebberNaturals进口儿童鱼油欧米伽3高DHA爆浆深海鱼油120粒 1岁+-默认-(DYWEB625273090185),1,11.714285714285714,,SALES_DROP,0.0853658536585365
2025-10-05,	7448836024085741839,Webber Naturals伟博天然阳光小金盾小颗粒深海儿童鱼油+D3 60粒-默认-(DYWEB625273071634),1,11.714285714285714,,SALES_DROP,0.0853658536585365
2025-03-07,	7124611154185519400,Webber naturals伟博深海鱼油500mgOmega3+D3青少年补脑 100粒/瓶-默认-(DYWEB625273090291),1,11.714285714285714,,SALES_DROP,0.0853658536585365
2025-01-20,7.05478541552142e+18,Webber Naturals儿童鱼油150mg高DHA香橙味omega3脑黄金120粒6岁+-默认-(DYWEB625273033496),1,11.571428571428571,,SALES_DROP,0.0864197530864197
2025-04-29,7.05478541552142e+18,Webber Naturals儿童鱼油150mg高DHA香橙味omega3脑黄金120粒6岁+-默认-(DYWEB625273033496),1,11.571428571428571,,SALES_DROP,0.0864197530864197
2025-04-01,	7329414437553848576;7427011616899940648,Webber Naturals伟博天然高纯度1390mg深海精粹鱼油软胶囊60粒/瓶-默认-(DYWEB625273090420);Webber伟博 Osteo氨糖软骨素MSM添加乳香姜黄素高端关节修护30粒-默认-(625273090321),2,22.857142857142858,,SALES_DROP,0.0875
2025-02-24,	7146569951686672673,【效期至27年10月】Webber naturals伟博高纯度Omega3鱼油120粒/瓶S-默认-(DYWEB625273090086),1,11.428571428571429,,SALES_DROP,0.0875
2025-02-24,7.146569951686672e+18,【效期至27年10月】Webber naturals伟博高纯度Omega3鱼油120粒/瓶S-默认-(DYWEB625273090086),1,11.428571428571429,,SALES_DROP,0.0875
2025-06-20,7.448837780370702e+18,Webber Naturals伟博天然叶黄素40毫克 30粒 呵护眼睛-默认-(DYWEB625273070255),1,11.428571428571429,,SALES_DROP,0.0875
2025-09-24,	7146569951686672673,WEBBER NATURALS高纯度深海鱼油omega3欧米伽3成人健身鱼油120粒D-默认-(DYWEB625273090086),1,11.428571428571429,,SALES_DROP,0.0875
2025-03-08,	7427011616899940648,Webber伟博 Osteo氨糖软骨素MSM添加乳香姜黄素高端关节修护30粒-默认-(625273090321),2,22.857142857142858,,SALES_DROP,0.0875
2025-01-24,	7077809856803225896;7054785415630487840,WebberNaturals伟博深海鱼油900mg高纯度Omega3 DHA/EPA鱼油200粒-默认-(DYWEB625273052985);webber naturals宝宝儿童婴童维生素d3滴液D3滴剂120滴 3.6ml/瓶-默认-(DYWEB625273079319),2,22.857142857142858,,SALES_DROP,0.0875
2025-01-02,	7142731245833732390,伟博天然进口儿童鱼油高脑力DHA软胶囊120粒/瓶-默认-(DYWEB625273090185),1,11.428571428571429,,SALES_DROP,0.0875
2025-07-03,7.05478541552142e+18,【子豪专属】Webber Naturals儿童鱼油150mg高DHA香橙味omega3脑黄金120粒6岁+-默认-(DYWEB625273033496),2,22.714285714285715,,SALES_DROP,0.0880503144654088
2025-01-20,	7054785415521419523,Webber Naturals儿童鱼油150mg高DHA香橙味omega3脑黄金120粒6岁+-默认-(DYWEB625273033496),1,11.285714285714286,,SALES_DROP,0.0886075949367088
2025-03-31,7.22322261258199e+18,伟博天然高浓度奶蓟草熬夜养肝胶囊250mg(效期至25年7月)-默认-(DYWEB625273090178),1,11.285714285714286,,SALES_DROP,0.0886075949367088
2025-03-20,7.199138110997873e+18,【二姐专属】Webber   Naturals伟博维生素C1000毫克150粒/瓶（效期至25年9月）-默认-(DYWEB625273032727),1,11.285714285714286,,SALES_DROP,0.0886075949367088
2025-12-23,7.146569951686672e+18,	WEBBER NATURALS高纯度深海鱼油omega3欧米伽3成人健身鱼油120粒D,1,11.285714285714286,,SALES_DROP,0.0886075949367088
2025-04-10,,【YY专属】Webber Naturals伟博维生素C1000毫克150粒/瓶（效期至25年9月）-3瓶装,4,45.142857142857146,,SALES_DROP,0.0886075949367088
2025-04-10,,伟博Osteo氨糖软骨素MSM 高端关节修护30粒（效期至25年7月）-3瓶,4,44.71428571428572,,SALES_DROP,0.0894568690095846
2025-04-03,	-,【YY专属】Webber Naturals伟博维生素C1000毫克150粒/瓶（效期至25年9月）-3瓶装,1,11.142857142857142,,SALES_DROP,0.0897435897435897
2025-01-13,	7146569951686672673,【效期至27年10月】Webber naturals伟博高纯度Omega3鱼油120粒/瓶S-默认-(DYWEB625273090086),1,11.142857142857142,,SALES_DROP,0.0897435897435897
2025-10-01,7.146569951686672e+18,WEBBER NATURALS高纯度深海鱼油omega3欧米伽3成人健身鱼油120粒D-默认-(DYWEB625273090086),1,11.142857142857142,,SALES_DROP,0.0897435897435897
2025-04-29,	7054785415521419523,Webber Naturals儿童鱼油150mg高DHA香橙味omega3脑黄金120粒6岁+-默认-(DYWEB625273033496),1,11.142857142857142,,SALES_DROP,0.0897435897435897
2025-01-15,	7081192833746780446,webbernaturals辅酶Q10天然发酵免疫软胶囊60粒/瓶100mg营养-默认-(DYWEB625273038552),1,11.142857142857142,,SALES_DROP,0.0897435897435897
2025-11-06,	7054785415521419523,WEBBER NATURALS6岁+儿童鱼油高DHA香橙味欧米伽3眼脑同步120粒-默认-(DYWEB625273033496),1,11.142857142857142,,SALES_DROP,0.0897435897435897
2025-12-04,7.054785415521419e+18,WEBBER NATURALS6岁+儿童鱼油高DHA香橙味欧米伽3眼脑同步120粒-默认-(DYWEB625273033496),1,11.0,,SALES_DROP,0.0909090909090909
2025-09-21,	-,Webber Naturals伟博天然阳光小金盾小颗粒深海儿童鱼油+D3 60粒-2瓶装-(625273071634*2),1,11.0,,SALES_DROP,0.0909090909090909
2025-03-31,	7223222612581990715,伟博天然高浓度奶蓟草熬夜养肝胶囊250mg(效期至25年7月)-默认-(DYWEB625273090178),1,11.0,,SALES_DROP,0.0909090909090909
2025-02-23,7.142731245833732e+18,伟博天然进口儿童鱼油高脑力DHA软胶囊120粒/瓶-默认-(DYWEB625273090185),1,11.0,,SALES_DROP,0.0909090909090909
2025-04-03,	-,伟博Osteo氨糖软骨素MSM 高端关节修护30粒（效期至25年7月）-3瓶,1,11.0,,SALES_DROP,0.0909090909090909
2025-09-21,	-,Webber Naturals伟博天然进口小分子胶原蛋白多肽粉150g z-胶原蛋白多肽粉150g*3-(625273036657*3),1,11.0,,SALES_DROP,0.0909090909090909
2025-09-21,	-,WebberNaturals伟博500mg维生素C胶囊60粒  效期到2026-06-30-3瓶装-(625273076622*3),1,11.0,,SALES_DROP,0.0909090909090909
2025-11-07,7.481121574674874e+18,伟博天然辅酶Q10胶囊100mg 成人心脏活力60粒 效期至26年5月30日-默认-(DYWEB628347570705),4,43.85714285714285,,SALES_DROP,0.0912052117263843
2025-03-27,,【YY专属】Webber Naturals伟博维生素C1000毫克150粒/瓶（效期至25年9月）-3瓶装,2,21.857142857142858,,SALES_DROP,0.0915032679738562
2025-03-12,7.11003268465066e+18,【效期至25年6月】webbernaturals伟博500mg维生素C胶囊60粒-默认-(625273076622),2,21.714285714285715,,SALES_DROP,0.0921052631578947
2025-11-03,	7481121574674874687,伟博天然辅酶Q10胶囊100mg 成人心脏活力60粒 效期至26年5月30日-默认-(DYWEB628347570705),1,10.857142857142858,,SALES_DROP,0.0921052631578947
2025-09-12,7.054785415521419e+18,WEBBER NATURALS儿童6岁+鱼油高DHA香橙味欧米伽3眼脑同步120粒-默认-(DYWEB625273033496),1,10.857142857142858,,SALES_DROP,0.0921052631578947
2025-09-21,	-,【官方直播】WebberNaturals 95%高纯度omega-3迷你深海鱼油30粒/瓶-1瓶试用装【不推荐】-(625273070781*1),1,10.857142857142858,,SALES_DROP,0.0921052631578947
2025-04-10,	-,【官方直播】WebberNaturals伟博深海鱼油1390mg高纯度Omega3 120粒-3瓶装,4,43.285714285714285,,SALES_DROP,0.0924092409240924
2025-03-31,	-,【鱼油+卵磷脂组合装】1100mg鱼油120粒+大豆卵磷脂胶囊1200mg180粒-1100mg鱼油120粒/瓶+大豆卵磷脂胶囊1200mg180粒/瓶,1,10.714285714285714,,SALES_DROP,0.0933333333333333
2025-03-30,,Webber naturals伟博深海鱼油900mg高纯度Omega3/DHA/EPA 200粒z-伟博油900mg深海鱼油200粒*1,1,10.714285714285714,,SALES_DROP,0.0933333333333333
2025-09-03,7.146569951686672e+18,WEBBER NATURALS高纯度深海鱼油omega3欧米伽3成人健身鱼油120粒D-默认-(DYWEB625273090086),1,10.714285714285714,,SALES_DROP,0.0933333333333333
2025-08-28,	7329414437553848576,Webber Naturals伟博天然高纯度1390mg深海精粹鱼油软胶囊60粒/瓶-默认-(DYWEB625273090420),1,10.714285714285714,,SALES_DROP,0.0933333333333333
2025-03-14,,【官方直播】WebberNaturals伟博深海鱼油1390mg高纯度Omega3 120粒-3瓶装,1,10.714285714285714,,SALES_DROP,0.0933333333333333
2025-05-11,7.146569951686672e+18,伟博精粹金CO2提纯1100mg4倍含量omega3成人心脑欧鱼油120粒 D-默认-(DYWEB625273090086),1,10.714285714285714,,SALES_DROP,0.0933333333333333
2025-10-07,	7146569951686672673,WEBBER NATURALS高纯度深海鱼油omega3欧米伽3成人健身鱼油120粒D-默认-(DYWEB625273090086),1,10.714285714285714,,SALES_DROP,0.0933333333333333
2025-08-28,7.329414437553848e+18,Webber Naturals伟博天然高纯度1390mg深海精粹鱼油软胶囊60粒/瓶-默认-(DYWEB625273090420),1,10.714285714285714,,SALES_DROP,0.0933333333333333
2025-10-04,	7054785415521419523,WEBBER NATURALS儿童6岁+鱼油高DHA香橙味欧米伽3眼脑同步120粒-默认-(DYWEB625273033496),1,10.714285714285714,,SALES_DROP,0.0933333333333333
2025-12-21,7.146569951686672e+18,	WEBBER NATURALS高纯度深海鱼油omega3欧米伽3成人健身鱼油120粒D,1,10.714285714285714,,SALES_DROP,0.0933333333333333
2025-04-23,7.05478541552142e+18,Webber Naturals儿童鱼油150mg高DHA香橙味omega3脑黄金120粒6岁+-默认-(DYWEB625273033496),1,10.714285714285714,,SALES_DROP,0.0933333333333333
2025-10-27,,伟博天然进口VB番茄红素锌硒钙水果多酚55+男士全营养素 30粒z-2瓶装-(625273079968*2),1,10.714285714285714,,SALES_DROP,0.0933333333333333
2025-03-07,7.11003268465066e+18,【效期至25年6月】webbernaturals伟博500mg维生素C胶囊60粒-默认-(625273076622),2,21.285714285714285,,SALES_DROP,0.0939597315436241
2025-04-11,	-,Webber Naturals伟博天然进口小分子胶原蛋白多肽粉150g z-胶原蛋白多肽粉150g*3,2,21.285714285714285,,SALES_DROP,0.0939597315436241
2025-04-09,,【官方直播】加拿大伟博儿童鱼油高脑力DHA无腥可嚼软胶囊120粒/瓶-2瓶装,4,42.42857142857143,,SALES_DROP,0.0942760942760942
2025-07-12,7.142731245833732e+18,【子豪专属】WEBBER NATURALS进口儿童鱼油欧米伽3高DHA爆浆深海鱼油120粒1岁+-默认-(DYWEB625273090185),1,10.571428571428571,,SALES_DROP,0.0945945945945946
2025-03-31,	-,WebberNaturals伟博天然高纯度1390mg深海精粹鱼油软胶囊60粒/瓶s-120粒*2瓶【8个月量】,1,10.571428571428571,,SALES_DROP,0.0945945945945946
2025-04-10,	-,【YY专属】Webber Naturals伟博维生素C1000毫克150粒/瓶（效期至25年9月）-3瓶装,4,42.142857142857146,,SALES_DROP,0.0949152542372881
2025-04-10,	-,伟博Osteo氨糖软骨素MSM 高端关节修护30粒（效期至25年7月）-3瓶,4,41.85714285714285,,SALES_DROP,0.0955631399317406
2025-10-08,7.146569951686672e+18,WEBBER NATURALS高纯度深海鱼油omega3欧米伽3成人健身鱼油120粒D-默认-(DYWEB625273090086),1,10.428571428571429,,SALES_DROP,0.0958904109589041
2025-11-28,7.481121574674874e+18,伟博天然辅酶Q10胶囊100mg 成人心脏活力60粒 效期至26年5月30日-默认-(DYWEB628347570705),1,10.428571428571429,,SALES_DROP,0.0958904109589041
2025-01-25,7.4469700355807e+18,【新年礼盒】Webber伟博天然高纯度Omega3精粹金鱼油120粒2瓶装礼盒-默认-(625273090086*2),1,10.428571428571429,,SALES_DROP,0.0958904109589041
2025-04-02,	7077809856803225896,Webber Naturals伟博维生素C1000毫克150粒/瓶（效期至25年9月）-1瓶装;WebberNaturals伟博深海鱼油900mg高纯度Omega3 DHA/EPA鱼油200粒-默认-(DYWEB625273052985),2,20.571428571428573,,SALES_DROP,0.0972222222222222
2025-11-08,7.054785415521419e+18,【进博会专属 】伟博天然6岁+儿童鱼油高DHA欧米伽3香橙味120粒-默认-(DYWEB625273033496),1,10.285714285714286,,SALES_DROP,0.0972222222222222
2025-06-28,7.05478541552142e+18,【子豪专属】Webber Naturals儿童鱼油150mg高DHA香橙味omega3脑黄金120粒6岁+-默认-(DYWEB625273033496),1,10.285714285714286,,SALES_DROP,0.0972222222222222
2025-11-23,7.054785415521419e+18,【官方直播 】伟博天然6岁+儿童鱼油高DHA欧米伽3香橙味120粒-默认-(DYWEB625273033496),1,10.285714285714286,,SALES_DROP,0.0972222222222222
2025-09-24,7.146569951686672e+18,WEBBER NATURALS高纯度深海鱼油omega3欧米伽3成人健身鱼油120粒D-默认-(DYWEB625273090086),1,10.285714285714286,,SALES_DROP,0.0972222222222222
2025-04-11,	-,伟博天然进口辅酶Q10胶囊100mg 成人心脏活力60粒（效期至26年5月）-1瓶装,3,30.714285714285715,,SALES_DROP,0.0976744186046511
2025-10-12,,【3瓶装】webber naturals胶原蛋白与神经酰胺生物活性胶原肽120片-【3瓶装】webber naturals胶原蛋白与神经酰胺生物活性胶原肽120片-(625273036695*3),2,20.428571428571427,,SALES_DROP,0.0979020979020979
2024-12-28,	7054785415521419523,webbernaturals进口儿童鱼油高DHA青少年Omega-3甜橙味120粒/瓶-默认-(DYWEB625273033496),1,10.142857142857142,,SALES_DROP,0.0985915492957746
2025-03-14,,Webber Naturals辅酶Q10天然发酵免疫软胶囊60粒/瓶100mg营养 z-1瓶装,1,10.142857142857142,,SALES_DROP,0.0985915492957746
2025-04-30,7.05478541552142e+18,Webber Naturals儿童鱼油150mg高DHA香橙味omega3脑黄金120粒6岁+-默认-(DYWEB625273033496),1,10.142857142857142,,SALES_DROP,0.0985915492957746
2025-04-01,,【鱼油+卵磷脂组合装】1100mg鱼油120粒+大豆卵磷脂胶囊1200mg180粒-1100mg鱼油120粒/瓶+大豆卵磷脂胶囊1200mg180粒/瓶,1,10.142857142857142,,SALES_DROP,0.0985915492957746
2026-01-07,7.146569951686672e+18,	WEBBER NATURALS高纯度深海鱼油omega3欧米伽3成人健身鱼油120粒D,1,10.142857142857142,,SALES_DROP,0.0985915492957746
2025-11-07,7.054785415521419e+18,【进博会专属 】伟博天然6岁+儿童鱼油高DHA欧米伽3香橙味120粒-默认-(DYWEB625273033496),1,10.142857142857142,,SALES_DROP,0.0985915492957746
2025-09-07,	7144930821143691527,伟博天然进口VB番茄红素锌硒钙水果多酚55+男士全营养素 30粒z-1瓶装-(625273079968*1);WEBBER NATURALS南非醉茄KSM66 3600mg降低皮质醇缓压促睡眠120粒-默认-(DYWEB625273052640),2,20.285714285714285,,SALES_DROP,0.0985915492957746
2025-09-26,7.146569951686672e+18,WEBBER NATURALS高纯度深海鱼油omega3欧米伽3成人健身鱼油120粒D-默认-(DYWEB625273090086),1,10.142857142857142,,SALES_DROP,0.0985915492957746
2025-03-07,7.086274688812433e+18,Webber Naturals伟博胶原蛋白与神经酰胺生物活性胶原肽120片/瓶-默认-(DYWEB625273036695),1,10.142857142857142,,SALES_DROP,0.0985915492957746
2025-04-27,7.05478541552142e+18,Webber Naturals儿童鱼油150mg高DHA香橙味omega3脑黄金120粒6岁+-默认-(DYWEB625273033496),1,10.142857142857142,,SALES_DROP,0.0985915492957746
2025-12-30,7.054785415630438e+18,	【达人专属】WEBBER NATURALS高浓缩肉桂精华植物维稳糖值150mg呵护健康60粒,1,10.142857142857142,,SALES_DROP,0.0985915492957746
2025-04-12,,伟博Osteo氨糖软骨素MSM 高端关节修护30粒（效期至25年7月）-3瓶,4,40.42857142857143,,SALES_DROP,0.0989399293286219
2025-03-28,,【效期至2027.7.29】加拿大伟博天然安睡宝 茶氨酸褪黑素45粒/瓶-褪黑素45粒*3,2,20.142857142857142,,SALES_DROP,0.0992907801418439
2025-03-28,,Webber naturals伟博深海鱼油900mg高纯度Omega3/DHA/EPA 200粒z-伟博油900mg深海鱼油200粒*1,2,20.142857142857142,,SALES_DROP,0.0992907801418439
2025-09-09,7.146569951686672e+18,WEBBER NATURALS高纯度深海鱼油omega3欧米伽3成人健身鱼油120粒D-默认-(DYWEB625273090086),1,10.0,,SALES_DROP,0.1
2025-09-12,7.146569951686672e+18,【徐冬冬专属】WEBBER NATURALS高纯度深海鱼油omega3欧米伽3成人健身鱼油120粒-默认-(DYWEB625273090086),1,10.0,,SALES_DROP,0.1
2025-03-07,	7086274688812433667,Webber Naturals伟博胶原蛋白与神经酰胺生物活性胶原肽120片/瓶-默认-(DYWEB625273036695),1,10.0,,SALES_DROP,0.1
2025-09-14,	7146569951686672673;7481121574674874687,【徐冬冬专属】WEBBER NATURALS高纯度深海鱼油omega3欧米伽3成人健身鱼油120粒D-默认-(DYWEB625273090086);伟博天然进口辅酶Q10胶囊100mg 成人心脏活力60粒（效期至26年6月）-默认-(DYWEB628347570705),2,19.857142857142858,,SALES_DROP,0.1007194244604316
2025-03-25,,【官方直播】WebberNaturals伟博深海鱼油1390mg高纯度Omega3 120粒-5瓶装,1,9.857142857142858,,SALES_DROP,0.1014492753623188
2025-08-11,7.144930821143691e+18,WEBBER NATURALS南非醉茄KSM66 3600mg降低皮质醇缓压促睡眠120粒-默认-(DYWEB625273052640),1,9.857142857142858,,SALES_DROP,0.1014492753623188
2025-09-22,,伟博天然进口儿童鱼油高脑力DHA软胶囊120粒/瓶-1瓶装-(625273090185*1),1,9.857142857142858,,SALES_DROP,0.1014492753623188
2024-12-29,	7081192833746780446,webbernaturals辅酶Q10天然发酵免疫软胶囊60粒/瓶100mg营养-默认-(DYWEB625273038552),1,9.857142857142858,,SALES_DROP,0.1014492753623188
2025-10-19,7.054785415521419e+18,WEBBER NATURALS儿童6岁+鱼油高DHA香橙味欧米伽3眼脑同步120粒-默认-(DYWEB625273033496),1,9.857142857142858,,SALES_DROP,0.1014492753623188
2025-04-02,	-,Webber naturals伟博深海鱼油900mg高纯度Omega3/DHA/EPA 200粒z-伟博油900mg深海鱼油200粒*1,1,9.857142857142858,,SALES_DROP,0.1014492753623188
2025-04-02,	-,Webber Naturals伟博天然进口小分子胶原蛋白多肽粉150g z-胶原蛋白多肽粉150g*1,1,9.857142857142858,,SALES_DROP,0.1014492753623188
2025-11-13,7.054785415521419e+18,【官方直播 】伟博天然6岁+儿童鱼油高DHA欧米伽3香橙味120粒-默认-(DYWEB625273033496),1,9.857142857142858,,SALES_DROP,0.1014492753623188
2025-03-13,,【官方直播】加拿大伟博Webber深海鱼油1390mg高纯度120粒/瓶-精粹鱼油1瓶装,1,9.857142857142858,,SALES_DROP,0.1014492753623188
2025-08-11,	7144930821143691527,WEBBER NATURALS南非醉茄KSM66 3600mg降低皮质醇缓压促睡眠120粒-默认-(DYWEB625273052640),1,9.857142857142858,,SALES_DROP,0.1014492753623188
2025-04-30,	7054785415521419523,Webber Naturals儿童鱼油150mg高DHA香橙味omega3脑黄金120粒6岁+-默认-(DYWEB625273033496),1,9.714285714285714,,SALES_DROP,0.1029411764705882
2025-03-14,,Webber naturals伟博深海鱼油900mg高纯度Omega3/DHA/EPA 200粒z-伟博油900mg深海鱼油200粒*1,1,9.714285714285714,,SALES_DROP,0.1029411764705882
2025-10-27,,伟博加拿大进口99%纯度1100mg成人omega3深海鱼油心血管养护120粒-三瓶装（1年量）【送两瓶价值149的60粒100mg辅酶Q10】-(625273090086*3+628347570705*2),1,9.714285714285714,,SALES_DROP,0.1029411764705882
2025-04-23,	7054785415521419523,Webber Naturals儿童鱼油150mg高DHA香橙味omega3脑黄金120粒6岁+-默认-(DYWEB625273033496),1,9.714285714285714,,SALES_DROP,0.1029411764705882
2025-03-14,,伟博天然进口KSM66南非醉茄印度人参精华7200mg*120粒降低皮质醇z-伟博南非醉茄7200mg*1瓶,1,9.714285714285714,,SALES_DROP,0.1029411764705882
2025-03-05,7.142731245833732e+18, webber naturals伟博天然进口儿童鱼油高脑力DHA软胶囊120粒 d-默认-(DYWEB625273090185),1,9.714285714285714,,SALES_DROP,0.1029411764705882
2025-09-26,	7146569951686672673,WEBBER NATURALS高纯度深海鱼油omega3欧米伽3成人健身鱼油120粒D-默认-(DYWEB625273090086),1,9.714285714285714,,SALES_DROP,0.1029411764705882
2025-09-28,7.146569951686672e+18,【徐冬冬专属】WEBBER NATURALS高纯度深海鱼油omega3欧米伽3成人健身鱼油120粒D-默认-(DYWEB625273090086),1,9.714285714285714,,SALES_DROP,0.1029411764705882
2025-04-11,,伟博天然进口辅酶Q10胶囊100mg 成人心脏活力60粒（效期至26年5月）-1瓶装,3,29.0,,SALES_DROP,0.1034482758620689
2025-04-11,,伟博Osteo氨糖软骨素MSM 高端关节修护30粒（效期至25年7月）-3瓶,3,28.857142857142858,,SALES_DROP,0.1039603960396039
2025-08-15,7.054785415521419e+18,【子豪专属】WEBBER NATURALS6岁+儿童鱼油高DHA香橙味欧米伽3眼脑同步120粒-默认-(DYWEB625273033496),1,9.571428571428571,,SALES_DROP,0.1044776119402985
2025-10-19,	7054785415521419523,WEBBER NATURALS儿童6岁+鱼油高DHA香橙味欧米伽3眼脑同步120粒-默认-(DYWEB625273033496),1,9.571428571428571,,SALES_DROP,0.1044776119402985
2025-09-22,,【3瓶装】加拿大伟博天然小分子胶原蛋白多肽粉150g/瓶-3瓶装-(625273036657*3),1,9.571428571428571,,SALES_DROP,0.1044776119402985
2025-04-27,	7054785415521419523,Webber Naturals儿童鱼油150mg高DHA香橙味omega3脑黄金120粒6岁+-默认-(DYWEB625273033496),1,9.571428571428571,,SALES_DROP,0.1044776119402985
2025-08-18,7.144930821143691e+18,WEBBER NATURALS南非醉茄KSM66 3600mg降低皮质醇缓压促睡眠120粒-默认-(DYWEB625273052640),1,9.571428571428571,,SALES_DROP,0.1044776119402985
2025-08-20,7.144930821143691e+18,WEBBER NATURALS南非醉茄KSM66 3600mg降低皮质醇缓压促睡眠120粒-默认-(DYWEB625273052640),1,9.571428571428571,,SALES_DROP,0.1044776119402985
2025-09-14,	7146569951686672673;7481121574674874687,WEBBER NATURALS高纯度深海鱼油omega3欧米伽3成人健身鱼油120粒D-默认-(DYWEB625273090086);伟博天然辅酶Q10胶囊100mg 成人心脏活力60粒 效期至26年5月30日-默认-(DYWEB628347570705),2,19.0,,SALES_DROP,0.1052631578947368
2025-11-29,7.481121574674874e+18,伟博天然辅酶Q10胶囊100mg 成人心脏活力60粒 效期至26年5月30日-默认-(DYWEB628347570705),1,9.428571428571429,,SALES_DROP,0.106060606060606
2025-04-02,,WebberNaturals伟博天然高纯度1390mg深海精粹鱼油软胶囊60粒/瓶s-120粒*1瓶【4个月量】,1,9.428571428571429,,SALES_DROP,0.106060606060606
2025-09-22,	-,【3瓶装】加拿大伟博天然小分子胶原蛋白多肽粉150g/瓶-3瓶装-(625273036657*3),1,9.428571428571429,,SALES_DROP,0.106060606060606
2025-06-22,7.448837780370702e+18,Webber Naturals伟博天然叶黄素40毫克 30粒 呵护眼睛-默认-(DYWEB625273070255),1,9.428571428571429,,SALES_DROP,0.106060606060606
2025-02-23,	7142731245833732390,伟博天然进口儿童鱼油高脑力DHA软胶囊120粒/瓶-默认-(DYWEB625273090185),1,9.428571428571429,,SALES_DROP,0.106060606060606
2025-03-26,,【官方直播】加拿大伟博深海鱼油1390mg高纯度Omega3-两瓶装组合,1,9.428571428571429,,SALES_DROP,0.106060606060606
2025-03-16,	7199138110997872936,【二姐专属】Webber   Naturals伟博维生素C1000毫克150粒/瓶（效期至25年9月）-默认-(DYWEB625273032727),2,18.857142857142858,,SALES_DROP,0.106060606060606
2025-03-05,	7142731245833732390, webber naturals伟博天然进口儿童鱼油高脑力DHA软胶囊120粒 d-默认-(DYWEB625273090185),1,9.428571428571429,,SALES_DROP,0.106060606060606
2025-11-21,7.146569951686672e+18,【达人专属】WEBBER NATURALS高纯度深海鱼油omega3欧米伽3成人健身鱼油120粒-默认-(DYWEB625273090086),3,28.285714285714285,,SALES_DROP,0.106060606060606
2025-04-09,7.146569951686672e+18,伟博精粹金CO2提纯1100mg4倍含量omega3成人心脑欧鱼油120粒 S-默认-(DYWEB625273090086),1,9.428571428571429,,SALES_DROP,0.106060606060606
2025-03-25,	-,【官方直播】加拿大伟博Webber儿童鱼油高DHAOmega-3甜橙味120粒/瓶-2瓶装,1,9.428571428571429,,SALES_DROP,0.106060606060606
2025-03-30,7.22322261258199e+18,伟博天然高浓度奶蓟草熬夜养肝胶囊250mg(效期至25年7月)-默认-(DYWEB625273090178),1,9.428571428571429,,SALES_DROP,0.106060606060606
2025-11-01,,【效期至2027年12月】伟博天然高纯度深海鱼油omega3成人健身120粒A-一瓶装（体验装）-(625273090086*1),1,9.428571428571429,,SALES_DROP,0.106060606060606
2025-04-02,,Webber naturals伟博深海鱼油900mg高纯度Omega3/DHA/EPA 200粒z-伟博油900mg深海鱼油200粒*1,1,9.428571428571429,,SALES_DROP,0.106060606060606
2025-04-02,,Webber Naturals伟博天然进口小分子胶原蛋白多肽粉150g z-胶原蛋白多肽粉150g*1,1,9.428571428571429,,SALES_DROP,0.106060606060606
2025-03-26,	-,【效期至2027.7.29】加拿大伟博天然安睡宝 茶氨酸褪黑素45粒/瓶-褪黑素45粒*1,1,9.428571428571429,,SALES_DROP,0.106060606060606
2025-03-13,	-,WebberNaturals伟博天然高纯度1390mg深海精粹鱼油软胶囊60粒/瓶s-60粒*1瓶【2个月量】,1,9.428571428571429,,SALES_DROP,0.106060606060606
2025-12-03,7.146569951686672e+18,WEBBER NATURALS高纯度深海鱼油omega3欧米伽3成人健身鱼油120粒D-默认-(DYWEB625273090086),1,9.428571428571429,,SALES_DROP,0.106060606060606
2025-04-10,	-,【官方直播】WebberNaturals伟博深海鱼油1390mg高纯度Omega3 120粒-2瓶装,3,28.142857142857142,,SALES_DROP,0.1065989847715736
2025-03-27,	-,Webber naturals伟博深海鱼油900mg高纯度Omega3/DHA/EPA 200粒z-伟博油900mg深海鱼油200粒*1,2,18.714285714285715,,SALES_DROP,0.1068702290076335
2025-04-12,	-,伟博Osteo氨糖软骨素MSM 高端关节修护30粒（效期至25年7月）-3瓶,2,18.714285714285715,,SALES_DROP,0.1068702290076335
2025-04-09,	-,【官方直播】加拿大伟博儿童鱼油高脑力DHA无腥可嚼软胶囊120粒/瓶-2瓶装,4,37.285714285714285,,SALES_DROP,0.10727969348659
2025-11-26,7.146569951686672e+18,WEBBER NATURALS高纯度深海鱼油omega3欧米伽3成人健身鱼油120粒D-默认-(DYWEB625273090086),2,18.571428571428573,,SALES_DROP,0.1076923076923076
2025-03-17,,【鱼油+卵磷脂组合装】1100mg鱼油120粒+大豆卵磷脂胶囊1200mg180粒-1100mg鱼油120粒/瓶+大豆卵磷脂胶囊1200mg180粒/瓶,1,9.285714285714286,,SALES_DROP,0.1076923076923076
2025-06-23,, webber naturals伟博胶原蛋白与神经酰胺生物活性胶原肽120片z-抗皱胶原蛋白+神经酰胺120粒*2,1,9.285714285714286,,SALES_DROP,0.1076923076923076
2025-11-01,,WebberNaturals伟博进口叶黄素玉米黄素软胶囊呵护眼睛10mg60粒 z-伟博天然叶黄素玉米黄素软胶囊10mg*60粒*1-(625273033663*1),1,9.285714285714286,,SALES_DROP,0.1076923076923076
2025-02-24,7.329414437553848e+18,【春蚕专属】Webber Naturals伟博天然高纯度1390mg深海精粹鱼油软胶囊60粒/瓶-默认-(DYWEB625273090420),1,9.285714285714286,,SALES_DROP,0.1076923076923076
2025-10-27,,伟博加拿大进口99%纯度1100mg成人omega3深海鱼油心血管养护120粒-一瓶装【体验装】-(625273090086*1),1,9.285714285714286,,SALES_DROP,0.1076923076923076
2025-08-17,	7144930821143691527,WEBBER NATURALS南非醉茄KSM66 3600mg降低皮质醇缓压促睡眠120粒-默认-(DYWEB625273052640),1,9.285714285714286,,SALES_DROP,0.1076923076923076
2025-05-24,,伟博进口99%纯度1100mg成人omega3深海鱼油中老年心血管养护120粒-2瓶装（8个月的量）,1,9.285714285714286,,SALES_DROP,0.1076923076923076
2025-11-26,,WEBBER NATURALS伟博天然高纯度1390mg深海精粹鱼油软胶囊60粒/瓶-60粒*1瓶【2个月量】-(625273090420*1),1,9.285714285714286,,SALES_DROP,0.1076923076923076
2025-05-24,,【鱼油+卵磷脂组合装】1100mg鱼油120粒+大豆卵磷脂胶囊1200mg180粒-1100mg鱼油120粒/瓶+大豆卵磷脂胶囊1200mg180粒/瓶,1,9.285714285714286,,SALES_DROP,0.1076923076923076
2025-04-12,	-,【效期至2027.7.29】加拿大伟博天然安睡宝 茶氨酸褪黑素45粒/瓶-褪黑素45粒*1,2,18.571428571428573,,SALES_DROP,0.1076923076923076
2025-08-28,7.146569951686672e+18,【董先生专属】WEBBER NATURALS高纯度深海鱼油omega3欧米伽3成人健身鱼油120粒-默认-(DYWEB625273090086),2,18.428571428571427,,SALES_DROP,0.1085271317829457
2025-03-08,7.11003268465066e+18,【效期至25年6月】webbernaturals伟博500mg维生素C胶囊60粒-默认-(625273076622),2,18.428571428571427,,SALES_DROP,0.1085271317829457
2025-10-09,7.054785415521419e+18,WEBBER NATURALS儿童6岁+鱼油高DHA香橙味欧米伽3眼脑同步120粒-默认-(DYWEB625273033496),2,18.285714285714285,,SALES_DROP,0.109375
2025-03-17,,【官方直播】加拿大伟博儿童鱼油高脑力DHA无腥可嚼软胶囊120粒/瓶-2瓶装,1,9.142857142857142,,SALES_DROP,0.109375
2024-12-23,	7146569951686672673,【效期至27年10月】Webber naturals伟博高纯度Omega3鱼油120粒/瓶S-默认-(DYWEB625273090086),1,9.142857142857142,,SALES_DROP,0.109375
2025-03-26,,【官方直播】加拿大伟博Webber儿童鱼油高DHAOmega-3甜橙味120粒/瓶-2瓶装,1,9.142857142857142,,SALES_DROP,0.109375
2025-12-04,7.146569951686672e+18,【达人专属】WEBBER NATURALS高纯度深海鱼油omega3欧米伽3成人健身鱼油120粒-默认-(DYWEB625273090086),1,9.142857142857142,,SALES_DROP,0.109375
2025-10-09,	7054785415521419523,WEBBER NATURALS儿童6岁+鱼油高DHA香橙味欧米伽3眼脑同步120粒-默认-(DYWEB625273033496),2,18.285714285714285,,SALES_DROP,0.109375
2025-08-18,	7144930821143691527,WEBBER NATURALS南非醉茄KSM66 3600mg降低皮质醇缓压促睡眠120粒-默认-(DYWEB625273052640),1,9.142857142857142,,SALES_DROP,0.109375
2025-12-06,7.11003268465066e+18,	WebberNaturals伟博天然500mg维生素C胶囊60粒,2,18.285714285714285,,SALES_DROP,0.109375
2025-03-27,	7223222612581990715,伟博天然高浓度奶蓟草熬夜养肝胶囊250mg(效期至25年7月)-默认-(DYWEB625273090178),1,9.142857142857142,,SALES_DROP,0.109375
2025-04-01,,伟博天然进口辅酶Q10胶囊100mg 成人心脏活力60粒（效期至26年5月）-1瓶装,1,9.142857142857142,,SALES_DROP,0.109375
2025-02-24,7.329414437553848e+18,Webber Naturals伟博天然高纯度1390mg深海精粹鱼油软胶囊60粒/瓶-默认-(DYWEB625273090420),1,9.142857142857142,,SALES_DROP,0.109375
2025-02-24,7.329414437553848e+18,【官方直播】Webber伟博天然高纯度1390mg深海精粹鱼油软胶囊60粒-默认-(DYWEB625273090420),1,9.142857142857142,,SALES_DROP,0.109375
2025-10-11,	7054785415521419523,WEBBER NATURALS儿童6岁+鱼油高DHA香橙味欧米伽3眼脑同步120粒-默认-(DYWEB625273033496),2,18.142857142857142,,SALES_DROP,0.1102362204724409
2025-10-27,,【官方直播】WebberNaturals阳光小金盾小颗粒全家深海鱼油+D3 60粒-1瓶装-(625273071634*1),1,9.0,,SALES_DROP,0.1111111111111111
2025-04-12,	-,伟博天然进口辅酶Q10胶囊100mg 成人心脏活力60粒（效期至26年5月）-1瓶装,2,18.0,,SALES_DROP,0.1111111111111111
2025-05-24,,【官方直播】加拿大伟博儿童鱼油高脑力DHA无腥可嚼软胶囊120粒/瓶-1瓶装,1,9.0,,SALES_DROP,0.1111111111111111
2025-09-05,7.054785415521419e+18,WEBBER NATURALS儿童6岁+鱼油高DHA香橙味欧米伽3眼脑同步120粒-默认-(DYWEB625273033496),1,9.0,,SALES_DROP,0.1111111111111111
2025-02-24,	7329414437553848576,【官方直播】Webber伟博天然高纯度1390mg深海精粹鱼油软胶囊60粒-默认-(DYWEB625273090420),1,9.0,,SALES_DROP,0.1111111111111111
2025-02-24,	7329414437553848576,Webber Naturals伟博天然高纯度1390mg深海精粹鱼油软胶囊60粒/瓶-默认-(DYWEB625273090420),1,9.0,,SALES_DROP,0.1111111111111111
2025-05-24,,【官方直播】Webber Naturals加拿大进口鱼油+辅酶Q10鱼油搭档-1100mg高纯度深海鱼油180粒+100mg辅酶Q10 60粒,1,9.0,,SALES_DROP,0.1111111111111111
2025-11-03,,【官方直播】WebberNaturals伟博深海鱼油1100mg高纯度Omega3 120粒-三瓶装【1年的量】-(625273090086*3),1,9.0,,SALES_DROP,0.1111111111111111
2025-04-19,	7146569951686672673,伟博精粹金CO2提纯1100mg4倍含量omega3成人心脑欧鱼油120粒 S-默认-(DYWEB625273090086),1,9.0,,SALES_DROP,0.1111111111111111
2025-03-14,7.199138110997873e+18,Webber   Naturals伟博维生素C1000毫克150粒/瓶-默认-(DYWEB625273032727),1,9.0,,SALES_DROP,0.1111111111111111
2024-12-22,	7146569951686672673,【效期至27年10月】Webber naturals伟博高纯度Omega3鱼油120粒/瓶S-默认-(DYWEB625273090086),1,9.0,,SALES_DROP,0.1111111111111111
2025-04-01,	-,【鱼油+卵磷脂组合装】1100mg鱼油120粒+大豆卵磷脂胶囊1200mg180粒-1100mg鱼油120粒/瓶+大豆卵磷脂胶囊1200mg180粒/瓶,1,9.0,,SALES_DROP,0.1111111111111111
2025-03-13,	-,webber naturals伟博天然褪黑素片10毫克72粒z-褪黑素片10毫克72粒*1,1,9.0,,SALES_DROP,0.1111111111111111
2025-04-01,,伟博天然进口辅酶Q10胶囊100mg 成人心脏活力60粒（效期至26年5月）-3瓶装,1,9.0,,SALES_DROP,0.1111111111111111
2025-04-01,,伟博天然进口辅酶Q10胶囊100mg 成人心脏活力60粒（效期至26年6月）-1瓶装,1,9.0,,SALES_DROP,0.1111111111111111
2025-09-03,	7146569951686672673,【徐冬冬专属】WEBBER NATURALS高纯度深海鱼油omega3欧米伽3成人健身鱼油120粒D-默认-(DYWEB625273090086),1,9.0,,SALES_DROP,0.1111111111111111
2025-09-04,7.054785415521419e+18,WEBBER NATURALS儿童6岁+鱼油高DHA香橙味欧米伽3眼脑同步120粒-默认-(DYWEB625273033496),1,9.0,,SALES_DROP,0.1111111111111111
2025-09-12,	7054785415521419523,WEBBER NATURALS儿童6岁+鱼油高DHA香橙味欧米伽3眼脑同步120粒-默认-(DYWEB625273033496),1,9.0,,SALES_DROP,0.1111111111111111
2025-04-01,	-,伟博天然进口辅酶Q10胶囊100mg 成人心脏活力60粒（效期至26年5月）-1瓶装,1,9.0,,SALES_DROP,0.1111111111111111
2025-04-01,	-,伟博天然进口辅酶Q10胶囊100mg 成人心脏活力60粒（效期至26年5月）-3瓶装,1,9.0,,SALES_DROP,0.1111111111111111
2025-08-15,	7054785415521419523,【子豪专属】WEBBER NATURALS6岁+儿童鱼油高DHA香橙味欧米伽3眼脑同步120粒-默认-(DYWEB625273033496),1,8.857142857142858,,SALES_DROP,0.1129032258064516
2025-04-07,	-,Webber Naturals伟博天然进口小分子胶原蛋白多肽粉150g z-胶原蛋白多肽粉150g*1,2,17.714285714285715,,SALES_DROP,0.1129032258064516
2025-04-08,	-,【官方直播】加拿大伟博Webber鱼油500mgOmega3+D3青少年 100粒/瓶-2瓶装,1,8.857142857142858,,SALES_DROP,0.1129032258064516
2025-11-03,,【3瓶装】webber naturals胶原蛋白与神经酰胺生物活性胶原肽120片-【3瓶装】webber naturals胶原蛋白与神经酰胺生物活性胶原肽120片-(625273036695*3),1,8.857142857142858,,SALES_DROP,0.1129032258064516
2025-04-08,	-,【官方直播】加拿大伟博Webber鱼油500mgOmega3+D3青少年 100粒/瓶-3瓶装,1,8.857142857142858,,SALES_DROP,0.1129032258064516
2025-03-26,,【鱼油+卵磷脂组合装】1100mg鱼油120粒+大豆卵磷脂胶囊1200mg180粒-1100mg鱼油120粒/瓶+大豆卵磷脂胶囊1200mg180粒/瓶,1,8.857142857142858,,SALES_DROP,0.1129032258064516
2025-03-13,	-,【官方直播】加拿大伟博Webber深海鱼油1390mg高纯度120粒/瓶-精粹鱼油1瓶装,1,8.857142857142858,,SALES_DROP,0.1129032258064516
2025-04-05,	-,【官方直播】加拿大伟博儿童鱼油高脑力DHA无腥可嚼软胶囊120粒/瓶-1瓶装,3,26.428571428571427,,SALES_DROP,0.1135135135135135
2025-08-28,7.481121574674874e+18,伟博天然辅酶Q10胶囊100mg 成人心脏活力60粒 效期至26年5月30日-默认-(DYWEB628347570705),1,8.714285714285714,,SALES_DROP,0.1147540983606557
2025-11-15,7.054785415521419e+18,【官方直播 】伟博天然6岁+儿童鱼油高DHA欧米伽3香橙味120粒-默认-(DYWEB625273033496),1,8.714285714285714,,SALES_DROP,0.1147540983606557
2025-03-31,7.146569951686672e+18,伟博精粹金CO2提纯1100mg4倍含量omega3成人心脑欧鱼油120粒 S-默认-(DYWEB625273090086),1,8.714285714285714,,SALES_DROP,0.1147540983606557
2025-05-06,	7146569951686672673,伟博精粹金CO2提纯1100mg4倍含量omega3成人心脑欧鱼油120粒 S-默认-(DYWEB625273090086),1,8.714285714285714,,SALES_DROP,0.1147540983606557
2025-03-26,	7223222612581990715,伟博天然高浓度奶蓟草熬夜养肝胶囊250mg(效期至25年7月)-默认-(DYWEB625273090178),1,8.714285714285714,,SALES_DROP,0.1147540983606557
2025-03-17,,Webber naturals伟博深海鱼油900mg高纯度Omega3/DHA/EPA 200粒z-伟博油900mg深海鱼油200粒*2,1,8.714285714285714,,SALES_DROP,0.1147540983606557
2025-06-21,7.05478541552142e+18,Webber Naturals儿童鱼油150mg高DHA香橙味omega3脑黄金120粒6岁+-默认-(DYWEB625273033496),1,8.714285714285714,,SALES_DROP,0.1147540983606557
2025-02-21,7.142731245833732e+18,伟博天然进口儿童鱼油高脑力DHA软胶囊120粒/瓶-默认-(DYWEB625273090185),1,8.714285714285714,,SALES_DROP,0.1147540983606557
2025-03-28,	-,【官方直播】WebberNaturals伟博深海鱼油1390mg高纯度Omega3 120粒-5瓶装,1,8.714285714285714,,SALES_DROP,0.1147540983606557
2025-04-06,,【官方直播】加拿大伟博Webber鱼油500mgOmega3+D3青少年 100粒/瓶-3瓶装,3,26.0,,SALES_DROP,0.1153846153846153
2025-08-28,	7144930821143691527,WEBBER NATURALS南非醉茄KSM66 3600mg降低皮质醇缓压促睡眠120粒-默认-(DYWEB625273052640),2,17.285714285714285,,SALES_DROP,0.1157024793388429
2025-04-06,,伟博Osteo氨糖软骨素MSM 高端关节修护30粒（效期至25年7月）-3瓶,2,17.142857142857142,,SALES_DROP,0.1166666666666666
2025-01-08,	7146569951686672673,【效期至27年10月】Webber naturals伟博高纯度Omega3鱼油120粒/瓶S-默认-(DYWEB625273090086),1,8.571428571428571,,SALES_DROP,0.1166666666666666
2025-03-28,	-,【官方直播】加拿大伟博儿童鱼油高脑力DHA无腥可嚼软胶囊120粒/瓶-2瓶装,2,17.142857142857142,,SALES_DROP,0.1166666666666666
2025-11-24,7.054785415521419e+18,【官方直播 】伟博天然6岁+儿童鱼油高DHA欧米伽3香橙味120粒-默认-(DYWEB625273033496),1,8.571428571428571,,SALES_DROP,0.1166666666666666
2025-11-19,7.054785415521419e+18,WEBBER NATURALS儿童6岁+鱼油高DHA香橙味欧米伽3眼脑同步120粒-默认-(DYWEB625273033496),1,8.571428571428571,,SALES_DROP,0.1166666666666666
2025-11-20,7.054785415521419e+18,【进博会专属 】伟博天然6岁+儿童鱼油高DHA欧米伽3香橙味120粒-默认-(DYWEB625273033496),1,8.571428571428571,,SALES_DROP,0.1166666666666666
2025-11-19,7.054785415521419e+18,【进博会专属 】伟博天然6岁+儿童鱼油高DHA欧米伽3香橙味120粒-默认-(DYWEB625273033496),1,8.571428571428571,,SALES_DROP,0.1166666666666666
2025-04-07,,【官方直播】加拿大伟博Webber儿童鱼油高DHAOmega-3甜橙味120粒/瓶-2瓶装,2,17.142857142857142,,SALES_DROP,0.1166666666666666
2025-03-28,	-,【官方直播】加拿大伟博儿童鱼油高脑力DHA无腥可嚼软胶囊120粒/瓶-2瓶装;【鱼油+卵磷脂组合装】1100mg鱼油120粒+大豆卵磷脂胶囊1200mg180粒-1100mg鱼油120粒/瓶+大豆卵磷脂胶囊1200mg180粒/瓶,2,17.0,,SALES_DROP,0.1176470588235294
2025-03-28,	-,Webber naturals伟博深海鱼油900mg高纯度Omega3/DHA/EPA 200粒z-伟博油900mg深海鱼油200粒*1,2,17.0,,SALES_DROP,0.1176470588235294
2025-02-21,	7142731245833732390,伟博天然进口儿童鱼油高脑力DHA软胶囊120粒/瓶-默认-(DYWEB625273090185),1,8.428571428571429,,SALES_DROP,0.1186440677966101
2025-11-19,7.054785415630537e+18,WEBBER NATURALS奶蓟草护肝片姜黄硫辛酸熬夜加班养护65粒护肝片-默认-(DYWEB625273034523),1,8.428571428571429,,SALES_DROP,0.1186440677966101
2025-03-25,,【官方直播】加拿大伟博Webber儿童鱼油高DHAOmega-3甜橙味120粒/瓶-2瓶装,1,8.428571428571429,,SALES_DROP,0.1186440677966101
2025-04-09,,伟博天然进口辅酶Q10胶囊100mg 成人心脏活力60粒（效期至26年6月）-3瓶装,7,59.0,,SALES_DROP,0.1186440677966101
2025-11-28,7.054785415630438e+18,WEBBER NATURALS高浓缩肉桂精华植物维稳糖值150mg呵护健康60粒-默认-(DYWEB625273034370),2,16.857142857142858,,SALES_DROP,0.1186440677966101
2025-08-30,	7329414437553848576,WEBBER NATURALS高纯度深海鱼油omega-3欧米伽3成人健身鱼油60粒-默认-(DYWEB625273090420),1,8.428571428571429,,SALES_DROP,0.1186440677966101
2025-07-11,7.12461115418552e+18,WEBBER NATURALS500mg Omega-3深海鱼油添加D3青少年鱼油100粒/瓶-默认-(DYWEB625273090291),1,8.428571428571429,,SALES_DROP,0.1186440677966101
2025-09-20,,伟博加拿大进口99%纯度1100mg成人omega3深海鱼油心血管养护120粒-一瓶装【体验装】-(625273090086*1),1,8.428571428571429,,SALES_DROP,0.1186440677966101
2025-09-20,,Webber Naturals伟博天然进口小分子胶原蛋白多肽粉150g z-胶原蛋白多肽粉150g*3-(625273036657*3),1,8.428571428571429,,SALES_DROP,0.1186440677966101
2024-12-17,	7081192833746780446,webbernaturals辅酶Q10天然发酵免疫软胶囊60粒/瓶100mg营养-默认-(DYWEB625273038552),1,8.428571428571429,,SALES_DROP,0.1186440677966101
2025-08-30,7.329414437553848e+18,WEBBER NATURALS高纯度深海鱼油omega-3欧米伽3成人健身鱼油60粒-默认-(DYWEB625273090420),1,8.428571428571429,,SALES_DROP,0.1186440677966101
2025-08-21,7.144930821143691e+18,WEBBER NATURALS南非醉茄KSM66 3600mg降低皮质醇缓压促睡眠120粒-默认-(DYWEB625273052640),1,8.428571428571429,,SALES_DROP,0.1186440677966101
2025-11-01,,【官方直播】WebberNaturals阳光小金盾小颗粒全家深海鱼油+D3 60粒-1瓶装-(625273071634*1),1,8.428571428571429,,SALES_DROP,0.1186440677966101
2025-10-05,7.481121574674874e+18,伟博天然辅酶Q10胶囊100mg 成人心脏活力60粒 效期至26年5月30日-默认-(DYWEB628347570705),1,8.428571428571429,,SALES_DROP,0.1186440677966101
2025-10-30,7.503765776017555e+18,WEBBER NATURALS茶氨酸加纳籽褪黑素香蜂草草本5重配方安睡宝10粒-默认-(DYWEB990312500179),1,8.428571428571429,,SALES_DROP,0.1186440677966101
2025-09-21,,【官方直播】加拿大伟博儿童鱼油高脑力DHA无腥可嚼软胶囊120粒/瓶-2瓶装-(625273090185*2),1,8.428571428571429,,SALES_DROP,0.1186440677966101
2025-09-30,,【官方直播】WebberNaturals 95%高纯度omega-3迷你深海鱼油30粒/瓶-2瓶周期装【送一瓶价值149元的60粒100mg辅酶Q10】-(625273070781*2),1,8.428571428571429,,SALES_DROP,0.1186440677966101
2025-11-25,7.054785415521419e+18,【官方直播 】伟博天然6岁+儿童鱼油高DHA欧米伽3香橙味120粒-默认-(DYWEB625273033496),1,8.428571428571429,,SALES_DROP,0.1186440677966101
2025-03-30,	-,【官方直播】WebberNaturals伟博深海鱼油1390mg高纯度Omega3 120粒-1瓶装,2,16.714285714285715,,SALES_DROP,0.1196581196581196
2025-09-13,	7144930821143691527,WEBBER NATURALS南非醉茄KSM66 3600mg降低皮质醇缓压促睡眠120粒-默认-(DYWEB625273052640),2,16.571428571428573,,SALES_DROP,0.1206896551724137
2025-08-16,7.054785415521419e+18,【子豪专属】WEBBER NATURALS6岁+儿童鱼油高DHA香橙味欧米伽3眼脑同步120粒-默认-(DYWEB625273033496),1,8.285714285714286,,SALES_DROP,0.1206896551724137
2025-09-26,7.144930821143691e+18,WEBBER NATURALS南非醉茄KSM66 3600mg降低皮质醇缓压促睡眠120粒-默认-(DYWEB625273052640),2,16.571428571428573,,SALES_DROP,0.1206896551724137
2025-04-11,7.144930821143692e+18,伟博天然进口KSM66南非醉茄印度人参精华3600mg*120粒缓压促睡眠-默认-(DYWEB625273052640),1,8.285714285714286,,SALES_DROP,0.1206896551724137
2024-12-21,	7146569951686672673,伟博精粹金CO2提纯1100mg4倍含量omega3成人心脑欧米伽3鱼油120粒-默认-(DYWEB625273090086),1,8.285714285714286,,SALES_DROP,0.1206896551724137
2025-04-19,7.146569951686672e+18,伟博精粹金CO2提纯1100mg4倍含量omega3成人心脑欧鱼油120粒 S-默认-(DYWEB625273090086),1,8.285714285714286,,SALES_DROP,0.1206896551724137
2025-03-21,7.144930821143692e+18,伟博天然进口KSM66南非醉茄印度人参精华3600mg*120粒缓压促睡眠-默认-(DYWEB625273052640),1,8.285714285714286,,SALES_DROP,0.1206896551724137
2025-03-30,,Webber Naturals伟博天然进口小分子胶原蛋白多肽粉150g z-胶原蛋白多肽粉150g*1,2,16.571428571428573,,SALES_DROP,0.1206896551724137
2025-08-20,	7144930821143691527,WEBBER NATURALS南非醉茄KSM66 3600mg降低皮质醇缓压促睡眠120粒-默认-(DYWEB625273052640),1,8.285714285714286,,SALES_DROP,0.1206896551724137
2025-04-11,	7144930821143691527,伟博天然进口KSM66南非醉茄印度人参精华3600mg*120粒缓压促睡眠-默认-(DYWEB625273052640),1,8.285714285714286,,SALES_DROP,0.1206896551724137
2025-11-05,	7146569951686672673;7481121574674874687,WEBBER NATURALS高纯度深海鱼油omega3欧米伽3成人健身鱼油120粒-默认-(DYWEB625273090086);伟博天然辅酶Q10胶囊100mg 成人心脏活力60粒 效期至26年5月30日-默认-(DYWEB628347570705),5,41.285714285714285,,SALES_DROP,0.1211072664359861
2025-09-13,7.144930821143691e+18,WEBBER NATURALS南非醉茄KSM66 3600mg降低皮质醇缓压促睡眠120粒-默认-(DYWEB625273052640),2,16.428571428571427,,SALES_DROP,0.1217391304347826
2025-10-27,	7481121574674874687,【官方直播】WebberNaturals阳光小金盾小颗粒全家深海鱼油+D3 60粒-2瓶装-(625273071634*2);伟博天然辅酶Q10胶囊100mg 成人心脏活力60粒 效期至26年5月30日-默认-(DYWEB628347570705),2,16.428571428571427,,SALES_DROP,0.1217391304347826
2025-11-19,7.054785415630438e+18,WEBBER NATURALS高浓缩肉桂精华植物维稳糖值150mg呵护健康60粒-默认-(DYWEB625273034370),2,16.428571428571427,,SALES_DROP,0.1217391304347826
2025-11-17,7.11003268465066e+18,WebberNaturals伟博天然500mg维生素C胶囊60粒 效期到2026-06-30-默认-(625273076622),2,16.428571428571427,,SALES_DROP,0.1217391304347826
2025-02-15,	7077809856803225896,【官方直播】加拿大伟博Webber鱼油500mgOmega3+D3青少年 100粒/瓶-3瓶装;WebberNaturals伟博深海鱼油900mg高纯度Omega3 DHA/EPA鱼油200粒-默认-(DYWEB625273052985),2,16.285714285714285,,SALES_DROP,0.1228070175438596
2025-11-13,7.481121574674874e+18,伟博天然辅酶Q10胶囊100mg 成人心脏活力60粒 效期至26年5月30日-默认-(DYWEB628347570705),1,8.142857142857142,,SALES_DROP,0.1228070175438596
2025-01-15,7.146569951686672e+18,【效期至27年10月】Webber naturals伟博高纯度Omega3鱼油120粒/瓶S-默认-(DYWEB625273090086),1,8.142857142857142,,SALES_DROP,0.1228070175438596
2025-12-08,7.054785415521419e+18,	【达人专属】WEBBER NATURALS6岁+儿童鱼油高DHA香橙味欧米伽3眼脑同步120粒,1,8.142857142857142,,SALES_DROP,0.1228070175438596
2025-08-16,	7144930821143691527,WEBBER NATURALS南非醉茄KSM66 3600mg降低皮质醇缓压促睡眠120粒-默认-(DYWEB625273052640),1,8.142857142857142,,SALES_DROP,0.1228070175438596
2025-04-09,	7146569951686672673,伟博精粹金CO2提纯1100mg4倍含量omega3成人心脑欧鱼油120粒 S-默认-(DYWEB625273090086),1,8.142857142857142,,SALES_DROP,0.1228070175438596
2025-03-14,7.11003268465066e+18,【效期至25年6月】webbernaturals伟博500mg维生素C胶囊60粒-默认-(625273076622),2,16.285714285714285,,SALES_DROP,0.1228070175438596
2025-10-30,	7481121574674874687,【官方直播】加拿大伟博儿童鱼油高脑力DHA无腥可嚼软胶囊120粒/瓶-2瓶装-(625273090185*2);伟博天然辅酶Q10胶囊100mg 成人心脏活力60粒 效期至26年5月30日-默认-(DYWEB628347570705),2,16.285714285714285,,SALES_DROP,0.1228070175438596
2025-12-08,7.054785415521419e+18,	【子豪专属】WEBBER NATURALS6岁+儿童鱼油高DHA香橙味欧米伽3眼脑同步120粒,1,8.142857142857142,,SALES_DROP,0.1228070175438596
2025-03-16,7.199138110997873e+18,【二姐专属】Webber   Naturals伟博维生素C1000毫克150粒/瓶（效期至25年9月）-默认-(DYWEB625273032727),2,16.285714285714285,,SALES_DROP,0.1228070175438596
2025-03-18,	-,Webber Naturals伟博天然进口小分子胶原蛋白多肽粉150g z-胶原蛋白多肽粉150g*3,1,8.142857142857142,,SALES_DROP,0.1228070175438596
2025-03-18,	-,Webber Naturals辅酶Q10天然发酵免疫软胶囊60粒/瓶100mg营养 z-6瓶,1,8.142857142857142,,SALES_DROP,0.1228070175438596
2025-09-04,	7054785415521419523,WEBBER NATURALS儿童6岁+鱼油高DHA香橙味欧米伽3眼脑同步120粒-默认-(DYWEB625273033496),1,8.142857142857142,,SALES_DROP,0.1228070175438596
2025-10-12,,【美彤专属】【成人拍】WebberNaturals高纯度深海鱼油omega3成人健身鱼油120粒-【成人拍】1瓶装（送一瓶40mg叶黄素）-(625273090086*1+625273070255*1),1,8.142857142857142,,SALES_DROP,0.1228070175438596
2025-03-17,	-,【官方直播】加拿大伟博儿童鱼油高脑力DHA无腥可嚼软胶囊120粒/瓶-2瓶装,1,8.142857142857142,,SALES_DROP,0.1228070175438596
2025-03-17,	-,Webber naturals伟博深海鱼油900mg高纯度Omega3/DHA/EPA 200粒z-伟博油900mg深海鱼油200粒*2,1,8.142857142857142,,SALES_DROP,0.1228070175438596
2025-11-09,7.481121574674874e+18,伟博天然辅酶Q10胶囊100mg 成人心脏活力60粒 效期至26年5月30日-默认-(DYWEB628347570705),4,32.285714285714285,,SALES_DROP,0.1238938053097345
2025-11-03,	7146569951686672673,WEBBER NATURALS高纯度深海鱼油omega3欧米伽3成人健身鱼油120粒D-默认-(DYWEB625273090086),2,16.142857142857142,,SALES_DROP,0.1238938053097345
2025-11-02,,【官方直播】WebberNaturals阳光小金盾小颗粒全家深海鱼油+D3 60粒-1瓶装-(625273071634*1),1,8.0,,SALES_DROP,0.125
2025-11-04,,【子豪&琳琳】伟博天然进口儿童鱼油高脑力DHA软胶囊120粒/瓶-2瓶装-(625273090185*2),1,8.0,,SALES_DROP,0.125
2025-11-04,,【子豪&琳琳】伟博天然进口儿童鱼油高脑力DHA软胶囊120粒/瓶-1瓶装-(625273090185*1),1,8.0,,SALES_DROP,0.125
2025-01-16,7.146569951686672e+18,【效期至27年10月】Webber naturals伟博高纯度Omega3鱼油120粒/瓶S-默认-(DYWEB625273090086),1,8.0,,SALES_DROP,0.125
2025-03-26,,【官方直播】加拿大伟博儿童鱼油高脑力DHA无腥可嚼软胶囊120粒/瓶-1瓶装,1,8.0,,SALES_DROP,0.125
2025-08-16,	7054785415521419523,【子豪专属】WEBBER NATURALS6岁+儿童鱼油高DHA香橙味欧米伽3眼脑同步120粒-默认-(DYWEB625273033496),1,8.0,,SALES_DROP,0.125
2025-12-29,7.146569951686672e+18,	【达人专属】WEBBER NATURALS高纯度深海鱼油omega3欧米伽3成人健身鱼油120粒D,1,8.0,,SALES_DROP,0.125
2024-12-19,	7146569951686672673,【官方直播】Webber naturals伟博深海鱼油1100mg高纯度Omega3-默认-(DYWEB625273090086),1,8.0,,SALES_DROP,0.125
2025-01-15,	7146569951686672673,【效期至27年10月】Webber naturals伟博高纯度Omega3鱼油120粒/瓶S-默认-(DYWEB625273090086),1,8.0,,SALES_DROP,0.125
2025-10-12,,【美彤专属】【儿童拍】WebberNaturals伟博小金盾小颗粒深海儿童鱼油+D3 60粒-【儿童拍】2瓶装（送一瓶40mg叶黄素）-(625273071634*2+625273070255*1),1,8.0,,SALES_DROP,0.125
2025-10-12,,【徐冬冬专属】WEBBER NATURALS高纯度深海鱼油omega3欧米伽3成人健身鱼油120粒-鱼油120粒*1瓶装【赠100mg辅酶60粒一瓶】-(625273090086*1+628347570705*1),1,8.0,,SALES_DROP,0.125
2025-10-12,,【护发美甲美肤】进口VB烟酰胺锌硒女士全能营养素30粒26-5-30-3瓶装-(625273079975*3),1,8.0,,SALES_DROP,0.125
2025-04-30,7.05478541552142e+18,Webber Naturals儿童鱼油150mg高DHA香橙味omega3脑黄金120粒6岁+-默认-(DYWEB625273033496),1,8.0,,SALES_DROP,0.125
2025-09-12,	7146569951686672673,【徐冬冬专属】WEBBER NATURALS高纯度深海鱼油omega3欧米伽3成人健身鱼油120粒-默认-(DYWEB625273090086),1,8.0,,SALES_DROP,0.125
2025-03-05,	7146569951686672673,伟博精粹金CO2提纯1100mg4倍含量omega3成人心脑欧鱼油120粒 S-默认-(DYWEB625273090086),1,8.0,,SALES_DROP,0.125
2025-03-27,,WebberNaturals伟博进口叶黄素玉米黄素软胶囊呵护眼睛10mg60粒 z-伟博天然叶黄素玉米黄素软胶囊10mg*60粒*1,1,8.0,,SALES_DROP,0.125
2025-06-24,7.448837780370702e+18,Webber Naturals伟博天然叶黄素40毫克 30粒 呵护眼睛-默认-(DYWEB625273070255),1,8.0,,SALES_DROP,0.125
2025-11-25,7.146569951686672e+18,【达人专属】WEBBER NATURALS高纯度深海鱼油omega3欧米伽3成人健身鱼油120粒-默认-(DYWEB625273090086),3,24.0,,SALES_DROP,0.125
2025-11-28,7.146569951686672e+18,WEBBER NATURALS高纯度深海鱼油omega3欧米伽3成人健身鱼油120粒D-默认-(DYWEB625273090086),2,16.0,,SALES_DROP,0.125
2025-01-18,7.142731245833732e+18,伟博天然进口儿童鱼油高脑力DHA软胶囊120粒/瓶-默认-(DYWEB625273090185),1,8.0,,SALES_DROP,0.125
2025-05-19,7.05478541552142e+18,Webber Naturals儿童鱼油150mg高DHA香橙味omega3脑黄金120粒6岁+-默认-(DYWEB625273033496),1,8.0,,SALES_DROP,0.125
2025-08-17,7.144930821143691e+18,WEBBER NATURALS南非醉茄KSM66 3600mg降低皮质醇缓压促睡眠120粒-默认-(DYWEB625273052640),1,8.0,,SALES_DROP,0.125
2025-01-05,	7142731245833732390,webbernaturals进口儿童鱼油欧米伽3高DHA爆浆深海鱼油120粒 1岁+-默认-(DYWEB625273090185),1,8.0,,SALES_DROP,0.125
2025-11-05,	7481121574674874687,【官方直播】WebberNaturals伟博深海鱼油1100mg高纯度Omega3 120粒-一瓶装【4个月的量】-(625273090086*1);伟博天然辅酶Q10胶囊100mg 成人心脏活力60粒 效期至26年5月30日-默认-(DYWEB628347570705),2,16.0,,SALES_DROP,0.125
2025-11-03,,【官方直播】WebberNaturals 95%高纯度omega-3迷你深海鱼油30粒/瓶-1瓶试用装【不推荐】-(625273070781*1),1,8.0,,SALES_DROP,0.125
2025-11-03,,WEBBER NATURALS伟博天然高纯度1390mg深海精粹鱼油软胶囊60粒/瓶-120粒*1瓶【4个月量】-(625273090086*1),1,8.0,,SALES_DROP,0.125
2025-09-22,,WebberNaturals伟博500mg维生素C胶囊60粒  效期到2026-06-30-3瓶装-(625273076622*3),2,15.857142857142858,,SALES_DROP,0.1261261261261261
2025-03-07,7.146569951686672e+18,伟博精粹金CO2提纯1100mg4倍含量omega3成人心脑欧鱼油120粒 S-默认-(DYWEB625273090086),1,7.857142857142857,,SALES_DROP,0.1272727272727273
2025-02-05,7.146569951686672e+18,【效期至27年10月】Webber naturals伟博高纯度Omega3鱼油120粒/瓶S-默认-(DYWEB625273090086),1,7.857142857142857,,SALES_DROP,0.1272727272727273
2025-10-28,	7054785415630536992,WEBBER NATURALS奶蓟草护肝片姜黄硫辛酸熬夜加班养护65粒护肝片-默认-(DYWEB625273034523),1,7.857142857142857,,SALES_DROP,0.1272727272727273
2025-09-08,7.124611154185519e+18,WEBBER NATURALS500mg Omega-3深海鱼油添加D3青少年鱼油100粒/瓶-默认-(DYWEB625273090291),1,7.857142857142857,,SALES_DROP,0.1272727272727273
2025-02-20,	7142731245833732390,伟博天然进口儿童鱼油高脑力DHA软胶囊120粒/瓶-默认-(DYWEB625273090185),1,7.857142857142857,,SALES_DROP,0.1272727272727273
2025-10-22,	7481121574674874687,伟博天然辅酶Q10胶囊100mg 成人心脏活力60粒 效期至26年5月30日-默认-(DYWEB628347570705),1,7.857142857142857,,SALES_DROP,0.1272727272727273
2025-08-16,7.144930821143691e+18,WEBBER NATURALS南非醉茄KSM66 3600mg降低皮质醇缓压促睡眠120粒-默认-(DYWEB625273052640),1,7.857142857142857,,SALES_DROP,0.1272727272727273
2025-01-06,	7142731245833732390, webber naturals进口儿童鱼油高脑力DHA软胶囊120粒/瓶-默认-(DYWEB625273090185),1,7.857142857142857,,SALES_DROP,0.1272727272727273
2025-03-07,	7146569951686672673,伟博精粹金CO2提纯1100mg4倍含量omega3成人心脑欧鱼油120粒 S-默认-(DYWEB625273090086),1,7.857142857142857,,SALES_DROP,0.1272727272727273
2025-01-14,	7081192833746780446,webbernaturals辅酶Q10天然发酵免疫软胶囊60粒/瓶100mg营养-默认-(DYWEB625273038552),1,7.857142857142857,,SALES_DROP,0.1272727272727273
2025-07-04,, 【2瓶装】webber naturals进口儿童鱼油高脑力DHA软胶囊120粒/瓶-2瓶装,1,7.857142857142857,,SALES_DROP,0.1272727272727273
2025-03-27,	-,伟博天然进口辅酶Q10胶囊100mg 成人心脏活力60粒（效期至26年6月）-1瓶装,1,7.857142857142857,,SALES_DROP,0.1272727272727273
2025-09-08,	7124611154185519400,WEBBER NATURALS500mg Omega-3深海鱼油添加D3青少年鱼油100粒/瓶-默认-(DYWEB625273090291),1,7.857142857142857,,SALES_DROP,0.1272727272727273
2025-11-21,7.054785415521419e+18,【官方直播 】伟博天然6岁+儿童鱼油高DHA欧米伽3香橙味120粒-默认-(DYWEB625273033496),1,7.857142857142857,,SALES_DROP,0.1272727272727273
2025-06-16,7.142731245833732e+18,【子豪专属】WebberNaturals进口儿童鱼油欧米伽3高DHA爆浆深海鱼油120粒 1岁+-默认-(DYWEB625273090185),3,23.428571428571427,,SALES_DROP,0.1280487804878048
2025-11-05,7.481121574674874e+18,伟博天然辅酶Q10胶囊100mg 成人心脏活力60粒 效期至26年5月30日-默认-(DYWEB628347570705),7,54.57142857142857,,SALES_DROP,0.1282722513089005
2025-09-10,	7146569951686672673;7481121574674874687,【徐冬冬专属】WEBBER NATURALS高纯度深海鱼油omega3欧米伽3成人健身鱼油120粒D-默认-(DYWEB625273090086);伟博天然辅酶Q10胶囊100mg 成人心脏活力60粒 效期至26年5月30日-默认-(DYWEB628347570705),2,15.571428571428571,,SALES_DROP,0.128440366972477
2025-03-30,,伟博Osteo氨糖软骨素MSM 高端关节修护30粒（效期至25年7月）-1瓶装,2,15.571428571428571,,SALES_DROP,0.128440366972477
2025-01-31,7.05478541552142e+18,Webber Naturals儿童鱼油150mg高DHA香橙味omega3脑黄金120粒6岁+-默认-(DYWEB625273033496),1,7.714285714285714,,SALES_DROP,0.1296296296296296
2025-01-16,	7146569951686672673,【效期至27年10月】Webber naturals伟博高纯度Omega3鱼油120粒/瓶S-默认-(DYWEB625273090086),1,7.714285714285714,,SALES_DROP,0.1296296296296296
2025-01-06,	7146569951686672673,【官方直播】WebberNaturals伟博深海鱼油1390mg高纯度Omega3 120粒-默认-(DYWEB625273090086),1,7.714285714285714,,SALES_DROP,0.1296296296296296
2025-03-26,	7427011616899940648,Webber伟博 Osteo氨糖软骨素MSM添加乳香姜黄素高端关节修护30粒-默认-(625273090321),1,7.714285714285714,,SALES_DROP,0.1296296296296296
2025-06-24,, webber naturals伟博胶原蛋白与神经酰胺生物活性胶原肽120片z-抗皱胶原蛋白+神经酰胺120粒*1,1,7.714285714285714,,SALES_DROP,0.1296296296296296
2025-02-12,7.4469700355807e+18,【年货送礼】Webber伟博天然高纯度Omega3精粹金鱼油120粒2瓶装礼盒-默认-(625273090086*2),1,7.714285714285714,,SALES_DROP,0.1296296296296296
2025-03-27,	-,Webber Naturals伟博天然进口小分子胶原蛋白多肽粉150g z-胶原蛋白多肽粉150g*3,2,15.428571428571429,,SALES_DROP,0.1296296296296296
2025-09-05,7.146569951686672e+18,【董先生专属】WEBBER NATURALS高纯度深海鱼油omega3欧米伽3成人健身鱼油120粒-默认-(DYWEB625273090086),1,7.714285714285714,,SALES_DROP,0.1296296296296296
2025-02-12,7.454032906437558e+18,枫叶围巾-默认-(20241230001),1,7.714285714285714,,SALES_DROP,0.1296296296296296
2025-10-20,	7054785415630536992,WEBBER NATURALS奶蓟草护肝片姜黄硫辛酸熬夜加班养护65粒护肝片-默认-(DYWEB625273034523),1,7.714285714285714,,SALES_DROP,0.1296296296296296
2025-09-05,	7054785415521419523,WEBBER NATURALS儿童6岁+鱼油高DHA香橙味欧米伽3眼脑同步120粒-默认-(DYWEB625273033496),1,7.714285714285714,,SALES_DROP,0.1296296296296296
2025-02-12,	7446970035580698914;7454032906437558543,【年货送礼】Webber伟博天然高纯度Omega3精粹金鱼油120粒2瓶装礼盒-默认-(625273090086*2);枫叶围巾-默认-(20241230001),2,15.428571428571429,,SALES_DROP,0.1296296296296296
2025-04-22,	7077809856803225896,Webber Naturals伟博维生素C1000毫克150粒/瓶（效期至25年9月）-1瓶装;WebberNaturals伟博深海鱼油900mg高纯度Omega3 DHA/EPA鱼油200粒-默认-(DYWEB625273052985),2,15.428571428571429,,SALES_DROP,0.1296296296296296
2025-02-21,	7329414437553848576,【官方直播】Webber伟博天然高纯度1390mg深海精粹鱼油软胶囊60粒-默认-(DYWEB625273090420),1,7.714285714285714,,SALES_DROP,0.1296296296296296
2025-03-14,	7329414437553848576;7110032684650660136,Webber Naturals伟博天然高纯度1390mg深海精粹鱼油软胶囊60粒/瓶-默认-(DYWEB625273090420);【效期至25年6月】webbernaturals伟博500mg维生素C胶囊60粒-默认-(625273076622),4,30.857142857142858,,SALES_DROP,0.1296296296296296
2025-04-30,	7054785415521419523,Webber Naturals儿童鱼油150mg高DHA香橙味omega3脑黄金120粒6岁+-默认-(DYWEB625273033496),1,7.714285714285714,,SALES_DROP,0.1296296296296296
2025-02-20,7.142731245833732e+18,伟博天然进口儿童鱼油高脑力DHA软胶囊120粒/瓶-默认-(DYWEB625273090185),1,7.714285714285714,,SALES_DROP,0.1296296296296296
2025-08-15,7.054785415521419e+18,WEBBER NATURALS儿童6岁+鱼油高DHA香橙味欧米伽3眼脑同步120粒-默认-(DYWEB625273033496),1,7.714285714285714,,SALES_DROP,0.1296296296296296
2025-03-29,,【2瓶】Webber Naturals伟博维生素C1000毫克150粒（效期至25年9月） -2瓶装,2,15.285714285714286,,SALES_DROP,0.1308411214953271
2025-04-12,,【官方直播】加拿大伟博儿童鱼油高脑力DHA无腥可嚼软胶囊120粒/瓶-2瓶装,4,30.428571428571427,,SALES_DROP,0.1314553990610328
2025-09-26,7.448836024085742e+18,Webber Naturals伟博天然阳光小金盾小颗粒深海儿童鱼油+D3 60粒-默认-(DYWEB625273071634),1,7.571428571428571,,SALES_DROP,0.1320754716981132
2025-10-04,	7146569951686672673,WEBBER NATURALS高纯度深海鱼油omega3欧米伽3成人健身鱼油120粒D-默认-(DYWEB625273090086),2,15.142857142857142,,SALES_DROP,0.1320754716981132
2025-12-03,7.054785415630438e+18,WEBBER NATURALS高浓缩肉桂精华植物维稳糖值150mg呵护健康60粒-默认-(DYWEB625273034370),1,7.571428571428571,,SALES_DROP,0.1320754716981132
2025-08-01,	7144930821143691527,WEBBER NATURALS南非醉茄KSM66 3600mg降低皮质醇缓压促睡眠120粒-默认-(DYWEB625273052640),1,7.571428571428571,,SALES_DROP,0.1320754716981132
2025-08-09,7.054785415521419e+18,WEBBER NATURALS儿童6岁+鱼油高DHA香橙味欧米伽3眼脑同步120粒-默认-(DYWEB625273033496),1,7.571428571428571,,SALES_DROP,0.1320754716981132
2025-09-20,	-,伟博加拿大进口99%纯度1100mg成人omega3深海鱼油心血管养护120粒-一瓶装【体验装】-(625273090086*1),1,7.571428571428571,,SALES_DROP,0.1320754716981132
2025-01-18,	7142731245833732390,伟博天然进口儿童鱼油高脑力DHA软胶囊120粒/瓶-默认-(DYWEB625273090185),1,7.571428571428571,,SALES_DROP,0.1320754716981132
2025-04-10,	7329414437553848576;7427011616899940648,Webber Naturals伟博天然高纯度1390mg深海精粹鱼油软胶囊60粒/瓶-默认-(DYWEB625273090420);Webber伟博 Osteo氨糖软骨素MSM添加乳香姜黄素高端关节修护30粒-默认-(625273090321),2,15.142857142857142,,SALES_DROP,0.1320754716981132
2025-06-01,7.05478541552142e+18,Webber Naturals儿童鱼油150mg高DHA香橙味omega3脑黄金120粒6岁+-默认-(DYWEB625273033496),1,7.571428571428571,,SALES_DROP,0.1320754716981132
2025-08-16,7.054785415521419e+18,WEBBER NATURALS儿童6岁+鱼油高DHA香橙味欧米伽3眼脑同步120粒-默认-(DYWEB625273033496),1,7.571428571428571,,SALES_DROP,0.1320754716981132
2025-09-26,	7448836024085741839,Webber Naturals伟博天然阳光小金盾小颗粒深海儿童鱼油+D3 60粒-默认-(DYWEB625273071634),1,7.571428571428571,,SALES_DROP,0.1320754716981132
2025-04-10,7.427011616899939e+18,Webber伟博 Osteo氨糖软骨素MSM添加乳香姜黄素高端关节修护30粒-默认-(625273090321),1,7.571428571428571,,SALES_DROP,0.1320754716981132
2025-01-31,	7054785415521419523,Webber Naturals儿童鱼油150mg高DHA香橙味omega3脑黄金120粒6岁+-默认-(DYWEB625273033496),1,7.571428571428571,,SALES_DROP,0.1320754716981132
2025-12-07,7.11003268465066e+18,	WebberNaturals伟博天然500mg维生素C胶囊60粒,2,15.0,,SALES_DROP,0.1333333333333333
2025-01-05,	7124611154185519400,Webber naturals伟博深海鱼油500mgOmega3+D3青少年补脑 100粒/瓶-默认-(DYWEB625273090291); webber naturals进口儿童鱼油高脑力DHA软胶囊120粒z-儿童鱼油高脑力DHA软胶囊120粒*1,2,15.0,,SALES_DROP,0.1333333333333333
2025-10-28,	7481121574674874687,【官方直播】加拿大伟博儿童鱼油高脑力DHA无腥可嚼软胶囊120粒/瓶-2瓶装-(625273090185*2);伟博天然辅酶Q10胶囊100mg 成人心脏活力60粒 效期至26年5月30日-默认-(DYWEB628347570705),2,15.0,,SALES_DROP,0.1333333333333333
2025-03-12,	7329414437553848576;7110032684650660136,Webber Naturals伟博天然高纯度1390mg深海精粹鱼油软胶囊60粒/瓶-默认-(DYWEB625273090420);【效期至25年6月】webbernaturals伟博500mg维生素C胶囊60粒-默认-(625273076622),4,30.0,,SALES_DROP,0.1333333333333333
2025-03-29,	-,伟博天然进口辅酶Q10胶囊100mg 成人心脏活力60粒（效期至26年5月）-3瓶装,2,15.0,,SALES_DROP,0.1333333333333333
2025-07-06,7.144930821143692e+18,伟博天然进口KSM66南非醉茄印度人参精华3600mg*120粒缓压促睡眠-默认-(DYWEB625273052640),1,7.428571428571429,,SALES_DROP,0.1346153846153846
2025-09-21,,【官方直播】WebberNaturals 95%高纯度omega-3迷你深海鱼油30粒/瓶-1瓶试用装【不推荐】-(625273070781*1),1,7.428571428571429,,SALES_DROP,0.1346153846153846
2024-12-29,	7054785415521419523,伟博天然儿童鱼油150mg高DHA香橙味omega3IVO认证脑黄金120粒6岁+-默认-(DYWEB625273033496),1,7.428571428571429,,SALES_DROP,0.1346153846153846
2025-09-20,	-,Webber Naturals伟博天然进口小分子胶原蛋白多肽粉150g z-胶原蛋白多肽粉150g*3-(625273036657*3),1,7.428571428571429,,SALES_DROP,0.1346153846153846
2025-04-11,	7329414437553848576;7427011616899940648,Webber Naturals伟博天然高纯度1390mg深海精粹鱼油软胶囊60粒/瓶-默认-(DYWEB625273090420);Webber伟博 Osteo氨糖软骨素MSM添加乳香姜黄素高端关节修护30粒-默认-(625273090321),2,14.857142857142858,,SALES_DROP,0.1346153846153846
2025-01-19,	7142731245833732390,WebberNaturals进口儿童鱼油欧米伽3高DHA爆浆深海鱼油120粒 1岁+-默认-(DYWEB625273090185),1,7.428571428571429,,SALES_DROP,0.1346153846153846
2025-01-19,7.142731245833732e+18,伟博天然进口儿童鱼油高脑力DHA软胶囊120粒/瓶-默认-(DYWEB625273090185),1,7.428571428571429,,SALES_DROP,0.1346153846153846
2025-08-04,	7144930821143691527,WEBBER NATURALS南非醉茄KSM66 3600mg降低皮质醇缓压促睡眠120粒-默认-(DYWEB625273052640),1,7.428571428571429,,SALES_DROP,0.1346153846153846
2025-04-08,,【官方直播】加拿大伟博Webber鱼油500mgOmega3+D3青少年 100粒/瓶-2瓶装,1,7.428571428571429,,SALES_DROP,0.1346153846153846
2025-08-15,	7054785415521419523,WEBBER NATURALS儿童6岁+鱼油高DHA香橙味欧米伽3眼脑同步120粒-默认-(DYWEB625273033496),1,7.428571428571429,,SALES_DROP,0.1346153846153846
2025-01-05,	7146569951686672673,【效期至27年10月】Webber naturals伟博高纯度Omega3鱼油120粒/瓶S-默认-(DYWEB625273090086),1,7.428571428571429,,SALES_DROP,0.1346153846153846
2025-12-29,7.146569951686672e+18,	WEBBER NATURALS高纯度深海鱼油omega3欧米伽3成人健身鱼油120粒D,1,7.428571428571429,,SALES_DROP,0.1346153846153846
2025-01-09,	7146569951686672673,【官方直播】WebberNaturals伟博深海鱼油1390mg高纯度Omega3 120粒-默认-(DYWEB625273090086),1,7.428571428571429,,SALES_DROP,0.1346153846153846
2025-01-13,7.146569951686672e+18,【效期至27年10月】Webber naturals伟博高纯度Omega3鱼油120粒/瓶S-默认-(DYWEB625273090086),1,7.428571428571429,,SALES_DROP,0.1346153846153846
2025-08-28,7.144930821143691e+18,WEBBER NATURALS南非醉茄KSM66 3600mg降低皮质醇缓压促睡眠120粒-默认-(DYWEB625273052640),2,14.857142857142858,,SALES_DROP,0.1346153846153846
2025-11-03,,【效期至2027年12月】伟博天然高纯度深海鱼油omega3成人健身120粒A-两瓶装（1个周期）【送一瓶安睡宝】-(625273090086*2+990312500179*1),1,7.428571428571429,,SALES_DROP,0.1346153846153846
2025-09-10,7.146569951686672e+18,WEBBER NATURALS高纯度深海鱼油omega3欧米伽3成人健身鱼油120粒D-默认-(DYWEB625273090086),2,14.857142857142858,,SALES_DROP,0.1346153846153846
2025-04-08,	-,【3瓶装】加拿大伟博天然小分子胶原蛋白多肽粉150g/瓶-【3瓶组合装】,1,7.428571428571429,,SALES_DROP,0.1346153846153846
2025-10-28,	7481121574674874687,Webber Naturals伟博天然进口小分子胶原蛋白多肽粉150g z-1瓶装-(625273036657*1);伟博天然辅酶Q10胶囊100mg 成人心脏活力60粒 效期至26年5月30日-默认-(DYWEB628347570705),2,14.857142857142858,,SALES_DROP,0.1346153846153846
2025-08-18,7.146569951686672e+18,WEBBER NATURALS高纯度深海鱼油omega3欧米伽3成人健身鱼油120粒D-默认-(DYWEB625273090086),1,7.428571428571429,,SALES_DROP,0.1346153846153846
2025-09-12,	7146569951686672673;7481121574674874687,WEBBER NATURALS高纯度深海鱼油omega3欧米伽3成人健身鱼油120粒D-默认-(DYWEB625273090086);伟博天然辅酶Q10胶囊100mg 成人心脏活力60粒 效期至26年5月30日-默认-(DYWEB628347570705),2,14.571428571428571,,SALES_DROP,0.1372549019607843
2025-02-05,	7146569951686672673,【效期至27年10月】Webber naturals伟博高纯度Omega3鱼油120粒/瓶S-默认-(DYWEB625273090086),1,7.285714285714286,,SALES_DROP,0.1372549019607843
2025-08-16,	7054785415521419523,WEBBER NATURALS儿童6岁+鱼油高DHA香橙味欧米伽3眼脑同步120粒-默认-(DYWEB625273033496),1,7.285714285714286,,SALES_DROP,0.1372549019607843
2025-10-06,7.481121574674874e+18,伟博天然辅酶Q10胶囊100mg 成人心脏活力60粒 效期至26年5月30日-默认-(DYWEB628347570705),1,7.285714285714286,,SALES_DROP,0.1372549019607843
2025-12-25,7.146569951686672e+18,	WEBBER NATURALS高纯度深海鱼油omega3欧米伽3成人健身鱼油120粒D,1,7.285714285714286,,SALES_DROP,0.1372549019607843
2025-03-27,7.146569951686672e+18,伟博精粹金CO2提纯1100mg4倍含量omega3成人心脑欧鱼油120粒 S-默认-(DYWEB625273090086),1,7.285714285714286,,SALES_DROP,0.1372549019607843
2025-08-18,	7146569951686672673,WEBBER NATURALS高纯度深海鱼油omega3欧米伽3成人健身鱼油120粒D-默认-(DYWEB625273090086),1,7.285714285714286,,SALES_DROP,0.1372549019607843
2025-04-01,7.146569951686672e+18,伟博精粹金CO2提纯1100mg4倍含量omega3成人心脑欧鱼油120粒 S-默认-(DYWEB625273090086),1,7.285714285714286,,SALES_DROP,0.1372549019607843
2025-03-05,7.146569951686672e+18,伟博精粹金CO2提纯1100mg4倍含量omega3成人心脑欧鱼油120粒 S-默认-(DYWEB625273090086),1,7.285714285714286,,SALES_DROP,0.1372549019607843
2025-04-11,7.427011616899939e+18,Webber伟博 Osteo氨糖软骨素MSM添加乳香姜黄素高端关节修护30粒-默认-(625273090321),1,7.285714285714286,,SALES_DROP,0.1372549019607843
2025-03-01,7.329414437553848e+18,Webber Naturals伟博天然高纯度1390mg深海精粹鱼油软胶囊60粒/瓶-默认-(DYWEB625273090420),1,7.285714285714286,,SALES_DROP,0.1372549019607843
2024-12-29,	7146569951686672673,【官方直播】WebberNaturals伟博深海鱼油1390mg高纯度Omega3 120粒-默认-(DYWEB625273090086),1,7.285714285714286,,SALES_DROP,0.1372549019607843
2025-08-18,7.054785415521419e+18,WEBBER NATURALS儿童6岁+鱼油高DHA香橙味欧米伽3眼脑同步120粒-默认-(DYWEB625273033496),1,7.285714285714286,,SALES_DROP,0.1372549019607843
2025-09-20,	-,【官方直播】加拿大伟博儿童鱼油高脑力DHA无腥可嚼软胶囊120粒/瓶-2瓶装-(625273090185*2),1,7.285714285714286,,SALES_DROP,0.1372549019607843
2025-03-21,	7144930821143691527,伟博天然进口KSM66南非醉茄印度人参精华3600mg*120粒缓压促睡眠-默认-(DYWEB625273052640),1,7.285714285714286,,SALES_DROP,0.1372549019607843
2025-03-01,	7168643947345035558,伟博天然进口VB番茄红素锌硒钙水果多酚55+男士全营养素 30粒-默认-(DYWEB625273079968),1,7.285714285714286,,SALES_DROP,0.1372549019607843
2026-01-12,7.146569951686672e+18,	【达人专属】WEBBER NATURALS高纯度深海鱼油omega3欧米伽3成人健身鱼油120粒D,1,7.285714285714286,,SALES_DROP,0.1372549019607843
2025-03-01,7.168643947345036e+18,伟博天然进口VB番茄红素锌硒钙水果多酚55+男士全营养素 30粒-默认-(DYWEB625273079968),1,7.285714285714286,,SALES_DROP,0.1372549019607843
2025-11-13,7.146569951686672e+18,WEBBER NATURALS高纯度深海鱼油omega3欧米伽3成人健身鱼油120粒D-默认-(DYWEB625273090086),3,21.714285714285715,,SALES_DROP,0.1381578947368421
2025-08-29,	7144930821143691527,WEBBER NATURALS南非醉茄KSM66 3600mg降低皮质醇缓压促睡眠120粒-默认-(DYWEB625273052640),2,14.428571428571429,,SALES_DROP,0.1386138613861386
2025-09-21,7.054785415521419e+18,WEBBER NATURALS儿童6岁+鱼油高DHA香橙味欧米伽3眼脑同步120粒-默认-(DYWEB625273033496),2,14.428571428571429,,SALES_DROP,0.1386138613861386
2024-12-29,	7142731245833732390,webbernaturals进口儿童鱼油欧米伽3高DHA爆浆深海鱼油120粒 1岁+-默认-(DYWEB625273090185),3,21.571428571428573,,SALES_DROP,0.1390728476821192
2025-12-03,7.11003268465066e+18,WebberNaturals伟博天然500mg维生素C胶囊60粒-默认-(625273076622),5,35.857142857142854,,SALES_DROP,0.1394422310756972
2025-03-08,7.146569951686672e+18,【效期至27年10月】Webber naturals伟博高纯度Omega3鱼油120粒/瓶S-默认-(DYWEB625273090086),1,7.142857142857143,,SALES_DROP,0.1399999999999999
2025-01-18,	7146569951686672673,【效期至27年10月】Webber naturals伟博高纯度Omega3鱼油120粒/瓶S-默认-(DYWEB625273090086),1,7.142857142857143,,SALES_DROP,0.1399999999999999
2025-10-13,,伟博加拿大进口99%纯度1100mg成人omega3深海鱼油心血管养护120粒-三瓶装（1年量）【送两瓶价值149的60粒100mg辅酶Q10】-(625273090086*3+628347570705*2),1,7.142857142857143,,SALES_DROP,0.1399999999999999
2025-08-20,7.054785415521419e+18,【子豪专属】WEBBER NATURALS6岁+儿童鱼油高DHA香橙味欧米伽3眼脑同步120粒-默认-(DYWEB625273033496),1,7.142857142857143,,SALES_DROP,0.1399999999999999
2025-08-23,	7054785415521419523,WEBBER NATURALS儿童6岁+鱼油高DHA香橙味欧米伽3眼脑同步120粒-默认-(DYWEB625273033496),1,7.142857142857143,,SALES_DROP,0.1399999999999999
2025-06-12,,Webber Naturals伟博天然进口小分子胶原蛋白多肽粉150g z-胶原蛋白多肽粉150g*3,1,7.142857142857143,,SALES_DROP,0.1399999999999999
2025-02-17,7.086274688812433e+18,Webber Naturals伟博胶原蛋白与神经酰胺生物活性胶原肽120片/瓶-默认-(DYWEB625273036695),1,7.142857142857143,,SALES_DROP,0.1399999999999999
2025-09-30,	-,Webber Naturals伟博天然阳光小金盾小颗粒深海儿童鱼油+D3 60粒-2瓶装-(625273071634*2),1,7.142857142857143,,SALES_DROP,0.1399999999999999
2025-06-12,,【官方直播】加拿大伟博Webber鱼油500mgOmega3+D3青少年 100粒/瓶-3瓶装,1,7.142857142857143,,SALES_DROP,0.1399999999999999
2025-07-05,,WebberNaturals伟博500mg维生素C胶囊60粒-3瓶装,1,7.142857142857143,,SALES_DROP,0.1399999999999999
2025-08-16,7.146569951686672e+18,WEBBER NATURALS高纯度深海鱼油omega3欧米伽3成人健身鱼油120粒D-默认-(DYWEB625273090086),1,7.142857142857143,,SALES_DROP,0.1399999999999999
2025-08-19,	7054785415521419523,WEBBER NATURALS儿童6岁+鱼油高DHA香橙味欧米伽3眼脑同步120粒-默认-(DYWEB625273033496),1,7.142857142857143,,SALES_DROP,0.1399999999999999
2025-08-18,	7054785415521419523,WEBBER NATURALS儿童6岁+鱼油高DHA香橙味欧米伽3眼脑同步120粒-默认-(DYWEB625273033496),1,7.142857142857143,,SALES_DROP,0.1399999999999999
2025-09-21,	7054785415521419523,WEBBER NATURALS儿童6岁+鱼油高DHA香橙味欧米伽3眼脑同步120粒-默认-(DYWEB625273033496),2,14.285714285714286,,SALES_DROP,0.1399999999999999
2025-10-15,,【官方直播】WebberNaturals阳光小金盾小颗粒全家深海鱼油+D3 60粒-1瓶装-(625273071634*1),1,7.142857142857143,,SALES_DROP,0.1399999999999999
2025-10-15,,伟博天然进口儿童鱼油高脑力DHA软胶囊120粒/瓶-1瓶装-(625273090185*1),1,7.142857142857143,,SALES_DROP,0.1399999999999999
2025-10-15,,【效期至2027.7.29】伟博加拿大伟博天然安睡宝茶氨酸褪黑素45粒/瓶-褪黑素45粒*1-(625273090338*1),1,7.142857142857143,,SALES_DROP,0.1399999999999999
2025-08-11,7.054785415521419e+18,【子豪专属】WEBBER NATURALS6岁+儿童鱼油高DHA香橙味欧米伽3眼脑同步120粒-默认-(DYWEB625273033496),1,7.142857142857143,,SALES_DROP,0.1399999999999999
2025-03-27,	-,【官方直播】加拿大伟博儿童鱼油高脑力DHA无腥可嚼软胶囊120粒/瓶-2瓶装,2,14.285714285714286,,SALES_DROP,0.1399999999999999
2025-02-17,	7086274688812433667,Webber Naturals伟博胶原蛋白与神经酰胺生物活性胶原肽120片/瓶-默认-(DYWEB625273036695),1,7.142857142857143,,SALES_DROP,0.1399999999999999
2025-05-27,7.146569951686672e+18,伟博精粹金CO2提纯1100mg4倍含量omega3成人心脑欧鱼油120粒 D-默认-(DYWEB625273090086),1,7.142857142857143,,SALES_DROP,0.1399999999999999
2025-01-18,7.146569951686672e+18,【官方直播】WebberNaturals伟博深海鱼油1390mg高纯度Omega3 120粒-默认-(DYWEB625273090086),1,7.142857142857143,,SALES_DROP,0.1399999999999999
2025-07-02,7.144930821143692e+18,伟博天然进口KSM66南非醉茄印度人参精华3600mg*120粒缓压促睡眠-默认-(DYWEB625273052640),1,7.142857142857143,,SALES_DROP,0.1399999999999999
2025-05-17,,【3瓶装】webber naturals胶原蛋白与神经酰胺生物活性胶原肽120片-【3瓶装】webber naturals胶原蛋白与神经酰胺生物活性胶原肽120片,1,7.142857142857143,,SALES_DROP,0.1399999999999999
2025-03-26,	-,Webber naturals伟博深海鱼油900mg高纯度Omega3/DHA/EPA 200粒z-伟博油900mg深海鱼油200粒*1,2,14.142857142857142,,SALES_DROP,0.1414141414141414
2025-03-31,,Webber naturals伟博深海鱼油900mg高纯度Omega3/DHA/EPA 200粒z-伟博油900mg深海鱼油200粒*1,2,14.142857142857142,,SALES_DROP,0.1414141414141414
2025-10-26,	7146569951686672673,【官方直播】WebberNaturals 95%高纯度omega-3迷你深海鱼油30粒/瓶-1瓶试用装【不推荐】-(625273070781*1);WEBBER NATURALS高纯度深海鱼油omega3欧米伽3成人健身鱼油120粒-默认-(DYWEB625273090086),2,14.142857142857142,,SALES_DROP,0.1414141414141414
2025-06-04,,【官方直播】WebberNaturals伟博深海鱼油1100mg高纯度Omega3 120粒-三瓶装【一年的量送一瓶奶蓟草】,1,7.0,,SALES_DROP,0.1428571428571428
2025-03-02,7.146569951686672e+18,【效期至27年10月】Webber naturals伟博高纯度Omega3鱼油120粒/瓶S-默认-(DYWEB625273090086),1,7.0,,SALES_DROP,0.1428571428571428
2025-02-28,7.146569951686672e+18,【效期至27年10月】Webber naturals伟博高纯度Omega3鱼油120粒/瓶S-默认-(DYWEB625273090086),1,7.0,,SALES_DROP,0.1428571428571428
2025-10-19,	7448836024085741839,Webber Naturals伟博天然阳光小金盾小颗粒深海儿童鱼油+D3 60粒-默认-(DYWEB625273071634),1,7.0,,SALES_DROP,0.1428571428571428
2025-10-14,	-,【官方直播】1100mg鱼油120粒+大豆卵磷脂胶囊1200mg180粒鱼油搭档-1100mg鱼油120粒/瓶+大豆卵磷脂胶囊1200mg180粒/瓶-(625273079746*1+625273090086*1),1,7.0,,SALES_DROP,0.1428571428571428
2025-04-22,7.144930821143692e+18,伟博天然进口KSM66南非醉茄印度人参精华3600mg*120粒缓压促睡眠-默认-(DYWEB625273052640),1,7.0,,SALES_DROP,0.1428571428571428
2025-08-17,7.142731245833732e+18,【子豪专属】WEBBER NATURALS进口儿童鱼油欧米伽3高DHA爆浆深海鱼油120粒1岁+-默认-(DYWEB625273090185),1,7.0,,SALES_DROP,0.1428571428571428
2025-07-05,,Webber Naturals伟博天然高纯度1100mg深海精粹鱼油软胶囊60粒 D-2瓶装,1,7.0,,SALES_DROP,0.1428571428571428
2025-08-03,	7054785415521419523,WEBBER NATURALS儿童6岁+鱼油高DHA香橙味欧米伽3眼脑同步120粒-默认-(DYWEB625273033496),1,7.0,,SALES_DROP,0.1428571428571428
2025-08-02,	7054785415521419523,WEBBER NATURALS儿童6岁+鱼油高DHA香橙味欧米伽3眼脑同步120粒-默认-(DYWEB625273033496),1,7.0,,SALES_DROP,0.1428571428571428
2025-03-06,	7144930821143691527,伟博天然进口KSM66南非醉茄印度人参精华3600mg*120粒缓压促睡眠-默认-(DYWEB625273052640),1,7.0,,SALES_DROP,0.1428571428571428
2025-04-22,	7144930821143691527,伟博天然进口KSM66南非醉茄印度人参精华3600mg*120粒缓压促睡眠-默认-(DYWEB625273052640),1,7.0,,SALES_DROP,0.1428571428571428
2025-11-21,7.146569951686672e+18,WEBBER NATURALS高纯度深海鱼油omega3欧米伽3成人健身鱼油120粒D-默认-(DYWEB625273090086),4,28.0,,SALES_DROP,0.1428571428571428
2025-05-17,,Webber naturals伟博深海鱼油1100mg高纯度Omega3 120粒 z-1瓶装,1,7.0,,SALES_DROP,0.1428571428571428
2025-10-08,	7146569951686672673,WEBBER NATURALS高纯度深海鱼油omega3欧米伽3成人健身鱼油120粒D-默认-(DYWEB625273090086),1,7.0,,SALES_DROP,0.1428571428571428
2025-09-14,,伟博加拿大进口99%纯度1100mg成人omega3深海鱼油心血管养护120粒-两瓶装（1个周期）【送一瓶价值149的60粒100mg辅酶Q10】-(625273090086*2+628347570705*1),1,7.0,,SALES_DROP,0.1428571428571428
2025-04-04,7.22322261258199e+18,伟博天然高浓度奶蓟草熬夜养肝胶囊250mg(效期至25年7月)-默认-(DYWEB625273090178),1,7.0,,SALES_DROP,0.1428571428571428
2025-12-28,7.146569951686672e+18,	【达人专属】WEBBER NATURALS高纯度深海鱼油omega3欧米伽3成人健身鱼油120粒D,1,7.0,,SALES_DROP,0.1428571428571428
2025-11-02,,【官方直播】WebberNaturals阳光小金盾小颗粒全家深海鱼油+D3 60粒-2瓶装-(625273071634*2),1,7.0,,SALES_DROP,0.1428571428571428
2025-06-21,7.142731245833732e+18,【子豪专属】WebberNaturals进口儿童鱼油欧米伽3高DHA爆浆深海鱼油120粒 1岁+-默认-(DYWEB625273090185),2,14.0,,SALES_DROP,0.1428571428571428
2025-05-16,7.146569951686672e+18,伟博进口99%纯度1100mg成人omega3鱼油中老年心血管养护120粒 DB-默认-(DYWEB625273090086),1,7.0,,SALES_DROP,0.1428571428571428
2025-05-17,7.146569951686672e+18,伟博精粹金CO2提纯1100mg4倍含量omega3成人心脑欧鱼油120粒 S-默认-(DYWEB625273090086),1,7.0,,SALES_DROP,0.1428571428571428
2025-10-15,	7481121574674874687,伟博天然辅酶Q10胶囊100mg 成人心脏活力60粒 效期至26年5月30日-默认-(DYWEB628347570705),1,7.0,,SALES_DROP,0.1428571428571428
2025-03-26,	-,WebberNaturals伟博天然进口辅酶Q10胶囊辅酶守护心脏150mg 60粒z-伟博天然150mg辅酶Q10 60粒*1瓶,2,14.0,,SALES_DROP,0.1428571428571428
2025-05-14,7.146569951686672e+18,伟博精粹金CO2提纯1100mg4倍含量omega3成人心脑欧鱼油120粒 S-默认-(DYWEB625273090086),1,7.0,,SALES_DROP,0.1428571428571428
2025-04-04,7.22322261258199e+18,【效期至25年7月】伟博天然高浓度奶蓟草熬夜养肝胶囊250mg护肝片-默认-(DYWEB625273090178),1,7.0,,SALES_DROP,0.1428571428571428
2025-10-13,,伟博加拿大进口99%纯度1100mg成人omega3深海鱼油心血管养护120粒-两瓶装（1个周期）【送一瓶价值149的60粒100mg辅酶Q10】-(625273090086*2+628347570705*1),1,7.0,,SALES_DROP,0.1428571428571428
2025-08-25,	7054785415521419523,WEBBER NATURALS儿童6岁+鱼油高DHA香橙味欧米伽3眼脑同步120粒-默认-(DYWEB625273033496),1,7.0,,SALES_DROP,0.1428571428571428
2025-08-23,7.054785415521419e+18,WEBBER NATURALS儿童6岁+鱼油高DHA香橙味欧米伽3眼脑同步120粒-默认-(DYWEB625273033496),1,7.0,,SALES_DROP,0.1428571428571428
2025-09-30,	-,【官方直播】1100mg鱼油120粒+大豆卵磷脂胶囊1200mg180粒鱼油搭档-1100mg鱼油120粒/瓶+大豆卵磷脂胶囊1200mg180粒/瓶-(625273079746*1+625273090086*1),1,7.0,,SALES_DROP,0.1428571428571428
2025-11-22,7.146569951686672e+18,WEBBER NATURALS高纯度深海鱼油omega3欧米伽3成人健身鱼油120粒D-默认-(DYWEB625273090086),3,20.571428571428573,,SALES_DROP,0.1458333333333333
2025-04-15,	7146569951686672673,伟博精粹金CO2提纯1100mg4倍含量omega3成人心脑欧鱼油120粒 S-默认-(DYWEB625273090086),3,20.571428571428573,,SALES_DROP,0.1458333333333333
2025-01-19,7.142731245833732e+18,WebberNaturals进口儿童鱼油欧米伽3高DHA爆浆深海鱼油120粒 1岁+-默认-(DYWEB625273090185),1,6.857142857142857,,SALES_DROP,0.1458333333333333
2025-10-25,,【官方直播】WebberNaturals 95%高纯度omega-3迷你深海鱼油30粒/瓶-2瓶周期装【送一瓶价值149元的60粒100mg辅酶Q10】-(625273070781*2+628347570705*1),1,6.857142857142857,,SALES_DROP,0.1458333333333333
2025-01-19,	7142731245833732390,伟博天然进口儿童鱼油高脑力DHA软胶囊120粒/瓶-默认-(DYWEB625273090185),1,6.857142857142857,,SALES_DROP,0.1458333333333333
2025-09-05,,【官方直播】加拿大伟博儿童鱼油高脑力DHA无腥可嚼软胶囊120粒/瓶-2瓶装-(625273090185*2),1,6.857142857142857,,SALES_DROP,0.1458333333333333
2025-08-19,7.054785415521419e+18,WEBBER NATURALS儿童6岁+鱼油高DHA香橙味欧米伽3眼脑同步120粒-默认-(DYWEB625273033496),1,6.857142857142857,,SALES_DROP,0.1458333333333333
2025-03-02,	7146569951686672673,【效期至27年10月】Webber naturals伟博高纯度Omega3鱼油120粒/瓶S-默认-(DYWEB625273090086),1,6.857142857142857,,SALES_DROP,0.1458333333333333
2025-09-09,,Webber Naturals伟博天然阳光小金盾小颗粒深海儿童鱼油+D3 60粒-2瓶装-(625273071634*2),1,6.857142857142857,,SALES_DROP,0.1458333333333333
2025-09-30,	-,Webber Naturals伟博天然进口小分子胶原蛋白多肽粉150g z-3瓶装-(625273036657*3),1,6.857142857142857,,SALES_DROP,0.1458333333333333
2025-12-26,7.146569951686672e+18,	WEBBER NATURALS高纯度深海鱼油omega3欧米伽3成人健身鱼油120粒D,1,6.857142857142857,,SALES_DROP,0.1458333333333333
2025-05-17,7.146569951686672e+18,伟博精粹金CO2提纯1100mg4倍含量omega3成人心脑欧鱼油120粒 D-默认-(DYWEB625273090086),1,6.857142857142857,,SALES_DROP,0.1458333333333333
2025-05-22,7.146569951686672e+18,伟博精粹金CO2提纯1100mg4倍含量omega3成人心脑欧鱼油120粒 D-默认-(DYWEB625273090086),1,6.857142857142857,,SALES_DROP,0.1458333333333333
2025-09-12,	7146569951686672673,WEBBER NATURALS高纯度深海鱼油omega3欧米伽3成人健身鱼油120粒D-默认-(DYWEB625273090086),1,6.857142857142857,,SALES_DROP,0.1458333333333333
2025-05-22,7.146569951686672e+18,伟博进口99%纯度1100mg成人omega3鱼油中老年心血管养护120粒 DB-默认-(DYWEB625273090086),1,6.857142857142857,,SALES_DROP,0.1458333333333333
2025-06-06,7.146569951686672e+18,伟博加拿大进口99%纯度1100mg成人omega3鱼油心血管养护120粒 DB-默认-(DYWEB625273090086),1,6.857142857142857,,SALES_DROP,0.1458333333333333
2025-09-14,,伟博天然进口儿童鱼油高脑力DHA软胶囊120粒/瓶-1瓶装-(625273090185*1),1,6.857142857142857,,SALES_DROP,0.1458333333333333
2025-08-04,7.144930821143691e+18,WEBBER NATURALS南非醉茄KSM66 3600mg降低皮质醇缓压促睡眠120粒-默认-(DYWEB625273052640),1,6.857142857142857,,SALES_DROP,0.1458333333333333
2025-09-28,,伟博天然进口VB番茄红素锌硒钙水果多酚55+男士全营养素 30粒z-2瓶装-(625273079968*2),1,6.857142857142857,,SALES_DROP,0.1458333333333333
2025-03-06,7.144930821143692e+18,伟博天然进口KSM66南非醉茄印度人参精华3600mg*120粒缓压促睡眠-默认-(DYWEB625273052640),1,6.857142857142857,,SALES_DROP,0.1458333333333333
2025-08-14,7.144930821143691e+18,WEBBER NATURALS南非醉茄KSM66 3600mg降低皮质醇缓压促睡眠120粒-默认-(DYWEB625273052640),1,6.857142857142857,,SALES_DROP,0.1458333333333333
2025-08-15,7.146569951686672e+18,WEBBER NATURALS高纯度深海鱼油omega3欧米伽3成人健身鱼油120粒D-默认-(DYWEB625273090086),1,6.857142857142857,,SALES_DROP,0.1458333333333333
2025-08-14,	7144930821143691527,WEBBER NATURALS南非醉茄KSM66 3600mg降低皮质醇缓压促睡眠120粒-默认-(DYWEB625273052640),1,6.857142857142857,,SALES_DROP,0.1458333333333333
2025-08-17,	-,【官方直播】WebberNaturals伟博深海鱼油1100mg高纯度Omega3 120粒-一瓶装【4个月的量】,1,6.857142857142857,,SALES_DROP,0.1458333333333333
2024-12-30,	7054785415521419523,webbernaturals进口儿童鱼油高DHA青少年Omega-3甜橙味120粒/瓶-默认-(DYWEB625273033496),1,6.857142857142857,,SALES_DROP,0.1458333333333333
2025-08-08,	7054785415521419523,WEBBER NATURALS儿童6岁+鱼油高DHA香橙味欧米伽3眼脑同步120粒-默认-(DYWEB625273033496),1,6.857142857142857,,SALES_DROP,0.1458333333333333
2025-03-15,7.146569951686672e+18,伟博精粹金CO2提纯1100mg4倍含量omega3成人心脑欧鱼油120粒 S-默认-(DYWEB625273090086),1,6.857142857142857,,SALES_DROP,0.1458333333333333
2025-03-23,	7077809856803225896;7081274293186969897,WebberNaturals伟博深海鱼油900mg高纯度Omega3 DHA/EPA鱼油200粒-默认-(DYWEB625273052985);【效期至25年8月】伟博复合氨糖维骨素胶囊三倍营养骨骼120粒/瓶-默认-(DYWEB625273050363),2,13.666666666666666,,SALES_DROP,0.1463414634146341
2025-09-26,	7144930821143691527,WEBBER NATURALS南非醉茄KSM66 3600mg降低皮质醇缓压促睡眠120粒-默认-(DYWEB625273052640),2,13.571428571428571,,SALES_DROP,0.1473684210526316
2025-03-26,7.329414437553848e+18,Webber Naturals伟博天然高纯度1390mg深海精粹鱼油软胶囊60粒/瓶-默认-(DYWEB625273090420),2,13.571428571428571,,SALES_DROP,0.1473684210526316
2025-10-13,,Webber Naturals伟博天然进口小分子胶原蛋白多肽粉150g z-1瓶装-(625273036657*1),2,13.571428571428571,,SALES_DROP,0.1473684210526316
2025-01-08,	7142731245833732390,webbernaturals进口儿童鱼油欧米伽3高DHA爆浆深海鱼油120粒 1岁+-默认-(DYWEB625273090185),1,6.714285714285714,,SALES_DROP,0.1489361702127659
2025-09-28,,【效期至2027.7.29】伟博加拿大伟博天然安睡宝茶氨酸褪黑素45粒/瓶-褪黑素45粒*3-(625273090338*3),1,6.714285714285714,,SALES_DROP,0.1489361702127659
2025-09-30,,Webber Naturals伟博天然阳光小金盾小颗粒深海儿童鱼油+D3 60粒-2瓶装-(625273071634*2),1,6.714285714285714,,SALES_DROP,0.1489361702127659
2025-08-19,	7146569951686672673,【董先生专属】WEBBER NATURALS高纯度深海鱼油omega3欧米伽3成人健身鱼油120粒-默认-(DYWEB625273090086),1,6.714285714285714,,SALES_DROP,0.1489361702127659
2025-01-04,	7146569951686672673,【官方直播】WebberNaturals伟博深海鱼油1390mg高纯度Omega3 120粒-默认-(DYWEB625273090086),1,6.714285714285714,,SALES_DROP,0.1489361702127659
2025-11-02,,【官方直播】WebberNaturals阳光小金盾小颗粒全家深海鱼油+D3 60粒-3瓶装-(625273071634*3),1,6.714285714285714,,SALES_DROP,0.1489361702127659
2025-05-06,7.144930821143692e+18,伟博天然进口KSM66南非醉茄印度人参精华3600mg*120粒降低皮质醇-默认-(DYWEB625273052640),1,6.714285714285714,,SALES_DROP,0.1489361702127659
2026-01-03,7.146569951686672e+18,	WEBBER NATURALS高纯度深海鱼油omega3欧米伽3成人健身鱼油120粒D,1,6.714285714285714,,SALES_DROP,0.1489361702127659
2025-11-29,7.146569951686672e+18,【达人专属】WEBBER NATURALS高纯度深海鱼油omega3欧米伽3成人健身鱼油120粒-默认-(DYWEB625273090086),2,13.428571428571429,,SALES_DROP,0.1489361702127659
2025-11-02,,伟博加拿大进口99%纯度1100mg成人omega3深海鱼油心血管养护120粒-两瓶装（1个周期）【送一瓶价值149的60粒100mg辅酶Q10】-(625273090086*2+628347570705*1),1,6.714285714285714,,SALES_DROP,0.1489361702127659
2025-10-13,,伟博加拿大进口99%纯度1100mg成人omega3深海鱼油心血管养护120粒-一瓶装【体验装】-(625273090086*1),2,13.428571428571429,,SALES_DROP,0.1489361702127659
2025-02-26,	7146569951686672673,【效期至27年10月】Webber naturals伟博高纯度Omega3鱼油120粒/瓶S-默认-(DYWEB625273090086),1,6.714285714285714,,SALES_DROP,0.1489361702127659
2025-08-20,	7054785415521419523,【子豪专属】WEBBER NATURALS6岁+儿童鱼油高DHA香橙味欧米伽3眼脑同步120粒-默认-(DYWEB625273033496),1,6.714285714285714,,SALES_DROP,0.1489361702127659
2025-09-09,	-,Webber Naturals伟博天然阳光小金盾小颗粒深海儿童鱼油+D3 60粒-2瓶装-(625273071634*2),1,6.714285714285714,,SALES_DROP,0.1489361702127659
2025-09-09,	-,Webber Naturals伟博天然进口小分子胶原蛋白多肽粉150g z-胶原蛋白多肽粉150g*3-(625273036657*3),1,6.714285714285714,,SALES_DROP,0.1489361702127659
2025-09-29,	-,WebberNaturals伟博500mg维生素C胶囊60粒  效期到2026-06-30-3瓶装-(625273076622*3),1,6.714285714285714,,SALES_DROP,0.1489361702127659
2025-09-09,,Webber Naturals伟博天然进口小分子胶原蛋白多肽粉150g z-胶原蛋白多肽粉150g*3-(625273036657*3),1,6.714285714285714,,SALES_DROP,0.1489361702127659
2025-08-09,	7054785415521419523,WEBBER NATURALS儿童6岁+鱼油高DHA香橙味欧米伽3眼脑同步120粒-默认-(DYWEB625273033496),1,6.714285714285714,,SALES_DROP,0.1489361702127659
2025-10-13,,【3瓶装】webber naturals胶原蛋白与神经酰胺生物活性胶原肽120片-【3瓶装】webber naturals胶原蛋白与神经酰胺生物活性胶原肽120片-(625273036695*3),2,13.428571428571429,,SALES_DROP,0.1489361702127659
2025-06-06,7.144930821143692e+18,伟博天然进口KSM66南非醉茄印度人参精华3600mg*120粒缓压促睡眠-默认-(DYWEB625273052640),1,6.714285714285714,,SALES_DROP,0.1489361702127659
2025-06-15,7.146569951686672e+18,伟博加拿大进口99%纯度1100mg成人omega3鱼油心血管养护120粒 DB-默认-(DYWEB625273090086),1,6.714285714285714,,SALES_DROP,0.1489361702127659
2025-04-05,	-,【官方直播】加拿大伟博儿童鱼油高脑力DHA无腥可嚼软胶囊120粒/瓶-2瓶装,4,26.857142857142858,,SALES_DROP,0.1489361702127659
2025-09-20,,Webber Naturals伟博天然进口小分子胶原蛋白多肽粉150g z-胶原蛋白多肽粉150g*1-(625273036657*1),1,6.714285714285714,,SALES_DROP,0.1489361702127659
2025-10-25,,【官方直播】WebberNaturals 95%高纯度omega-3迷你深海鱼油30粒/瓶-1瓶试用装【不推荐】-(625273070781*1),1,6.714285714285714,,SALES_DROP,0.1489361702127659
2025-09-12,	7146569951686672673;7481121574674874687,【董先生专属】WEBBER NATURALS高纯度深海鱼油omega3欧米伽3成人健身鱼油120粒-默认-(DYWEB625273090086);伟博天然进口辅酶Q10胶囊100mg 成人心脏活力60粒（效期至26年6月）-默认-(DYWEB628347570705),2,13.428571428571429,,SALES_DROP,0.1489361702127659
2025-09-30,,【官方直播】1100mg鱼油120粒+大豆卵磷脂胶囊1200mg180粒鱼油搭档-1100mg鱼油120粒/瓶+大豆卵磷脂胶囊1200mg180粒/瓶-(625273079746*1+625273090086*1),1,6.714285714285714,,SALES_DROP,0.1489361702127659
2025-06-04,,【3瓶装】加拿大伟博天然小分子胶原蛋白多肽粉150g/瓶-3瓶装,1,6.714285714285714,,SALES_DROP,0.1489361702127659
2025-09-20,,Webber Naturals伟博天然高纯度1100mg深海精粹鱼油软胶囊60粒 D-1瓶装-(625273090420*1),1,6.714285714285714,,SALES_DROP,0.1489361702127659
2025-04-26,,【官方直播】WebberNaturals伟博深海鱼油1100mg高纯度Omega3 120粒-两瓶装【8个月的量送一瓶奶蓟草】,1,6.714285714285714,,SALES_DROP,0.1489361702127659
2024-12-18,	7142731245833732390,伟博天然进口儿童鱼油高脑力DHA软胶囊120粒/瓶-默认-(DYWEB625273090185),1,6.714285714285714,,SALES_DROP,0.1489361702127659
2025-10-13,,【徐冬冬专属】WEBBER NATURALS高纯度深海鱼油omega3欧米伽3成人健身鱼油120粒-鱼油120粒*1瓶装【赠100mg辅酶60粒一瓶】-(625273090086*1+628347570705*1),1,6.714285714285714,,SALES_DROP,0.1489361702127659
2025-07-30,	7054785415521419523,Webber Naturals儿童鱼油150mg高DHA香橙味omega3脑黄金120粒6岁+-默认-(DYWEB625273033496),1,6.714285714285714,,SALES_DROP,0.1489361702127659
2025-07-30,	7054785415521419523,【子豪专属】WEBBER NATURALS6岁+儿童鱼油高DHA香橙味欧米伽3眼脑同步120粒-默认-(DYWEB625273033496),1,6.714285714285714,,SALES_DROP,0.1489361702127659
2025-06-02,7.05478541552142e+18,Webber Naturals儿童鱼油150mg高DHA香橙味omega3脑黄金120粒6岁+-默认-(DYWEB625273033496),1,6.714285714285714,,SALES_DROP,0.1489361702127659
2025-02-26,7.146569951686672e+18,【效期至27年10月】Webber naturals伟博高纯度Omega3鱼油120粒/瓶S-默认-(DYWEB625273090086),1,6.714285714285714,,SALES_DROP,0.1489361702127659
2025-03-09,7.146569951686672e+18,伟博精粹金CO2提纯1100mg4倍含量omega3成人心脑欧鱼油120粒 S-默认-(DYWEB625273090086),1,6.714285714285714,,SALES_DROP,0.1489361702127659
2025-02-06,7.146569951686672e+18,【效期至27年10月】Webber naturals伟博高纯度Omega3鱼油120粒/瓶S-默认-(DYWEB625273090086),1,6.714285714285714,,SALES_DROP,0.1489361702127659
2025-09-13,	7146569951686672673;7481121574674874687,WEBBER NATURALS高纯度深海鱼油omega3欧米伽3成人健身鱼油120粒-默认-(DYWEB625273090086);伟博天然辅酶Q10胶囊100mg 成人心脏活力60粒 效期至26年5月30日-默认-(DYWEB628347570705),2,13.285714285714286,,SALES_DROP,0.1505376344086021
2025-04-12,	-,【官方直播】加拿大伟博儿童鱼油高脑力DHA无腥可嚼软胶囊120粒/瓶-2瓶装,4,26.571428571428573,,SALES_DROP,0.1505376344086021
2025-04-09,	-,【官方直播】WebberNaturals伟博深海鱼油1390mg高纯度Omega3 120粒-2瓶装,2,13.285714285714286,,SALES_DROP,0.1505376344086021
2025-10-12,,伟博加拿大进口99%纯度1100mg成人omega3深海鱼油心血管养护120粒-两瓶装（1个周期）【送一瓶价值149的60粒100mg辅酶Q10】-(625273090086*2+628347570705*1),3,19.857142857142858,,SALES_DROP,0.1510791366906475
2025-10-12,	-,伟博加拿大进口99%纯度1100mg成人omega3深海鱼油心血管养护120粒-一瓶装（体验装）-(625273090086*1),4,26.428571428571427,,SALES_DROP,0.1513513513513513
2025-11-14,7.146569951686672e+18,WEBBER NATURALS高纯度深海鱼油omega3欧米伽3成人健身鱼油120粒D-默认-(DYWEB625273090086),4,26.285714285714285,,SALES_DROP,0.1521739130434782
2025-10-25,,【官方直播】WebberNaturals阳光小金盾小颗粒全家深海鱼油+D3 60粒-2瓶装-(625273071634*2),1,6.571428571428571,,SALES_DROP,0.1521739130434782
2025-04-13,7.144930821143692e+18,伟博天然进口KSM66南非醉茄印度人参精华3600mg*120粒缓压促睡眠-默认-(DYWEB625273052640),1,6.571428571428571,,SALES_DROP,0.1521739130434782
2025-05-15,7.144930821143692e+18,伟博天然进口KSM66南非醉茄印度人参精华3600mg*120粒缓压促睡眠-默认-(DYWEB625273052640),1,6.571428571428571,,SALES_DROP,0.1521739130434782
2025-08-18,7.146569951686672e+18,【董先生专属】WEBBER NATURALS高纯度深海鱼油omega3欧米伽3成人健身鱼油120粒-默认-(DYWEB625273090086),1,6.571428571428571,,SALES_DROP,0.1521739130434782
2025-10-25,,【3瓶装】webber naturals胶原蛋白与神经酰胺生物活性胶原肽120片-【3瓶装】webber naturals胶原蛋白与神经酰胺生物活性胶原肽120片-(625273036695*3),1,6.571428571428571,,SALES_DROP,0.1521739130434782
2025-05-27,7.086274688812433e+18,Webber Naturals伟博胶原蛋白与神经酰胺生物活性胶原肽120片/瓶-默认-(DYWEB625273036695),1,6.571428571428571,,SALES_DROP,0.1521739130434782
2025-06-08,,Webber Naturals伟博天然高纯度1100mg深海精粹鱼油软胶囊60粒 D-2瓶装（赠40mg叶黄素一瓶）,1,6.571428571428571,,SALES_DROP,0.1521739130434782
2025-04-13,	7144930821143691527,伟博天然进口KSM66南非醉茄印度人参精华3600mg*120粒缓压促睡眠-默认-(DYWEB625273052640),1,6.571428571428571,,SALES_DROP,0.1521739130434782
2025-08-30,7.054785415521419e+18,WEBBER NATURALS儿童6岁+鱼油高DHA香橙味欧米伽3眼脑同步120粒-默认-(DYWEB625273033496),2,13.142857142857142,,SALES_DROP,0.1521739130434782
2025-02-06,	7146569951686672673,【效期至27年10月】Webber naturals伟博高纯度Omega3鱼油120粒/瓶S-默认-(DYWEB625273090086),1,6.571428571428571,,SALES_DROP,0.1521739130434782
2024-12-23,	7146569951686672673,伟博精粹金CO2提纯1100mg4倍含量omega3成人心脑欧米伽3鱼油120粒-默认-(DYWEB625273090086),1,6.571428571428571,,SALES_DROP,0.1521739130434782
2025-01-18,	7146569951686672673,【官方直播】WebberNaturals伟博深海鱼油1390mg高纯度Omega3 120粒-默认-(DYWEB625273090086),1,6.571428571428571,,SALES_DROP,0.1521739130434782
2025-03-10,7.05478541552142e+18,Webber Naturals儿童鱼油150mg高DHA香橙味omega3脑黄金120粒6岁+-默认-(DYWEB625273033496),2,13.142857142857142,,SALES_DROP,0.1521739130434782
2025-08-04,	7146569951686672673,WEBBER NATURALS高纯度深海鱼油omega3欧米伽3成人健身鱼油120粒D-默认-(DYWEB625273090086),1,6.571428571428571,,SALES_DROP,0.1521739130434782
2025-01-27,7.12461115418552e+18,Webber naturals伟博深海鱼油500mgOmega3+D3青少年补脑 100粒/瓶-默认-(DYWEB625273090291),1,6.571428571428571,,SALES_DROP,0.1521739130434782
2025-01-21,	7146569951686672673,【效期至27年10月】Webber naturals伟博高纯度Omega3鱼油120粒/瓶S-默认-(DYWEB625273090086),1,6.571428571428571,,SALES_DROP,0.1521739130434782
2025-10-29,,【达人专属】伟博加拿大进口99%纯度1100mg成人omega3深海鱼油心血管养护120粒-一瓶装（体验装）-(625273090086*1),1,6.571428571428571,,SALES_DROP,0.1521739130434782
2025-11-13,,【子豪专属】伟博天然进口儿童鱼油高脑力DHA软胶囊120粒/瓶-2瓶装-(625273090185*2),1,6.571428571428571,,SALES_DROP,0.1521739130434782
2025-06-28,7.146569951686672e+18,【佳姐专属】伟博加拿大进口99%纯度1100mg成人omega3鱼油心血管养护120粒 DB-默认-(DYWEB625273090086),1,6.571428571428571,,SALES_DROP,0.1521739130434782
2025-12-07,7.146569951686672e+18,	WEBBER NATURALS高纯度深海鱼油omega3欧米伽3成人健身鱼油120粒,1,6.571428571428571,,SALES_DROP,0.1521739130434782
2025-01-18,7.146569951686672e+18,【效期至27年10月】Webber naturals伟博高纯度Omega3鱼油120粒/瓶S-默认-(DYWEB625273090086),1,6.571428571428571,,SALES_DROP,0.1521739130434782
2025-01-18,	7124611154185519400,Webber naturals伟博深海鱼油500mgOmega3+D3青少年补脑 100粒/瓶-默认-(DYWEB625273090291),2,13.142857142857142,,SALES_DROP,0.1521739130434782
2025-12-01,7.448836024085742e+18,【达人专属】Webber Naturals伟博天然阳光小金盾小颗粒深海儿童鱼油+D3 60粒-默认-(DYWEB625273071634),1,6.571428571428571,,SALES_DROP,0.1521739130434782
2026-01-04,7.081273337766478e+18,	WEBBER NATURALS进口Verisol小分子多肽胶原蛋白加生物素120粒/瓶,1,6.571428571428571,,SALES_DROP,0.1521739130434782
2025-01-21,7.146569951686672e+18,【官方直播】WebberNaturals伟博深海鱼油1390mg高纯度Omega3 120粒-默认-(DYWEB625273090086),1,6.571428571428571,,SALES_DROP,0.1521739130434782
2025-01-21,7.146569951686672e+18,【效期至27年10月】Webber naturals伟博高纯度Omega3鱼油120粒/瓶S-默认-(DYWEB625273090086),1,6.571428571428571,,SALES_DROP,0.1521739130434782
2025-03-10,	7054785415521419523,Webber Naturals儿童鱼油150mg高DHA香橙味omega3脑黄金120粒6岁+-默认-(DYWEB625273033496),2,13.0,,SALES_DROP,0.1538461538461538
2025-03-27,	7329414437553848576;7427011616899940648,Webber Naturals伟博天然高纯度1390mg深海精粹鱼油软胶囊60粒/瓶-默认-(DYWEB625273090420);Webber伟博 Osteo氨糖软骨素MSM添加乳香姜黄素高端关节修护30粒-默认-(625273090321),4,26.0,,SALES_DROP,0.1538461538461538
2025-03-28,	7329414437553848576;7427011616899940648,Webber Naturals伟博天然高纯度1390mg深海精粹鱼油软胶囊60粒/瓶-默认-(DYWEB625273090420);Webber伟博 Osteo氨糖软骨素MSM添加乳香姜黄素高端关节修护30粒-默认-(625273090321),4,26.0,,SALES_DROP,0.1538461538461538
2025-05-25,,【官方直播】WebberNaturals伟博深海鱼油1100mg高纯度Omega3 120粒-两瓶装【8个月的量】,1,6.428571428571429,,SALES_DROP,0.1555555555555555
2025-11-16,7.054785415521419e+18,【官方直播 】伟博天然6岁+儿童鱼油高DHA欧米伽3香橙味120粒-默认-(DYWEB625273033496),1,6.428571428571429,,SALES_DROP,0.1555555555555555
2025-03-19,7.329414437553848e+18,【春蚕专属】Webber Naturals伟博天然高纯度1390mg深海精粹鱼油软胶囊60粒/瓶-默认-(DYWEB625273090420),1,6.428571428571429,,SALES_DROP,0.1555555555555555
2025-05-30,7.086274688812433e+18,Webber Naturals伟博胶原蛋白与神经酰胺生物活性胶原肽120片/瓶-默认-(DYWEB625273036695),1,6.428571428571429,,SALES_DROP,0.1555555555555555
2025-10-20,,伟博天然进口儿童鱼油高脑力DHA软胶囊120粒/瓶-2瓶装-(625273090185*2),1,6.428571428571429,,SALES_DROP,0.1555555555555555
2025-01-22,7.144930821143692e+18,伟博天然进口KSM66南非醉茄印度人参精华3600mg*120粒缓压促睡眠-默认-(DYWEB625273052640),1,6.428571428571429,,SALES_DROP,0.1555555555555555
2025-10-17,,Webber Naturals伟博天然高纯度1100mg深海精粹鱼油软胶囊60粒 Z-1瓶装-(625273090420*1),1,6.428571428571429,,SALES_DROP,0.1555555555555555
2025-03-24,,【官方直播】WebberNaturals伟博深海鱼油1390mg高纯度Omega3 120粒-5瓶装,1,6.428571428571429,,SALES_DROP,0.1555555555555555
2025-08-10,7.054785415521419e+18,WEBBER NATURALS儿童6岁+鱼油高DHA香橙味欧米伽3眼脑同步120粒-默认-(DYWEB625273033496),1,6.428571428571429,,SALES_DROP,0.1555555555555555
2025-08-08,7.054785415521419e+18,WEBBER NATURALS儿童6岁+鱼油高DHA香橙味欧米伽3眼脑同步120粒-默认-(DYWEB625273033496),1,6.428571428571429,,SALES_DROP,0.1555555555555555
2025-09-04,	-,Webber Naturals伟博天然高纯度1100mg深海精粹鱼油软胶囊60粒 D-1瓶装-(625273090420*1),1,6.428571428571429,,SALES_DROP,0.1555555555555555
2025-08-08,	7054785415521419523,【子豪专属】WEBBER NATURALS6岁+儿童鱼油高DHA香橙味欧米伽3眼脑同步120粒-默认-(DYWEB625273033496),1,6.428571428571429,,SALES_DROP,0.1555555555555555
2025-09-24,	-,伟博天然进口KSM-66 南非醉茄 降低皮质醇缓压促睡眠120粒-7200mg南非醉茄一瓶（120粒 每天1粒 可吃4个月）-(625273071597*1),1,6.428571428571429,,SALES_DROP,0.1555555555555555
2025-04-03,,伟博天然进口辅酶Q10胶囊100mg 成人心脏活力60粒（效期至26年5月）-3瓶装,1,6.428571428571429,,SALES_DROP,0.1555555555555555
2025-04-03,,伟博Osteo氨糖软骨素MSM 高端关节修护30粒（效期至25年7月）-3瓶,1,6.428571428571429,,SALES_DROP,0.1555555555555555
2025-04-03,,伟博Osteo氨糖软骨素MSM 高端关节修护30粒（效期至25年7月）-1瓶装,1,6.428571428571429,,SALES_DROP,0.1555555555555555
2025-02-07,	7146569951686672673,【老板娘专属】伟博精粹金CO2提纯1100mg4倍含量omega3成人心脑欧米伽3鱼油120粒-默认-(DYWEB625273090086),1,6.428571428571429,,SALES_DROP,0.1555555555555555
2026-01-01,7.054785415521419e+18,	【子豪专属】WEBBER NATURALS6岁+儿童鱼油高DHA香橙味欧米伽3眼脑同步120粒,1,6.428571428571429,,SALES_DROP,0.1555555555555555
2025-08-10,	7054785415521419523,WEBBER NATURALS儿童6岁+鱼油高DHA香橙味欧米伽3眼脑同步120粒-默认-(DYWEB625273033496),1,6.428571428571429,,SALES_DROP,0.1555555555555555
2025-04-03,,【summer专属3瓶装】加拿大伟博天然胶原蛋白与神经酰胺120片/瓶-【3瓶组合装】,1,6.428571428571429,,SALES_DROP,0.1555555555555555
2025-04-03,,【YY专属】Webber Naturals伟博维生素C1000毫克150粒/瓶（效期至25年9月）-3瓶装,1,6.428571428571429,,SALES_DROP,0.1555555555555555
2025-09-09,,【官方直播】WebberNaturals 95%高纯度omega-3迷你深海鱼油30粒/瓶-2瓶周期装【送一瓶价值149元的60粒100mg辅酶Q10】-(625273070781*2),1,6.428571428571429,,SALES_DROP,0.1555555555555555
2025-09-11,	-,Webber Naturals伟博天然阳光小金盾小颗粒全家深海鱼油+D3 60粒-1瓶装-(625273071634*1),1,6.428571428571429,,SALES_DROP,0.1555555555555555
2025-01-21,	7146569951686672673,【官方直播】WebberNaturals伟博深海鱼油1390mg高纯度Omega3 120粒-默认-(DYWEB625273090086),1,6.428571428571429,,SALES_DROP,0.1555555555555555
2025-09-20,	-,Webber Naturals伟博天然进口小分子胶原蛋白多肽粉150g z-胶原蛋白多肽粉150g*1-(625273036657*1),1,6.428571428571429,,SALES_DROP,0.1555555555555555
2025-10-11,	-,伟博加拿大进口99%纯度1100mg成人omega3深海鱼油心血管养护120粒-两瓶装（1个周期）【送一瓶价值149的60粒100mg辅酶Q10】-(625273090086*2+628347570705*1),3,19.285714285714285,,SALES_DROP,0.1555555555555555
2025-09-20,	-,Webber Naturals伟博天然高纯度1100mg深海精粹鱼油软胶囊60粒 D-1瓶装-(625273090420*1),1,6.428571428571429,,SALES_DROP,0.1555555555555555
2025-03-26,,【效期至2027.7.29】加拿大伟博天然安睡宝 茶氨酸褪黑素45粒/瓶-褪黑素45粒*1,1,6.428571428571429,,SALES_DROP,0.1555555555555555
2025-10-27,7.448836024085742e+18,Webber Naturals伟博天然阳光小金盾小颗粒深海儿童鱼油+D3 60粒-默认-(DYWEB625273071634),1,6.428571428571429,,SALES_DROP,0.1555555555555555
2025-03-20,	7199138110997872936,【二姐专属】Webber   Naturals伟博维生素C1000毫克150粒/瓶（效期至25年9月）-默认-(DYWEB625273032727),1,6.428571428571429,,SALES_DROP,0.1555555555555555
2025-05-23,,【官方直播】WebberNaturals伟博深海鱼油1100mg高纯度Omega3 120粒-两瓶装【8个月的量】,1,6.428571428571429,,SALES_DROP,0.1555555555555555
2025-06-01,7.146569951686672e+18,伟博加拿大进口99%纯度1100mg成人omega3鱼油心血管养护120粒 DB-默认-(DYWEB625273090086),1,6.428571428571429,,SALES_DROP,0.1555555555555555
2025-10-15,	-,【徐冬冬专属】WEBBER NATURALS高纯度深海鱼油omega3欧米伽3成人健身鱼油120粒-鱼油120粒*1瓶装【赠100mg辅酶60粒一瓶】-(625273090086*1+628347570705*1),1,6.428571428571429,,SALES_DROP,0.1555555555555555
2025-10-16,	-,【3瓶装】webber naturals胶原蛋白与神经酰胺生物活性胶原肽120片-【3瓶装】webber naturals胶原蛋白与神经酰胺生物活性胶原肽120片-(625273036695*3),1,6.428571428571429,,SALES_DROP,0.1555555555555555
2025-10-27,	7448836024085741839,Webber Naturals伟博天然阳光小金盾小颗粒深海儿童鱼油+D3 60粒-默认-(DYWEB625273071634),1,6.428571428571429,,SALES_DROP,0.1555555555555555
2025-10-13,	-,伟博加拿大进口99%纯度1100mg成人omega3深海鱼油心血管养护120粒-一瓶装【体验装】-(625273090086*1),2,12.857142857142858,,SALES_DROP,0.1555555555555555
2025-04-15,7.146569951686672e+18,伟博精粹金CO2提纯1100mg4倍含量omega3成人心脑欧鱼油120粒 S-默认-(DYWEB625273090086),3,19.142857142857142,,SALES_DROP,0.1567164179104477
2025-09-06,7.144930821143691e+18,WEBBER NATURALS南非醉茄KSM66 3600mg降低皮质醇缓压促睡眠120粒-默认-(DYWEB625273052640),3,19.142857142857142,,SALES_DROP,0.1567164179104477
2025-08-29,7.144930821143691e+18,WEBBER NATURALS南非醉茄KSM66 3600mg降低皮质醇缓压促睡眠120粒-默认-(DYWEB625273052640),2,12.714285714285714,,SALES_DROP,0.1573033707865168
2025-03-16,7.11003268465066e+18,【效期至25年6月】webbernaturals伟博500mg维生素C胶囊60粒-默认-(625273076622),2,12.714285714285714,,SALES_DROP,0.1573033707865168
2025-03-09,	7427011616899940648,【官方直播】WebberNaturals伟博深海鱼油1390mg高纯度Omega3 120粒-3瓶装;Webber伟博 Osteo氨糖软骨素MSM添加乳香姜黄素高端关节修护30粒-默认-(625273090321),4,25.428571428571427,,SALES_DROP,0.1573033707865168
2025-01-19,7.05478541552142e+18,Webber Naturals儿童鱼油150mg高DHA香橙味omega3脑黄金120粒6岁+-默认-(DYWEB625273033496),2,12.714285714285714,,SALES_DROP,0.1573033707865168
2025-01-09,	7142731245833732390,webbernaturals进口儿童鱼油欧米伽3高DHA爆浆深海鱼油120粒 1岁+-默认-(DYWEB625273090185),3,19.0,,SALES_DROP,0.1578947368421052
2025-02-25,	7329414437553848576,【楚门OI专属】Webber Naturals伟博天然高纯度1390mg深海精粹鱼油软胶囊60粒/瓶-默认-(DYWEB625273090420),1,6.285714285714286,,SALES_DROP,0.1590909090909091
2025-07-13,7.142731245833732e+18,【子豪专属】WEBBER NATURALS进口儿童鱼油欧米伽3高DHA爆浆深海鱼油120粒1岁+-默认-(DYWEB625273090185),1,6.285714285714286,,SALES_DROP,0.1590909090909091
2025-09-30,,【美彤专属】【儿童拍】WebberNaturals伟博小金盾小颗粒深海儿童鱼油+D3 60粒-【儿童拍】2瓶装（送一瓶40mg叶黄素）-(625273071634*2+625273070255*1),1,6.285714285714286,,SALES_DROP,0.1590909090909091
2025-11-05,7.448836024085742e+18,Webber Naturals伟博天然阳光小金盾小颗粒深海儿童鱼油+D3 60粒-默认-(DYWEB625273071634),2,12.571428571428571,,SALES_DROP,0.1590909090909091
2025-12-25,,	伟博加拿大进口99%纯度1100mg成人omega3深海鱼油心血管养护120粒,1,6.285714285714286,,SALES_DROP,0.1590909090909091
2025-03-24,	-,伟博Osteo氨糖软骨素MSM 高端关节修护30粒（效期至25年7月）-3瓶,1,6.285714285714286,,SALES_DROP,0.1590909090909091
2025-04-04,	-,Webber Naturals伟博天然进口小分子胶原蛋白多肽粉150g z-胶原蛋白多肽粉150g*3,1,6.285714285714286,,SALES_DROP,0.1590909090909091
2025-08-06,7.144930821143691e+18,WEBBER NATURALS南非醉茄KSM66 3600mg降低皮质醇缓压促睡眠120粒-默认-(DYWEB625273052640),1,6.285714285714286,,SALES_DROP,0.1590909090909091
2025-08-11,7.146569951686672e+18,WEBBER NATURALS高纯度深海鱼油omega3欧米伽3成人健身鱼油120粒D-默认-(DYWEB625273090086),1,6.285714285714286,,SALES_DROP,0.1590909090909091
2025-04-03,7.329414437553848e+18,【春蚕专属】Webber Naturals伟博天然高纯度1390mg深海精粹鱼油软胶囊60粒/瓶-默认-(DYWEB625273090420),1,6.285714285714286,,SALES_DROP,0.1590909090909091
2025-05-19,7.146569951686672e+18,伟博精粹金CO2提纯1100mg4倍含量omega3成人心脑欧鱼油120粒 D-默认-(DYWEB625273090086),1,6.285714285714286,,SALES_DROP,0.1590909090909091
2025-04-01,7.329414437553848e+18,Webber Naturals伟博天然高纯度1390mg深海精粹鱼油软胶囊60粒/瓶-默认-(DYWEB625273090420),1,6.285714285714286,,SALES_DROP,0.1590909090909091
2025-03-25,	-,Webber naturals伟博深海鱼油900mg高纯度Omega3/DHA/EPA 200粒z-伟博油900mg深海鱼油200粒*2,1,6.285714285714286,,SALES_DROP,0.1590909090909091
2025-07-04,	7144930821143691527,伟博天然进口KSM66南非醉茄印度人参精华3600mg*120粒降低皮质醇-默认-(DYWEB625273052640),1,6.285714285714286,,SALES_DROP,0.1590909090909091
2025-03-08,	7146569951686672673,【效期至27年10月】Webber naturals伟博高纯度Omega3鱼油120粒/瓶S-默认-(DYWEB625273090086),1,6.285714285714286,,SALES_DROP,0.1590909090909091
2025-07-29,	7146569951686672673,WEBBER NATURALS高纯度深海鱼油omega3欧米伽3成人健身鱼油120粒D-默认-(DYWEB625273090086),1,6.285714285714286,,SALES_DROP,0.1590909090909091
2025-08-06,	7144930821143691527,WEBBER NATURALS南非醉茄KSM66 3600mg降低皮质醇缓压促睡眠120粒-默认-(DYWEB625273052640),1,6.285714285714286,,SALES_DROP,0.1590909090909091
2025-04-10,,【官方直播】加拿大伟博Webber儿童鱼油高DHAOmega-3甜橙味120粒/瓶-2瓶装,1,6.285714285714286,,SALES_DROP,0.1590909090909091
2025-01-19,	7054785415521419523,Webber Naturals儿童鱼油150mg高DHA香橙味omega3脑黄金120粒6岁+-默认-(DYWEB625273033496),2,12.571428571428571,,SALES_DROP,0.1590909090909091
2025-08-07,7.054785415521419e+18,WEBBER NATURALS儿童6岁+鱼油高DHA香橙味欧米伽3眼脑同步120粒-默认-(DYWEB625273033496),1,6.285714285714286,,SALES_DROP,0.1590909090909091
2025-08-07,	7054785415521419523,【子豪专属】WEBBER NATURALS6岁+儿童鱼油高DHA香橙味欧米伽3眼脑同步120粒-默认-(DYWEB625273033496),1,6.285714285714286,,SALES_DROP,0.1590909090909091
2025-07-11,7.05478541552142e+18,【子豪专属】WEBBER NATURALS6岁+儿童鱼油高DHA香橙味欧米伽3眼脑同步120粒-默认-(DYWEB625273033496),1,6.285714285714286,,SALES_DROP,0.1590909090909091
2025-10-31,	7481121574674874687,Webber Naturals伟博天然进口小分子胶原蛋白多肽粉150g z-1瓶装-(625273036657*1);伟博天然辅酶Q10胶囊100mg 成人心脏活力60粒 效期至26年5月30日-默认-(DYWEB628347570705),2,12.571428571428571,,SALES_DROP,0.1590909090909091
2025-10-18,7.448836024085742e+18,Webber Naturals伟博天然阳光小金盾小颗粒深海儿童鱼油+D3 60粒-默认-(DYWEB625273071634),1,6.285714285714286,,SALES_DROP,0.1590909090909091
2025-09-06,	-,【官方直播】加拿大伟博儿童鱼油高脑力DHA无腥可嚼软胶囊120粒/瓶-2瓶装-(625273090185*2),1,6.285714285714286,,SALES_DROP,0.1590909090909091
2025-09-11,	-,【董先生专属】【2瓶装】伟博精粹金CO2提纯1100mg4倍含量omega3成人心脑鱼油120粒-两瓶装（周期装）【送一瓶价值149的60粒100mg辅酶Q10】-(625273090086*2+628347570705*1),1,6.285714285714286,,SALES_DROP,0.1590909090909091
2025-09-11,	-,Webber Naturals伟博天然阳光小金盾小颗粒深海儿童鱼油+D3 60粒-2瓶装-(625273071634*2),1,6.285714285714286,,SALES_DROP,0.1590909090909091
2025-06-03,,【官方直播】WebberNaturals伟博深海鱼油1100mg高纯度Omega3 120粒-三瓶装【一年的量送一瓶奶蓟草】,1,6.285714285714286,,SALES_DROP,0.1590909090909091
2025-09-07,7.146569951686672e+18,WEBBER NATURALS高纯度深海鱼油omega3欧米伽3成人健身鱼油120粒D-默认-(DYWEB625273090086),1,6.285714285714286,,SALES_DROP,0.1590909090909091
2025-03-31,7.329414437553848e+18,【春蚕专属】Webber Naturals伟博天然高纯度1390mg深海精粹鱼油软胶囊60粒/瓶-默认-(DYWEB625273090420),1,6.285714285714286,,SALES_DROP,0.1590909090909091
2025-07-13,7.12461115418552e+18,WEBBER NATURALS500mg Omega-3深海鱼油添加D3青少年鱼油100粒/瓶-默认-(DYWEB625273090291),1,6.285714285714286,,SALES_DROP,0.1590909090909091
2025-04-11,,Webber naturals伟博深海鱼油900mg高纯度Omega3/DHA/EPA 200粒z-伟博油900mg深海鱼油200粒*1,1,6.285714285714286,,SALES_DROP,0.1590909090909091
2025-08-21,	7054785415521419523,【子豪专属】WEBBER NATURALS6岁+儿童鱼油高DHA香橙味欧米伽3眼脑同步120粒-默认-(DYWEB625273033496),1,6.285714285714286,,SALES_DROP,0.1590909090909091
2025-11-12,,【儿童心脑眼组合】伟博天然小金盾鱼油60粒+6岁+儿童叶黄素60粒-鱼油护眼组合-(625273071634*1+625273033342*1),1,6.285714285714286,,SALES_DROP,0.1590909090909091
2025-11-13,,【进博会专属】伟博天然1岁+儿童鱼油高脑力DHA可嚼软胶囊120粒-1瓶装-(625273090185*1),1,6.285714285714286,,SALES_DROP,0.1590909090909091
2025-08-18,	7146569951686672673,【董先生专属】WEBBER NATURALS高纯度深海鱼油omega3欧米伽3成人健身鱼油120粒-默认-(DYWEB625273090086),1,6.285714285714286,,SALES_DROP,0.1590909090909091
2024-12-29,	-,webber naturals伟博天然蔓越莓浓缩精华胶囊80粒z-伟博天然蔓越莓浓缩精华胶囊80粒*1,1,6.285714285714286,,SALES_DROP,0.1590909090909091
2025-12-24,,	【效期至2027年12月】伟博天然高纯度深海鱼油omega3成人健身120粒,1,6.285714285714286,,SALES_DROP,0.1590909090909091
2024-12-29,	-,Webber naturals伟博深海鱼油1100mg高纯度Omega3 120粒 z-1瓶装,1,6.285714285714286,,SALES_DROP,0.1590909090909091
2025-11-13,,【进博会专属】伟博天然1岁+儿童鱼油高脑力DHA可嚼软胶囊120粒-2瓶装-(625273090185*2),1,6.285714285714286,,SALES_DROP,0.1590909090909091
2025-05-19,,【效期至26年6月30日】Webber naturals伟博500mg维生素C胶囊60粒-3瓶装,1,6.285714285714286,,SALES_DROP,0.1590909090909091
2025-05-20,,伟博进口99%纯度1100mg成人omega3深海鱼油中老年心血管养护120粒-3瓶装（1年的量）,1,6.285714285714286,,SALES_DROP,0.1590909090909091
2025-09-06,	7144930821143691527,WEBBER NATURALS南非醉茄KSM66 3600mg降低皮质醇缓压促睡眠120粒-默认-(DYWEB625273052640),3,18.714285714285715,,SALES_DROP,0.1603053435114503
2025-07-04,7.142731245833732e+18,【子豪专属】WebberNaturals进口儿童鱼油欧米伽3高DHA爆浆深海鱼油120粒 1岁+-默认-(DYWEB625273090185),2,12.428571428571429,,SALES_DROP,0.160919540229885
2024-12-28,	7077809856803225896,WebberNaturals伟博深海鱼油900mg高纯度Omega3 DHA/EPA鱼油200粒-默认-(DYWEB625273052985),2,12.428571428571429,,SALES_DROP,0.160919540229885
2024-12-30,	7142731245833732390,webbernaturals进口儿童鱼油欧米伽3高DHA爆浆深海鱼油120粒 1岁+-默认-(DYWEB625273090185),3,18.571428571428573,,SALES_DROP,0.1615384615384615
2025-08-25,7.124611154185519e+18,WEBBER NATURALS500mg Omega-3深海鱼油添加D3青少年鱼油100粒/瓶-默认-(DYWEB625273090291),1,6.142857142857143,,SALES_DROP,0.1627906976744186
2025-07-25,	7144930821143691527,WEBBER NATURALS南非醉茄KSM66 3600mg降低皮质醇缓压促睡眠120粒-默认-(DYWEB625273052640),1,6.142857142857143,,SALES_DROP,0.1627906976744186
2025-04-02,,伟博Osteo氨糖软骨素MSM 高端关节修护30粒（效期至25年7月）-1瓶装,1,6.142857142857143,,SALES_DROP,0.1627906976744186
2025-10-14,,【成人拍】WebberNaturals高纯度深海鱼油omega3成人健身鱼油120粒-【成人拍】1瓶装（送一瓶40mg叶黄素）-(625273090086*1+625273070255*1),1,6.142857142857143,,SALES_DROP,0.1627906976744186
2025-06-03,,【官方直播】加拿大伟博Webber鱼油500mgOmega3+D3青少年 100粒/瓶-3瓶装,1,6.142857142857143,,SALES_DROP,0.1627906976744186
2025-06-03,,伟博进口99%纯度1100mg成人omega3深海鱼油中老年心血管养护120粒-2瓶装（8个月的量）,1,6.142857142857143,,SALES_DROP,0.1627906976744186
2025-09-29,	-,Webber Naturals伟博天然阳光小金盾小颗粒深海儿童鱼油+D3 60粒-2瓶装-(625273071634*2),1,6.142857142857143,,SALES_DROP,0.1627906976744186
2025-04-01,7.329414437553848e+18,【春蚕专属】Webber Naturals伟博天然高纯度1390mg深海精粹鱼油软胶囊60粒/瓶-默认-(DYWEB625273090420),1,6.142857142857143,,SALES_DROP,0.1627906976744186
2025-08-03,7.054785415521419e+18,WEBBER NATURALS儿童6岁+鱼油高DHA香橙味欧米伽3眼脑同步120粒-默认-(DYWEB625273033496),1,6.142857142857143,,SALES_DROP,0.1627906976744186
2025-09-30,	-,伟博加拿大进口99%纯度1100mg成人omega3深海鱼油心血管养护120粒-三瓶装（1年量）【送两瓶价值149的60粒100mg辅酶Q10】-(625273090086*3+628347570705*2),1,6.142857142857143,,SALES_DROP,0.1627906976744186
2025-08-26,	-,伟博加拿大进口99%纯度1100mg成人omega3深海鱼油心血管养护120粒-两瓶装（1个周期）【送一瓶价值149的60粒100mg辅酶Q10】-(625273090086*2+628347570705*1),1,6.142857142857143,,SALES_DROP,0.1627906976744186
2025-08-08,7.054785415521419e+18,【子豪专属】WEBBER NATURALS6岁+儿童鱼油高DHA香橙味欧米伽3眼脑同步120粒-默认-(DYWEB625273033496),1,6.142857142857143,,SALES_DROP,0.1627906976744186
2025-01-24,7.05478541552142e+18,伟博天然儿童鱼油150mg高DHA香橙味omega3IVO认证脑黄金120粒6岁+-默认-(DYWEB625273033496),1,6.142857142857143,,SALES_DROP,0.1627906976744186
2025-02-28,	7146569951686672673,【效期至27年10月】Webber naturals伟博高纯度Omega3鱼油120粒/瓶S-默认-(DYWEB625273090086),1,6.142857142857143,,SALES_DROP,0.1627906976744186
2025-12-24,,	【达人专属】Webber Naturals伟博天然进口小分子胶原蛋白多肽粉150g z,1,6.142857142857143,,SALES_DROP,0.1627906976744186
2025-04-04,	-,Webber naturals伟博深海鱼油900mg高纯度Omega3/DHA/EPA 200粒z-伟博油900mg深海鱼油200粒*1,1,6.142857142857143,,SALES_DROP,0.1627906976744186
2025-03-21,	7199138110997872936,【二姐专属】Webber   Naturals伟博维生素C1000毫克150粒/瓶（效期至25年9月）-默认-(DYWEB625273032727),1,6.142857142857143,,SALES_DROP,0.1627906976744186
2025-05-23,,【3瓶装】webber naturals胶原蛋白与神经酰胺生物活性胶原肽120片-【3瓶装】webber naturals胶原蛋白与神经酰胺生物活性胶原肽120片,1,6.142857142857143,,SALES_DROP,0.1627906976744186
2025-01-07,	7081192833746780446,webbernaturals辅酶Q10天然发酵免疫软胶囊60粒/瓶100mg营养-默认-(DYWEB625273038552),1,6.142857142857143,,SALES_DROP,0.1627906976744186
2025-01-05,	7081192833746780446,webbernaturals辅酶Q10天然发酵免疫软胶囊60粒/瓶100mg营养-默认-(DYWEB625273038552),1,6.142857142857143,,SALES_DROP,0.1627906976744186
2025-05-15,,【子子小琪专属】Webber Naturals伟博天然高纯度1100mg深海精粹鱼油软胶囊60粒 D-2瓶装（赠40mg叶黄素一瓶）,1,6.142857142857143,,SALES_DROP,0.1627906976744186
2025-05-15,,【春蚕专属】伟博天然高纯度1390mg深海精粹鱼油软胶囊60粒 DB-鱼油2瓶【赠叶黄素1瓶+奶蓟草1瓶（奶蓟草少量送完为止）】,1,6.142857142857143,,SALES_DROP,0.1627906976744186
2025-06-15,,伟博天然进口儿童鱼油高脑力DHA软胶囊120粒/瓶-1瓶装,1,6.142857142857143,,SALES_DROP,0.1627906976744186
2025-04-07,	-,【官方直播】WebberNaturals伟博深海鱼油1390mg高纯度Omega3 120粒-2瓶装,2,12.285714285714286,,SALES_DROP,0.1627906976744186
2025-10-21,,Webber Naturals伟博天然阳光小金盾小颗粒深海儿童鱼油+D3 60粒-2瓶装-(625273071634*2),1,6.142857142857143,,SALES_DROP,0.1627906976744186
2025-01-19,7.144930821143692e+18,伟博天然进口KSM66南非醉茄印度人参精华3600mg*120粒缓压促睡眠-默认-(DYWEB625273052640),1,6.142857142857143,,SALES_DROP,0.1627906976744186
2025-05-19,,Webber Naturals伟博天然高纯度1100mg深海精粹鱼油软胶囊60粒 D-1瓶装（赠500mgVC一瓶）,1,6.142857142857143,,SALES_DROP,0.1627906976744186
2025-05-20,,WebberNaturals伟博天然高纯度1390mg深海精粹鱼油软胶囊60粒/瓶s-120粒*1瓶【4个月量】,1,6.142857142857143,,SALES_DROP,0.1627906976744186
2025-10-21,,【官方直播】WebberNaturals阳光小金盾小颗粒全家深海鱼油+D3 60粒-1瓶装-(625273071634*1),1,6.142857142857143,,SALES_DROP,0.1627906976744186
2025-01-08,7.146569951686672e+18,【效期至27年10月】Webber naturals伟博高纯度Omega3鱼油120粒/瓶S-默认-(DYWEB625273090086),1,6.142857142857143,,SALES_DROP,0.1627906976744186
2025-04-08,	-,伟博Osteo氨糖软骨素MSM 高端关节修护30粒（效期至25年7月）-1瓶装,1,6.142857142857143,,SALES_DROP,0.1627906976744186
2025-07-10,	7124611154185519400,Webber naturals伟博深海鱼油500mgOmega3+D3青少年补脑 100粒/瓶-默认-(DYWEB625273090291),1,6.142857142857143,,SALES_DROP,0.1627906976744186
2025-09-28,7.448836024085742e+18,Webber Naturals伟博天然阳光小金盾小颗粒深海儿童鱼油+D3 60粒-默认-(DYWEB625273071634),2,12.285714285714286,,SALES_DROP,0.1627906976744186
2025-01-24,	7054785415521419523,伟博天然儿童鱼油150mg高DHA香橙味omega3IVO认证脑黄金120粒6岁+-默认-(DYWEB625273033496),1,6.142857142857143,,SALES_DROP,0.1627906976744186
2025-02-26,	7329414437553848576,Webber Naturals伟博天然高纯度1390mg深海精粹鱼油软胶囊60粒/瓶-默认-(DYWEB625273090420),1,6.142857142857143,,SALES_DROP,0.1627906976744186
2025-09-28,	7448836024085741839,Webber Naturals伟博天然阳光小金盾小颗粒深海儿童鱼油+D3 60粒-默认-(DYWEB625273071634),2,12.285714285714286,,SALES_DROP,0.1627906976744186
2025-10-05,,【美彤专属】【儿童拍】WebberNaturals伟博小金盾小颗粒深海儿童鱼油+D3 60粒-【儿童拍】2瓶装（送一瓶40mg叶黄素）-(625273071634*2+625273070255*1),1,6.142857142857143,,SALES_DROP,0.1627906976744186
2025-11-05,	7448836024085741839,Webber Naturals伟博天然阳光小金盾小颗粒深海儿童鱼油+D3 60粒-默认-(DYWEB625273071634),2,12.285714285714286,,SALES_DROP,0.1627906976744186
2025-12-25,,	【官方直播】伟博天然进口深海鱼油1100mg高纯度Omega3 120粒,1,6.142857142857143,,SALES_DROP,0.1627906976744186
2025-12-25,,	【囤货3瓶装】WebberNaturals伟博天然500mg维生素C胶囊60粒,1,6.142857142857143,,SALES_DROP,0.1627906976744186
2025-04-07,	-,伟博天然进口辅酶Q10胶囊100mg 成人心脏活力60粒（效期至26年6月）-1瓶装,1,6.142857142857143,,SALES_DROP,0.1627906976744186
2025-04-06,7.427011616899939e+18,Webber伟博 Osteo氨糖软骨素MSM添加乳香姜黄素高端关节修护30粒-默认-(625273090321),2,12.285714285714286,,SALES_DROP,0.1627906976744186
2025-11-12,,【官方直播】WebberNaturals阳光小金盾小颗粒全家深海鱼油+D3 60粒-1瓶装-(625273071634*1),1,6.142857142857143,,SALES_DROP,0.1627906976744186
2025-02-07,7.146569951686672e+18,【老板娘专属】伟博精粹金CO2提纯1100mg4倍含量omega3成人心脑欧米伽3鱼油120粒-默认-(DYWEB625273090086),1,6.142857142857143,,SALES_DROP,0.1627906976744186
2025-11-09,,【子豪&琳琳】伟博天然进口儿童鱼油高脑力DHA软胶囊120粒/瓶-1瓶装-(625273090185*1),1,6.142857142857143,,SALES_DROP,0.1627906976744186
2025-03-15,	7086274688812433667,Webber Naturals伟博胶原蛋白与神经酰胺生物活性胶原肽120片/瓶-默认-(DYWEB625273036695);Webber Naturals伟博天然进口小分子胶原蛋白多肽粉150g z-胶原蛋白多肽粉150g*3,3,18.285714285714285,,SALES_DROP,0.1640625
2025-10-02,7.146569951686672e+18,WEBBER NATURALS高纯度深海鱼油omega3欧米伽3成人健身鱼油120粒D-默认-(DYWEB625273090086),2,12.142857142857142,,SALES_DROP,0.1647058823529411
2025-08-08,7.05478541563052e+18,伟博天然进口α硫辛酸胶囊100mg*60粒/瓶-默认-(DYWEB625273031287),2,12.142857142857142,,SALES_DROP,0.1647058823529411
2025-11-05,	7503765776017555739,【官方直播】加拿大伟博儿童鱼油高脑力DHA无腥可嚼软胶囊120粒/瓶-2瓶装-(625273090185*2);WEBBER NATURALS茶氨酸加纳籽褪黑素香蜂草草本5重配方安睡宝10粒-默认-(DYWEB990312500179),2,12.142857142857142,,SALES_DROP,0.1647058823529411
2025-11-28,7.146569951686672e+18,【达人专属】WEBBER NATURALS高纯度深海鱼油omega3欧米伽3成人健身鱼油120粒-默认-(DYWEB625273090086),2,12.142857142857142,,SALES_DROP,0.1647058823529411
2025-03-06,	7077809856803225896;7110032684650660136,WebberNaturals伟博深海鱼油900mg高纯度Omega3 DHA/EPA鱼油200粒-默认-(DYWEB625273052985);【效期至25年6月】webbernaturals伟博500mg维生素C胶囊60粒-默认-(625273076622),6,36.285714285714285,,SALES_DROP,0.1653543307086614
2025-10-15,,【3瓶装】webber naturals胶原蛋白与神经酰胺生物活性胶原肽120片-【3瓶装】webber naturals胶原蛋白与神经酰胺生物活性胶原肽120片-(625273036695*3),1,6.0,,SALES_DROP,0.1666666666666666
2025-09-05,,【官方直播】WebberNaturals 95%高纯度omega-3迷你深海鱼油30粒/瓶-2瓶周期装【送一瓶价值149元的60粒100mg辅酶Q10】-(625273070781*2),1,6.0,,SALES_DROP,0.1666666666666666
2025-08-29,	-,【官方直播】WebberNaturals 95%高纯度omega-3迷你深海鱼油30粒/瓶-1瓶试用装【不推荐】-(625273070781*1),1,6.0,,SALES_DROP,0.1666666666666666
2025-10-15,,【官方直播】1100mg鱼油120粒+大豆卵磷脂胶囊1200mg180粒鱼油搭档-1100mg鱼油120粒/瓶+大豆卵磷脂胶囊1200mg180粒/瓶-(625273079746*1+625273090086*1),1,6.0,,SALES_DROP,0.1666666666666666
2025-04-02,,伟博天然进口辅酶Q10胶囊100mg 成人心脏活力60粒（效期至26年5月）-3瓶装,1,6.0,,SALES_DROP,0.1666666666666666
2025-10-14,,【官方直播】1100mg鱼油120粒+大豆卵磷脂胶囊1200mg180粒鱼油搭档-1100mg鱼油120粒/瓶+大豆卵磷脂胶囊1200mg180粒/瓶-(625273079746*1+625273090086*1),1,6.0,,SALES_DROP,0.1666666666666666
2024-12-20,	7054785415630536992,奶蓟草护肝片姜黄硫辛酸熬夜加班养护65粒/瓶-默认-(DYWEB625273034523),1,6.0,,SALES_DROP,0.1666666666666666
2025-01-19,	7144930821143691527,伟博天然进口KSM66南非醉茄印度人参精华3600mg*120粒缓压促睡眠-默认-(DYWEB625273052640),1,6.0,,SALES_DROP,0.1666666666666666
2025-04-09,	7144930821143691527,伟博天然进口KSM66南非醉茄印度人参精华3600mg*120粒缓压促睡眠-默认-(DYWEB625273052640),1,6.0,,SALES_DROP,0.1666666666666666
2025-01-22,	7146569951686672673,【效期至27年10月】Webber naturals伟博高纯度Omega3鱼油120粒/瓶S-默认-(DYWEB625273090086),1,6.0,,SALES_DROP,0.1666666666666666
2025-10-14,,伟博天然进口儿童鱼油高脑力DHA软胶囊120粒/瓶-2瓶装-(625273090185*2),1,6.0,,SALES_DROP,0.1666666666666666
2025-08-21,	7144930821143691527,WEBBER NATURALS南非醉茄KSM66 3600mg降低皮质醇缓压促睡眠120粒-默认-(DYWEB625273052640),1,6.0,,SALES_DROP,0.1666666666666666
2025-01-24,	7146569951686672673,【官方直播】WebberNaturals伟博深海鱼油1390mg高纯度Omega3 120粒-默认-(DYWEB625273090086),1,6.0,,SALES_DROP,0.1666666666666666
2025-10-14,,【美彤专属】【成人拍】WebberNaturals高纯度深海鱼油omega3成人健身鱼油120粒-【成人拍】1瓶装（送一瓶40mg叶黄素）-(625273090086*1+625273070255*1),1,6.0,,SALES_DROP,0.1666666666666666
2025-08-19,,【官方直播】WebberNaturals伟博深海鱼油1100mg高纯度Omega3 120粒-两瓶装【8个月的量】-(625273090086*2),1,6.0,,SALES_DROP,0.1666666666666666
2025-09-09,	-,【官方直播】加拿大伟博Webber鱼油500mgOmega3+D3青少年 100粒/瓶-2瓶装-(625273090291*2),1,6.0,,SALES_DROP,0.1666666666666666
2025-08-30,	7054785415521419523,WEBBER NATURALS儿童6岁+鱼油高DHA香橙味欧米伽3眼脑同步120粒-默认-(DYWEB625273033496),2,12.0,,SALES_DROP,0.1666666666666666
2025-04-09,7.144930821143692e+18,伟博天然进口KSM66南非醉茄印度人参精华3600mg*120粒缓压促睡眠-默认-(DYWEB625273052640),1,6.0,,SALES_DROP,0.1666666666666666
2025-05-17,, webber naturals进口儿童鱼油高脑力DHA软胶囊120粒z-儿童鱼油高脑力DHA软胶囊120粒*1,1,6.0,,SALES_DROP,0.1666666666666666
2025-07-13,7.05478541552142e+18,Webber Naturals儿童鱼油150mg高DHA香橙味omega3脑黄金120粒6岁+-默认-(DYWEB625273033496),1,6.0,,SALES_DROP,0.1666666666666666
2025-03-24,	-,【鱼油+卵磷脂组合装】1100mg鱼油120粒+大豆卵磷脂胶囊1200mg180粒-1100mg鱼油120粒/瓶+大豆卵磷脂胶囊1200mg180粒/瓶,1,6.0,,SALES_DROP,0.1666666666666666
2025-12-25,,	【3瓶装】webber naturals胶原蛋白与神经酰胺生物活性胶原肽120片,1,6.0,,SALES_DROP,0.1666666666666666
2025-06-25,7.144930821143692e+18,伟博天然进口KSM66南非醉茄印度人参精华3600mg*120粒缓压促睡眠-默认-(DYWEB625273052640),1,6.0,,SALES_DROP,0.1666666666666666
2025-03-28,,【官方直播】WebberNaturals伟博深海鱼油1390mg高纯度Omega3 120粒-5瓶装,1,6.0,,SALES_DROP,0.1666666666666666
2025-08-03,7.054785415521419e+18,【子豪专属】WEBBER NATURALS6岁+儿童鱼油高DHA香橙味欧米伽3眼脑同步120粒-默认-(DYWEB625273033496),1,6.0,,SALES_DROP,0.1666666666666666
2025-08-06,7.146569951686672e+18,WEBBER NATURALS高纯度深海鱼油omega3欧米伽3成人健身鱼油120粒D-默认-(DYWEB625273090086),1,6.0,,SALES_DROP,0.1666666666666666
2025-04-02,7.146569951686672e+18,伟博精粹金CO2提纯1100mg4倍含量omega3成人心脑欧鱼油120粒 S-默认-(DYWEB625273090086),1,6.0,,SALES_DROP,0.1666666666666666
2025-04-03,7.144930821143692e+18,伟博天然进口KSM66南非醉茄印度人参精华3600mg*120粒缓压促睡眠-默认-(DYWEB625273052640),1,6.0,,SALES_DROP,0.1666666666666666
2025-11-07,7.448836024085742e+18,Webber Naturals伟博天然阳光小金盾小颗粒深海儿童鱼油+D3 60粒-默认-(DYWEB625273071634),2,12.0,,SALES_DROP,0.1666666666666666
2025-08-19,7.146569951686672e+18,【董先生专属】WEBBER NATURALS高纯度深海鱼油omega3欧米伽3成人健身鱼油120粒-默认-(DYWEB625273090086),1,6.0,,SALES_DROP,0.1666666666666666
2025-04-04,	-, webber naturals伟博胶原蛋白与神经酰胺生物活性胶原肽120片z-抗皱胶原蛋白+神经酰胺120粒*1,1,6.0,,SALES_DROP,0.1666666666666666
2025-08-06,	7146569951686672673,WEBBER NATURALS高纯度深海鱼油omega3欧米伽3成人健身鱼油120粒D-默认-(DYWEB625273090086),1,6.0,,SALES_DROP,0.1666666666666666
2025-10-15,,【送辅酶Q10】伟博95%高纯度深海鱼油omega3成人小颗粒健身鱼油30粒-【日常保养2瓶装】30粒*2瓶（下单送100mg辅酶Q10 60粒）-(625273070781*2+628347570705*1),1,6.0,,SALES_DROP,0.1666666666666666
2025-08-15,	7146569951686672673,WEBBER NATURALS高纯度深海鱼油omega3欧米伽3成人健身鱼油120粒D-默认-(DYWEB625273090086),1,6.0,,SALES_DROP,0.1666666666666666
2025-03-23,7.08127429318697e+18,【效期至25年8月】伟博复合氨糖维骨素胶囊三倍营养骨骼120粒/瓶-默认-(DYWEB625273050363),1,6.0,,SALES_DROP,0.1666666666666666
2025-03-10,,Webber Naturals辅酶Q10天然发酵免疫软胶囊60粒/瓶100mg营养 z-2瓶装,1,6.0,,SALES_DROP,0.1666666666666666
2025-10-15,,【3瓶装】加拿大伟博天然小分子胶原蛋白多肽粉150g/瓶-3瓶装-(625273036657*3),1,6.0,,SALES_DROP,0.1666666666666666
2025-03-10,,Webber naturals伟博深海鱼油900mg高纯度Omega3/DHA/EPA 200粒z-伟博油900mg深海鱼油200粒*2,1,6.0,,SALES_DROP,0.1666666666666666
2025-08-20,7.146569951686672e+18,【董先生专属】WEBBER NATURALS高纯度深海鱼油omega3欧米伽3成人健身鱼油120粒-默认-(DYWEB625273090086),1,6.0,,SALES_DROP,0.1666666666666666
2025-08-25,	7124611154185519400,WEBBER NATURALS500mg Omega-3深海鱼油添加D3青少年鱼油100粒/瓶-默认-(DYWEB625273090291),1,6.0,,SALES_DROP,0.1666666666666666
2025-06-20,,伟博加拿大进口99%纯度1100mg成人omega3深海鱼油心血管养护120粒-2瓶装（8个月的量）,1,6.0,,SALES_DROP,0.1666666666666666
2025-11-27,,【3瓶装】加拿大伟博天然小分子胶原蛋白多肽粉150g/瓶-3瓶装-(625273036657*3),1,6.0,,SALES_DROP,0.1666666666666666
2025-11-22,,【进博会专属】伟博天然阳光小金盾小颗粒全家深海鱼油+D3 60粒-3瓶装-(625273071634*3),1,6.0,,SALES_DROP,0.1666666666666666
2025-01-25,7.146569951686672e+18,【老板娘专属】伟博精粹金CO2提纯1100mg4倍含量omega3成人心脑欧米伽3鱼油120粒-默认-(DYWEB625273090086),1,6.0,,SALES_DROP,0.1666666666666666
2025-11-09,,伟博加拿大进口99%纯度1100mg成人omega3深海鱼油心血管养护120粒-两瓶装（1个周期）【送一瓶价值149的60粒100mg辅酶Q10】-(625273090086*2+628347570705*1),1,6.0,,SALES_DROP,0.1666666666666666
2025-08-02,7.054785415521419e+18,WEBBER NATURALS儿童6岁+鱼油高DHA香橙味欧米伽3眼脑同步120粒-默认-(DYWEB625273033496),1,6.0,,SALES_DROP,0.1666666666666666
2025-04-01,	-,【官方直播】加拿大伟博儿童鱼油高脑力DHA无腥可嚼软胶囊120粒/瓶-1瓶装,1,6.0,,SALES_DROP,0.1666666666666666
2025-06-06,,伟博加拿大进口99%纯度1100mg成人omega3深海鱼油心血管养护120粒-2瓶装（8个月的量）,1,6.0,,SALES_DROP,0.1666666666666666
2025-12-30,7.054785415630438e+18,	WEBBER NATURALS高浓缩肉桂精华植物维稳糖值150mg呵护健康60粒,2,11.857142857142858,,SALES_DROP,0.1686746987951807
2025-10-13,,【官方直播】WebberNaturals伟博深海鱼油1100mg高纯度Omega3 120粒-三瓶装【1年的量】-(625273090086*3),2,11.857142857142858,,SALES_DROP,0.1686746987951807
2025-11-25,7.146569951686672e+18,WEBBER NATURALS高纯度深海鱼油omega3欧米伽3成人健身鱼油120粒D-默认-(DYWEB625273090086),3,17.714285714285715,,SALES_DROP,0.1693548387096774
2025-11-22,,Webber Naturals伟博天然进口小分子胶原蛋白多肽粉150g z-3瓶装-(625273036657*3),1,5.857142857142857,,SALES_DROP,0.1707317073170731
2024-12-29,	-,【效期至2027.7.29】加拿大伟博天然安睡宝 茶氨酸褪黑素45粒/瓶-褪黑素45粒*1,1,5.857142857142857,,SALES_DROP,0.1707317073170731
2025-07-03,	7146569951686672673,伟博加拿大进口99%纯度1100mg成人omega3鱼油心血管养护120粒 DB-默认-(DYWEB625273090086),1,5.857142857142857,,SALES_DROP,0.1707317073170731
2024-12-29,	-,伟博天然进口KSM66南非醉茄印度人参精华7200mg*120粒降低皮质醇z-伟博南非醉茄7200mg*1瓶,1,5.857142857142857,,SALES_DROP,0.1707317073170731
2025-02-23,7.144930821143692e+18,伟博天然进口KSM66南非醉茄印度人参精华3600mg*120粒缓压促睡眠-默认-(DYWEB625273052640),1,5.857142857142857,,SALES_DROP,0.1707317073170731
2025-10-24,,Webber Naturals伟博天然高纯度1100mg深海精粹鱼油软胶囊60粒 D-1瓶装-(625273090420*1),1,5.857142857142857,,SALES_DROP,0.1707317073170731
2025-06-01,7.144930821143692e+18,伟博天然进口KSM66南非醉茄印度人参精华3600mg*120粒缓压促睡眠-默认-(DYWEB625273052640),1,5.857142857142857,,SALES_DROP,0.1707317073170731
2025-09-19,,【胖琴专属】WebberNaturals伟博500mg维生素C胶囊60粒  效期到2026-06-30-3瓶装-(625273076622*3),1,5.857142857142857,,SALES_DROP,0.1707317073170731
2025-06-12,, webber naturals伟博胶原蛋白与神经酰胺生物活性胶原肽120片z-抗皱胶原蛋白+神经酰胺120粒*1,1,5.857142857142857,,SALES_DROP,0.1707317073170731
2026-01-12,7.054785415630438e+18,	WEBBER NATURALS高浓缩肉桂精华植物维稳糖值150mg呵护健康60粒,1,5.857142857142857,,SALES_DROP,0.1707317073170731
2025-10-24,,WEBBER NATURALS伟博天然高纯度1390mg深海精粹鱼油软胶囊60粒/瓶-60粒*1瓶【2个月量】-(625273090420*1),1,5.857142857142857,,SALES_DROP,0.1707317073170731
2025-03-19,7.199138110997873e+18,【二姐专属】Webber   Naturals伟博维生素C1000毫克150粒/瓶（效期至25年9月）-默认-(DYWEB625273032727),2,11.714285714285714,,SALES_DROP,0.1707317073170731
2025-08-07,7.146569951686672e+18,WEBBER NATURALS高纯度深海鱼油omega3欧米伽3成人健身鱼油120粒D-默认-(DYWEB625273090086),1,5.857142857142857,,SALES_DROP,0.1707317073170731
2025-11-02,	7481121574674874687,【官方直播】WebberNaturals阳光小金盾小颗粒全家深海鱼油+D3 60粒-2瓶装-(625273071634*2);伟博天然辅酶Q10胶囊100mg 成人心脏活力60粒 效期至26年5月30日-默认-(DYWEB628347570705),2,11.714285714285714,,SALES_DROP,0.1707317073170731
2025-09-05,,Webber Naturals伟博天然进口小分子胶原蛋白多肽粉150g z-胶原蛋白多肽粉150g*1-(625273036657*1),1,5.857142857142857,,SALES_DROP,0.1707317073170731
2025-03-22,7.168643947345036e+18,伟博天然进口VB番茄红素锌硒钙水果多酚55+男士全营养素 30粒-默认-(DYWEB625273079968),1,5.857142857142857,,SALES_DROP,0.1707317073170731
2025-08-19,,WEBBER NATURALS伟博天然高纯度1390mg深海精粹鱼油软胶囊60粒/瓶-60粒*1瓶【2个月量】-(625273090420*1),1,5.857142857142857,,SALES_DROP,0.1707317073170731
2025-08-29,	-,WEBBER NATURALS伟博天然高纯度1390mg深海精粹鱼油软胶囊60粒/瓶-120粒*1瓶【4个月量】-(625273090086*1),1,5.857142857142857,,SALES_DROP,0.1707317073170731
2025-05-31,7.146569951686672e+18,伟博加拿大进口99%纯度1100mg成人omega3鱼油心血管养护120粒 DB-默认-(DYWEB625273090086),1,5.857142857142857,,SALES_DROP,0.1707317073170731
2025-09-27,	-,【送辅酶Q10】伟博95%高纯度深海鱼油omega3成人小颗粒健身鱼油30粒-【新人尝鲜1瓶装】30粒*1瓶-(625273070781*1),1,5.857142857142857,,SALES_DROP,0.1707317073170731
2025-07-09,7.510043339572445e+18,WEBBER NATURALS3倍深海鱼油欧米伽3成人健身无鱼腥DNA鱼油200粒-默认-(625273072433),1,5.857142857142857,,SALES_DROP,0.1707317073170731
2025-09-30,,Webber Naturals伟博天然进口小分子胶原蛋白多肽粉150g z-3瓶装-(625273036657*3),1,5.857142857142857,,SALES_DROP,0.1707317073170731
2025-08-16,,WebberNaturals伟博500mg维生素C胶囊60粒-3瓶装-(625273076622*3),1,5.857142857142857,,SALES_DROP,0.1707317073170731
2025-03-23,7.144930821143692e+18,伟博天然进口KSM66南非醉茄印度人参精华3600mg*120粒缓压促睡眠-默认-(DYWEB625273052640),1,5.857142857142857,,SALES_DROP,0.1707317073170731
2025-11-22,7.054785415521419e+18,【官方直播 】伟博天然6岁+儿童鱼油高DHA欧米伽3香橙味120粒-默认-(DYWEB625273033496),2,11.714285714285714,,SALES_DROP,0.1707317073170731
2025-05-04,7.146569951686672e+18,伟博精粹金CO2提纯1100mg4倍含量omega3成人心脑欧鱼油120粒 S-默认-(DYWEB625273090086),2,11.714285714285714,,SALES_DROP,0.1707317073170731
2025-11-03,,【3瓶装】加拿大伟博天然小分子胶原蛋白多肽粉150g/瓶-3瓶装-(625273036657*3),1,5.857142857142857,,SALES_DROP,0.1707317073170731
2025-10-24,,【3瓶装】webber naturals胶原蛋白与神经酰胺生物活性胶原肽120片-【3瓶装】webber naturals胶原蛋白与神经酰胺生物活性胶原肽120片-(625273036695*3),1,5.857142857142857,,SALES_DROP,0.1707317073170731
2025-07-12,7.510043339572445e+18,webber伟博天然3倍深海鱼油欧米伽3成人保健无鱼腥DNA鱼油200粒-默认-(625273072433),1,5.857142857142857,,SALES_DROP,0.1707317073170731
2025-09-19,,【官方直播】WebberNaturals伟博深海鱼油1100mg高纯度Omega3 120粒-两瓶装【8个月的量】-(625273090086*2),1,5.857142857142857,,SALES_DROP,0.1707317073170731
2024-12-16,	7081192833746780446,webbernaturals辅酶Q10天然发酵免疫软胶囊60粒/瓶100mg营养-默认-(DYWEB625273038552),1,5.857142857142857,,SALES_DROP,0.1707317073170731
2024-12-29,	-,Webber naturals伟博深海鱼油900mg高纯度Omega3/DHA/EPA 200粒z-伟博油900mg深海鱼油200粒*1,1,5.857142857142857,,SALES_DROP,0.1707317073170731
2025-08-30,	7146569951686672673,【徐冬冬专属】WEBBER NATURALS高纯度深海鱼油omega3欧米伽3成人健身鱼油120粒D-默认-(DYWEB625273090086),4,23.428571428571427,,SALES_DROP,0.1707317073170731
2025-11-09,7.054785415521419e+18,WEBBER NATURALS儿童6岁+鱼油高DHA香橙味欧米伽3眼脑同步120粒-默认-(DYWEB625273033496),2,11.714285714285714,,SALES_DROP,0.1707317073170731
2025-05-04,	7146569951686672673,伟博精粹金CO2提纯1100mg4倍含量omega3成人心脑欧鱼油120粒 S-默认-(DYWEB625273090086),2,11.714285714285714,,SALES_DROP,0.1707317073170731
2025-11-09,,【官方直播】1100mg鱼油120粒+大豆卵磷脂胶囊1200mg180粒鱼油搭档-1100mg鱼油120粒/瓶+大豆卵磷脂胶囊1200mg180粒/瓶-(625273079746*1+625273090086*1),1,5.857142857142857,,SALES_DROP,0.1707317073170731
2025-06-01,,伟博天然进口儿童鱼油高脑力DHA软胶囊120粒/瓶-1瓶装,1,5.857142857142857,,SALES_DROP,0.1707317073170731
2025-05-31,,伟博进口99%纯度1100mg成人omega3深海鱼油中老年心血管养护120粒-2瓶装（8个月的量）,1,5.857142857142857,,SALES_DROP,0.1707317073170731
2025-05-29,,【官方直播】加拿大伟博Webber鱼油500mgOmega3+D3青少年 100粒/瓶-3瓶装,1,5.857142857142857,,SALES_DROP,0.1707317073170731
2025-03-22,	7168643947345035558,伟博天然进口VB番茄红素锌硒钙水果多酚55+男士全营养素 30粒-默认-(DYWEB625273079968),1,5.857142857142857,,SALES_DROP,0.1707317073170731
2025-09-20,	-,【韩大宝专属】WebberNaturals伟博500mg维生素C胶囊60粒  效期到2026-06-30-3瓶装-(625273076622*3),1,5.857142857142857,,SALES_DROP,0.1707317073170731
2025-07-24,	7142731245833732390,WEBBER NATURALS进口儿童鱼油欧米伽3高DHA爆浆深海鱼油120粒1岁+-默认-(DYWEB625273090185),1,5.857142857142857,,SALES_DROP,0.1707317073170731
2025-07-14,7.05478541552142e+18,WEBBER NATURALS6岁+儿童鱼油高DHA香橙味欧米伽3眼脑同步120粒-默认-(DYWEB625273033496),1,5.857142857142857,,SALES_DROP,0.1707317073170731
2025-09-27,	-,【官方直播】1100mg鱼油120粒+大豆卵磷脂胶囊1200mg180粒鱼油搭档-1100mg鱼油120粒/瓶+大豆卵磷脂胶囊1200mg180粒/瓶-(625273079746*1+625273090086*1),1,5.857142857142857,,SALES_DROP,0.1707317073170731
2025-08-07,	7146569951686672673,WEBBER NATURALS高纯度深海鱼油omega3欧米伽3成人健身鱼油120粒D-默认-(DYWEB625273090086),1,5.857142857142857,,SALES_DROP,0.1707317073170731
2025-07-06,	7124611154185519400,Webber naturals伟博深海鱼油500mgOmega3+D3青少年补脑 100粒/瓶-默认-(DYWEB625273090291),2,11.571428571428571,,SALES_DROP,0.1728395061728395
2025-10-07,7.146569951686672e+18,WEBBER NATURALS高纯度深海鱼油omega3欧米伽3成人健身鱼油120粒D-默认-(DYWEB625273090086),2,11.571428571428571,,SALES_DROP,0.1728395061728395
2025-03-30,7.427011616899939e+18,Webber伟博 Osteo氨糖软骨素MSM添加乳香姜黄素高端关节修护30粒-默认-(625273090321),3,17.285714285714285,,SALES_DROP,0.1735537190082644
2025-12-28,,	Webber Naturals伟博天然进口小分子胶原蛋白多肽粉150g z,1,5.714285714285714,,SALES_DROP,0.175
2025-10-02,	7054785415521419523,WEBBER NATURALS6岁+儿童鱼油高DHA香橙味欧米伽3眼脑同步120粒-默认-(DYWEB625273033496);【官方直播】加拿大伟博儿童鱼油高脑力DHA无腥可嚼软胶囊120粒/瓶-1瓶装-(625273090185*1),2,11.428571428571429,,SALES_DROP,0.175
2025-02-27,	7144930821143691527,伟博天然进口KSM66南非醉茄印度人参精华3600mg*120粒缓压促睡眠-默认-(DYWEB625273052640),1,5.714285714285714,,SALES_DROP,0.175
2025-02-10,	7144930821143691527,【如晶专属】伟博天然进口KSM66南非醉茄印度人参精华3600mg*120粒降低皮质醇-默认-(DYWEB625273052640),1,5.714285714285714,,SALES_DROP,0.175
2025-03-08,7.168643947345036e+18,伟博天然进口VB番茄红素锌硒钙水果多酚55+男士全营养素 30粒-默认-(DYWEB625273079968),1,5.714285714285714,,SALES_DROP,0.175
2025-10-21,	7054785415521419523,WEBBER NATURALS儿童6岁+鱼油高DHA香橙味欧米伽3眼脑同步120粒-默认-(DYWEB625273033496),2,11.428571428571429,,SALES_DROP,0.175
2025-05-14,, 【2瓶装】webber naturals进口儿童鱼油高脑力DHA软胶囊120粒/瓶-2瓶装,1,5.714285714285714,,SALES_DROP,0.175
2025-10-27,,【官方直播】WebberNaturals阳光小金盾小颗粒全家深海鱼油+D3 60粒-2瓶装-(625273071634*2),1,5.714285714285714,,SALES_DROP,0.175
2025-01-24,	7144930821143691527,伟博天然进口KSM66南非醉茄印度人参精华3600mg*120粒缓压促睡眠-默认-(DYWEB625273052640),1,5.714285714285714,,SALES_DROP,0.175
2025-07-10,7.05478541552142e+18,【子豪专属】WEBBER NATURALS6岁+儿童鱼油高DHA香橙味欧米伽3眼脑同步120粒-默认-(DYWEB625273033496),1,5.714285714285714,,SALES_DROP,0.175
2025-10-01,	-,WebberNaturals伟博进口叶黄素玉米黄素软胶囊呵护眼睛10mg60粒 z-伟博天然叶黄素玉米黄素软胶囊10mg*60粒*1-(625273033663*1),1,5.714285714285714,,SALES_DROP,0.175
2025-10-25,	7481121574674874687,伟博天然辅酶Q10胶囊100mg 成人心脏活力60粒 效期至26年5月30日-默认-(DYWEB628347570705),1,5.714285714285714,,SALES_DROP,0.175
2025-11-05,,【进博会专属】伟博天然进口深海鱼油1100mg高纯度Omega3 120粒-一瓶装【4个月的量】-(625273090086*1),1,5.714285714285714,,SALES_DROP,0.175
2025-03-24,	-, webber naturals伟博胶原蛋白与神经酰胺生物活性胶原肽120片/瓶-3瓶装,1,5.714285714285714,,SALES_DROP,0.175
2025-04-06,	-,Webber naturals伟博深海鱼油900mg高纯度Omega3/DHA/EPA 200粒z-伟博油900mg深海鱼油200粒*1,1,5.714285714285714,,SALES_DROP,0.175
2025-07-09,7.144930821143692e+18,WEBBER NATURALS南非醉茄KSM66 3600mg降低皮质醇缓压促睡眠120粒-默认-(DYWEB625273052640),1,5.714285714285714,,SALES_DROP,0.175
2025-11-03,,【达人专属】伟博天然进口儿童鱼油欧米伽3 高DHA爆浆深海鱼油120粒1岁+-1瓶装-(625273090185*1),1,5.714285714285714,,SALES_DROP,0.175
2025-10-14,	7481121574674874687,伟博天然辅酶Q10胶囊100mg 成人心脏活力60粒 效期至26年5月30日-默认-(DYWEB628347570705),1,5.714285714285714,,SALES_DROP,0.175
2025-07-19,7.142731245833732e+18,【子豪专属】WEBBER NATURALS进口儿童鱼油欧米伽3高DHA爆浆深海鱼油120粒1岁+-默认-(DYWEB625273090185),1,5.714285714285714,,SALES_DROP,0.175
2025-04-07,	-,【官方直播】加拿大伟博Webber儿童鱼油高DHAOmega-3甜橙味120粒/瓶-2瓶装,2,11.428571428571429,,SALES_DROP,0.175
2025-06-23,7.144930821143692e+18,伟博天然进口KSM66南非醉茄印度人参精华3600mg*120粒缓压促睡眠-默认-(DYWEB625273052640),1,5.714285714285714,,SALES_DROP,0.175
2025-07-27,	7054785415521419523,【子豪专属】WEBBER NATURALS6岁+儿童鱼油高DHA香橙味欧米伽3眼脑同步120粒-默认-(DYWEB625273033496),1,5.714285714285714,,SALES_DROP,0.175
2025-08-17,,【三少爷专属】WEBBER NATURALS伟博天然高纯度1390mg深海精粹鱼油软胶囊60粒/瓶-60粒*1瓶【2个月量】-(625273090420*1),1,5.714285714285714,,SALES_DROP,0.175
2025-03-20,7.329414437553848e+18,Webber Naturals伟博天然高纯度1390mg深海精粹鱼油软胶囊60粒/瓶-默认-(DYWEB625273090420),1,5.714285714285714,,SALES_DROP,0.175
2025-09-14,	-,【韩大宝专属】WebberNaturals伟博500mg维生素C胶囊60粒  效期到2026-06-30-3瓶装-(625273076622*3),1,5.714285714285714,,SALES_DROP,0.175
2025-08-29,	-,【董先生专属】【2瓶装】伟博精粹金CO2提纯1100mg4倍含量omega3成人心脑鱼油120粒-两瓶装（周期装）【送一瓶价值149的60粒100mg辅酶Q10】-(625273090086*2+628347570705*1),1,5.714285714285714,,SALES_DROP,0.175
2025-11-22,7.146569951686672e+18,【达人专属】WEBBER NATURALS高纯度深海鱼油omega3欧米伽3成人健身鱼油120粒-默认-(DYWEB625273090086),5,28.571428571428573,,SALES_DROP,0.175
2025-04-24,7.144930821143692e+18,伟博天然进口KSM66南非醉茄印度人参精华3600mg*120粒缓压促睡眠-默认-(DYWEB625273052640),1,5.714285714285714,,SALES_DROP,0.175
2025-06-05,,【效期至26年6月30日】Webber naturals伟博500mg维生素C胶囊60粒-1瓶装,1,5.714285714285714,,SALES_DROP,0.175
2025-06-05,,【3瓶装】加拿大伟博天然小分子胶原蛋白多肽粉150g/瓶-3瓶装,1,5.714285714285714,,SALES_DROP,0.175
2025-10-27,	7510043339572445477,WEBBER NATURALS3倍深海鱼油欧米伽3成人健身无鱼腥DNA鱼油200粒-默认-(625273072433),1,5.714285714285714,,SALES_DROP,0.175
2025-03-21,7.199138110997873e+18,【二姐专属】Webber   Naturals伟博维生素C1000毫克150粒/瓶（效期至25年9月）-默认-(DYWEB625273032727),1,5.714285714285714,,SALES_DROP,0.175
2025-02-10,7.144930821143692e+18,伟博天然进口KSM66南非醉茄印度人参精华3600mg*120粒缓压促睡眠-默认-(DYWEB625273052640),1,5.714285714285714,,SALES_DROP,0.175
2025-08-16,	7146569951686672673,WEBBER NATURALS高纯度深海鱼油omega3欧米伽3成人健身鱼油120粒D-默认-(DYWEB625273090086),1,5.714285714285714,,SALES_DROP,0.175
2025-10-16,7.146569951686672e+18,WEBBER NATURALS高纯度深海鱼油omega3欧米伽3成人健身鱼油120粒D-默认-(DYWEB625273090086),5,28.285714285714285,,SALES_DROP,0.1767676767676767
2025-04-12,,伟博天然进口辅酶Q10胶囊100mg 成人心脏活力60粒（效期至26年5月）-3瓶装,7,39.57142857142857,,SALES_DROP,0.1768953068592058
2025-11-10,7.448836024085742e+18,Webber Naturals伟博天然阳光小金盾小颗粒深海儿童鱼油+D3 60粒-默认-(DYWEB625273071634),2,11.285714285714286,,SALES_DROP,0.1772151898734177
2025-04-02,	7329414437553848576;7427011616899940648,Webber Naturals伟博天然高纯度1390mg深海精粹鱼油软胶囊60粒/瓶-默认-(DYWEB625273090420);Webber伟博 Osteo氨糖软骨素MSM添加乳香姜黄素高端关节修护30粒-默认-(625273090321),4,22.571428571428573,,SALES_DROP,0.1772151898734177
2025-04-22,7.146569951686672e+18,伟博精粹金CO2提纯1100mg4倍含量omega3成人心脑欧鱼油120粒 S-默认-(DYWEB625273090086),2,11.285714285714286,,SALES_DROP,0.1772151898734177
2025-04-22,	7146569951686672673,伟博精粹金CO2提纯1100mg4倍含量omega3成人心脑欧鱼油120粒 S-默认-(DYWEB625273090086),2,11.285714285714286,,SALES_DROP,0.1772151898734177
2025-12-03,7.054785415521419e+18,【官方直播 】伟博天然6岁+儿童鱼油高DHA欧米伽3香橙味120粒-默认-(DYWEB625273033496),2,11.285714285714286,,SALES_DROP,0.1772151898734177
2025-01-17,7.144930821143692e+18,伟博天然进口KSM66南非醉茄印度人参精华3600mg*120粒缓压促睡眠-默认-(DYWEB625273052640),1,5.571428571428571,,SALES_DROP,0.1794871794871795
2025-10-27,,【徐冬冬专属】WEBBER NATURALS高纯度深海鱼油omega3欧米伽3成人健身鱼油120粒-鱼油120粒*1瓶装【赠100mg辅酶60粒一瓶】-(625273090086*1+628347570705*1),1,5.571428571428571,,SALES_DROP,0.1794871794871795
2025-03-25,7.144930821143692e+18,伟博天然进口KSM66南非醉茄印度人参精华3600mg*120粒缓压促睡眠-默认-(DYWEB625273052640),1,5.571428571428571,,SALES_DROP,0.1794871794871795
2025-10-17,,Webber Naturals伟博天然阳光小金盾小颗粒深海儿童鱼油+D3 60粒-2瓶装-(625273071634*2),1,5.571428571428571,,SALES_DROP,0.1794871794871795
2025-10-24,,【效期至2027年12月】伟博天然高纯度深海鱼油omega3成人健身120粒A-一瓶装（体验装）-(625273090086*1),1,5.571428571428571,,SALES_DROP,0.1794871794871795
2025-10-17,,WEBBER NATURALS伟博天然高纯度1390mg深海精粹鱼油软胶囊60粒/瓶-60粒*1瓶【2个月量】-(625273090420*1),1,5.571428571428571,,SALES_DROP,0.1794871794871795
2025-10-17,,【效期至2027.7.29】伟博加拿大伟博天然安睡宝茶氨酸褪黑素45粒/瓶-褪黑素45粒*3-(625273090338*3),1,5.571428571428571,,SALES_DROP,0.1794871794871795
2025-10-25,,伟博加拿大进口99%纯度1100mg成人omega3深海鱼油心血管养护120粒-三瓶装（1年量）【送两瓶价值149的60粒100mg辅酶Q10】-(625273090086*3+628347570705*2),1,5.571428571428571,,SALES_DROP,0.1794871794871795
2025-09-04,	-,伟博加拿大进口99%纯度1100mg成人omega3深海鱼油心血管养护120粒-一瓶装【体验装】-(625273090086*1),1,5.571428571428571,,SALES_DROP,0.1794871794871795
2025-04-25,	-,伟博天然进口儿童鱼油高脑力DHA软胶囊120粒/瓶-1瓶装,1,5.571428571428571,,SALES_DROP,0.1794871794871795
2025-01-28,7.12461115418552e+18,Webber naturals伟博深海鱼油500mgOmega3+D3青少年补脑 100粒/瓶-默认-(DYWEB625273090291),1,5.571428571428571,,SALES_DROP,0.1794871794871795
2025-01-21,7.142731245833732e+18,伟博天然进口儿童鱼油高脑力DHA软胶囊120粒/瓶-默认-(DYWEB625273090185),1,5.571428571428571,,SALES_DROP,0.1794871794871795
2025-09-10,	-,【3瓶装】加拿大伟博天然小分子胶原蛋白多肽粉150g/瓶-3瓶装-(625273036657*3),1,5.571428571428571,,SALES_DROP,0.1794871794871795
2025-09-19,	-,伟博天然进口VB番茄红素锌硒钙水果多酚55+男士全营养素 30粒z-2瓶装-(625273079968*2),1,5.571428571428571,,SALES_DROP,0.1794871794871795
2025-06-01,, webber naturals伟博胶原蛋白与神经酰胺生物活性胶原肽120片z-抗皱胶原蛋白+神经酰胺120粒*2,1,5.571428571428571,,SALES_DROP,0.1794871794871795
2025-06-01,,伟博天然进口VB番茄红素锌硒钙水果多酚55+男士全营养素 30粒z-2瓶装,1,5.571428571428571,,SALES_DROP,0.1794871794871795
2025-09-20,,【韩大宝专属】WebberNaturals伟博500mg维生素C胶囊60粒  效期到2026-06-30-3瓶装-(625273076622*3),1,5.571428571428571,,SALES_DROP,0.1794871794871795
2025-09-19,,【官方直播】WebberNaturals伟博深海鱼油1100mg高纯度Omega3 120粒-三瓶装【1年的量】-(625273090086*3),1,5.571428571428571,,SALES_DROP,0.1794871794871795
2025-03-17,7.199138110997873e+18,【二姐专属】Webber   Naturals伟博维生素C1000毫克150粒/瓶（效期至25年9月）-默认-(DYWEB625273032727),3,16.714285714285715,,SALES_DROP,0.1794871794871795
2025-11-28,7.198069483125195e+18,WEBBER NATURALS伟博天然加拿大进口天然发酵好气色苹果醋240粒-默认-(DYWEB625273050547),1,5.571428571428571,,SALES_DROP,0.1794871794871795
2025-07-28,	7054785415521419523,WEBBER NATURALS儿童6岁+鱼油高DHA香橙味欧米伽3眼脑同步120粒-默认-(DYWEB625273033496),1,5.571428571428571,,SALES_DROP,0.1794871794871795
2025-10-31,	7054785415521419523,WEBBER NATURALS6岁+儿童鱼油高DHA香橙味欧米伽3眼脑同步120粒-默认-(DYWEB625273033496);【子豪专属】伟博天然进口儿童鱼油高脑力DHA软胶囊120粒/瓶-1瓶装-(625273090185*1),2,11.142857142857142,,SALES_DROP,0.1794871794871795
2025-07-27,	7054785415521419523,WEBBER NATURALS儿童6岁+鱼油高DHA香橙味欧米伽3眼脑同步120粒-默认-(DYWEB625273033496),1,5.571428571428571,,SALES_DROP,0.1794871794871795
2025-08-07,	7054785415521419523,WEBBER NATURALS儿童6岁+鱼油高DHA香橙味欧米伽3眼脑同步120粒-默认-(DYWEB625273033496),1,5.571428571428571,,SALES_DROP,0.1794871794871795
2025-08-11,	7054785415521419523,【子豪专属】WEBBER NATURALS6岁+儿童鱼油高DHA香橙味欧米伽3眼脑同步120粒-默认-(DYWEB625273033496),1,5.571428571428571,,SALES_DROP,0.1794871794871795
2025-02-27,7.081192833746781e+18,webbernaturals辅酶Q10天然发酵免疫软胶囊60粒/瓶100mg营养-默认-(DYWEB625273038552),1,5.571428571428571,,SALES_DROP,0.1794871794871795
2025-03-19,7.081192833746781e+18,webbernaturals辅酶Q10天然发酵免疫软胶囊60粒/瓶100mg营养-默认-(DYWEB625273038552),1,5.571428571428571,,SALES_DROP,0.1794871794871795
2025-11-26,7.054785415630537e+18,WEBBER NATURALS奶蓟草护肝片姜黄硫辛酸熬夜加班养护65粒护肝片-默认-(DYWEB625273034523),1,5.571428571428571,,SALES_DROP,0.1794871794871795
2025-10-01,	-,【美彤专属】【成人拍】WebberNaturals高纯度深海鱼油omega3成人健身鱼油120粒-【成人拍】1瓶装（送一瓶40mg叶黄素）-(625273090086*1+625273070255*1),1,5.571428571428571,,SALES_DROP,0.1794871794871795
2025-09-27,,【送辅酶Q10】伟博95%高纯度深海鱼油omega3成人小颗粒健身鱼油30粒-【新人尝鲜1瓶装】30粒*1瓶-(625273070781*1),1,5.571428571428571,,SALES_DROP,0.1794871794871795
2025-03-08,7.329414437553848e+18,【楚门OI专属】Webber Naturals伟博天然高纯度1390mg深海精粹鱼油软胶囊60粒/瓶-默认-(DYWEB625273090420),1,5.571428571428571,,SALES_DROP,0.1794871794871795
2025-06-15,,WebberNaturals伟博500mg维生素C胶囊60粒-3瓶装,1,5.571428571428571,,SALES_DROP,0.1794871794871795
2025-12-22,7.481121574674874e+18,	伟博天然辅酶Q10胶囊100mg 成人心脏活力60粒 效期至26年5月30日,1,5.571428571428571,,SALES_DROP,0.1794871794871795
2025-10-10,	7146569951686672673,WEBBER NATURALS高纯度深海鱼油omega3欧米伽3成人健身鱼油120粒D-默认-(DYWEB625273090086),2,11.142857142857142,,SALES_DROP,0.1794871794871795
2025-09-30,	7146569951686672673,WEBBER NATURALS高纯度深海鱼油omega3欧米伽3成人健身鱼油120粒D-默认-(DYWEB625273090086),2,11.142857142857142,,SALES_DROP,0.1794871794871795
2025-04-04,,【YY专属】Webber Naturals伟博维生素C1000毫克150粒/瓶（效期至25年9月）-3瓶装,1,5.571428571428571,,SALES_DROP,0.1794871794871795
2024-12-24,	7146569951686672673,【效期至27年10月】Webber naturals伟博高纯度Omega3鱼油120粒/瓶S-默认-(DYWEB625273090086),1,5.571428571428571,,SALES_DROP,0.1794871794871795
2024-12-31,	7146569951686672673,【效期至27年10月】Webber naturals伟博高纯度Omega3鱼油120粒/瓶S-默认-(DYWEB625273090086),1,5.571428571428571,,SALES_DROP,0.1794871794871795
2025-11-26,,【官方直播】WebberNaturals伟博深海鱼油1100mg高纯度Omega3 120粒-一瓶装【4个月的量】-(625273090086*1),1,5.571428571428571,,SALES_DROP,0.1794871794871795
2025-11-25,,伟博加拿大进口99%纯度1100mg成人omega3深海鱼油心血管养护120粒-两瓶装（1个周期）-(625273090086*2),1,5.571428571428571,,SALES_DROP,0.1794871794871795
2025-03-28,	-,【官方直播】WebberNaturals伟博深海鱼油1390mg高纯度Omega3 120粒-1瓶装,3,16.714285714285715,,SALES_DROP,0.1794871794871795
2025-12-29,,	【官方直播】伟博天然小金盾鱼油60粒+儿童6岁+叶黄素60粒,1,5.571428571428571,,SALES_DROP,0.1794871794871795
2025-12-28,,	【达人专属】Webber Naturals伟博天然进口小分子胶原蛋白多肽粉150g z,1,5.571428571428571,,SALES_DROP,0.1794871794871795
2025-12-29,,	【官方直播】伟博天然阳光小金盾小颗粒全家深海鱼油+D3 60粒,1,5.571428571428571,,SALES_DROP,0.1794871794871795
2025-04-01,	-,Webber Naturals伟博天然高纯度1390mg深海精粹鱼油软胶囊60粒 z-伟博天然高纯度1390mg深海精粹鱼油60粒*1,1,5.571428571428571,,SALES_DROP,0.1794871794871795
2025-11-24,,【进博会专属】伟博天然1岁+儿童鱼油高脑力DHA可嚼软胶囊120粒-1瓶装-(625273090185*1),1,5.571428571428571,,SALES_DROP,0.1794871794871795
2025-10-29,,伟博天然进口儿童鱼油高脑力DHA软胶囊120粒/瓶-1瓶装-(625273090185*1),1,5.571428571428571,,SALES_DROP,0.1794871794871795
2025-11-09,,【进博会专属】1100mg鱼油120粒+大豆卵磷脂1200mg180粒鱼油搭档-1100mg鱼油120粒/瓶+大豆卵磷脂胶囊1200mg180粒/瓶-(625273079746*1+625273090086*1),1,5.571428571428571,,SALES_DROP,0.1794871794871795
2025-04-30,, webber naturals伟博胶原蛋白与神经酰胺生物活性胶原肽120片z-抗皱胶原蛋白+神经酰胺120粒*1,1,5.571428571428571,,SALES_DROP,0.1794871794871795
2025-04-30,,【3瓶装】Webber进口Verisol小分子多肽胶原蛋白加生物素120粒-3瓶装,1,5.571428571428571,,SALES_DROP,0.1794871794871795
2025-01-27,	7124611154185519400,Webber naturals伟博深海鱼油500mgOmega3+D3青少年补脑 100粒/瓶-默认-(DYWEB625273090291),1,5.571428571428571,,SALES_DROP,0.1794871794871795
2025-08-17,	7142731245833732390,【子豪专属】WEBBER NATURALS进口儿童鱼油欧米伽3高DHA爆浆深海鱼油120粒1岁+-默认-(DYWEB625273090185),1,5.571428571428571,,SALES_DROP,0.1794871794871795
2025-08-07,7.054785415521419e+18,【子豪专属】WEBBER NATURALS6岁+儿童鱼油高DHA香橙味欧米伽3眼脑同步120粒-默认-(DYWEB625273033496),1,5.571428571428571,,SALES_DROP,0.1794871794871795
2025-03-06,7.329414437553848e+18,【春蚕专属】Webber Naturals伟博天然高纯度1390mg深海精粹鱼油软胶囊60粒/瓶-默认-(DYWEB625273090420),1,5.571428571428571,,SALES_DROP,0.1794871794871795
2025-07-27,	7146569951686672673,WEBBER NATURALS高纯度深海鱼油omega3欧米伽3成人健身鱼油120粒D-默认-(DYWEB625273090086),1,5.571428571428571,,SALES_DROP,0.1794871794871795
2025-01-14,	7144930821143691527,伟博天然进口KSM66南非醉茄印度人参精华3600mg*120粒缓压促睡眠-默认-(DYWEB625273052640),1,5.571428571428571,,SALES_DROP,0.1794871794871795
2025-03-19,	7077809856803225896;7110032684650660136,WebberNaturals伟博深海鱼油900mg高纯度Omega3 DHA/EPA鱼油200粒-默认-(DYWEB625273052985);【效期至25年6月】webbernaturals伟博500mg维生素C胶囊60粒-默认-(625273076622),6,33.142857142857146,,SALES_DROP,0.1810344827586206
2025-04-23,7.146569951686672e+18,伟博精粹金CO2提纯1100mg4倍含量omega3成人心脑欧鱼油120粒 S-默认-(DYWEB625273090086),2,11.0,,SALES_DROP,0.1818181818181818
2025-03-11,	7077809856803225896;7081274293186969897,WebberNaturals伟博深海鱼油900mg高纯度Omega3 DHA/EPA鱼油200粒-默认-(DYWEB625273052985);【效期至25年8月】伟博复合氨糖维骨素胶囊三倍营养骨骼120粒/瓶-默认-(DYWEB625273050363),2,11.0,,SALES_DROP,0.1818181818181818
2025-10-10,7.146569951686672e+18,WEBBER NATURALS高纯度深海鱼油omega3欧米伽3成人健身鱼油120粒D-默认-(DYWEB625273090086),2,11.0,,SALES_DROP,0.1818181818181818
2025-07-29,	7124611154185519400,WEBBER NATURALS500mg Omega-3深海鱼油添加D3青少年鱼油100粒/瓶-默认-(DYWEB625273090291),2,11.0,,SALES_DROP,0.1818181818181818
2025-04-03,	-,【YY专属】Webber Naturals伟博维生素C1000毫克150粒/瓶（效期至25年9月）-1瓶装,2,11.0,,SALES_DROP,0.1818181818181818
2025-09-21,	-,Webber Naturals伟博天然进口小分子胶原蛋白多肽粉150g z-胶原蛋白多肽粉150g*1-(625273036657*1),2,11.0,,SALES_DROP,0.1818181818181818
2025-04-06,	-,伟博Osteo氨糖软骨素MSM 高端关节修护30粒（效期至25年7月）-3瓶,2,11.0,,SALES_DROP,0.1818181818181818
2025-04-23,	7146569951686672673,伟博精粹金CO2提纯1100mg4倍含量omega3成人心脑欧鱼油120粒 S-默认-(DYWEB625273090086),2,11.0,,SALES_DROP,0.1818181818181818
2025-06-16,,伟博加拿大进口99%纯度1100mg成人omega3深海鱼油心血管养护120粒-2瓶装（8个月的量）,1,5.428571428571429,,SALES_DROP,0.1842105263157894
2025-07-24,	7142731245833732390,【子豪专属】WEBBER NATURALS进口儿童鱼油欧米伽3高DHA爆浆深海鱼油120粒1岁+-默认-(DYWEB625273090185),1,5.428571428571429,,SALES_DROP,0.1842105263157894
2025-08-06,	7142731245833732390,WEBBER NATURALS进口儿童鱼油欧米伽3高DHA爆浆深海鱼油120粒1岁+-默认-(DYWEB625273090185),1,5.428571428571429,,SALES_DROP,0.1842105263157894
2025-12-28,7.054785415521419e+18,	【子豪专属】WEBBER NATURALS6岁+儿童鱼油高DHA香橙味欧米伽3眼脑同步120粒,1,5.428571428571429,,SALES_DROP,0.1842105263157894
2025-08-03,	7054785415521419523,【子豪专属】WEBBER NATURALS6岁+儿童鱼油高DHA香橙味欧米伽3眼脑同步120粒-默认-(DYWEB625273033496),1,5.428571428571429,,SALES_DROP,0.1842105263157894
2025-10-16,	-,伟博加拿大进口99%纯度1100mg成人omega3深海鱼油心血管养护120粒-三瓶装（1年量）【送两瓶价值149的60粒100mg辅酶Q10】-(625273090086*3+628347570705*2),1,5.428571428571429,,SALES_DROP,0.1842105263157894
2025-01-28,	7124611154185519400,Webber naturals伟博深海鱼油500mgOmega3+D3青少年补脑 100粒/瓶-默认-(DYWEB625273090291),1,5.428571428571429,,SALES_DROP,0.1842105263157894
2025-06-18,,Webber Naturals伟博天然高纯度1100mg深海精粹鱼油软胶囊60粒 Z-1瓶装（赠500mgVC一瓶）,1,5.428571428571429,,SALES_DROP,0.1842105263157894
2025-06-14,,webber naturals伟博天然褪黑素片10毫克72粒z-褪黑素片10毫克72粒*1,1,5.428571428571429,,SALES_DROP,0.1842105263157894
2025-04-26,,【官方直播】加拿大伟博Webber儿童鱼油高DHAOmega-3甜橙味120粒/瓶-2瓶装,1,5.428571428571429,,SALES_DROP,0.1842105263157894
2025-05-15,,【官方直播】WebberNaturals伟博深海鱼油1100mg高纯度Omega3 120粒-三瓶装【一年的量送一瓶奶蓟草】,1,5.428571428571429,,SALES_DROP,0.1842105263157894
2025-04-29,,【官方直播】WebberNaturals伟博深海鱼油1100mg高纯度Omega3 120粒-两瓶装【8个月的量送一瓶奶蓟草】,1,5.428571428571429,,SALES_DROP,0.1842105263157894
2025-01-22,	7144930821143691527,伟博天然进口KSM66南非醉茄印度人参精华3600mg*120粒缓压促睡眠-默认-(DYWEB625273052640),1,5.428571428571429,,SALES_DROP,0.1842105263157894
2025-08-25,	7329414437553848576,WEBBER NATURALS高纯度深海鱼油omega-3欧米伽3成人健身鱼油60粒-默认-(DYWEB625273090420),2,10.857142857142858,,SALES_DROP,0.1842105263157894
2025-03-24,,【官方直播】加拿大伟博Webber儿童鱼油高DHAOmega-3甜橙味120粒/瓶-2瓶装,1,5.428571428571429,,SALES_DROP,0.1842105263157894
2025-03-18,	7223222612581990715,【效期至25年7月】伟博天然高浓度奶蓟草熬夜养肝胶囊250mg护肝片-默认-(DYWEB625273090178),1,5.428571428571429,,SALES_DROP,0.1842105263157894
2025-12-30,,	【达人专属】Webber Naturals伟博天然进口小分子胶原蛋白多肽粉150g z,1,5.428571428571429,,SALES_DROP,0.1842105263157894
2025-11-08,,【3瓶装】webber naturals胶原蛋白与神经酰胺生物活性胶原肽120片-【3瓶装】webber naturals胶原蛋白与神经酰胺生物活性胶原肽120片-(625273036695*3),1,5.428571428571429,,SALES_DROP,0.1842105263157894
2025-03-24,	-,【官方直播】加拿大伟博Webber儿童鱼油高DHAOmega-3甜橙味120粒/瓶-2瓶装,1,5.428571428571429,,SALES_DROP,0.1842105263157894
2025-12-30,,	【3瓶装】webber naturals胶原蛋白与神经酰胺生物活性胶原肽120片,1,5.428571428571429,,SALES_DROP,0.1842105263157894
2025-12-30,,	WEBBER NATURALS伟博天然高纯度1390mg深海精粹鱼油软胶囊60粒/瓶,1,5.428571428571429,,SALES_DROP,0.1842105263157894
2025-03-28,	-,【3瓶装】加拿大伟博天然小分子胶原蛋白多肽粉150g/瓶-【3瓶组合装】,1,5.428571428571429,,SALES_DROP,0.1842105263157894
2025-03-09,7.329414437553848e+18,【楚门OI专属】Webber Naturals伟博天然高纯度1390mg深海精粹鱼油软胶囊60粒/瓶-默认-(DYWEB625273090420),1,5.428571428571429,,SALES_DROP,0.1842105263157894
2025-06-17,,【3瓶装】webber naturals胶原蛋白与神经酰胺生物活性胶原肽120片-【3瓶装】webber naturals胶原蛋白与神经酰胺生物活性胶原肽120片,1,5.428571428571429,,SALES_DROP,0.1842105263157894
2025-08-25,7.329414437553848e+18,WEBBER NATURALS高纯度深海鱼油omega-3欧米伽3成人健身鱼油60粒-默认-(DYWEB625273090420),2,10.857142857142858,,SALES_DROP,0.1842105263157894
2024-12-26,	7146569951686672673,【效期至27年10月】Webber naturals伟博高纯度Omega3鱼油120粒/瓶S-默认-(DYWEB625273090086),1,5.428571428571429,,SALES_DROP,0.1842105263157894
2025-03-21,7.329414437553848e+18,【官方直播】Webber伟博天然高纯度1390mg深海精粹鱼油软胶囊60粒-默认-(DYWEB625273090420),1,5.428571428571429,,SALES_DROP,0.1842105263157894
2025-04-17,,【效期至2027.7.29】加拿大伟博天然安睡宝 茶氨酸褪黑素45粒/瓶-褪黑素45粒*1,1,5.428571428571429,,SALES_DROP,0.1842105263157894
2025-01-17,	7144930821143691527,伟博天然进口KSM66南非醉茄印度人参精华3600mg*120粒缓压促睡眠-默认-(DYWEB625273052640),1,5.428571428571429,,SALES_DROP,0.1842105263157894
2025-04-24,	7144930821143691527,伟博天然进口KSM66南非醉茄印度人参精华3600mg*120粒缓压促睡眠-默认-(DYWEB625273052640),1,5.428571428571429,,SALES_DROP,0.1842105263157894
2025-08-04,	7124611154185519400,WEBBER NATURALS500mg Omega-3深海鱼油添加D3青少年鱼油100粒/瓶-默认-(DYWEB625273090291),1,5.428571428571429,,SALES_DROP,0.1842105263157894
2025-04-04,	-,伟博天然进口辅酶Q10胶囊100mg 成人心脏活力60粒（效期至26年5月）-3瓶装,1,5.428571428571429,,SALES_DROP,0.1842105263157894
2025-11-07,,【官方直播】WebberNaturals阳光小金盾小颗粒全家深海鱼油+D3 60粒-1瓶装-(625273071634*1),1,5.428571428571429,,SALES_DROP,0.1842105263157894
2025-08-29,	-,伟博天然进口儿童鱼油高脑力DHA软胶囊120粒/瓶-1瓶装-(625273090185*1),1,5.428571428571429,,SALES_DROP,0.1842105263157894
2025-08-29,	-,伟博加拿大进口99%纯度1100mg成人omega3深海鱼油心血管养护120粒-两瓶装（1个周期）【送一瓶价值149的60粒100mg辅酶Q10】-(625273090086*2+628347570705*1),1,5.428571428571429,,SALES_DROP,0.1842105263157894
2025-10-10,,【官方直播】加拿大伟博儿童鱼油高脑力DHA无腥可嚼软胶囊120粒/瓶-2瓶装-(625273090185*2),1,5.428571428571429,,SALES_DROP,0.1842105263157894
2025-10-16,	-,伟博天然进口KSM-66 南非醉茄 降低皮质醇缓压促睡眠120粒-7200mg南非醉茄一瓶（120粒 每天1粒 可吃4个月）-(625273071597*1),1,5.428571428571429,,SALES_DROP,0.1842105263157894
2025-10-16,	-,【官方直播】WebberNaturals伟博深海鱼油1100mg高纯度Omega3 120粒-一瓶装【4个月的量】-(625273090086*1),1,5.428571428571429,,SALES_DROP,0.1842105263157894
2025-07-22,	7054785415521419523,Webber Naturals儿童鱼油150mg高DHA香橙味omega3脑黄金120粒6岁+-默认-(DYWEB625273033496),1,5.428571428571429,,SALES_DROP,0.1842105263157894
2025-09-19,,伟博天然进口儿童鱼油高脑力DHA软胶囊120粒/瓶-1瓶装-(625273090185*1),1,5.428571428571429,,SALES_DROP,0.1842105263157894
2025-05-29,,【3瓶装】伟博精粹金CO2提纯1100mg4倍含量omega3成人心脑鱼油120粒-3瓶装【赠叶黄素40粒一瓶】,1,5.428571428571429,,SALES_DROP,0.1842105263157894
2025-05-25,, webber naturals伟博胶原蛋白与神经酰胺生物活性胶原肽120片z-抗皱胶原蛋白+神经酰胺120粒*1,1,5.428571428571429,,SALES_DROP,0.1842105263157894
2026-01-02,7.054785415521419e+18,	【官方直播 】伟博天然6岁+儿童鱼油高DHA欧米伽3香橙味120粒,1,5.428571428571429,,SALES_DROP,0.1842105263157894
2025-01-07,7.05478541552142e+18,伟博天然儿童鱼油150mg高DHA香橙味omega3IVO认证脑黄金120粒6岁+-默认-(DYWEB625273033496),1,5.428571428571429,,SALES_DROP,0.1842105263157894
2025-03-11,	7081192833746780446,webbernaturals辅酶Q10天然发酵免疫软胶囊60粒/瓶100mg营养-默认-(DYWEB625273038552),1,5.428571428571429,,SALES_DROP,0.1842105263157894
2025-10-23,,Webber Naturals伟博天然进口小分子胶原蛋白多肽粉150g z-1瓶装-(625273036657*1),1,5.428571428571429,,SALES_DROP,0.1842105263157894
2025-10-25,,【官方直播】1100mg鱼油120粒+大豆卵磷脂胶囊1200mg180粒鱼油搭档-1100mg鱼油120粒/瓶+大豆卵磷脂胶囊1200mg180粒/瓶-(625273079746*1+625273090086*1),1,5.428571428571429,,SALES_DROP,0.1842105263157894
2025-11-07,,【官方直播】WebberNaturals阳光小金盾小颗粒全家深海鱼油+D3 60粒-2瓶装-(625273071634*2),1,5.428571428571429,,SALES_DROP,0.1842105263157894
2025-11-27,,【官方直播】1100mg鱼油120粒+大豆卵磷脂1200mg180粒鱼油搭档-1100mg鱼油120粒/瓶+大豆卵磷脂胶囊1200mg180粒/瓶-(625273079746*1+625273090086*1),1,5.428571428571429,,SALES_DROP,0.1842105263157894
2025-11-07,,【进博会专属】伟博天然小金盾鱼油60粒+儿童6岁+叶黄素60粒-鱼油护眼组合-(625273071634*1+625273033342*1),1,5.428571428571429,,SALES_DROP,0.1842105263157894
2025-08-24,7.146569951686672e+18,WEBBER NATURALS高纯度深海鱼油omega3欧米伽3成人健身鱼油120粒D-默认-(DYWEB625273090086),1,5.428571428571429,,SALES_DROP,0.1842105263157894
2025-06-02,7.144930821143692e+18,伟博天然进口KSM66南非醉茄印度人参精华3600mg*120粒缓压促睡眠-默认-(DYWEB625273052640),1,5.428571428571429,,SALES_DROP,0.1842105263157894
2025-11-06,,【进博会专属】伟博天然精粹金1100mg鱼油120粒+100mg辅酶Q10-心脑组合-(625273090086*1+625273038552*1),1,5.428571428571429,,SALES_DROP,0.1842105263157894
2025-10-15,,【官方直播】加拿大伟博儿童鱼油高脑力DHA无腥可嚼软胶囊120粒/瓶-1瓶装-(625273090185*1),1,5.428571428571429,,SALES_DROP,0.1842105263157894
2025-04-30,	-,【官方直播】WebberNaturals伟博深海鱼油1100mg高纯度Omega3 120粒-两瓶装【8个月的量送一瓶奶蓟草】,1,5.428571428571429,,SALES_DROP,0.1842105263157894
2025-11-28,7.054785415521419e+18,【官方直播 】伟博天然6岁+儿童鱼油高DHA欧米伽3香橙味120粒-默认-(DYWEB625273033496),3,16.285714285714285,,SALES_DROP,0.1842105263157895
2025-04-09,	-,伟博天然进口辅酶Q10胶囊100mg 成人心脏活力60粒（效期至26年6月）-3瓶装,5,27.0,,SALES_DROP,0.1851851851851851
2025-04-09,	-,【官方直播】WebberNaturals伟博深海鱼油1390mg高纯度Omega3 120粒-1瓶装,7,37.71428571428572,,SALES_DROP,0.1856060606060606
2025-09-14,	7054785415521419523,WEBBER NATURALS6岁+儿童鱼油高DHA香橙味欧米伽3眼脑同步120粒-默认-(DYWEB625273033496);WebberNaturals伟博500mg维生素C胶囊60粒  效期到2026-06-30-3瓶装-(625273076622*3),2,10.714285714285714,,SALES_DROP,0.1866666666666666
2025-03-17,	7199138110997872936,【二姐专属】Webber   Naturals伟博维生素C1000毫克150粒/瓶（效期至25年9月）-默认-(DYWEB625273032727),3,15.857142857142858,,SALES_DROP,0.1891891891891891
2025-11-10,7.146569951686672e+18,WEBBER NATURALS高纯度深海鱼油omega3欧米伽3成人健身鱼油120粒D-默认-(DYWEB625273090086),3,15.857142857142858,,SALES_DROP,0.1891891891891891
2025-08-17,,【董先生专属】【2瓶装】伟博精粹金CO2提纯1100mg4倍含量omega3成人心脑鱼油120粒-两瓶装（周期装）【送一瓶价值149的60粒100mg辅酶Q10】-(625273090086*2+628347570705*1),1,5.285714285714286,,SALES_DROP,0.1891891891891892
2025-09-27,,【官方直播】加拿大伟博儿童鱼油高脑力DHA无腥可嚼软胶囊120粒/瓶-2瓶装-(625273090185*2),1,5.285714285714286,,SALES_DROP,0.1891891891891892
2025-12-26,,	WEBBER NATURALS伟博天然高纯度1390mg深海精粹鱼油软胶囊60粒/瓶,1,5.285714285714286,,SALES_DROP,0.1891891891891892
2025-12-26,,	【官方直播】伟博天然小金盾鱼油60粒+儿童6岁+叶黄素60粒,1,5.285714285714286,,SALES_DROP,0.1891891891891892
2025-12-26,,	【效期至2027年12月】伟博天然高纯度深海鱼油omega3成人健身120粒,1,5.285714285714286,,SALES_DROP,0.1891891891891892
2025-12-26,,	【3瓶装】webber naturals胶原蛋白与神经酰胺生物活性胶原肽120片,1,5.285714285714286,,SALES_DROP,0.1891891891891892
2025-10-30,,WebberNaturals伟博500mg维生素C胶囊60粒  效期到2026-06-30-3瓶装-(625273076622*3),1,5.285714285714286,,SALES_DROP,0.1891891891891892
2025-11-08,,【官方直播】WebberNaturals 95%高纯度omega-3迷你深海鱼油30粒/瓶-1瓶试用装【不推荐】-(625273070781*1),1,5.285714285714286,,SALES_DROP,0.1891891891891892
2025-08-21,7.054785415521419e+18,【子豪专属】WEBBER NATURALS6岁+儿童鱼油高DHA香橙味欧米伽3眼脑同步120粒-默认-(DYWEB625273033496),1,5.285714285714286,,SALES_DROP,0.1891891891891892
2025-03-24,7.199138110997873e+18,【二姐专属】Webber   Naturals伟博维生素C1000毫克150粒/瓶（效期至25年9月）-默认-(DYWEB625273032727),1,5.285714285714286,,SALES_DROP,0.1891891891891892
2025-11-24,,【官方直播】伟博天然1岁+儿童鱼油高脑力DHA可嚼软胶囊120粒-1瓶装-(625273090185*1),1,5.285714285714286,,SALES_DROP,0.1891891891891892
2025-11-12,,【官方直播】WebberNaturals伟博深海鱼油1100mg高纯度Omega3 120粒-三瓶装【1年的量】-(625273090086*3),1,5.285714285714286,,SALES_DROP,0.1891891891891892
2025-06-02,7.146569951686672e+18,伟博加拿大进口99%纯度1100mg成人omega3鱼油心血管养护120粒 DB-默认-(DYWEB625273090086),1,5.285714285714286,,SALES_DROP,0.1891891891891892
2025-10-19,7.448836024085742e+18,Webber Naturals伟博天然阳光小金盾小颗粒深海儿童鱼油+D3 60粒-默认-(DYWEB625273071634),1,5.285714285714286,,SALES_DROP,0.1891891891891892
2025-08-12,	7329414437553848576,Webber Naturals伟博天然高纯度1390mg深海精粹鱼油软胶囊60粒/瓶-默认-(DYWEB625273090420),1,5.285714285714286,,SALES_DROP,0.1891891891891892
2024-12-20,	7144930821143691527,伟博天然进口KSM66南非醉茄印度人参精华3600mg*120粒缓压促睡眠-默认-(DYWEB625273052640),1,5.285714285714286,,SALES_DROP,0.1891891891891892
2025-02-23,	7144930821143691527,伟博天然进口KSM66南非醉茄印度人参精华3600mg*120粒缓压促睡眠-默认-(DYWEB625273052640),1,5.285714285714286,,SALES_DROP,0.1891891891891892
2025-08-07,	7168643947345035558,伟博天然进口VB番茄红素锌硒钙水果多酚55+男士全营养素 30粒-默认-(DYWEB625273079968),1,5.285714285714286,,SALES_DROP,0.1891891891891892
2025-08-12,7.329414437553848e+18,Webber Naturals伟博天然高纯度1390mg深海精粹鱼油软胶囊60粒/瓶-默认-(DYWEB625273090420),1,5.285714285714286,,SALES_DROP,0.1891891891891892
2025-05-06,	7142731245833732390,WebberNaturals进口儿童鱼油欧米伽3高DHA爆浆深海鱼油120粒 1岁+-默认-(DYWEB625273090185),8,42.285714285714285,,SALES_DROP,0.1891891891891892
2025-07-24,	7144930821143691527,WEBBER NATURALS南非醉茄KSM66 3600mg降低皮质醇缓压促睡眠120粒-默认-(DYWEB625273052640),1,5.285714285714286,,SALES_DROP,0.1891891891891892
2025-04-03,	7144930821143691527,伟博天然进口KSM66南非醉茄印度人参精华3600mg*120粒缓压促睡眠-默认-(DYWEB625273052640),1,5.285714285714286,,SALES_DROP,0.1891891891891892
2025-06-14,,【3瓶装】webber naturals胶原蛋白与神经酰胺生物活性胶原肽120片-【3瓶装】webber naturals胶原蛋白与神经酰胺生物活性胶原肽120片,1,5.285714285714286,,SALES_DROP,0.1891891891891892
2025-06-12,,WebberNaturals伟博500mg维生素C胶囊60粒 T-3瓶装,1,5.285714285714286,,SALES_DROP,0.1891891891891892
2025-09-19,	7146569951686672673;7481121574674874687,WEBBER NATURALS高纯度深海鱼油omega3欧米伽3成人健身鱼油120粒D-默认-(DYWEB625273090086);伟博天然辅酶Q10胶囊100mg 成人心脏活力60粒 效期至26年5月30日-默认-(DYWEB628347570705),2,10.571428571428571,,SALES_DROP,0.1891891891891892
2025-09-18,	7146569951686672673;7481121574674874687,WEBBER NATURALS高纯度深海鱼油omega3欧米伽3成人健身鱼油120粒-默认-(DYWEB625273090086);伟博天然辅酶Q10胶囊100mg 成人心脏活力60粒 效期至26年5月30日-默认-(DYWEB628347570705),2,10.571428571428571,,SALES_DROP,0.1891891891891892
2025-03-24,, webber naturals伟博胶原蛋白与神经酰胺生物活性胶原肽120片/瓶-3瓶装,1,5.285714285714286,,SALES_DROP,0.1891891891891892
2026-01-05,7.081273337766478e+18,	WEBBER NATURALS进口Verisol小分子多肽胶原蛋白加生物素120粒/瓶,1,5.285714285714286,,SALES_DROP,0.1891891891891892
2025-08-20,	7146569951686672673,【董先生专属】WEBBER NATURALS高纯度深海鱼油omega3欧米伽3成人健身鱼油120粒-默认-(DYWEB625273090086),1,5.285714285714286,,SALES_DROP,0.1891891891891892
2024-12-25,	7144930821143691527,伟博天然进口KSM66南非醉茄印度人参精华3600mg*120粒缓压促睡眠-默认-(DYWEB625273052640),1,5.285714285714286,,SALES_DROP,0.1891891891891892
2024-12-25,	7146569951686672673,【效期至27年10月】Webber naturals伟博高纯度Omega3鱼油120粒/瓶S-默认-(DYWEB625273090086),1,5.285714285714286,,SALES_DROP,0.1891891891891892
2024-12-25,	7146569951686672673,伟博精粹金CO2提纯1100mg4倍含量omega3成人心脑欧米伽3鱼油120粒-默认-(DYWEB625273090086),1,5.285714285714286,,SALES_DROP,0.1891891891891892
2025-09-07,,伟博天然进口儿童鱼油高脑力DHA软胶囊120粒/瓶-1瓶装-(625273090185*1),1,5.285714285714286,,SALES_DROP,0.1891891891891892
2025-09-05,,伟博天然进口儿童鱼油高脑力DHA软胶囊120粒/瓶-1瓶装-(625273090185*1),1,5.285714285714286,,SALES_DROP,0.1891891891891892
2025-09-14,,【韩大宝专属】WebberNaturals伟博500mg维生素C胶囊60粒  效期到2026-06-30-3瓶装-(625273076622*3),1,5.285714285714286,,SALES_DROP,0.1891891891891892
2025-08-18,	-,【官方直播】加拿大伟博Webber鱼油500mgOmega3+D3青少年 100粒/瓶-2瓶装-(625273090291*2),1,5.285714285714286,,SALES_DROP,0.1891891891891892
2025-06-17,7.086274688812433e+18,Webber Naturals伟博胶原蛋白与神经酰胺生物活性胶原肽120片/瓶-默认-(DYWEB625273036695),1,5.285714285714286,,SALES_DROP,0.1891891891891892
2025-09-06,	-,【官方直播】WebberNaturals 95%高纯度omega-3迷你深海鱼油30粒/瓶-1瓶试用装【不推荐】-(625273070781*1),1,5.285714285714286,,SALES_DROP,0.1891891891891892
2025-10-10,,【3瓶装】加拿大伟博天然小分子胶原蛋白多肽粉150g/瓶-3瓶装-(625273036657*3),1,5.285714285714286,,SALES_DROP,0.1891891891891892
2025-10-09,,Webber Naturals伟博天然高纯度1100mg深海精粹鱼油软胶囊60粒 D-1瓶装-(625273090420*1),1,5.285714285714286,,SALES_DROP,0.1891891891891892
2025-08-18,	-,【官方直播】加拿大伟博Webber鱼油500mgOmega3+D3青少年 100粒/瓶-3瓶装-(625273090291*3),1,5.285714285714286,,SALES_DROP,0.1891891891891892
2025-09-09,	-,WEBBER NATURALS伟博天然高纯度1390mg深海精粹鱼油软胶囊60粒/瓶-60粒*1瓶【2个月量】-(625273090420*1),1,5.285714285714286,,SALES_DROP,0.1891891891891892
2025-10-27,,WEBBER NATURALS伟博天然高纯度1390mg深海精粹鱼油软胶囊60粒/瓶-120粒*1瓶【4个月量】-(625273090086*1),1,5.285714285714286,,SALES_DROP,0.1891891891891892
2025-01-24,7.144930821143692e+18,伟博天然进口KSM66南非醉茄印度人参精华3600mg*120粒缓压促睡眠-默认-(DYWEB625273052640),1,5.285714285714286,,SALES_DROP,0.1891891891891892
2025-04-06,	-,【官方直播】加拿大伟博儿童鱼油高脑力DHA无腥可嚼软胶囊120粒/瓶-1瓶装,1,5.285714285714286,,SALES_DROP,0.1891891891891892
2025-11-06,,【达人专属】伟博天然进口儿童鱼油欧米伽3 高DHA爆浆深海鱼油120粒1岁+-2瓶装-(625273090185*2),1,5.285714285714286,,SALES_DROP,0.1891891891891892
2025-11-05,,【官方直播】加拿大伟博儿童鱼油高脑力DHA无腥可嚼软胶囊120粒/瓶-2瓶装-(625273090185*2),1,5.285714285714286,,SALES_DROP,0.1891891891891892
2025-01-09,7.146569951686672e+18,【效期至27年10月】Webber naturals伟博高纯度Omega3鱼油120粒/瓶S-默认-(DYWEB625273090086),1,5.285714285714286,,SALES_DROP,0.1891891891891892
2025-09-19,	-,【美彤专属】【儿童拍】WebberNaturals伟博小金盾小颗粒深海儿童鱼油+D3 60粒-【儿童拍】2瓶装（送一瓶40mg叶黄素）-(625273071634*2+625273070255*1),1,5.285714285714286,,SALES_DROP,0.1891891891891892
2025-08-24,7.146569951686672e+18,【董先生专属】WEBBER NATURALS高纯度深海鱼油omega3欧米伽3成人健身鱼油120粒-默认-(DYWEB625273090086),1,5.285714285714286,,SALES_DROP,0.1891891891891892
2025-09-24,	-,伟博天然进口儿童鱼油高脑力DHA软胶囊120粒/瓶-1瓶装-(625273090185*1),1,5.285714285714286,,SALES_DROP,0.1891891891891892
2025-09-10,,【官方直播】加拿大伟博Webber鱼油500mgOmega3+D3青少年 100粒/瓶-2瓶装-(625273090291*2),1,5.285714285714286,,SALES_DROP,0.1891891891891892
2025-09-10,,伟博加拿大进口99%纯度1100mg成人omega3深海鱼油心血管养护120粒-两瓶装（1个周期）【送一瓶价值149的60粒100mg辅酶Q10】-(625273090086*2+628347570705*1),1,5.285714285714286,,SALES_DROP,0.1891891891891892
2025-08-17,,Webber Naturals伟博天然进口小分子胶原蛋白多肽粉150g z-胶原蛋白多肽粉150g*3-(625273036657*3),1,5.285714285714286,,SALES_DROP,0.1891891891891892
2025-02-09,7.168643947345036e+18,伟博天然进口VB番茄红素锌硒钙水果多酚55+男士全营养素 30粒-默认-(DYWEB625273079968),1,5.285714285714286,,SALES_DROP,0.1891891891891892
2025-06-03,,【效期至26年6月30日】Webber naturals伟博500mg维生素C胶囊60粒-1瓶装,1,5.285714285714286,,SALES_DROP,0.1891891891891892
2025-06-03,,伟博精粹金CO2提纯1100mg4倍含量omega3成人心脑欧米伽3鱼油120粒-1瓶装,1,5.285714285714286,,SALES_DROP,0.1891891891891892
2025-09-30,	-,【美彤专属】【儿童拍】WebberNaturals伟博小金盾小颗粒深海儿童鱼油+D3 60粒-【儿童拍】2瓶装（送一瓶40mg叶黄素）-(625273071634*2+625273070255*1),1,5.285714285714286,,SALES_DROP,0.1891891891891892
2025-06-01,,【官方直播】加拿大伟博Webber鱼油500mgOmega3+D3青少年 100粒/瓶-2瓶装,1,5.285714285714286,,SALES_DROP,0.1891891891891892
2025-07-27,	7142731245833732390,【子豪专属】WEBBER NATURALS进口儿童鱼油欧米伽3高DHA爆浆深海鱼油120粒1岁+-默认-(DYWEB625273090185),1,5.285714285714286,,SALES_DROP,0.1891891891891892
2025-04-17,,Webber Naturals伟博天然进口小分子胶原蛋白多肽粉150g z-胶原蛋白多肽粉150g*3,1,5.285714285714286,,SALES_DROP,0.1891891891891892
2025-04-25,	7146569951686672673,伟博精粹金CO2提纯1100mg4倍含量omega3成人心脑欧鱼油120粒 S-默认-(DYWEB625273090086),2,10.428571428571429,,SALES_DROP,0.1917808219178082
2025-01-18,7.12461115418552e+18,Webber naturals伟博深海鱼油500mgOmega3+D3青少年补脑 100粒/瓶-默认-(DYWEB625273090291),2,10.428571428571429,,SALES_DROP,0.1917808219178082
2025-10-22,	7146569951686672673,WEBBER NATURALS高纯度深海鱼油omega3欧米伽3成人健身鱼油120粒D-默认-(DYWEB625273090086),3,15.571428571428571,,SALES_DROP,0.1926605504587156
2025-09-09,	-,【3瓶装】加拿大伟博天然小分子胶原蛋白多肽粉150g/瓶-3瓶装-(625273036657*3),1,5.142857142857143,,SALES_DROP,0.1944444444444444
2025-09-07,	-,【3瓶装】伟博精粹金CO2提纯1100mg4倍含量omega3成人心脑鱼油120粒-三瓶装（1年量）【送两瓶价值149的60粒100mg辅酶Q10】-(625273090086*3+628347570705*2),1,5.142857142857143,,SALES_DROP,0.1944444444444444
2025-03-31,	-,WebberNaturals伟博天然高纯度1390mg深海精粹鱼油软胶囊60粒/瓶s-60粒*1瓶【2个月量】,1,5.142857142857143,,SALES_DROP,0.1944444444444444
2025-11-08,,【进博会专属】伟博天然进口深海鱼油1100mg高纯度Omega3 120粒-一瓶装【4个月的量】-(625273090086*1),1,5.142857142857143,,SALES_DROP,0.1944444444444444
2025-05-28,,【官方直播】WebberNaturals伟博深海鱼油1100mg高纯度Omega3 120粒-三瓶装【一年的量送一瓶奶蓟草】,1,5.142857142857143,,SALES_DROP,0.1944444444444444
2025-05-21,,【官方直播】WebberNaturals伟博深海鱼油1100mg高纯度Omega3 120粒-两瓶装【8个月的量送一瓶奶蓟草】,1,5.142857142857143,,SALES_DROP,0.1944444444444444
2025-04-12,7.168643947345036e+18,伟博天然进口VB番茄红素锌硒钙水果多酚55+男士全营养素 30粒-默认-(DYWEB625273079968),1,5.142857142857143,,SALES_DROP,0.1944444444444444
2025-09-05,,Webber Naturals伟博天然阳光小金盾小颗粒深海儿童鱼油+D3 60粒-2瓶装-(625273071634*2),1,5.142857142857143,,SALES_DROP,0.1944444444444444
2025-05-21,7.168643947345036e+18,伟博天然进口VB番茄红素锌硒钙水果多酚55+男士全营养素 30粒-默认-(DYWEB625273079968),1,5.142857142857143,,SALES_DROP,0.1944444444444444
2025-05-31,,伟博加拿大进口99%纯度1100mg成人omega3深海鱼油心血管养护120粒-2瓶装（8个月的量）,1,5.142857142857143,,SALES_DROP,0.1944444444444444
2025-01-07,	7077809856803225896,【官方直播】加拿大伟博儿童鱼油高脑力DHA无腥可嚼软胶囊120粒/瓶-2瓶装;WebberNaturals伟博深海鱼油900mg高纯度Omega3 DHA/EPA鱼油200粒-默认-(DYWEB625273052985),2,10.285714285714286,,SALES_DROP,0.1944444444444444
2025-08-30,,Webber Naturals伟博天然阳光小金盾小颗粒深海儿童鱼油+D3 60粒-2瓶装-(625273071634*2),1,5.142857142857143,,SALES_DROP,0.1944444444444444
2025-08-30,,Webber Naturals伟博天然高纯度1100mg深海精粹鱼油软胶囊60粒 D-1瓶装-(625273090420*1),1,5.142857142857143,,SALES_DROP,0.1944444444444444
2025-09-27,	-,【官方直播】加拿大伟博儿童鱼油高脑力DHA无腥可嚼软胶囊120粒/瓶-2瓶装-(625273090185*2),1,5.142857142857143,,SALES_DROP,0.1944444444444444
2025-11-05,	7054785415630438688,WEBBER NATURALS高浓缩肉桂精华植物维稳糖值150mg呵护健康60粒-默认-(DYWEB625273034370),1,5.142857142857143,,SALES_DROP,0.1944444444444444
2025-11-25,7.198069483125195e+18,WEBBER NATURALS伟博天然加拿大进口天然发酵好气色苹果醋240粒-默认-(DYWEB625273050547),1,5.142857142857143,,SALES_DROP,0.1944444444444444
2025-09-26,,伟博天然进口儿童鱼油高脑力DHA软胶囊120粒/瓶-1瓶装-(625273090185*1),1,5.142857142857143,,SALES_DROP,0.1944444444444444
2025-10-21,7.054785415521419e+18,WEBBER NATURALS儿童6岁+鱼油高DHA香橙味欧米伽3眼脑同步120粒-默认-(DYWEB625273033496),2,10.285714285714286,,SALES_DROP,0.1944444444444444
2025-04-07,	-,【官方直播】加拿大伟博Webber鱼油500mgOmega3+D3青少年 100粒/瓶-2瓶装,1,5.142857142857143,,SALES_DROP,0.1944444444444444
2025-10-28,,【子豪专属】伟博天然进口儿童鱼油高脑力DHA软胶囊120粒/瓶-1瓶装-(625273090185*1),1,5.142857142857143,,SALES_DROP,0.1944444444444444
2025-01-06,	-,【徐冬冬专属】Webber naturals伟博深海鱼油1100mg高纯度Omega3 120粒 z-2瓶装,1,5.142857142857143,,SALES_DROP,0.1944444444444444
2025-12-23,,	【达人专属】伟博加拿大进口99%纯度1100mg成人omega3深海鱼油心血管养护120粒,1,5.142857142857143,,SALES_DROP,0.1944444444444444
2025-06-03,7.144930821143692e+18,伟博天然进口KSM66南非醉茄印度人参精华3600mg*120粒缓压促睡眠-默认-(DYWEB625273052640),1,5.142857142857143,,SALES_DROP,0.1944444444444444
2025-05-27,7.144930821143692e+18,伟博天然进口KSM66南非醉茄印度人参精华3600mg*120粒缓压促睡眠-默认-(DYWEB625273052640),1,5.142857142857143,,SALES_DROP,0.1944444444444444
2025-04-07,7.144930821143692e+18,伟博天然进口KSM66南非醉茄印度人参精华3600mg*120粒缓压促睡眠-默认-(DYWEB625273052640),1,5.142857142857143,,SALES_DROP,0.1944444444444444
2025-07-15,7.142731245833732e+18,【子豪专属】WEBBER NATURALS进口儿童鱼油欧米伽3高DHA爆浆深海鱼油120粒1岁+-默认-(DYWEB625273090185),1,5.142857142857143,,SALES_DROP,0.1944444444444444
2025-08-22,	-,Webber Naturals伟博天然进口小分子胶原蛋白多肽粉150g z-胶原蛋白多肽粉150g*3-(625273036657*3),1,5.142857142857143,,SALES_DROP,0.1944444444444444
2025-10-13,7.086274688812433e+18,WEBBER NATURALS伟博胶原蛋白与神经酰胺生物活性胶原肽120片/瓶-默认-(DYWEB625273036695),1,5.142857142857143,,SALES_DROP,0.1944444444444444
2025-09-12,7.124611154185519e+18,WEBBER NATURALS500mg Omega-3深海鱼油添加D3青少年鱼油100粒/瓶-默认-(DYWEB625273090291),1,5.142857142857143,,SALES_DROP,0.1944444444444444
2025-06-08,,【官方直播】加拿大伟博儿童鱼油高脑力DHA无腥可嚼软胶囊120粒/瓶-2瓶装,1,5.142857142857143,,SALES_DROP,0.1944444444444444
2025-06-08,,【官方直播】WebberNaturals伟博深海鱼油1100mg高纯度Omega3 120粒-一瓶装【4个月的量】,1,5.142857142857143,,SALES_DROP,0.1944444444444444
2025-10-14,	7086274688812433667,WEBBER NATURALS伟博胶原蛋白与神经酰胺生物活性胶原肽120片/瓶-默认-(DYWEB625273036695),1,5.142857142857143,,SALES_DROP,0.1944444444444444
2025-06-28,,伟博天然进口儿童鱼油高脑力DHA软胶囊120粒/瓶-1瓶装,1,5.142857142857143,,SALES_DROP,0.1944444444444444
2025-01-07,	7142731245833732390,伟博天然进口儿童鱼油高脑力DHA软胶囊120粒/瓶-默认-(DYWEB625273090185),1,5.142857142857143,,SALES_DROP,0.1944444444444444
2025-01-06,	-,Webber naturals伟博深海鱼油900mg高纯度Omega3/DHA/EPA 200粒z-伟博油900mg深海鱼油200粒*1,1,5.142857142857143,,SALES_DROP,0.1944444444444444
2025-10-30,,伟博加拿大进口99%纯度1100mg成人omega3深海鱼油心血管养护120粒-三瓶装（1年量）【送两瓶价值149的60粒100mg辅酶Q10】-(625273090086*3+628347570705*2),1,5.142857142857143,,SALES_DROP,0.1944444444444444
2025-01-04,	7142731245833732390,webbernaturals进口儿童鱼油欧米伽3高DHA爆浆深海鱼油120粒 1岁+-默认-(DYWEB625273090185),2,10.285714285714286,,SALES_DROP,0.1944444444444444
2025-03-28,,【官方直播】加拿大伟博儿童鱼油高脑力DHA无腥可嚼软胶囊120粒/瓶-1瓶装,1,5.142857142857143,,SALES_DROP,0.1944444444444444
2025-05-21,,【官方直播】WebberNaturals伟博深海鱼油1100mg高纯度Omega3 120粒-两瓶装【8个月的量】,1,5.142857142857143,,SALES_DROP,0.1944444444444444
2025-09-12,	7124611154185519400,WEBBER NATURALS500mg Omega-3深海鱼油添加D3青少年鱼油100粒/瓶-默认-(DYWEB625273090291),1,5.142857142857143,,SALES_DROP,0.1944444444444444
2025-03-14,	7081192833746780446,webbernaturals辅酶Q10天然发酵免疫软胶囊60粒/瓶100mg营养-默认-(DYWEB625273038552),1,5.142857142857143,,SALES_DROP,0.1944444444444444
2025-03-19,	7199138110997872936,【二姐专属】Webber   Naturals伟博维生素C1000毫克150粒/瓶（效期至25年9月）-默认-(DYWEB625273032727),2,10.285714285714286,,SALES_DROP,0.1944444444444444
2025-07-13,7.510043339572445e+18,WEBBER NATURALS3倍深海鱼油欧米伽3成人健身无鱼腥DNA鱼油200粒-默认-(625273072433),1,5.142857142857143,,SALES_DROP,0.1944444444444444
2025-03-20,,【效期至2027.7.29】加拿大伟博天然安睡宝 茶氨酸褪黑素45粒/瓶-褪黑素45粒*1,1,5.142857142857143,,SALES_DROP,0.1944444444444444
2025-08-13,	7329414437553848576,Webber Naturals伟博天然高纯度1390mg深海精粹鱼油软胶囊60粒/瓶-默认-(DYWEB625273090420),1,5.142857142857143,,SALES_DROP,0.1944444444444444
2025-03-24,,【官方直播】加拿大伟博深海鱼油1390mg高纯度Omega3-两瓶装组合,1,5.142857142857143,,SALES_DROP,0.1944444444444444
2025-04-12,	7168643947345035558,伟博天然进口VB番茄红素锌硒钙水果多酚55+男士全营养素 30粒-默认-(DYWEB625273079968),1,5.142857142857143,,SALES_DROP,0.1944444444444444
2025-02-09,	7168643947345035558,伟博天然进口VB番茄红素锌硒钙水果多酚55+男士全营养素 30粒-默认-(DYWEB625273079968),1,5.142857142857143,,SALES_DROP,0.1944444444444444
2025-03-08,	7168643947345035558,伟博天然进口VB番茄红素锌硒钙水果多酚55+男士全营养素 30粒-默认-(DYWEB625273079968),1,5.142857142857143,,SALES_DROP,0.1944444444444444
2025-07-23,	7242231858778341689,WEBBER NATURALS褪黑素片10mg快速入睡深度睡眠薄荷味72粒-默认-(DYWEB625273038279),1,5.142857142857143,,SALES_DROP,0.1944444444444444
2025-04-18,7.146569951686672e+18,伟博精粹金CO2提纯1100mg4倍含量omega3成人心脑欧鱼油120粒 S-默认-(DYWEB625273090086),2,10.285714285714286,,SALES_DROP,0.1944444444444444
2025-03-25,	-,webber naturals伟博天然褪黑素片10毫克72粒z-褪黑素片10毫克72粒*1,1,5.142857142857143,,SALES_DROP,0.1944444444444444
2025-11-24,,【官方直播】加拿大伟博Webber儿童鱼油高DHAOmega-3甜橙味120粒/瓶-3瓶装-(625273033496*3),1,5.142857142857143,,SALES_DROP,0.1944444444444444
2025-11-12,,Webber Naturals伟博天然进口小分子胶原蛋白多肽粉150g z-1瓶装-(625273036657*1),1,5.142857142857143,,SALES_DROP,0.1944444444444444
2025-07-05,7.146569951686672e+18,伟博加拿大进口99%纯度1100mg成人omega3鱼油心血管养护120粒 DB-默认-(DYWEB625273090086),1,5.142857142857143,,SALES_DROP,0.1944444444444444
2025-03-03,7.146569951686672e+18,伟博精粹金CO2提纯1100mg4倍含量omega3成人心脑欧鱼油120粒 S-默认-(DYWEB625273090086),1,5.142857142857143,,SALES_DROP,0.1944444444444444
2024-12-30,	7081192833746780446,【官方直播】加拿大伟博深海鱼油1390mg高纯度Omega3-两瓶装组合;webbernaturals辅酶Q10天然发酵免疫软胶囊60粒/瓶100mg营养-默认-(DYWEB625273038552),2,10.142857142857142,,SALES_DROP,0.1971830985915493
2025-09-18,7.146569951686672e+18,【徐冬冬专属】WEBBER NATURALS高纯度深海鱼油omega3欧米伽3成人健身鱼油120粒D-默认-(DYWEB625273090086),2,10.142857142857142,,SALES_DROP,0.1971830985915493
2025-09-20,7.481121574674874e+18,伟博天然辅酶Q10胶囊100mg 成人心脏活力60粒 效期至26年5月30日-默认-(DYWEB628347570705),2,10.142857142857142,,SALES_DROP,0.1971830985915493
2025-04-18,	7146569951686672673,伟博精粹金CO2提纯1100mg4倍含量omega3成人心脑欧鱼油120粒 S-默认-(DYWEB625273090086),2,10.142857142857142,,SALES_DROP,0.1971830985915493
2025-03-26,7.199138110997873e+18,【二姐专属】Webber   Naturals伟博维生素C1000毫克150粒/瓶（效期至25年9月）-默认-(DYWEB625273032727),4,20.142857142857142,,SALES_DROP,0.1985815602836879
2025-12-27,,	【官方直播】伟博天然进口深海鱼油1100mg高纯度Omega3 120粒,1,5.0,,SALES_DROP,0.2
2025-12-27,,	【3瓶装】webber naturals胶原蛋白与神经酰胺生物活性胶原肽120片,1,5.0,,SALES_DROP,0.2
2025-11-23,,【进博会专属】伟博天然进口深海鱼油1100mg高纯度Omega3 120粒-三瓶装【1年的量】-(625273090086*3),1,5.0,,SALES_DROP,0.2
2025-03-21,	7329414437553848576,Webber Naturals伟博天然高纯度1390mg深海精粹鱼油软胶囊60粒/瓶-默认-(DYWEB625273090420),1,5.0,,SALES_DROP,0.2
2025-03-21,	7329414437553848576,【官方直播】Webber伟博天然高纯度1390mg深海精粹鱼油软胶囊60粒-默认-(DYWEB625273090420),1,5.0,,SALES_DROP,0.2
2025-06-29,7.448837780370702e+18,Webber Naturals伟博天然叶黄素40毫克 30粒 呵护眼睛-默认-(DYWEB625273070255),1,5.0,,SALES_DROP,0.2
2025-01-10,	7146569951686672673,【效期至27年10月】Webber naturals伟博高纯度Omega3鱼油120粒/瓶S-默认-(DYWEB625273090086),1,5.0,,SALES_DROP,0.2
2025-03-25,,【官方直播】加拿大伟博深海鱼油1390mg高纯度Omega3-两瓶装组合,1,5.0,,SALES_DROP,0.2
2025-02-25,,Webber Naturals伟博天然高纯度1390mg深海精粹鱼油软胶囊60粒 z-伟博天然高纯度1390mg深海精粹鱼油60粒*1,1,5.0,,SALES_DROP,0.2
2025-02-25,,【官方直播】加拿大伟博Webber鱼油500mgOmega3+D3青少年 100粒/瓶-2瓶装,1,5.0,,SALES_DROP,0.2
2025-05-02,	7144930821143691527,伟博天然进口KSM66南非醉茄印度人参精华3600mg*120粒缓压促睡眠-默认-(DYWEB625273052640),1,5.0,,SALES_DROP,0.2
2025-07-07,	7144930821143691527,伟博天然进口KSM66南非醉茄印度人参精华3600mg*120粒缓压促睡眠-默认-(DYWEB625273052640),1,5.0,,SALES_DROP,0.2
2025-01-13,7.11003268465066e+18,【效期至25年6月】webbernaturals伟博500mg维生素C胶囊60粒-默认-(625273076622),1,5.0,,SALES_DROP,0.2
2025-02-11,7.142731245833732e+18,webbernaturals进口儿童鱼油欧米伽3高DHA爆浆深海鱼油120粒 1岁+-默认-(DYWEB625273090185),1,5.0,,SALES_DROP,0.2
2025-09-08,	-,伟博加拿大进口99%纯度1100mg成人omega3深海鱼油心血管养护120粒-两瓶装（1个周期）【送一瓶价值149的60粒100mg辅酶Q10】-(625273090086*2+628347570705*1),1,5.0,,SALES_DROP,0.2
2025-08-31,7.086274688812433e+18,WEBBER NATURALS伟博胶原蛋白与神经酰胺生物活性胶原肽120片/瓶-默认-(DYWEB625273036695),1,5.0,,SALES_DROP,0.2
2025-09-06,	7146569951686672673,【董先生专属】WEBBER NATURALS高纯度深海鱼油omega3欧米伽3成人健身鱼油120粒-默认-(DYWEB625273090086),1,5.0,,SALES_DROP,0.2
2025-08-22,	-,【官方直播】加拿大伟博儿童鱼油高脑力DHA无腥可嚼软胶囊120粒/瓶-2瓶装-(625273090185*2),1,5.0,,SALES_DROP,0.2
2025-08-20,	-,【3瓶装】伟博精粹金CO2提纯1100mg4倍含量omega3成人心脑鱼油120粒-三瓶装（1年量）【送两瓶价值149的60粒100mg辅酶Q10】-(625273090086*3+628347570705*2),1,5.0,,SALES_DROP,0.2
2025-07-19,	7142731245833732390,【子豪专属】WEBBER NATURALS进口儿童鱼油欧米伽3高DHA爆浆深海鱼油120粒1岁+-默认-(DYWEB625273090185),1,5.0,,SALES_DROP,0.2
2025-01-20,	7144930821143691527,伟博天然进口KSM66南非醉茄印度人参精华3600mg*120粒缓压促睡眠-默认-(DYWEB625273052640),1,5.0,,SALES_DROP,0.2
2025-09-14,7.448836024085742e+18,Webber Naturals伟博天然阳光小金盾小颗粒深海儿童鱼油+D3 60粒-默认-(DYWEB625273071634),1,5.0,,SALES_DROP,0.2
2025-07-11,	7124611154185519400,WEBBER NATURALS500mg Omega-3深海鱼油添加D3青少年鱼油100粒/瓶-默认-(DYWEB625273090291),1,5.0,,SALES_DROP,0.2
2025-03-20,	7081192833746780446,webbernaturals辅酶Q10天然发酵免疫软胶囊60粒/瓶100mg营养-默认-(DYWEB625273038552),1,5.0,,SALES_DROP,0.2
2025-09-14,	7448836024085741839,Webber Naturals伟博天然阳光小金盾小颗粒深海儿童鱼油+D3 60粒-默认-(DYWEB625273071634),1,5.0,,SALES_DROP,0.2
2025-09-21,,【官方直播】WebberNaturals伟博深海鱼油1100mg高纯度Omega3 120粒-两瓶装【8个月的量】-(625273090086*2),1,5.0,,SALES_DROP,0.2
2025-09-11,	-,【送辅酶Q10】伟博95%高纯度深海鱼油omega3成人小颗粒健身鱼油30粒-【新人尝鲜1瓶装】30粒*1瓶-(625273070781*1),1,5.0,,SALES_DROP,0.2
2025-08-19,	-,Webber Naturals伟博天然高纯度1100mg深海精粹鱼油软胶囊60粒 Z-1瓶装-(625273090420*1),1,5.0,,SALES_DROP,0.2
2025-08-17,	-,【三少爷专属】WEBBER NATURALS伟博天然高纯度1390mg深海精粹鱼油软胶囊60粒/瓶-60粒*1瓶【2个月量】-(625273090420*1),1,5.0,,SALES_DROP,0.2
2025-01-25,7.086274688812433e+18, webber naturals伟博胶原蛋白与神经酰胺生物活性胶原肽120片/瓶-默认-(DYWEB625273036695),1,5.0,,SALES_DROP,0.2
2025-06-25,7.05478541552142e+18,【子豪专属】Webber Naturals儿童鱼油150mg高DHA香橙味omega3脑黄金120粒6岁+-默认-(DYWEB625273033496),2,10.0,,SALES_DROP,0.2
2026-01-02,7.054785415521419e+18,	【子豪专属】WEBBER NATURALS6岁+儿童鱼油高DHA香橙味欧米伽3眼脑同步120粒,1,5.0,,SALES_DROP,0.2
2025-06-20,,【官方直播】加拿大伟博Webber鱼油500mgOmega3+D3青少年 100粒/瓶-3瓶装,1,5.0,,SALES_DROP,0.2
2025-06-20,,【3瓶装】webber naturals胶原蛋白与神经酰胺生物活性胶原肽120片-【3瓶装】webber naturals胶原蛋白与神经酰胺生物活性胶原肽120片,1,5.0,,SALES_DROP,0.2
2025-03-23,7.199138110997873e+18,【二姐专属】Webber   Naturals伟博维生素C1000毫克150粒/瓶（效期至25年9月）-默认-(DYWEB625273032727),1,5.0,,SALES_DROP,0.2
2025-08-17,,WebberNaturals伟博500mg维生素C胶囊60粒-3瓶装-(625273076622*3),1,5.0,,SALES_DROP,0.2
2025-09-11,,Webber Naturals伟博天然阳光小金盾小颗粒深海儿童鱼油+D3 60粒-2瓶装-(625273071634*2),1,5.0,,SALES_DROP,0.2
2025-11-20,7.198069483125195e+18,WEBBER NATURALS伟博天然加拿大进口天然发酵好气色苹果醋240粒-默认-(DYWEB625273050547),1,5.0,,SALES_DROP,0.2
2025-06-04,,【官方直播】加拿大伟博Webber鱼油500mgOmega3+D3青少年 100粒/瓶-3瓶装,1,5.0,,SALES_DROP,0.2
2025-05-28,,伟博进口99%纯度1100mg成人omega3深海鱼油中老年心血管养护120粒-2瓶装（8个月的量）,1,5.0,,SALES_DROP,0.2
2025-10-29,,伟博加拿大进口99%纯度1100mg成人omega3深海鱼油心血管养护120粒-三瓶装（1年量）【送两瓶价值149的60粒100mg辅酶Q10】-(625273090086*3+628347570705*2),1,5.0,,SALES_DROP,0.2
2025-10-29,,伟博加拿大进口99%纯度1100mg成人omega3深海鱼油心血管养护120粒-两瓶装（1个周期）【送一瓶价值149的60粒100mg辅酶Q10】-(625273090086*2+628347570705*1),1,5.0,,SALES_DROP,0.2
2025-01-22,7.146569951686672e+18,【效期至27年10月】Webber naturals伟博高纯度Omega3鱼油120粒/瓶S-默认-(DYWEB625273090086),1,5.0,,SALES_DROP,0.2
2025-11-06,,【官方直播】加拿大伟博儿童鱼油高脑力DHA无腥可嚼软胶囊120粒/瓶-2瓶装-(625273090185*2),1,5.0,,SALES_DROP,0.2
2025-10-23,,伟博天然进口VB番茄红素锌硒钙水果多酚55+男士全营养素 30粒z-2瓶装-(625273079968*2),1,5.0,,SALES_DROP,0.2
2025-08-18,7.142731245833732e+18,【子豪专属】WEBBER NATURALS进口儿童鱼油欧米伽3高DHA爆浆深海鱼油120粒1岁+-默认-(DYWEB625273090185),1,5.0,,SALES_DROP,0.2
2025-03-10,	7329414437553848576;7110032684650660136,Webber Naturals伟博天然高纯度1390mg深海精粹鱼油软胶囊60粒/瓶-默认-(DYWEB625273090420);【效期至25年6月】webbernaturals伟博500mg维生素C胶囊60粒-默认-(625273076622),2,10.0,,SALES_DROP,0.2
2025-05-02,7.144930821143692e+18,伟博天然进口KSM66南非醉茄印度人参精华3600mg*120粒缓压促睡眠-默认-(DYWEB625273052640),1,5.0,,SALES_DROP,0.2
2024-12-30,	7081192833746780446,webbernaturals辅酶Q10天然发酵免疫软胶囊60粒/瓶100mg营养-默认-(DYWEB625273038552),2,10.0,,SALES_DROP,0.2
2025-04-17,, webber naturals伟博胶原蛋白与神经酰胺生物活性胶原肽120片z-抗皱胶原蛋白+神经酰胺120粒*1,1,5.0,,SALES_DROP,0.2
2025-04-26,,【官方直播】加拿大伟博Webber鱼油500mgOmega3+D3青少年 100粒/瓶-3瓶装,1,5.0,,SALES_DROP,0.2
2025-08-31,	7086274688812433667,WEBBER NATURALS伟博胶原蛋白与神经酰胺生物活性胶原肽120片/瓶-默认-(DYWEB625273036695),1,5.0,,SALES_DROP,0.2
2025-04-16,,Webber Naturals伟博天然苹果醋胶囊天然维稳240粒/瓶 z-1瓶装,1,5.0,,SALES_DROP,0.2
2026-01-04,7.054785415521419e+18,	【官方直播 】伟博天然6岁+儿童鱼油高DHA欧米伽3香橙味120粒,1,5.0,,SALES_DROP,0.2
2025-10-12,,伟博加拿大进口99%纯度1100mg成人omega3深海鱼油心血管养护120粒-一瓶装（体验装）-(625273090086*1),4,19.857142857142858,,SALES_DROP,0.2014388489208633
2025-01-13,	7142731245833732390,webbernaturals进口儿童鱼油欧米伽3高DHA爆浆深海鱼油120粒 1岁+-默认-(DYWEB625273090185),4,19.714285714285715,,SALES_DROP,0.2028985507246376
2025-03-21,7.086274688812433e+18,Webber Naturals伟博胶原蛋白与神经酰胺生物活性胶原肽120片/瓶-默认-(DYWEB625273036695),3,14.714285714285714,,SALES_DROP,0.2038834951456311
2025-03-22,7.086274688812433e+18,Webber Naturals伟博胶原蛋白与神经酰胺生物活性胶原肽120片/瓶-默认-(DYWEB625273036695),3,14.571428571428571,,SALES_DROP,0.2058823529411764
2025-03-02,	7446970035580698914;7454032906437558543,【紫气高升】Webber伟博天然高纯度Omega3精粹金鱼油120粒2瓶装礼盒-默认-(625273090086*2);枫叶围巾-默认-(20241230001),2,9.714285714285714,,SALES_DROP,0.2058823529411765
2025-03-31,	7146569951686672673;7427011616899940648,伟博精粹金CO2提纯1100mg4倍含量omega3成人心脑欧鱼油120粒 S-默认-(DYWEB625273090086);Webber伟博 Osteo氨糖软骨素MSM添加乳香姜黄素高端关节修护30粒-默认-(625273090321),2,9.714285714285714,,SALES_DROP,0.2058823529411765
2025-03-24,	7427011616899940648,【官方直播】WebberNaturals伟博深海鱼油1390mg高纯度Omega3 120粒-1瓶装;Webber伟博 Osteo氨糖软骨素MSM添加乳香姜黄素高端关节修护30粒-默认-(625273090321),2,9.714285714285714,,SALES_DROP,0.2058823529411765
2025-01-18,	7081192833746780446,【官方直播】加拿大伟博深海鱼油1390mg高纯度Omega3-两瓶装组合;webbernaturals辅酶Q10天然发酵免疫软胶囊60粒/瓶100mg营养-默认-(DYWEB625273038552),2,9.714285714285714,,SALES_DROP,0.2058823529411765
2025-10-01,7.054785415521419e+18,WEBBER NATURALS儿童6岁+鱼油高DHA香橙味欧米伽3眼脑同步120粒-默认-(DYWEB625273033496),3,14.428571428571429,,SALES_DROP,0.2079207920792079
2025-03-22,	7146569951686672673;7427011616899940648,伟博精粹金CO2提纯1100mg4倍含量omega3成人心脑欧鱼油120粒 S-默认-(DYWEB625273090086);Webber伟博 Osteo氨糖软骨素MSM添加乳香姜黄素高端关节修护30粒-默认-(625273090321),2,9.571428571428571,,SALES_DROP,0.208955223880597
2025-09-22,	-,伟博加拿大进口99%纯度1100mg成人omega3深海鱼油心血管养护120粒-三瓶装（1年量）【送两瓶价值149的60粒100mg辅酶Q10】-(625273090086*3+628347570705*2),2,9.571428571428571,,SALES_DROP,0.208955223880597
2025-01-18,	7081192833746780446,webbernaturals辅酶Q10天然发酵免疫软胶囊60粒/瓶100mg营养-默认-(DYWEB625273038552),2,9.571428571428571,,SALES_DROP,0.208955223880597
2025-04-01,,【YY专属】Webber Naturals伟博维生素C1000毫克150粒/瓶（效期至25年9月）-3瓶装,2,9.571428571428571,,SALES_DROP,0.208955223880597
2025-04-26,	7146569951686672673,伟博精粹金CO2提纯1100mg4倍含量omega3成人心脑欧鱼油120粒 S-默认-(DYWEB625273090086),2,9.571428571428571,,SALES_DROP,0.208955223880597
2025-04-26,7.146569951686672e+18,伟博精粹金CO2提纯1100mg4倍含量omega3成人心脑欧鱼油120粒 S-默认-(DYWEB625273090086),2,9.571428571428571,,SALES_DROP,0.208955223880597
2025-07-05,	7142731245833732390,WebberNaturals进口儿童鱼油欧米伽3高DHA爆浆深海鱼油120粒 1岁+-默认-(DYWEB625273090185),3,14.285714285714286,,SALES_DROP,0.21
2025-04-10,	-,【官方直播】WebberNaturals伟博深海鱼油1390mg高纯度Omega3 120粒-1瓶装,6,28.428571428571427,,SALES_DROP,0.2110552763819095
2025-04-03,7.22322261258199e+18,【效期至25年7月】伟博天然高浓度奶蓟草熬夜养肝胶囊250mg护肝片-默认-(DYWEB625273090178),2,9.428571428571429,,SALES_DROP,0.2121212121212121
2025-01-20,	7124611154185519400,Webber naturals伟博深海鱼油900mg高纯度Omega3/DHA/EPA 200粒z-伟博油900mg深海鱼油200粒*1;Webber naturals伟博深海鱼油500mgOmega3+D3青少年补脑 100粒/瓶-默认-(DYWEB625273090291),2,9.428571428571429,,SALES_DROP,0.2121212121212121
2025-03-21,	7086274688812433667,Webber Naturals伟博胶原蛋白与神经酰胺生物活性胶原肽120片/瓶-默认-(DYWEB625273036695),3,14.142857142857142,,SALES_DROP,0.2121212121212121
2025-03-22,	7086274688812433667,Webber Naturals伟博胶原蛋白与神经酰胺生物活性胶原肽120片/瓶-默认-(DYWEB625273036695),3,14.142857142857142,,SALES_DROP,0.2121212121212121
2025-10-21,	7481121574674874687,【官方直播】加拿大伟博儿童鱼油高脑力DHA无腥可嚼软胶囊120粒/瓶-2瓶装-(625273090185*2);伟博天然辅酶Q10胶囊100mg 成人心脏活力60粒 效期至26年5月30日-默认-(DYWEB628347570705),2,9.428571428571429,,SALES_DROP,0.2121212121212121
2025-03-13,	-,【3瓶装】webber naturals胶原蛋白与神经酰胺生物活性胶原肽120片-【3瓶装】webber naturals胶原蛋白与神经酰胺生物活性胶原肽120片,2,9.428571428571429,,SALES_DROP,0.2121212121212121
2025-04-18,7.144930821143692e+18,伟博天然进口KSM66南非醉茄印度人参精华3600mg*120粒缓压促睡眠-默认-(DYWEB625273052640),2,9.428571428571429,,SALES_DROP,0.2121212121212121
2025-05-13,7.146569951686672e+18,伟博精粹金CO2提纯1100mg4倍含量omega3成人心脑欧鱼油120粒 S-默认-(DYWEB625273090086),2,9.428571428571429,,SALES_DROP,0.2121212121212121
2025-04-01,	-,【YY专属】Webber Naturals伟博维生素C1000毫克150粒/瓶（效期至25年9月）-3瓶装,2,9.428571428571429,,SALES_DROP,0.2121212121212121
2025-04-25,7.146569951686672e+18,伟博精粹金CO2提纯1100mg4倍含量omega3成人心脑欧鱼油120粒 S-默认-(DYWEB625273090086),2,9.428571428571429,,SALES_DROP,0.2121212121212121
2025-11-05,	7503765776017555739,【官方直播】WebberNaturals阳光小金盾小颗粒全家深海鱼油+D3 60粒-2瓶装-(625273071634*2);WEBBER NATURALS茶氨酸加纳籽褪黑素香蜂草草本5重配方安睡宝10粒-默认-(DYWEB990312500179),2,9.428571428571429,,SALES_DROP,0.2121212121212121
2025-10-01,	7054785415521419523,WEBBER NATURALS儿童6岁+鱼油高DHA香橙味欧米伽3眼脑同步120粒-默认-(DYWEB625273033496),3,14.0,,SALES_DROP,0.2142857142857142
2025-02-12,7.086274688812433e+18,Webber Naturals伟博胶原蛋白与神经酰胺生物活性胶原肽120片/瓶-默认-(DYWEB625273036695),3,14.0,,SALES_DROP,0.2142857142857142
2025-09-10,	7146569951686672673;7481121574674874687,WEBBER NATURALS高纯度深海鱼油omega3欧米伽3成人健身鱼油120粒-默认-(DYWEB625273090086);伟博天然辅酶Q10胶囊100mg 成人心脏活力60粒 效期至26年5月30日-默认-(DYWEB628347570705),3,14.0,,SALES_DROP,0.2142857142857142
2025-02-12,	7086274688812433667,Webber Naturals伟博胶原蛋白与神经酰胺生物活性胶原肽120片/瓶-默认-(DYWEB625273036695),3,14.0,,SALES_DROP,0.2142857142857142
2025-03-24,, webber naturals伟博胶原蛋白与神经酰胺生物活性胶原肽120片z-抗皱胶原蛋白+神经酰胺120粒*1,2,9.285714285714286,,SALES_DROP,0.2153846153846153
2025-06-22,7.05478541552142e+18,【子豪专属】Webber Naturals儿童鱼油150mg高DHA香橙味omega3脑黄金120粒6岁+-默认-(DYWEB625273033496),2,9.285714285714286,,SALES_DROP,0.2153846153846153
2025-02-03,7.146569951686672e+18,【效期至27年10月】Webber naturals伟博高纯度Omega3鱼油120粒/瓶S-默认-(DYWEB625273090086),2,9.285714285714286,,SALES_DROP,0.2153846153846153
2025-08-17,	7144930821143691527,WEBBER NATURALS南非醉茄KSM66 3600mg降低皮质醇缓压促睡眠120粒-默认-(DYWEB625273052640);【官方直播】WebberNaturals伟博深海鱼油1100mg高纯度Omega3 120粒-一瓶装【4个月的量】-(625273090086*1),2,9.285714285714286,,SALES_DROP,0.2153846153846153
2025-04-18,	7144930821143691527,伟博天然进口KSM66南非醉茄印度人参精华3600mg*120粒缓压促睡眠-默认-(DYWEB625273052640),2,9.285714285714286,,SALES_DROP,0.2153846153846153
2025-01-06,	7124611154185519400,Webber naturals伟博深海鱼油500mgOmega3+D3青少年补脑 100粒/瓶-默认-(DYWEB625273090291),3,13.857142857142858,,SALES_DROP,0.2164948453608247
2025-10-14,	7054785415521419523,伟博天然进口儿童鱼油高脑力DHA软胶囊120粒/瓶-2瓶装-(625273090185*2);WEBBER NATURALS6岁+儿童鱼油高DHA香橙味欧米伽3眼脑同步120粒-默认-(DYWEB625273033496),3,13.857142857142858,,SALES_DROP,0.2164948453608247
2025-07-07,	7124611154185519400,Webber naturals伟博深海鱼油500mgOmega3+D3青少年补脑 100粒/瓶-默认-(DYWEB625273090291),2,9.142857142857142,,SALES_DROP,0.21875
2025-02-26,	7077809856803225896;7110032684650660136,WebberNaturals伟博深海鱼油900mg高纯度Omega3 DHA/EPA鱼油200粒-默认-(DYWEB625273052985);【效期至25年6月】webbernaturals伟博500mg维生素C胶囊60粒-默认-(625273076622),2,9.142857142857142,,SALES_DROP,0.21875
2025-04-05,	-,【官方直播】WebberNaturals伟博深海鱼油1390mg高纯度Omega3 120粒-2瓶装,3,13.714285714285714,,SALES_DROP,0.21875
2025-03-31,,WebberNaturals伟博天然高纯度1390mg深海精粹鱼油软胶囊60粒/瓶s-120粒*1瓶【4个月量】,3,13.714285714285714,,SALES_DROP,0.21875
2025-08-29,7.481121574674874e+18,伟博天然辅酶Q10胶囊100mg 成人心脏活力60粒 效期至26年5月30日-默认-(DYWEB628347570705),2,9.142857142857142,,SALES_DROP,0.21875
2025-03-27,7.329414437553848e+18,Webber Naturals伟博天然高纯度1390mg深海精粹鱼油软胶囊60粒/瓶-默认-(DYWEB625273090420),3,13.714285714285714,,SALES_DROP,0.21875
2025-03-24,,Webber Naturals伟博天然进口小分子胶原蛋白多肽粉150g z-胶原蛋白多肽粉150g*1,2,9.142857142857142,,SALES_DROP,0.21875
2025-09-18,7.481121574674874e+18,伟博天然辅酶Q10胶囊100mg 成人心脏活力60粒 效期至26年5月30日-默认-(DYWEB628347570705),4,18.142857142857142,,SALES_DROP,0.2204724409448819
2025-04-12,	-,WebberNaturals伟博天然高纯度1390mg深海精粹鱼油软胶囊60粒/瓶s-120粒*1瓶【4个月量】,4,18.142857142857142,,SALES_DROP,0.2204724409448819
2025-04-01,,【YY专属】Webber Naturals伟博维生素C1000毫克150粒/瓶（效期至25年9月）-1瓶装,3,13.571428571428571,,SALES_DROP,0.2210526315789473
2025-08-30,7.146569951686672e+18,【徐冬冬专属】WEBBER NATURALS高纯度深海鱼油omega3欧米伽3成人健身鱼油120粒D-默认-(DYWEB625273090086),6,27.142857142857142,,SALES_DROP,0.2210526315789473
2025-04-01,	-,伟博Osteo氨糖软骨素MSM 高端关节修护30粒（效期至25年7月）-3瓶,2,9.0,,SALES_DROP,0.2222222222222222
2025-04-27,7.146569951686672e+18,伟博精粹金CO2提纯1100mg4倍含量omega3成人心脑欧鱼油120粒 S-默认-(DYWEB625273090086),2,9.0,,SALES_DROP,0.2222222222222222
2025-10-25,	-,【官方直播】加拿大伟博儿童鱼油高脑力DHA无腥可嚼软胶囊120粒/瓶-2瓶装-(625273090185*2),2,9.0,,SALES_DROP,0.2222222222222222
2025-12-02,7.054785415630438e+18,WEBBER NATURALS高浓缩肉桂精华植物维稳糖值150mg呵护健康60粒-默认-(DYWEB625273034370),2,9.0,,SALES_DROP,0.2222222222222222
2025-10-04,7.146569951686672e+18,WEBBER NATURALS高纯度深海鱼油omega3欧米伽3成人健身鱼油120粒D-默认-(DYWEB625273090086),3,13.428571428571429,,SALES_DROP,0.2234042553191489
2025-10-04,7.124611154185519e+18,WEBBER NATURALS500mg Omega-3深海鱼油添加D3青少年鱼油100粒/瓶-默认-(DYWEB625273090291),3,13.428571428571429,,SALES_DROP,0.2234042553191489
2025-10-04,	7124611154185519400,WEBBER NATURALS500mg Omega-3深海鱼油添加D3青少年鱼油100粒/瓶-默认-(DYWEB625273090291),3,13.428571428571429,,SALES_DROP,0.2234042553191489
2025-03-14,	7086274688812433667,Webber Naturals伟博胶原蛋白与神经酰胺生物活性胶原肽120片/瓶-默认-(DYWEB625273036695),4,17.857142857142858,,SALES_DROP,0.224
2025-03-14,7.086274688812433e+18,Webber Naturals伟博胶原蛋白与神经酰胺生物活性胶原肽120片/瓶-默认-(DYWEB625273036695),4,17.857142857142858,,SALES_DROP,0.224
2025-04-12,	-,伟博天然进口辅酶Q10胶囊100mg 成人心脏活力60粒（效期至26年5月）-3瓶装,6,26.714285714285715,,SALES_DROP,0.2245989304812834
2024-12-27,	7146569951686672673,【效期至27年10月】Webber naturals伟博高纯度Omega3鱼油120粒/瓶S-默认-(DYWEB625273090086),2,8.857142857142858,,SALES_DROP,0.2258064516129032
2025-03-15,	7427011616899940648,【官方直播】WebberNaturals伟博深海鱼油1390mg高纯度Omega3 120粒-5瓶装;Webber伟博 Osteo氨糖软骨素MSM添加乳香姜黄素高端关节修护30粒-默认-(625273090321),4,17.714285714285715,,SALES_DROP,0.2258064516129032
2025-10-12,	-,【官方直播】加拿大伟博儿童鱼油高脑力DHA无腥可嚼软胶囊120粒/瓶-2瓶装-(625273090185*2),2,8.857142857142858,,SALES_DROP,0.2258064516129032
2025-03-23,7.086274688812433e+18,Webber Naturals伟博胶原蛋白与神经酰胺生物活性胶原肽120片/瓶-默认-(DYWEB625273036695),3,13.285714285714286,,SALES_DROP,0.2258064516129032
2025-03-29,7.329414437553848e+18,【春蚕专属】Webber Naturals伟博天然高纯度1390mg深海精粹鱼油软胶囊60粒/瓶-默认-(DYWEB625273090420),2,8.857142857142858,,SALES_DROP,0.2258064516129032
2025-10-21,	7481121574674874687,【官方直播】WebberNaturals伟博深海鱼油1100mg高纯度Omega3 120粒-两瓶装【8个月的量】-(625273090086*2);伟博天然辅酶Q10胶囊100mg 成人心脏活力60粒 效期至26年5月30日-默认-(DYWEB628347570705),2,8.857142857142858,,SALES_DROP,0.2258064516129032
2025-04-27,	7146569951686672673,伟博精粹金CO2提纯1100mg4倍含量omega3成人心脑欧鱼油120粒 S-默认-(DYWEB625273090086),2,8.857142857142858,,SALES_DROP,0.2258064516129032
2025-03-28,,【官方直播】加拿大伟博儿童鱼油高脑力DHA无腥可嚼软胶囊120粒/瓶-2瓶装,3,13.285714285714286,,SALES_DROP,0.2258064516129032
2025-11-30,7.054785415630438e+18,WEBBER NATURALS高浓缩肉桂精华植物维稳糖值150mg呵护健康60粒-默认-(DYWEB625273034370),3,13.285714285714286,,SALES_DROP,0.2258064516129032
2025-09-17,7.481121574674874e+18,伟博天然辅酶Q10胶囊100mg 成人心脏活力60粒 效期至26年5月30日-默认-(DYWEB628347570705),4,17.714285714285715,,SALES_DROP,0.2258064516129032
2025-03-26,	-,【官方直播】WebberNaturals伟博深海鱼油1390mg高纯度Omega3 120粒-1瓶装,2,8.857142857142858,,SALES_DROP,0.2258064516129032
2025-11-02,	7481121574674874687,【官方直播】加拿大伟博儿童鱼油高脑力DHA无腥可嚼软胶囊120粒/瓶-2瓶装-(625273090185*2);伟博天然辅酶Q10胶囊100mg 成人心脏活力60粒 效期至26年5月30日-默认-(DYWEB628347570705),4,17.714285714285715,,SALES_DROP,0.2258064516129032
2025-04-09,,【YY专属】Webber Naturals伟博维生素C1000毫克150粒/瓶（效期至25年9月）-3瓶装,13,57.42857142857143,,SALES_DROP,0.2263681592039801
2025-04-10,,【YY专属】Webber Naturals伟博维生素C1000毫克150粒/瓶（效期至25年9月）-1瓶装,10,44.142857142857146,,SALES_DROP,0.2265372168284789
2025-06-05,7.142731245833732e+18,WebberNaturals进口儿童鱼油欧米伽3高DHA爆浆深海鱼油120粒 1岁+-默认-(DYWEB625273090185),15,66.14285714285714,,SALES_DROP,0.2267818574514039
2025-04-09,	-,【YY专属】Webber Naturals伟博维生素C1000毫克150粒/瓶（效期至25年9月）-3瓶装,13,57.142857142857146,,SALES_DROP,0.2274999999999999
2025-11-05,	7503765776017555739,WebberNaturals伟博胶原蛋白与神经酰胺生物活性胶原肽120片 DB-2瓶装-(625273036695*2);Webber Naturals伟博天然进口小分子胶原蛋白多肽粉150g z-1瓶装-(625273036657*1);WEBBER NATURALS茶氨酸加纳籽褪黑素香蜂草草本5重配方安睡宝10粒-默认-(DYWEB990312500179),3,13.142857142857142,,SALES_DROP,0.2282608695652174
2024-12-28,	7081192833746780446,webbernaturals辅酶Q10天然发酵免疫软胶囊60粒/瓶100mg营养-默认-(DYWEB625273038552),3,13.142857142857142,,SALES_DROP,0.2282608695652174
2025-03-23,	7086274688812433667,Webber Naturals伟博胶原蛋白与神经酰胺生物活性胶原肽120片/瓶-默认-(DYWEB625273036695),3,13.142857142857142,,SALES_DROP,0.2282608695652174
2025-03-28,,【官方直播】WebberNaturals伟博深海鱼油1390mg高纯度Omega3 120粒-3瓶装,4,17.428571428571427,,SALES_DROP,0.2295081967213115
2025-10-12,	-,【官方直播】加拿大伟博儿童鱼油高脑力DHA无腥可嚼软胶囊120粒/瓶-1瓶装-(625273090185*1),2,8.714285714285714,,SALES_DROP,0.2295081967213115
2025-01-28,	7146569951686672673,【效期至27年10月】Webber naturals伟博高纯度Omega3鱼油120粒/瓶S-默认-(DYWEB625273090086),2,8.714285714285714,,SALES_DROP,0.2295081967213115
2025-02-28,7.05478541552142e+18,Webber Naturals儿童鱼油150mg高DHA香橙味omega3脑黄金120粒6岁+-默认-(DYWEB625273033496),8,34.857142857142854,,SALES_DROP,0.2295081967213115
2025-03-13,	-, webber naturals伟博胶原蛋白与神经酰胺生物活性胶原肽120片z-抗皱胶原蛋白+神经酰胺120粒*1,2,8.714285714285714,,SALES_DROP,0.2295081967213115
2025-09-06,7.054785415521419e+18,WEBBER NATURALS儿童6岁+鱼油高DHA香橙味欧米伽3眼脑同步120粒-默认-(DYWEB625273033496),2,8.714285714285714,,SALES_DROP,0.2295081967213115
2025-10-21,	7481121574674874687,Webber Naturals伟博天然进口小分子胶原蛋白多肽粉150g z-1瓶装-(625273036657*1);伟博天然辅酶Q10胶囊100mg 成人心脏活力60粒 效期至26年5月30日-默认-(DYWEB628347570705),2,8.714285714285714,,SALES_DROP,0.2295081967213115
2025-11-02,	7481121574674874687,Webber Naturals伟博天然进口小分子胶原蛋白多肽粉150g z-1瓶装-(625273036657*1);伟博天然辅酶Q10胶囊100mg 成人心脏活力60粒 效期至26年5月30日-默认-(DYWEB628347570705),4,17.428571428571427,,SALES_DROP,0.2295081967213115
2025-05-24,,【效期至26年6月30日】Webber naturals伟博500mg维生素C胶囊60粒-1瓶装,2,8.714285714285714,,SALES_DROP,0.2295081967213115
2025-03-17,,Webber naturals伟博深海鱼油900mg高纯度Omega3/DHA/EPA 200粒z-伟博油900mg深海鱼油200粒*1,2,8.714285714285714,,SALES_DROP,0.2295081967213115
2025-03-29,	-,【2瓶】Webber Naturals伟博维生素C1000毫克150粒（效期至25年9月） -2瓶装,2,8.714285714285714,,SALES_DROP,0.2295081967213115
2025-02-28,	7054785415521419523,Webber Naturals儿童鱼油150mg高DHA香橙味omega3脑黄金120粒6岁+-默认-(DYWEB625273033496),8,34.42857142857143,,SALES_DROP,0.2323651452282157
2025-08-28,	7146569951686672673;7481121574674874687,【董先生专属】WEBBER NATURALS高纯度深海鱼油omega3欧米伽3成人健身鱼油120粒-默认-(DYWEB625273090086);伟博天然进口辅酶Q10胶囊100mg 成人心脏活力60粒（效期至26年6月）-默认-(DYWEB628347570705),2,8.571428571428571,,SALES_DROP,0.2333333333333333
2025-11-02,	7503765776017555739,【官方直播】加拿大伟博儿童鱼油高脑力DHA无腥可嚼软胶囊120粒/瓶-2瓶装-(625273090185*2);WEBBER NATURALS茶氨酸加纳籽褪黑素香蜂草草本5重配方安睡宝10粒-默认-(DYWEB990312500179),2,8.571428571428571,,SALES_DROP,0.2333333333333333
2025-06-14,7.11003268465066e+18,WebberNaturals伟博天然500mg维生素C胶囊60粒 -默认-(625273076622),3,12.857142857142858,,SALES_DROP,0.2333333333333333
2025-08-28,	7146569951686672673;7481121574674874687,【董先生专属】WEBBER NATURALS高纯度深海鱼油omega3欧米伽3成人健身鱼油120粒-默认-(DYWEB625273090086);伟博天然辅酶Q10胶囊100mg 成人心脏活力60粒 效期至26年5月30日-默认-(DYWEB628347570705),2,8.571428571428571,,SALES_DROP,0.2333333333333333
2025-09-21,,伟博天然进口KSM-66 南非醉茄 降低皮质醇缓压促睡眠120粒-7200mg南非醉茄一瓶（120粒 每天1粒 可吃4个月）-(625273071597*1),2,8.571428571428571,,SALES_DROP,0.2333333333333333
2025-03-07,	7144930821143691527,伟博天然进口KSM66南非醉茄印度人参精华3600mg*120粒缓压促睡眠-默认-(DYWEB625273052640),2,8.571428571428571,,SALES_DROP,0.2333333333333333
2025-02-22,7.329414437553848e+18,【楚门OI专属】Webber Naturals伟博天然高纯度1390mg深海精粹鱼油软胶囊60粒/瓶-默认-(DYWEB625273090420),2,8.571428571428571,,SALES_DROP,0.2333333333333333
2025-08-31,	7146569951686672673;7481121574674874687,【董先生专属】WEBBER NATURALS高纯度深海鱼油omega3欧米伽3成人健身鱼油120粒-默认-(DYWEB625273090086);伟博天然辅酶Q10胶囊100mg 成人心脏活力60粒 效期至26年5月30日-默认-(DYWEB628347570705),2,8.571428571428571,,SALES_DROP,0.2333333333333333
2025-04-12,	-,伟博Osteo氨糖软骨素MSM 高端关节修护30粒（效期至25年7月）-3瓶;Webber Naturals伟博维生素C1000毫克150粒/瓶（效期至25年9月）-3瓶装,4,17.0,,SALES_DROP,0.2352941176470588
2025-03-19,7.11003268465066e+18,【效期至25年6月】webbernaturals伟博500mg维生素C胶囊60粒-默认-(625273076622),3,12.714285714285714,,SALES_DROP,0.2359550561797753
2025-04-16,7.144930821143692e+18,伟博天然进口KSM66南非醉茄印度人参精华3600mg*120粒缓压促睡眠-默认-(DYWEB625273052640),2,8.428571428571429,,SALES_DROP,0.2372881355932203
2024-12-30,	7077809856803225896,WebberNaturals伟博深海鱼油900mg高纯度Omega3 DHA/EPA鱼油200粒-默认-(DYWEB625273052985),2,8.428571428571429,,SALES_DROP,0.2372881355932203
2025-11-04,	7054785415630536992,【官方直播】1100mg鱼油120粒+大豆卵磷脂胶囊1200mg180粒鱼油搭档-1100mg鱼油120粒/瓶+大豆卵磷脂胶囊1200mg180粒/瓶-(625273079746*1+625273090086*1);WEBBER NATURALS奶蓟草护肝片姜黄硫辛酸熬夜加班养护65粒护肝片-默认-(DYWEB625273034523),2,8.428571428571429,,SALES_DROP,0.2372881355932203
2025-06-05,7.146569951686672e+18,伟博加拿大进口99%纯度1100mg成人omega3鱼油心血管养护120粒 DB-默认-(DYWEB625273090086),2,8.428571428571429,,SALES_DROP,0.2372881355932203
2025-04-19,7.144930821143692e+18,伟博天然进口KSM66南非醉茄印度人参精华3600mg*120粒缓压促睡眠-默认-(DYWEB625273052640),2,8.428571428571429,,SALES_DROP,0.2372881355932203
2025-03-30,,【官方直播】加拿大伟博儿童鱼油高脑力DHA无腥可嚼软胶囊120粒/瓶-2瓶装,4,16.857142857142858,,SALES_DROP,0.2372881355932203
2025-03-11,	7427011616899940648,【官方直播】WebberNaturals伟博深海鱼油1390mg高纯度Omega3 120粒-3瓶装;Webber伟博 Osteo氨糖软骨素MSM添加乳香姜黄素高端关节修护30粒-默认-(625273090321),4,16.857142857142858,,SALES_DROP,0.2372881355932203
2025-10-24,	7481121574674874687,【官方直播】加拿大伟博儿童鱼油高脑力DHA无腥可嚼软胶囊120粒/瓶-2瓶装-(625273090185*2);伟博天然辅酶Q10胶囊100mg 成人心脏活力60粒 效期至26年5月30日-默认-(DYWEB628347570705),2,8.428571428571429,,SALES_DROP,0.2372881355932203
2024-12-19,	7146569951686672673,【效期至27年10月】Webber naturals伟博高纯度Omega3鱼油120粒/瓶S-默认-(DYWEB625273090086),2,8.428571428571429,,SALES_DROP,0.2372881355932203
2025-03-28,	-,【效期至2027.7.29】加拿大伟博天然安睡宝 茶氨酸褪黑素45粒/瓶-褪黑素45粒*3,2,8.428571428571429,,SALES_DROP,0.2372881355932203
2025-03-30,	-,【官方直播】加拿大伟博儿童鱼油高脑力DHA无腥可嚼软胶囊120粒/瓶-2瓶装,4,16.857142857142858,,SALES_DROP,0.2372881355932203
2025-12-31,7.054785415630438e+18,	WEBBER NATURALS高浓缩肉桂精华植物维稳糖值150mg呵护健康60粒,2,8.428571428571429,,SALES_DROP,0.2372881355932203
2025-01-03,	7081192833746780446,webbernaturals辅酶Q10天然发酵免疫软胶囊60粒/瓶100mg营养-默认-(DYWEB625273038552),2,8.428571428571429,,SALES_DROP,0.2372881355932203
2025-10-28,	7503765776017555739,【官方直播】WebberNaturals阳光小金盾小颗粒全家深海鱼油+D3 60粒-2瓶装-(625273071634*2);WEBBER NATURALS茶氨酸加纳籽褪黑素香蜂草草本5重配方安睡宝10粒-默认-(DYWEB990312500179),2,8.4,,SALES_DROP,0.238095238095238
2025-04-10,	-,Webber Naturals伟博天然进口小分子胶原蛋白多肽粉150g z-胶原蛋白多肽粉150g*1,10,42.0,,SALES_DROP,0.238095238095238
2024-12-27,	7081192833746780446,webbernaturals辅酶Q10天然发酵免疫软胶囊60粒/瓶100mg营养-默认-(DYWEB625273038552),3,12.571428571428571,,SALES_DROP,0.2386363636363636
2025-11-09,7.054785415521419e+18,【进博会专属 】伟博天然6岁+儿童鱼油高DHA欧米伽3香橙味120粒-默认-(DYWEB625273033496),3,12.571428571428571,,SALES_DROP,0.2386363636363636
2025-10-03,,【官方直播】WebberNaturals伟博深海鱼油1100mg高纯度Omega3 120粒-一瓶装【4个月的量】-(625273090086*1),12,50.285714285714285,,SALES_DROP,0.2386363636363636
2025-03-28,	-,Webber Naturals伟博天然进口小分子胶原蛋白多肽粉150g z-胶原蛋白多肽粉150g*1,4,16.714285714285715,,SALES_DROP,0.2393162393162393
2025-10-14,7.142731245833732e+18,WEBBER NATURALS进口儿童鱼油欧米伽3高DHA爆浆深海鱼油120粒1岁+-默认-(DYWEB625273090185),2,8.285714285714286,,SALES_DROP,0.2413793103448275
2025-11-10,7.142731245833732e+18,WEBBER NATURALS进口儿童鱼油欧米伽3高DHA爆浆深海鱼油120粒1岁+-默认-(DYWEB625273090185),2,8.285714285714286,,SALES_DROP,0.2413793103448275
2025-10-23,	7510043339572445477;7481121574674874687,WEBBER NATURALS3倍深海鱼油欧米伽3成人健身无鱼腥DNA鱼油200粒-默认-(625273072433);伟博天然辅酶Q10胶囊100mg 成人心脏活力60粒 效期至26年5月30日-默认-(DYWEB628347570705),2,8.285714285714286,,SALES_DROP,0.2413793103448275
2025-04-12,7.144930821143692e+18,伟博天然进口KSM66南非醉茄印度人参精华3600mg*120粒缓压促睡眠-默认-(DYWEB625273052640),2,8.285714285714286,,SALES_DROP,0.2413793103448275
2024-12-24,	7081192833746780446,webbernaturals辅酶Q10天然发酵免疫软胶囊60粒/瓶100mg营养-默认-(DYWEB625273038552),3,12.428571428571429,,SALES_DROP,0.2413793103448275
2025-02-21,	7446970035580698914;7454032906437558543,【年货送礼】Webber伟博天然高纯度Omega3精粹金鱼油120粒2瓶装礼盒-默认-(625273090086*2);枫叶围巾-默认-(20241230001);【官方直播】加拿大伟博Webber鱼油500mgOmega3+D3青少年 100粒/瓶-3瓶装,3,12.428571428571429,,SALES_DROP,0.2413793103448275
2025-09-21,,【官方直播】加拿大伟博儿童鱼油高脑力DHA无腥可嚼软胶囊120粒/瓶-1瓶装-(625273090185*1),2,8.285714285714286,,SALES_DROP,0.2413793103448275
2025-09-30,,【官方直播】WebberNaturals伟博深海鱼油1100mg高纯度Omega3 120粒-两瓶装【8个月的量】-(625273090086*2),2,8.285714285714286,,SALES_DROP,0.2413793103448275
2025-04-12,	7144930821143691527,伟博天然进口KSM66南非醉茄印度人参精华3600mg*120粒缓压促睡眠-默认-(DYWEB625273052640),2,8.285714285714286,,SALES_DROP,0.2413793103448275
2025-04-21,7.12461115418552e+18,Webber naturals伟博深海鱼油500mgOmega3+D3青少年补脑 100粒/瓶-默认-(DYWEB625273090291),2,8.285714285714286,,SALES_DROP,0.2413793103448275
2025-04-19,	7144930821143691527,伟博天然进口KSM66南非醉茄印度人参精华3600mg*120粒缓压促睡眠-默认-(DYWEB625273052640),2,8.285714285714286,,SALES_DROP,0.2413793103448275
2025-10-25,	-,伟博天然进口KSM-66 南非醉茄 降低皮质醇缓压促睡眠120粒-7200mg南非醉茄一瓶（120粒 每天1粒 可吃4个月）-(625273071597*1),2,8.285714285714286,,SALES_DROP,0.2413793103448275
2025-03-06,	7146569951686672673,伟博精粹金CO2提纯1100mg4倍含量omega3成人心脑欧鱼油120粒 S-默认-(DYWEB625273090086),2,8.285714285714286,,SALES_DROP,0.2413793103448275
2025-06-24,,【官方直播】加拿大伟博儿童鱼油高脑力DHA无腥可嚼软胶囊120粒/瓶-1瓶装,2,8.285714285714286,,SALES_DROP,0.2413793103448275
2025-10-27,,伟博天然进口儿童鱼油高脑力DHA软胶囊120粒/瓶-1瓶装-(625273090185*1),2,8.285714285714286,,SALES_DROP,0.2413793103448275
2025-04-08,,【YY专属】Webber Naturals伟博维生素C1000毫克150粒/瓶（效期至25年9月）-3瓶装,10,41.142857142857146,,SALES_DROP,0.2430555555555555
2025-06-20,7.05478541552142e+18,【子豪专属】Webber Naturals儿童鱼油150mg高DHA香橙味omega3脑黄金120粒6岁+-默认-(DYWEB625273033496),3,12.285714285714286,,SALES_DROP,0.2441860465116279
2025-10-12,,【官方直播】加拿大伟博儿童鱼油高脑力DHA无腥可嚼软胶囊120粒/瓶-2瓶装-(625273090185*2),2,8.142857142857142,,SALES_DROP,0.2456140350877193
2025-10-28,	7054785415630536992,【官方直播】1100mg鱼油120粒+大豆卵磷脂胶囊1200mg180粒鱼油搭档-1100mg鱼油120粒/瓶+大豆卵磷脂胶囊1200mg180粒/瓶-(625273079746*1+625273090086*1);WEBBER NATURALS奶蓟草护肝片姜黄硫辛酸熬夜加班养护65粒护肝片-默认-(DYWEB625273034523),2,8.142857142857142,,SALES_DROP,0.2456140350877193
2025-05-17,,伟博进口99%纯度1100mg成人omega3深海鱼油中老年心血管养护120粒-2瓶装（8个月的量）,2,8.142857142857142,,SALES_DROP,0.2456140350877193
2024-12-28,	7146569951686672673,伟博精粹金CO2提纯1100mg4倍含量omega3成人心脑欧米伽3鱼油120粒-默认-(DYWEB625273090086),2,8.142857142857142,,SALES_DROP,0.2456140350877193
2025-10-25,	-,伟博加拿大进口99%纯度1100mg成人omega3深海鱼油心血管养护120粒-三瓶装（1年量）【送两瓶价值149的60粒100mg辅酶Q10】-(625273090086*3+628347570705*2),2,8.142857142857142,,SALES_DROP,0.2456140350877193
2025-10-30,	7481121574674874687,Webber Naturals伟博天然进口小分子胶原蛋白多肽粉150g z-1瓶装-(625273036657*1);伟博天然辅酶Q10胶囊100mg 成人心脏活力60粒 效期至26年5月30日-默认-(DYWEB628347570705),4,16.285714285714285,,SALES_DROP,0.2456140350877193
2025-05-26,,【效期至26年6月30日】Webber naturals伟博500mg维生素C胶囊60粒-3瓶装,2,8.142857142857142,,SALES_DROP,0.2456140350877193
2025-03-16,	7223222612581990715,【官方直播】WebberNaturals伟博深海鱼油1390mg高纯度Omega3 120粒-1瓶装;【效期至25年7月】伟博天然高浓度奶蓟草熬夜养肝胶囊250mg护肝片-默认-(DYWEB625273090178),2,8.142857142857142,,SALES_DROP,0.2456140350877193
2025-11-23,7.146569951686672e+18,WEBBER NATURALS高纯度深海鱼油omega3欧米伽3成人健身鱼油120粒D-默认-(DYWEB625273090086),4,16.285714285714285,,SALES_DROP,0.2456140350877193
2025-10-12,,【官方直播】WebberNaturals伟博深海鱼油1100mg高纯度Omega3 120粒-两瓶装【8个月的量】-(625273090086*2),5,20.285714285714285,,SALES_DROP,0.2464788732394366
2025-03-12,7.329414437553848e+18,Webber Naturals伟博天然高纯度1390mg深海精粹鱼油软胶囊60粒/瓶-默认-(DYWEB625273090420),3,12.142857142857142,,SALES_DROP,0.2470588235294117
2025-03-01,	7427011616899940648,【官方直播】WebberNaturals伟博深海鱼油1390mg高纯度Omega3 120粒-3瓶装;Webber伟博 Osteo氨糖软骨素MSM添加乳香姜黄素高端关节修护30粒-默认-(625273090321),4,16.0,,SALES_DROP,0.25
2025-03-16,	7427011616899940648,【官方直播】WebberNaturals伟博深海鱼油1390mg高纯度Omega3 120粒-5瓶装;Webber伟博 Osteo氨糖软骨素MSM添加乳香姜黄素高端关节修护30粒-默认-(625273090321),4,16.0,,SALES_DROP,0.25
2025-03-03,	7427011616899940648,【官方直播】WebberNaturals伟博深海鱼油1390mg高纯度Omega3 120粒-3瓶装;Webber伟博 Osteo氨糖软骨素MSM添加乳香姜黄素高端关节修护30粒-默认-(625273090321),4,16.0,,SALES_DROP,0.25
2025-11-26,7.481121574674874e+18,伟博天然辅酶Q10胶囊100mg 成人心脏活力60粒 效期至26年5月30日-默认-(DYWEB628347570705),3,12.0,,SALES_DROP,0.25
2025-04-02,,【YY专属】Webber Naturals伟博维生素C1000毫克150粒/瓶（效期至25年9月）-1瓶装,2,8.0,,SALES_DROP,0.25
2025-08-05,	7144930821143691527,WEBBER NATURALS南非醉茄KSM66 3600mg降低皮质醇缓压促睡眠120粒-默认-(DYWEB625273052640),2,8.0,,SALES_DROP,0.25
2025-03-07,	7146569951686672673;7427011616899940648,伟博精粹金CO2提纯1100mg4倍含量omega3成人心脑欧米伽3鱼油120粒-默认-(DYWEB625273090086);Webber伟博 Osteo氨糖软骨素MSM添加乳香姜黄素高端关节修护30粒-默认-(625273090321),2,8.0,,SALES_DROP,0.25
2025-02-22,	7329414437553848576,【楚门OI专属】Webber Naturals伟博天然高纯度1390mg深海精粹鱼油软胶囊60粒/瓶-默认-(DYWEB625273090420),2,8.0,,SALES_DROP,0.25
2025-03-22,	7329414437553848576;7427011616899940648,Webber Naturals伟博天然高纯度1390mg深海精粹鱼油软胶囊60粒/瓶-默认-(DYWEB625273090420);Webber伟博 Osteo氨糖软骨素MSM添加乳香姜黄素高端关节修护30粒-默认-(625273090321),4,16.0,,SALES_DROP,0.25
2025-11-12,7.142731245833732e+18,WEBBER NATURALS进口儿童鱼油欧米伽3高DHA爆浆深海鱼油120粒1岁+-默认-(DYWEB625273090185),2,8.0,,SALES_DROP,0.25
2025-03-17,	-,Webber naturals伟博深海鱼油900mg高纯度Omega3/DHA/EPA 200粒z-伟博油900mg深海鱼油200粒*1,2,8.0,,SALES_DROP,0.25
2025-04-21,	7124611154185519400,Webber naturals伟博深海鱼油500mgOmega3+D3青少年补脑 100粒/瓶-默认-(DYWEB625273090291),2,8.0,,SALES_DROP,0.25
2025-11-11,7.054785415521419e+18,【进博会专属 】伟博天然6岁+儿童鱼油高DHA欧米伽3香橙味120粒-默认-(DYWEB625273033496),2,8.0,,SALES_DROP,0.25
2025-02-11,	7124611154185519400,Webber naturals伟博深海鱼油500mgOmega3+D3青少年补脑 100粒/瓶-默认-(DYWEB625273090291),2,8.0,,SALES_DROP,0.25
2025-03-27,,Webber Naturals伟博天然进口小分子胶原蛋白多肽粉150g z-胶原蛋白多肽粉150g*3,2,8.0,,SALES_DROP,0.25
2025-10-12,,【官方直播】加拿大伟博儿童鱼油高脑力DHA无腥可嚼软胶囊120粒/瓶-1瓶装-(625273090185*1),2,8.0,,SALES_DROP,0.25
2025-02-11,7.12461115418552e+18,Webber naturals伟博深海鱼油500mgOmega3+D3青少年补脑 100粒/瓶-默认-(DYWEB625273090291),2,8.0,,SALES_DROP,0.25
2025-03-28,,Webber Naturals伟博天然进口小分子胶原蛋白多肽粉150g z-胶原蛋白多肽粉150g*1,5,19.857142857142858,,SALES_DROP,0.2517985611510791
2025-04-06,,【官方直播】WebberNaturals伟博深海鱼油1390mg高纯度Omega3 120粒-2瓶装,3,11.857142857142858,,SALES_DROP,0.253012048192771
2025-08-31,	7146569951686672673,【董先生专属】WEBBER NATURALS高纯度深海鱼油omega3欧米伽3成人健身鱼油120粒-默认-(DYWEB625273090086),3,11.857142857142858,,SALES_DROP,0.253012048192771
2025-11-15,7.054785415521419e+18,【进博会专属 】伟博天然6岁+儿童鱼油高DHA欧米伽3香橙味120粒-默认-(DYWEB625273033496),3,11.857142857142858,,SALES_DROP,0.253012048192771
2025-12-01,7.448836024085742e+18,Webber Naturals伟博天然阳光小金盾小颗粒深海儿童鱼油+D3 60粒-默认-(DYWEB625273071634),2,7.857142857142857,,SALES_DROP,0.2545454545454546
2025-04-09,,【官方直播】WebberNaturals伟博深海鱼油1390mg高纯度Omega3 120粒-2瓶装,2,7.857142857142857,,SALES_DROP,0.2545454545454546
2025-07-23,	7124611154185519400,WEBBER NATURALS500mg Omega-3深海鱼油添加D3青少年鱼油100粒/瓶-默认-(DYWEB625273090291),2,7.857142857142857,,SALES_DROP,0.2545454545454546
2025-07-13,7.142731245833732e+18,WEBBER NATURALS进口儿童鱼油欧米伽3高DHA爆浆深海鱼油120粒1岁+-默认-(DYWEB625273090185),2,7.857142857142857,,SALES_DROP,0.2545454545454546
2025-10-14,	7142731245833732390,WEBBER NATURALS进口儿童鱼油欧米伽3高DHA爆浆深海鱼油120粒1岁+-默认-(DYWEB625273090185),2,7.857142857142857,,SALES_DROP,0.2545454545454546
2026-01-11,7.146569951686672e+18,	【达人专属】WEBBER NATURALS高纯度深海鱼油omega3欧米伽3成人健身鱼油120粒,2,7.857142857142857,,SALES_DROP,0.2545454545454546
2025-10-27,	7054785415630536992,【鱼油辅酶组合】伟博天然精粹金1100mg鱼油120粒+100mg辅酶Q10-心脑组合-(625273090086*1+625273038552*1);WEBBER NATURALS奶蓟草护肝片姜黄硫辛酸熬夜加班养护65粒护肝片-默认-(DYWEB625273034523),2,7.857142857142857,,SALES_DROP,0.2545454545454546
2025-10-27,	7054785415630536992,【官方直播】1100mg鱼油120粒+大豆卵磷脂胶囊1200mg180粒鱼油搭档-1100mg鱼油120粒/瓶+大豆卵磷脂胶囊1200mg180粒/瓶-(625273079746*1+625273090086*1);WEBBER NATURALS奶蓟草护肝片姜黄硫辛酸熬夜加班养护65粒护肝片-默认-(DYWEB625273034523),2,7.857142857142857,,SALES_DROP,0.2545454545454546
2025-08-17,	7054785415521419523,WEBBER NATURALS儿童6岁+鱼油高DHA香橙味欧米伽3眼脑同步120粒-默认-(DYWEB625273033496),2,7.857142857142857,,SALES_DROP,0.2545454545454546
2025-08-05,7.144930821143691e+18,WEBBER NATURALS南非醉茄KSM66 3600mg降低皮质醇缓压促睡眠120粒-默认-(DYWEB625273052640),2,7.857142857142857,,SALES_DROP,0.2545454545454546
2025-04-28,	7054785415521419523,Webber Naturals儿童鱼油150mg高DHA香橙味omega3脑黄金120粒6岁+-默认-(DYWEB625273033496),3,11.714285714285714,,SALES_DROP,0.2560975609756097
2025-03-21,	7223222612581990715,【官方直播】WebberNaturals伟博深海鱼油1390mg高纯度Omega3 120粒-3瓶装;【效期至25年7月】伟博天然高浓度奶蓟草熬夜养肝胶囊250mg护肝片-默认-(DYWEB625273090178),3,11.714285714285714,,SALES_DROP,0.2560975609756097
2024-12-31,	7142731245833732390,webbernaturals进口儿童鱼油欧米伽3高DHA爆浆深海鱼油120粒 1岁+-默认-(DYWEB625273090185),3,11.714285714285714,,SALES_DROP,0.2560975609756097
2025-12-23,7.054785415521419e+18,	【官方直播 】伟博天然6岁+儿童鱼油高DHA欧米伽3香橙味120粒,3,11.714285714285714,,SALES_DROP,0.2560975609756097
2025-06-19,7.142731245833732e+18,【子豪专属】WebberNaturals进口儿童鱼油欧米伽3高DHA爆浆深海鱼油120粒 1岁+-默认-(DYWEB625273090185),3,11.714285714285714,,SALES_DROP,0.2560975609756097
2025-06-06,7.142731245833732e+18,WebberNaturals进口儿童鱼油欧米伽3高DHA爆浆深海鱼油120粒 1岁+-默认-(DYWEB625273090185),15,58.0,,SALES_DROP,0.2586206896551724
2025-11-17,7.054785415521419e+18,WEBBER NATURALS儿童6岁+鱼油高DHA香橙味欧米伽3眼脑同步120粒-默认-(DYWEB625273033496),2,7.714285714285714,,SALES_DROP,0.2592592592592592
2025-08-17,7.054785415521419e+18,WEBBER NATURALS儿童6岁+鱼油高DHA香橙味欧米伽3眼脑同步120粒-默认-(DYWEB625273033496),2,7.714285714285714,,SALES_DROP,0.2592592592592592
2025-11-02,	7503765776017555739,Webber Naturals伟博天然进口小分子胶原蛋白多肽粉150g z-1瓶装-(625273036657*1);WEBBER NATURALS茶氨酸加纳籽褪黑素香蜂草草本5重配方安睡宝10粒-默认-(DYWEB990312500179),2,7.714285714285714,,SALES_DROP,0.2592592592592592
2025-08-02,	7144930821143691527,WEBBER NATURALS南非醉茄KSM66 3600mg降低皮质醇缓压促睡眠120粒-默认-(DYWEB625273052640),2,7.714285714285714,,SALES_DROP,0.2592592592592592
2025-04-07,,【官方直播】加拿大伟博儿童鱼油高脑力DHA无腥可嚼软胶囊120粒/瓶-2瓶装,3,11.571428571428571,,SALES_DROP,0.2592592592592592
2025-04-14,	7086274688812433667,Webber Naturals伟博胶原蛋白与神经酰胺生物活性胶原肽120片/瓶-默认-(DYWEB625273036695),2,7.714285714285714,,SALES_DROP,0.2592592592592592
2025-10-29,	7503765776017555739,【官方直播】WebberNaturals阳光小金盾小颗粒全家深海鱼油+D3 60粒-2瓶装-(625273071634*2);WEBBER NATURALS茶氨酸加纳籽褪黑素香蜂草草本5重配方安睡宝10粒-默认-(DYWEB990312500179),2,7.714285714285714,,SALES_DROP,0.2592592592592592
2025-09-06,	7054785415521419523,WEBBER NATURALS儿童6岁+鱼油高DHA香橙味欧米伽3眼脑同步120粒-默认-(DYWEB625273033496),2,7.714285714285714,,SALES_DROP,0.2592592592592592
2025-05-17,7.146569951686672e+18,伟博进口99%纯度1100mg成人omega3鱼油中老年心血管养护120粒 DB-默认-(DYWEB625273090086),2,7.714285714285714,,SALES_DROP,0.2592592592592592
2024-12-22,	7081192833746780446,webbernaturals辅酶Q10天然发酵免疫软胶囊60粒/瓶100mg营养-默认-(DYWEB625273038552),3,11.571428571428571,,SALES_DROP,0.2592592592592592
2025-02-03,	7146569951686672673,【效期至27年10月】Webber naturals伟博高纯度Omega3鱼油120粒/瓶S-默认-(DYWEB625273090086),2,7.714285714285714,,SALES_DROP,0.2592592592592592
2025-05-05,	7146569951686672673,伟博精粹金CO2提纯1100mg4倍含量omega3成人心脑欧鱼油120粒 S-默认-(DYWEB625273090086),3,11.571428571428571,,SALES_DROP,0.2592592592592592
2025-04-14,7.086274688812433e+18,Webber Naturals伟博胶原蛋白与神经酰胺生物活性胶原肽120片/瓶-默认-(DYWEB625273036695),2,7.714285714285714,,SALES_DROP,0.2592592592592592
2025-07-12,7.12461115418552e+18,Webber naturals伟博深海鱼油500mgOmega3+D3青少年补脑 100粒/瓶-默认-(DYWEB625273090291),2,7.714285714285714,,SALES_DROP,0.2592592592592592
2025-10-31,	7146569951686672673;7481121574674874687,WEBBER NATURALS高纯度深海鱼油omega3欧米伽3成人健身鱼油120粒-默认-(DYWEB625273090086);伟博天然辅酶Q10胶囊100mg 成人心脏活力60粒 效期至26年5月30日-默认-(DYWEB628347570705),11,42.142857142857146,,SALES_DROP,0.2610169491525423
2025-03-30,,伟博天然进口辅酶Q10胶囊100mg 成人心脏活力60粒（效期至26年5月）-3瓶装,4,15.285714285714286,,SALES_DROP,0.2616822429906542
2025-03-22,7.427011616899939e+18,Webber伟博 Osteo氨糖软骨素MSM添加乳香姜黄素高端关节修护30粒-默认-(625273090321),7,26.714285714285715,,SALES_DROP,0.2620320855614973
2025-04-08,	-,【官方直播】加拿大伟博儿童鱼油高脑力DHA无腥可嚼软胶囊120粒/瓶-1瓶装,3,11.428571428571429,,SALES_DROP,0.2625
2025-06-11,,【官方直播】加拿大伟博儿童鱼油高脑力DHA无腥可嚼软胶囊120粒/瓶-1瓶装,2,7.571428571428571,,SALES_DROP,0.2641509433962264
2025-06-24,,Webber Naturals伟博天然进口小分子胶原蛋白多肽粉150g z-胶原蛋白多肽粉150g*1,2,7.571428571428571,,SALES_DROP,0.2641509433962264
2025-10-11,7.054785415521419e+18,WEBBER NATURALS儿童6岁+鱼油高DHA香橙味欧米伽3眼脑同步120粒-默认-(DYWEB625273033496),4,15.142857142857142,,SALES_DROP,0.2641509433962264
2025-11-29,7.054785415630438e+18,WEBBER NATURALS高浓缩肉桂精华植物维稳糖值150mg呵护健康60粒-默认-(DYWEB625273034370),4,15.142857142857142,,SALES_DROP,0.2641509433962264
2025-11-04,	7527938665289761070;7481121574674874687,WEBBER NATURALS伟博天然守护前列番茄红素南瓜籽油锯棕榈60粒/瓶-默认-(625273039344);伟博天然辅酶Q10胶囊100mg 成人心脏活力60粒 效期至26年5月30日-默认-(DYWEB628347570705),2,7.571428571428571,,SALES_DROP,0.2641509433962264
2025-10-23,	7481121574674874687,【官方直播】WebberNaturals阳光小金盾小颗粒全家深海鱼油+D3 60粒-2瓶装-(625273071634*2);伟博天然辅酶Q10胶囊100mg 成人心脏活力60粒 效期至26年5月30日-默认-(DYWEB628347570705),2,7.571428571428571,,SALES_DROP,0.2641509433962264
2025-10-16,	7510043339572445477,WEBBER NATURALS3倍深海鱼油欧米伽3成人健身无鱼腥DNA鱼油200粒-默认-(625273072433);伟博天然进口VB番茄红素锌硒钙水果多酚55+男士全营养素 30粒z-1瓶装-(625273079968*1),2,7.571428571428571,,SALES_DROP,0.2641509433962264
2025-01-17,7.146569951686672e+18,【官方直播】WebberNaturals伟博深海鱼油1390mg高纯度Omega3 120粒-默认-(DYWEB625273090086),2,7.571428571428571,,SALES_DROP,0.2641509433962264
2025-11-18,7.054785415521419e+18,【进博会专属 】伟博天然6岁+儿童鱼油高DHA欧米伽3香橙味120粒-默认-(DYWEB625273033496),2,7.571428571428571,,SALES_DROP,0.2641509433962264
2025-09-04,	7146569951686672673,【徐冬冬专属】WEBBER NATURALS高纯度深海鱼油omega3欧米伽3成人健身鱼油120粒D-默认-(DYWEB625273090086),2,7.571428571428571,,SALES_DROP,0.2641509433962264
2025-03-27,,伟博Osteo氨糖软骨素MSM 高端关节修护30粒（效期至25年7月）-3瓶,4,15.142857142857142,,SALES_DROP,0.2641509433962264
2024-12-21,	7081192833746780446,webbernaturals辅酶Q10天然发酵免疫软胶囊60粒/瓶100mg营养-默认-(DYWEB625273038552),3,11.285714285714286,,SALES_DROP,0.2658227848101265
2025-04-28,7.05478541552142e+18,Webber Naturals儿童鱼油150mg高DHA香橙味omega3脑黄金120粒6岁+-默认-(DYWEB625273033496),3,11.285714285714286,,SALES_DROP,0.2658227848101265
2025-03-10,	7146569951686672673;7427011616899940648,伟博精粹金CO2提纯1100mg4倍含量omega3成人心脑欧鱼油120粒 S-默认-(DYWEB625273090086);Webber伟博 Osteo氨糖软骨素MSM添加乳香姜黄素高端关节修护30粒-默认-(625273090321),2,7.5,,SALES_DROP,0.2666666666666666
2025-03-16,7.086274688812433e+18,Webber Naturals伟博胶原蛋白与神经酰胺生物活性胶原肽120片/瓶-默认-(DYWEB625273036695),5,18.714285714285715,,SALES_DROP,0.2671755725190839
2025-03-19,	7077809856803225896;7054785415630520608,WebberNaturals伟博深海鱼油900mg高纯度Omega3 DHA/EPA鱼油200粒-默认-(DYWEB625273052985);伟博天然进口α硫辛酸胶囊100mg*60粒/瓶-默认-(DYWEB625273031287),2,7.428571428571429,,SALES_DROP,0.2692307692307692
2025-10-29,	7481121574674874687,Webber Naturals伟博天然进口小分子胶原蛋白多肽粉150g z-1瓶装-(625273036657*1);伟博天然辅酶Q10胶囊100mg 成人心脏活力60粒 效期至26年5月30日-默认-(DYWEB628347570705),2,7.428571428571429,,SALES_DROP,0.2692307692307692
2025-11-03,	7503765776017555739,【官方直播】WebberNaturals阳光小金盾小颗粒全家深海鱼油+D3 60粒-2瓶装-(625273071634*2);WEBBER NATURALS茶氨酸加纳籽褪黑素香蜂草草本5重配方安睡宝10粒-默认-(DYWEB990312500179),2,7.428571428571429,,SALES_DROP,0.2692307692307692
2025-07-04,,Webber Naturals伟博天然进口小分子胶原蛋白多肽粉150g z-胶原蛋白多肽粉150g*3,2,7.428571428571429,,SALES_DROP,0.2692307692307692
2025-09-11,7.054785415521419e+18,WEBBER NATURALS儿童6岁+鱼油高DHA香橙味欧米伽3眼脑同步120粒-默认-(DYWEB625273033496),3,11.142857142857142,,SALES_DROP,0.2692307692307692
2025-06-11,,【3瓶装】加拿大伟博天然小分子胶原蛋白多肽粉150g/瓶-3瓶装,2,7.428571428571429,,SALES_DROP,0.2692307692307692
2025-09-11,	7054785415521419523,WEBBER NATURALS儿童6岁+鱼油高DHA香橙味欧米伽3眼脑同步120粒-默认-(DYWEB625273033496),3,11.142857142857142,,SALES_DROP,0.2692307692307692
2025-04-06,	7329414437553848576;7427011616899940648,Webber Naturals伟博天然高纯度1390mg深海精粹鱼油软胶囊60粒/瓶-默认-(DYWEB625273090420);Webber伟博 Osteo氨糖软骨素MSM添加乳香姜黄素高端关节修护30粒-默认-(625273090321),4,14.857142857142858,,SALES_DROP,0.2692307692307692
2025-07-05,7.144930821143692e+18,伟博天然进口KSM66南非醉茄印度人参精华3600mg*120粒缓压促睡眠-默认-(DYWEB625273052640),2,7.428571428571429,,SALES_DROP,0.2692307692307692
2025-09-29,	-,【美彤专属】【儿童拍】WebberNaturals伟博小金盾小颗粒深海儿童鱼油+D3 60粒-【儿童拍】2瓶装（送一瓶40mg叶黄素）-(625273071634*2+625273070255*1),2,7.428571428571429,,SALES_DROP,0.2692307692307692
2025-03-02,	7427011616899940648,【官方直播】WebberNaturals伟博深海鱼油1390mg高纯度Omega3 120粒-3瓶装;Webber伟博 Osteo氨糖软骨素MSM添加乳香姜黄素高端关节修护30粒-默认-(625273090321),4,14.857142857142858,,SALES_DROP,0.2692307692307692
2025-11-10,7.481121574674874e+18,伟博天然辅酶Q10胶囊100mg 成人心脏活力60粒 效期至26年5月30日-默认-(DYWEB628347570705),7,26.0,,SALES_DROP,0.2692307692307692
2025-10-20,	7481121574674874687,【官方直播】WebberNaturals伟博深海鱼油1100mg高纯度Omega3 120粒-两瓶装【8个月的量】-(625273090086*2);伟博天然辅酶Q10胶囊100mg 成人心脏活力60粒 效期至26年5月30日-默认-(DYWEB628347570705),2,7.428571428571429,,SALES_DROP,0.2692307692307692
2025-10-15,	-,伟博加拿大进口99%纯度1100mg成人omega3深海鱼油心血管养护120粒-两瓶装（1个周期）【送一瓶价值149的60粒100mg辅酶Q10】-(625273090086*2+628347570705*1),2,7.428571428571429,,SALES_DROP,0.2692307692307692
2025-09-28,	-,【美彤专属】【成人拍】WebberNaturals高纯度深海鱼油omega3成人健身鱼油120粒-【成人拍】1瓶装（送一瓶40mg叶黄素）-(625273090086*1+625273070255*1),2,7.428571428571429,,SALES_DROP,0.2692307692307692
2025-09-27,7.054785415521419e+18,WEBBER NATURALS儿童6岁+鱼油高DHA香橙味欧米伽3眼脑同步120粒-默认-(DYWEB625273033496),4,14.714285714285714,,SALES_DROP,0.2718446601941747
2025-08-31,7.146569951686672e+18,【董先生专属】WEBBER NATURALS高纯度深海鱼油omega3欧米伽3成人健身鱼油120粒-默认-(DYWEB625273090086),4,14.714285714285714,,SALES_DROP,0.2718446601941747
2025-10-14,7.054785415521419e+18,WEBBER NATURALS儿童6岁+鱼油高DHA香橙味欧米伽3眼脑同步120粒-默认-(DYWEB625273033496),4,14.714285714285714,,SALES_DROP,0.2718446601941747
2025-10-21,	7481121574674874687,【官方直播】WebberNaturals伟博深海鱼油1100mg高纯度Omega3 120粒-三瓶装【1年的量】-(625273090086*3);伟博天然辅酶Q10胶囊100mg 成人心脏活力60粒 效期至26年5月30日-默认-(DYWEB628347570705),3,11.0,,SALES_DROP,0.2727272727272727
2025-03-26,7.427011616899939e+18,Webber伟博 Osteo氨糖软骨素MSM添加乳香姜黄素高端关节修护30粒-默认-(625273090321),6,22.0,,SALES_DROP,0.2727272727272727
2025-04-11,,伟博天然进口辅酶Q10胶囊100mg 成人心脏活力60粒（效期至26年5月）-3瓶装,8,29.285714285714285,,SALES_DROP,0.2731707317073171
2025-03-16,	7086274688812433667,Webber Naturals伟博胶原蛋白与神经酰胺生物活性胶原肽120片/瓶-默认-(DYWEB625273036695),5,18.285714285714285,,SALES_DROP,0.2734375
2025-01-10,	7142731245833732390,webbernaturals进口儿童鱼油欧米伽3高DHA爆浆深海鱼油120粒 1岁+-默认-(DYWEB625273090185),6,21.857142857142858,,SALES_DROP,0.2745098039215686
2025-04-02,	7086274688812433667,Webber Naturals伟博胶原蛋白与神经酰胺生物活性胶原肽120片/瓶-默认-(DYWEB625273036695),2,7.285714285714286,,SALES_DROP,0.2745098039215686
2025-08-01,	7510043339572445477,WEBBER NATURALS3倍深海鱼油欧米伽3成人健身无鱼腥DNA鱼油200粒-默认-(625273072433),2,7.285714285714286,,SALES_DROP,0.2745098039215686
2025-02-14,7.454032906437558e+18,枫叶围巾-默认-(20241230001),2,7.285714285714286,,SALES_DROP,0.2745098039215686
2025-11-26,,【子豪专属】伟博天然进口儿童鱼油高脑力DHA软胶囊120粒/瓶-2瓶装-(625273090185*2),2,7.285714285714286,,SALES_DROP,0.2745098039215686
2025-04-02,7.086274688812433e+18,Webber Naturals伟博胶原蛋白与神经酰胺生物活性胶原肽120片/瓶-默认-(DYWEB625273036695),2,7.285714285714286,,SALES_DROP,0.2745098039215686
2025-09-27,	7054785415521419523,WEBBER NATURALS儿童6岁+鱼油高DHA香橙味欧米伽3眼脑同步120粒-默认-(DYWEB625273033496),4,14.571428571428571,,SALES_DROP,0.2745098039215686
2025-02-14,	7446970035580698914;7454032906437558543,【年货送礼】Webber伟博天然高纯度Omega3精粹金鱼油120粒2瓶装礼盒-默认-(625273090086*2);枫叶围巾-默认-(20241230001),4,14.571428571428571,,SALES_DROP,0.2745098039215686
2025-03-19,	7427011616899940648,【官方直播】WebberNaturals伟博深海鱼油1390mg高纯度Omega3 120粒-1瓶装;Webber伟博 Osteo氨糖软骨素MSM添加乳香姜黄素高端关节修护30粒-默认-(625273090321),4,14.571428571428571,,SALES_DROP,0.2745098039215686
2025-07-05,,【官方直播】加拿大伟博儿童鱼油高脑力DHA无腥可嚼软胶囊120粒/瓶-1瓶装,2,7.285714285714286,,SALES_DROP,0.2745098039215686
2026-01-08,7.146569951686672e+18,	WEBBER NATURALS高纯度深海鱼油omega3欧米伽3成人健身鱼油120粒,2,7.285714285714286,,SALES_DROP,0.2745098039215686
2025-04-03,	7223222612581990715,【效期至25年7月】伟博天然高浓度奶蓟草熬夜养肝胶囊250mg护肝片-默认-(DYWEB625273090178),2,7.285714285714286,,SALES_DROP,0.2745098039215686
2025-03-18,	-,WebberNaturals伟博进口叶黄素玉米黄素软胶囊呵护眼睛10mg60粒 z-伟博天然叶黄素玉米黄素软胶囊10mg*60粒*1,2,7.285714285714286,,SALES_DROP,0.2745098039215686
2025-02-14,7.4469700355807e+18,【年货送礼】Webber伟博天然高纯度Omega3精粹金鱼油120粒2瓶装礼盒-默认-(625273090086*2),2,7.285714285714286,,SALES_DROP,0.2745098039215686
2025-03-18,	7427011616899940648,【官方直播】WebberNaturals伟博深海鱼油1390mg高纯度Omega3 120粒-3瓶装;Webber伟博 Osteo氨糖软骨素MSM添加乳香姜黄素高端关节修护30粒-默认-(625273090321),4,14.571428571428571,,SALES_DROP,0.2745098039215686
2025-03-14,	7199138110997872936,Webber naturals伟博深海鱼油900mg高纯度Omega3/DHA/EPA 200粒z-伟博油900mg深海鱼油200粒*1;Webber   Naturals伟博维生素C1000毫克150粒/瓶（效期至25年9月）-默认-(DYWEB625273032727),2,7.285714285714286,,SALES_DROP,0.2745098039215686
2025-08-29,7.146569951686672e+18,【董先生专属】WEBBER NATURALS高纯度深海鱼油omega3欧米伽3成人健身鱼油120粒-默认-(DYWEB625273090086),5,18.142857142857142,,SALES_DROP,0.2755905511811024
2025-06-21,7.05478541552142e+18,【子豪专属】Webber Naturals儿童鱼油150mg高DHA香橙味omega3脑黄金120粒6岁+-默认-(DYWEB625273033496),3,10.857142857142858,,SALES_DROP,0.2763157894736842
2025-03-21,	7146569951686672673;7427011616899940648,伟博精粹金CO2提纯1100mg4倍含量omega3成人心脑欧米伽3鱼油120粒-默认-(DYWEB625273090086);Webber Naturals伟博维生素C1000毫克150粒/瓶（效期至25年9月）-1瓶装;Webber伟博 Osteo氨糖软骨素MSM添加乳香姜黄素高端关节修护30粒-默认-(625273090321),3,10.857142857142858,,SALES_DROP,0.2763157894736842
2025-04-30,7.146569951686672e+18,伟博精粹金CO2提纯1100mg4倍含量omega3成人心脑欧鱼油120粒 S-默认-(DYWEB625273090086),3,10.857142857142858,,SALES_DROP,0.2763157894736842
2025-12-31,7.054785415521419e+18,	WEBBER NATURALS6岁+儿童鱼油高DHA香橙味欧米伽3眼脑同步120粒,3,10.857142857142858,,SALES_DROP,0.2763157894736842
2025-03-19,	7086274688812433667,Webber Naturals伟博胶原蛋白与神经酰胺生物活性胶原肽120片/瓶-默认-(DYWEB625273036695),7,25.285714285714285,,SALES_DROP,0.2768361581920904
2025-11-30,7.054785415521419e+18,【官方直播 】伟博天然6岁+儿童鱼油高DHA欧米伽3香橙味120粒-默认-(DYWEB625273033496),4,14.428571428571429,,SALES_DROP,0.2772277227722772
2025-10-14,	7054785415521419523,WEBBER NATURALS儿童6岁+鱼油高DHA香橙味欧米伽3眼脑同步120粒-默认-(DYWEB625273033496),4,14.428571428571429,,SALES_DROP,0.2772277227722772
2025-03-30,	7142731245833732390,WebberNaturals进口儿童鱼油欧米伽3高DHA爆浆深海鱼油120粒 1岁+-默认-(DYWEB625273090185),5,18.0,,SALES_DROP,0.2777777777777778
2025-05-26,7.146569951686672e+18,伟博进口99%纯度1100mg成人omega3鱼油中老年心血管养护120粒 DB-默认-(DYWEB625273090086),2,7.142857142857143,,SALES_DROP,0.2799999999999999
2025-03-06,7.146569951686672e+18,伟博精粹金CO2提纯1100mg4倍含量omega3成人心脑欧鱼油120粒 S-默认-(DYWEB625273090086),2,7.142857142857143,,SALES_DROP,0.2799999999999999
2025-04-13,,【官方直播】WebberNaturals伟博深海鱼油1390mg高纯度Omega3 120粒-1瓶装,5,17.857142857142858,,SALES_DROP,0.2799999999999999
2025-10-31,	7503765776017555739,【官方直播】WebberNaturals 95%高纯度omega-3迷你深海鱼油30粒/瓶-2瓶周期装【送一瓶价值149元的60粒100mg辅酶Q10】-(625273070781*2+628347570705*1);WEBBER NATURALS茶氨酸加纳籽褪黑素香蜂草草本5重配方安睡宝10粒-默认-(DYWEB990312500179),2,7.142857142857143,,SALES_DROP,0.2799999999999999
2025-11-05,	7054785415521419523,WEBBER NATURALS儿童6岁+鱼油高DHA香橙味欧米伽3眼脑同步120粒-默认-(DYWEB625273033496),4,14.285714285714286,,SALES_DROP,0.2799999999999999
2025-08-12,	7054785415521419523,WEBBER NATURALS儿童6岁+鱼油高DHA香橙味欧米伽3眼脑同步120粒-默认-(DYWEB625273033496),2,7.142857142857143,,SALES_DROP,0.2799999999999999
2025-12-02,7.146569951686672e+18,【达人专属】WEBBER NATURALS高纯度深海鱼油omega3欧米伽3成人健身鱼油120粒-默认-(DYWEB625273090086),2,7.142857142857143,,SALES_DROP,0.2799999999999999
2025-08-31,7.142731245833732e+18,WEBBER NATURALS进口儿童鱼油欧米伽3高DHA爆浆深海鱼油120粒1岁+-默认-(DYWEB625273090185),2,7.142857142857143,,SALES_DROP,0.2799999999999999
2025-11-03,,【效期至2027年12月】伟博天然高纯度深海鱼油omega3成人健身120粒A-一瓶装（体验装）-(625273090086*1),2,7.142857142857143,,SALES_DROP,0.2799999999999999
2025-10-15,	7481121574674874687,【官方直播】WebberNaturals伟博深海鱼油1100mg高纯度Omega3 120粒-两瓶装【8个月的量】-(625273090086*2);伟博天然辅酶Q10胶囊100mg 成人心脏活力60粒 效期至26年5月30日-默认-(DYWEB628347570705),2,7.142857142857143,,SALES_DROP,0.2799999999999999
2025-03-18,	7146569951686672673;7427011616899940648,伟博精粹金CO2提纯1100mg4倍含量omega3成人心脑欧鱼油120粒 S-默认-(DYWEB625273090086);Webber伟博 Osteo氨糖软骨素MSM添加乳香姜黄素高端关节修护30粒-默认-(625273090321),2,7.142857142857143,,SALES_DROP,0.2799999999999999
2025-11-11,7.054785415521419e+18,WEBBER NATURALS儿童6岁+鱼油高DHA香橙味欧米伽3眼脑同步120粒-默认-(DYWEB625273033496),3,10.714285714285714,,SALES_DROP,0.28
2025-04-13,	-,伟博Osteo氨糖软骨素MSM 高端关节修护30粒（效期至25年7月）-3瓶,7,25.0,,SALES_DROP,0.28
2025-03-31,	-,【官方直播】加拿大伟博Webber儿童鱼油高DHAOmega-3甜橙味120粒/瓶-2瓶装,3,10.571428571428571,,SALES_DROP,0.2837837837837837
2025-02-16,	7446970035580698914;7454032906437558543,【年货送礼】Webber伟博天然高纯度Omega3精粹金鱼油120粒2瓶装礼盒-默认-(625273090086*2);枫叶围巾-默认-(20241230001);【官方直播】加拿大伟博Webber鱼油500mgOmega3+D3青少年 100粒/瓶-2瓶装,3,10.571428571428571,,SALES_DROP,0.2837837837837837
2025-11-18,7.054785415521419e+18,【官方直播 】伟博天然6岁+儿童鱼油高DHA欧米伽3香橙味120粒-默认-(DYWEB625273033496),3,10.571428571428571,,SALES_DROP,0.2837837837837837
2025-03-18,7.199138110997873e+18,【二姐专属】Webber   Naturals伟博维生素C1000毫克150粒/瓶（效期至25年9月）-默认-(DYWEB625273032727),5,17.571428571428573,,SALES_DROP,0.2845528455284553
2026-01-03,7.081273337766478e+18,	WEBBER NATURALS进口Verisol小分子多肽胶原蛋白加生物素120粒/瓶,2,7.0,,SALES_DROP,0.2857142857142857
2025-06-04,,【官方直播】加拿大伟博儿童鱼油高脑力DHA无腥可嚼软胶囊120粒/瓶-1瓶装,2,7.0,,SALES_DROP,0.2857142857142857
2025-10-13,,【官方直播】1100mg鱼油120粒+大豆卵磷脂胶囊1200mg180粒鱼油搭档-1100mg鱼油120粒/瓶+大豆卵磷脂胶囊1200mg180粒/瓶-(625273079746*1+625273090086*1),2,7.0,,SALES_DROP,0.2857142857142857
2025-09-19,	-,Webber Naturals伟博天然进口小分子胶原蛋白多肽粉150g z-胶原蛋白多肽粉150g*1-(625273036657*1),2,7.0,,SALES_DROP,0.2857142857142857
2025-03-08,7.144930821143692e+18,伟博天然进口KSM66南非醉茄印度人参精华3600mg*120粒缓压促睡眠-默认-(DYWEB625273052640),2,7.0,,SALES_DROP,0.2857142857142857
2025-03-08,	7144930821143691527,伟博天然进口KSM66南非醉茄印度人参精华3600mg*120粒缓压促睡眠-默认-(DYWEB625273052640),2,7.0,,SALES_DROP,0.2857142857142857
2025-06-12,,伟博加拿大进口99%纯度1100mg成人omega3深海鱼油心血管养护120粒-3瓶装（1年的量）,2,7.0,,SALES_DROP,0.2857142857142857
2025-03-16,7.22322261258199e+18,【效期至25年7月】伟博天然高浓度奶蓟草熬夜养肝胶囊250mg护肝片-默认-(DYWEB625273090178),2,7.0,,SALES_DROP,0.2857142857142857
2025-11-05,	7527938665289761070;7481121574674874687,WEBBER NATURALS伟博天然守护前列番茄红素南瓜籽油锯棕榈60粒/瓶-默认-(625273039344);伟博天然辅酶Q10胶囊100mg 成人心脏活力60粒 效期至26年5月30日-默认-(DYWEB628347570705),2,7.0,,SALES_DROP,0.2857142857142857
2025-05-21,7.146569951686672e+18,伟博进口99%纯度1100mg成人omega3鱼油中老年心血管养护120粒 DB-默认-(DYWEB625273090086),2,7.0,,SALES_DROP,0.2857142857142857
2025-09-22,7.054785415521419e+18,WEBBER NATURALS儿童6岁+鱼油高DHA香橙味欧米伽3眼脑同步120粒-默认-(DYWEB625273033496),4,14.0,,SALES_DROP,0.2857142857142857
2025-12-09,7.054785415521419e+18,	【官方直播 】伟博天然6岁+儿童鱼油高DHA欧米伽3香橙味120粒,2,7.0,,SALES_DROP,0.2857142857142857
2025-05-17,,【官方直播】WebberNaturals伟博深海鱼油1100mg高纯度Omega3 120粒-两瓶装【8个月的量送一瓶奶蓟草】,2,7.0,,SALES_DROP,0.2857142857142857
2025-10-24,	7481121574674874687,【官方直播】WebberNaturals阳光小金盾小颗粒全家深海鱼油+D3 60粒-2瓶装-(625273071634*2);伟博天然辅酶Q10胶囊100mg 成人心脏活力60粒 效期至26年5月30日-默认-(DYWEB628347570705),2,7.0,,SALES_DROP,0.2857142857142857
2025-02-25,	7144930821143691527,伟博天然进口KSM66南非醉茄印度人参精华3600mg*120粒缓压促睡眠-默认-(DYWEB625273052640),2,7.0,,SALES_DROP,0.2857142857142857
2025-08-10,	7144930821143691527,WEBBER NATURALS南非醉茄KSM66 3600mg降低皮质醇缓压促睡眠120粒-默认-(DYWEB625273052640),3,10.428571428571429,,SALES_DROP,0.2876712328767123
2025-08-10,7.144930821143691e+18,WEBBER NATURALS南非醉茄KSM66 3600mg降低皮质醇缓压促睡眠120粒-默认-(DYWEB625273052640),3,10.428571428571429,,SALES_DROP,0.2876712328767123
2025-09-10,	7146569951686672673;7481121574674874687,WEBBER NATURALS高纯度深海鱼油omega3欧米伽3成人健身鱼油120粒D-默认-(DYWEB625273090086);伟博天然进口辅酶Q10胶囊100mg 成人心脏活力60粒（效期至26年6月）-默认-(DYWEB628347570705),4,13.857142857142858,,SALES_DROP,0.2886597938144329
2025-03-30,	7086274688812433667,Webber Naturals伟博胶原蛋白与神经酰胺生物活性胶原肽120片/瓶-默认-(DYWEB625273036695),3,10.285714285714286,,SALES_DROP,0.2916666666666666
2025-03-28,	-,伟博天然进口辅酶Q10胶囊100mg 成人心脏活力60粒（效期至26年5月）-3瓶装,3,10.285714285714286,,SALES_DROP,0.2916666666666666
2025-03-30,7.086274688812433e+18,Webber Naturals伟博胶原蛋白与神经酰胺生物活性胶原肽120片/瓶-默认-(DYWEB625273036695),3,10.285714285714286,,SALES_DROP,0.2916666666666666
2025-07-31,	7054785415521419523,WEBBER NATURALS儿童6岁+鱼油高DHA香橙味欧米伽3眼脑同步120粒-默认-(DYWEB625273033496),2,6.857142857142857,,SALES_DROP,0.2916666666666667
2025-11-03,	7054785415521419523,WEBBER NATURALS儿童6岁+鱼油高DHA香橙味欧米伽3眼脑同步120粒-默认-(DYWEB625273033496),4,13.714285714285714,,SALES_DROP,0.2916666666666667
2025-10-14,	-,伟博加拿大进口99%纯度1100mg成人omega3深海鱼油心血管养护120粒-两瓶装（1个周期）【送一瓶价值149的60粒100mg辅酶Q10】-(625273090086*2+628347570705*1),2,6.857142857142857,,SALES_DROP,0.2916666666666667
2025-03-28,	-,【官方直播】加拿大伟博Webber儿童鱼油高DHAOmega-3甜橙味120粒/瓶-2瓶装,4,13.714285714285714,,SALES_DROP,0.2916666666666667
2025-08-17,	-,【官方直播】1100mg鱼油120粒+大豆卵磷脂胶囊1200mg180粒鱼油搭档-1100mg鱼油120粒/瓶+大豆卵磷脂胶囊1200mg180粒/瓶-(625273079746*1+625273090086*1),2,6.857142857142857,,SALES_DROP,0.2916666666666667
2025-12-12,7.448836024085742e+18,	【达人专属】Webber Naturals伟博天然阳光小金盾小颗粒深海儿童鱼油+D3 60粒,2,6.857142857142857,,SALES_DROP,0.2916666666666667
2025-11-04,,【官方直播】加拿大伟博儿童鱼油高脑力DHA无腥可嚼软胶囊120粒/瓶-2瓶装-(625273090185*2),2,6.857142857142857,,SALES_DROP,0.2916666666666667
2026-01-05,7.146569951686672e+18,	【达人专属】WEBBER NATURALS高纯度深海鱼油omega3欧米伽3成人健身鱼油120粒,2,6.857142857142857,,SALES_DROP,0.2916666666666667
2025-09-18,	7054785415521419523,WEBBER NATURALS儿童6岁+鱼油高DHA香橙味欧米伽3眼脑同步120粒-默认-(DYWEB625273033496),4,13.714285714285714,,SALES_DROP,0.2916666666666667
2025-04-23,7.144930821143692e+18,伟博天然进口KSM66南非醉茄印度人参精华3600mg*120粒缓压促睡眠-默认-(DYWEB625273052640),2,6.857142857142857,,SALES_DROP,0.2916666666666667
2025-03-07,7.144930821143692e+18,伟博天然进口KSM66南非醉茄印度人参精华3600mg*120粒缓压促睡眠-默认-(DYWEB625273052640),2,6.857142857142857,,SALES_DROP,0.2916666666666667
2025-03-22,	7144930821143691527,伟博天然进口KSM66南非醉茄印度人参精华3600mg*120粒缓压促睡眠-默认-(DYWEB625273052640),2,6.857142857142857,,SALES_DROP,0.2916666666666667
2025-04-23,	7144930821143691527,伟博天然进口KSM66南非醉茄印度人参精华3600mg*120粒缓压促睡眠-默认-(DYWEB625273052640),2,6.857142857142857,,SALES_DROP,0.2916666666666667
2025-09-19,	-,Webber Naturals伟博天然高纯度1100mg深海精粹鱼油软胶囊60粒 D-1瓶装-(625273090420*1),2,6.857142857142857,,SALES_DROP,0.2916666666666667
2025-02-09,	7146569951686672673,【效期至27年10月】Webber naturals伟博高纯度Omega3鱼油120粒/瓶S-默认-(DYWEB625273090086),2,6.857142857142857,,SALES_DROP,0.2916666666666667
2024-12-23,	7077809856803225896,WebberNaturals伟博深海鱼油900mg高纯度Omega3 DHA/EPA鱼油200粒-默认-(DYWEB625273052985),5,17.0,,SALES_DROP,0.2941176470588235
2025-03-25,	7223222612581990715,【官方直播】WebberNaturals伟博深海鱼油1390mg高纯度Omega3 120粒-5瓶装;【效期至25年7月】伟博天然高浓度奶蓟草熬夜养肝胶囊250mg护肝片-默认-(DYWEB625273090178),4,13.571428571428571,,SALES_DROP,0.2947368421052632
2025-06-19,7.05478541552142e+18,【子豪专属】Webber Naturals儿童鱼油150mg高DHA香橙味omega3脑黄金120粒6岁+-默认-(DYWEB625273033496),3,10.142857142857142,,SALES_DROP,0.2957746478873239
2025-09-10,7.054785415521419e+18,WEBBER NATURALS儿童6岁+鱼油高DHA香橙味欧米伽3眼脑同步120粒-默认-(DYWEB625273033496),3,10.142857142857142,,SALES_DROP,0.2957746478873239
2025-03-30,	-,【YY专属】Webber Naturals伟博维生素C1000毫克150粒/瓶（效期至25年9月）-1瓶装,5,16.857142857142858,,SALES_DROP,0.2966101694915254
2025-01-14,	7168643947345035558,伟博天然高纯度1390mg深海精粹鱼油软胶囊-60粒/瓶;伟博天然进口VB番茄红素锌硒钙水果多酚55+男士全营养素 30粒-默认-(DYWEB625273079968),2,6.714285714285714,,SALES_DROP,0.2978723404255319
2025-10-25,,【官方直播】WebberNaturals阳光小金盾小颗粒全家深海鱼油+D3 60粒-3瓶装-(625273071634*3),2,6.714285714285714,,SALES_DROP,0.2978723404255319
2025-04-04,	7223222612581990715,【官方直播】WebberNaturals伟博深海鱼油1390mg高纯度Omega3 120粒-1瓶装;【效期至25年7月】伟博天然高浓度奶蓟草熬夜养肝胶囊250mg护肝片-默认-(DYWEB625273090178),2,6.714285714285714,,SALES_DROP,0.2978723404255319
2025-03-22,7.144930821143692e+18,伟博天然进口KSM66南非醉茄印度人参精华3600mg*120粒缓压促睡眠-默认-(DYWEB625273052640),2,6.714285714285714,,SALES_DROP,0.2978723404255319
2025-03-22,	7144930821143691527,伟博天然进口KSM66南非醉茄印度人参精华3600mg*120粒降低皮质醇-默认-(DYWEB625273052640);【官方直播】WebberNaturals伟博深海鱼油1390mg高纯度Omega3 120粒-1瓶装,2,6.714285714285714,,SALES_DROP,0.2978723404255319
2025-03-17,	7223222612581990715,【官方直播】WebberNaturals伟博深海鱼油1390mg高纯度Omega3 120粒-1瓶装;【效期至25年7月】伟博天然高浓度奶蓟草熬夜养肝胶囊250mg护肝片-默认-(DYWEB625273090178),2,6.714285714285714,,SALES_DROP,0.2978723404255319
2025-12-24,7.146569951686672e+18,	WEBBER NATURALS高纯度深海鱼油omega3欧米伽3成人健身鱼油120粒D,2,6.714285714285714,,SALES_DROP,0.2978723404255319
2025-01-04,	7081192833746780446,【官方直播】加拿大伟博深海鱼油1390mg高纯度Omega3-两瓶装组合;webbernaturals辅酶Q10天然发酵免疫软胶囊60粒/瓶100mg营养-默认-(DYWEB625273038552),2,6.714285714285714,,SALES_DROP,0.2978723404255319
2025-10-25,,【效期至2027年12月】伟博天然高纯度深海鱼油omega3成人健身120粒A-两瓶装（1个周期）【送一瓶安睡宝】-(625273090086*2+990312500179*1),2,6.714285714285714,,SALES_DROP,0.2978723404255319
2025-10-14,,伟博加拿大进口99%纯度1100mg成人omega3深海鱼油心血管养护120粒-两瓶装（1个周期）【送一瓶价值149的60粒100mg辅酶Q10】-(625273090086*2+628347570705*1),2,6.714285714285714,,SALES_DROP,0.2978723404255319
2025-03-23,,【官方直播】WebberNaturals伟博深海鱼油1390mg高纯度Omega3 120粒-5瓶装,2,6.714285714285714,,SALES_DROP,0.2978723404255319
2025-03-27,,【官方直播】加拿大伟博儿童鱼油高脑力DHA无腥可嚼软胶囊120粒/瓶-2瓶装,2,6.714285714285714,,SALES_DROP,0.2978723404255319
2025-11-29,7.054785415521419e+18,【官方直播 】伟博天然6岁+儿童鱼油高DHA欧米伽3香橙味120粒-默认-(DYWEB625273033496),5,16.714285714285715,,SALES_DROP,0.2991452991452991
2024-12-21,	7146569951686672673,Webber naturals伟博深海鱼油1100mg高纯度Omega3-默认-(DYWEB625273090086),3,10.0,,SALES_DROP,0.3
2025-03-28,	7086274688812433667,Webber Naturals伟博胶原蛋白与神经酰胺生物活性胶原肽120片/瓶-默认-(DYWEB625273036695),3,10.0,,SALES_DROP,0.3
2025-03-28,7.086274688812433e+18,Webber Naturals伟博胶原蛋白与神经酰胺生物活性胶原肽120片/瓶-默认-(DYWEB625273036695),3,10.0,,SALES_DROP,0.3
2024-12-28,	7146569951686672673,【效期至27年10月】Webber naturals伟博高纯度Omega3鱼油120粒/瓶S-默认-(DYWEB625273090086),3,10.0,,SALES_DROP,0.3
