sales_date,sku_id,product_name,daily_quantity,rolling_std_7,severity,reason,anomaly_type
2024-12-29,	-,Webber naturals伟博深海鱼油900mg高纯度Omega3/DHA/EPA 200粒z-伟博油900mg深海鱼油200粒*1,1,10.10657494618514,Low,High sales volatility: 7-day rolling standard deviation = 10.11,HIGH_VOLATILITY
2024-12-29,	-,伟博天然进口KSM66南非醉茄印度人参精华7200mg*120粒降低皮质醇z-伟博南非醉茄7200mg*1瓶,1,10.10657494618514,Low,High sales volatility: 7-day rolling standard deviation = 10.11,HIGH_VOLATILITY
2024-12-29,	-,【效期至2027.7.29】加拿大伟博天然安睡宝 茶氨酸褪黑素45粒/瓶-褪黑素45粒*1,1,10.10657494618514,Low,High sales volatility: 7-day rolling standard deviation = 10.11,HIGH_VOLATILITY
2024-12-29,	-,【官方直播】加拿大伟博儿童鱼油高脑力DHA无腥可嚼软胶囊120粒/瓶-2瓶装,3,10.10657494618514,Low,High sales volatility: 7-day rolling standard deviation = 10.11,HIGH_VOLATILITY
2024-12-29,	-,【官方直播】加拿大伟博Webber鱼油500mgOmega3+D3青少年 100粒/瓶-3瓶装,2,10.10657494618514,Low,High sales volatility: 7-day rolling standard deviation = 10.11,HIGH_VOLATILITY
2025-03-13,	-,【3瓶装】webber naturals胶原蛋白与神经酰胺生物活性胶原肽120片-【3瓶装】webber naturals胶原蛋白与神经酰胺生物活性胶原肽120片,2,17.472427257988922,Low,High sales volatility: 7-day rolling standard deviation = 17.47,HIGH_VOLATILITY
2025-03-13,	-,WebberNaturals伟博天然高纯度1390mg深海精粹鱼油软胶囊60粒/瓶s-60粒*1瓶【2个月量】,1,17.472427257988922,Low,High sales volatility: 7-day rolling standard deviation = 17.47,HIGH_VOLATILITY
2025-03-13,	-,Webber naturals伟博深海鱼油900mg高纯度Omega3/DHA/EPA 200粒z-伟博油900mg深海鱼油200粒*1,3,17.610873264629927,Low,High sales volatility: 7-day rolling standard deviation = 17.61,HIGH_VOLATILITY
2025-03-13,	-,webber naturals伟博天然褪黑素片10毫克72粒z-褪黑素片10毫克72粒*1,1,17.663521732655695,Low,High sales volatility: 7-day rolling standard deviation = 17.66,HIGH_VOLATILITY
2025-03-13,	-,【官方直播】加拿大伟博Webber深海鱼油1390mg高纯度120粒/瓶-精粹鱼油1瓶装,1,17.73347654793584,Low,High sales volatility: 7-day rolling standard deviation = 17.73,HIGH_VOLATILITY
2025-03-13,	-, webber naturals伟博胶原蛋白与神经酰胺生物活性胶原肽120片z-抗皱胶原蛋白+神经酰胺120粒*1,2,17.801819061679115,Low,High sales volatility: 7-day rolling standard deviation = 17.8,HIGH_VOLATILITY
2025-03-13,	-,Webber Naturals伟博天然进口小分子胶原蛋白多肽粉150g z-胶原蛋白多肽粉150g*3,13,17.905838366830178,Low,High sales volatility: 7-day rolling standard deviation = 17.91,HIGH_VOLATILITY
2025-03-17,	-,Webber naturals伟博深海鱼油900mg高纯度Omega3/DHA/EPA 200粒z-伟博油900mg深海鱼油200粒*2,1,13.885586909076757,Low,High sales volatility: 7-day rolling standard deviation = 13.89,HIGH_VOLATILITY
2025-03-17,	-,Webber naturals伟博深海鱼油900mg高纯度Omega3/DHA/EPA 200粒z-伟博油900mg深海鱼油200粒*1,2,13.96424004376894,Low,High sales volatility: 7-day rolling standard deviation = 13.96,HIGH_VOLATILITY
2025-03-17,	-,【官方直播】加拿大伟博儿童鱼油高脑力DHA无腥可嚼软胶囊120粒/瓶-2瓶装,1,13.885586909076757,Low,High sales volatility: 7-day rolling standard deviation = 13.89,HIGH_VOLATILITY
2025-03-18,	-,Webber Naturals辅酶Q10天然发酵免疫软胶囊60粒/瓶100mg营养 z-6瓶,1,13.885586909076757,Low,High sales volatility: 7-day rolling standard deviation = 13.89,HIGH_VOLATILITY
2025-03-18,	-,Webber Naturals伟博天然进口小分子胶原蛋白多肽粉150g z-胶原蛋白多肽粉150g*3,1,13.885586909076757,Low,High sales volatility: 7-day rolling standard deviation = 13.89,HIGH_VOLATILITY
2025-03-18,	-,Webber Naturals伟博天然进口小分子胶原蛋白多肽粉150g z-胶原蛋白多肽粉150g*1,7,13.885586909076757,Low,High sales volatility: 7-day rolling standard deviation = 13.89,HIGH_VOLATILITY
2025-03-18,	-,WebberNaturals伟博进口叶黄素玉米黄素软胶囊呵护眼睛10mg60粒 z-伟博天然叶黄素玉米黄素软胶囊10mg*60粒*1,2,13.719988893512095,Low,High sales volatility: 7-day rolling standard deviation = 13.72,HIGH_VOLATILITY
2025-03-26,	-,Webber Naturals伟博维生素C1000毫克150粒/瓶（效期至25年9月）-3瓶装,24,17.327379929986392,Low,High sales volatility: 7-day rolling standard deviation = 17.33,HIGH_VOLATILITY
2025-03-26,	-,【YY专属】Webber Naturals伟博维生素C1000毫克150粒/瓶（效期至25年9月）-1瓶装,12,18.0092568789868,Low,High sales volatility: 7-day rolling standard deviation = 18.01,HIGH_VOLATILITY
2025-03-26,	-,【YY专属】Webber Naturals伟博维生素C1000毫克150粒/瓶（效期至25年9月）-3瓶装,12,17.46288581398793,Low,High sales volatility: 7-day rolling standard deviation = 17.46,HIGH_VOLATILITY
2025-03-26,	-,webber naturals伟博天然褪黑素片10毫克72粒z-褪黑素片10毫克72粒*1,1,16.727507997592582,Low,High sales volatility: 7-day rolling standard deviation = 16.73,HIGH_VOLATILITY
2025-03-26,	-,WebberNaturals伟博天然进口辅酶Q10胶囊辅酶守护心脏150mg 60粒z-伟博天然150mg辅酶Q10 60粒*1瓶,2,16.852299546352718,Low,High sales volatility: 7-day rolling standard deviation = 16.85,HIGH_VOLATILITY
2025-03-26,	-,Webber naturals伟博深海鱼油900mg高纯度Omega3/DHA/EPA 200粒z-伟博油900mg深海鱼油200粒*1,2,16.727507997592582,Low,High sales volatility: 7-day rolling standard deviation = 16.73,HIGH_VOLATILITY
2025-03-27,	-,【官方直播】加拿大伟博儿童鱼油高脑力DHA无腥可嚼软胶囊120粒/瓶-2瓶装,2,16.600344230510057,Low,High sales volatility: 7-day rolling standard deviation = 16.6,HIGH_VOLATILITY
2025-03-27,	-,Webber Naturals伟博维生素C1000毫克150粒/瓶（效期至25年9月）-1瓶装,62,10.155927192672127,Low,High sales volatility: 7-day rolling standard deviation = 10.16,HIGH_VOLATILITY
2025-03-27,	-,Webber Naturals伟博天然进口小分子胶原蛋白多肽粉150g z-胶原蛋白多肽粉150g*3,2,22.809772341821265,Medium,High sales volatility: 7-day rolling standard deviation = 22.81,HIGH_VOLATILITY
2025-03-27,	-,Webber Naturals伟博天然进口小分子胶原蛋白多肽粉150g z-胶原蛋白多肽粉150g*1,27,22.70724658823803,Medium,High sales volatility: 7-day rolling standard deviation = 22.71,HIGH_VOLATILITY
2025-03-27,	-,WebberNaturals伟博进口叶黄素玉米黄素软胶囊呵护眼睛10mg60粒 z-伟博天然叶黄素玉米黄素软胶囊10mg*60粒*1,1,22.41598069405375,Medium,High sales volatility: 7-day rolling standard deviation = 22.42,HIGH_VOLATILITY
2025-03-27,	-, webber naturals进口儿童鱼油高脑力DHA软胶囊120粒z-儿童鱼油高脑力DHA软胶囊120粒*1,1,22.41598069405375,Medium,High sales volatility: 7-day rolling standard deviation = 22.42,HIGH_VOLATILITY
2025-03-27,	-,Webber naturals伟博深海鱼油900mg高纯度Omega3/DHA/EPA 200粒z-伟博油900mg深海鱼油200粒*1,2,22.544136604405484,Medium,High sales volatility: 7-day rolling standard deviation = 22.54,HIGH_VOLATILITY
2025-03-27,	-,【官方直播】WebberNaturals伟博深海鱼油1390mg高纯度Omega3 120粒-3瓶装,1,23.192773915699732,Medium,High sales volatility: 7-day rolling standard deviation = 23.19,HIGH_VOLATILITY
2025-03-28,	-,【官方直播】加拿大伟博Webber儿童鱼油高DHAOmega-3甜橙味120粒/瓶-2瓶装,4,23.33605426312316,Medium,High sales volatility: 7-day rolling standard deviation = 23.34,HIGH_VOLATILITY
2025-03-28,	-,伟博天然进口辅酶Q10胶囊100mg 成人心脏活力60粒（效期至26年5月）-3瓶装,3,21.952329304763126,Medium,High sales volatility: 7-day rolling standard deviation = 21.95,HIGH_VOLATILITY
2025-03-28,	-,Webber Naturals伟博维生素C1000毫克150粒/瓶（效期至25年9月）-3瓶装,45,21.823971093403564,Medium,High sales volatility: 7-day rolling standard deviation = 21.82,HIGH_VOLATILITY
2025-03-28,	-,【官方直播】WebberNaturals伟博深海鱼油1390mg高纯度Omega3 120粒-1瓶装,3,24.850984458798177,Medium,High sales volatility: 7-day rolling standard deviation = 24.85,HIGH_VOLATILITY
2025-03-28,	-,【官方直播】加拿大伟博儿童鱼油高脑力DHA无腥可嚼软胶囊120粒/瓶-2瓶装;【鱼油+卵磷脂组合装】1100mg鱼油120粒+大豆卵磷脂胶囊1200mg180粒-1100mg鱼油120粒/瓶+大豆卵磷脂胶囊1200mg180粒/瓶,2,24.650895859312428,Medium,High sales volatility: 7-day rolling standard deviation = 24.65,HIGH_VOLATILITY
2025-03-28,	-,Webber Naturals伟博天然进口小分子胶原蛋白多肽粉150g z-胶原蛋白多肽粉150g*1,4,24.837567552092572,Medium,High sales volatility: 7-day rolling standard deviation = 24.84,HIGH_VOLATILITY
2025-03-28,	-,【官方直播】加拿大伟博儿童鱼油高脑力DHA无腥可嚼软胶囊120粒/瓶-2瓶装,2,24.545390411973294,Medium,High sales volatility: 7-day rolling standard deviation = 24.55,HIGH_VOLATILITY
2025-03-28,	-,Webber naturals伟博深海鱼油900mg高纯度Omega3/DHA/EPA 200粒z-伟博油900mg深海鱼油200粒*1,2,24.64413385236603,Medium,High sales volatility: 7-day rolling standard deviation = 24.64,HIGH_VOLATILITY
2025-03-28,	-,【官方直播】WebberNaturals伟博深海鱼油1390mg高纯度Omega3 120粒-5瓶装,1,16.01784718903975,Low,High sales volatility: 7-day rolling standard deviation = 16.02,HIGH_VOLATILITY
2025-03-28,	-,【效期至2027.7.29】加拿大伟博天然安睡宝 茶氨酸褪黑素45粒/瓶-褪黑素45粒*3,2,16.154020581650283,Low,High sales volatility: 7-day rolling standard deviation = 16.15,HIGH_VOLATILITY
2025-03-29,	-,【2瓶】Webber Naturals伟博维生素C1000毫克150粒（效期至25年9月） -2瓶装,2,16.15254660741649,Low,High sales volatility: 7-day rolling standard deviation = 16.15,HIGH_VOLATILITY
2025-03-29,	-,Webber Naturals伟博维生素C1000毫克150粒/瓶（效期至25年9月）-3瓶装,40,16.15254660741649,Low,High sales volatility: 7-day rolling standard deviation = 16.15,HIGH_VOLATILITY
2025-03-29,	-,【YY专属】Webber Naturals伟博维生素C1000毫克150粒/瓶（效期至25年9月）-1瓶装,9,19.735151138924437,Low,High sales volatility: 7-day rolling standard deviation = 19.74,HIGH_VOLATILITY
2025-03-29,	-,【YY专属】Webber Naturals伟博维生素C1000毫克150粒/瓶（效期至25年9月）-3瓶装,7,19.087517736293876,Low,High sales volatility: 7-day rolling standard deviation = 19.09,HIGH_VOLATILITY
2025-03-29,	-,伟博Osteo氨糖软骨素MSM 高端关节修护30粒（效期至25年7月）-1瓶装,1,19.087517736293876,Low,High sales volatility: 7-day rolling standard deviation = 19.09,HIGH_VOLATILITY
2025-03-29,	-,伟博天然进口辅酶Q10胶囊100mg 成人心脏活力60粒（效期至26年6月）-3瓶装,1,19.087517736293876,Low,High sales volatility: 7-day rolling standard deviation = 19.09,HIGH_VOLATILITY
2025-03-29,	-,伟博天然进口辅酶Q10胶囊100mg 成人心脏活力60粒（效期至26年5月）-3瓶装,2,19.087517736293876,Low,High sales volatility: 7-day rolling standard deviation = 19.09,HIGH_VOLATILITY
2025-03-29,	-,WebberNaturals伟博天然高纯度1390mg深海精粹鱼油软胶囊60粒/瓶s-60粒*1瓶【2个月量】,3,14.08815780988382,Low,High sales volatility: 7-day rolling standard deviation = 14.09,HIGH_VOLATILITY
2025-03-29,	-,Webber Naturals伟博天然进口小分子胶原蛋白多肽粉150g z-胶原蛋白多肽粉150g*1,5,14.011899704655802,Low,High sales volatility: 7-day rolling standard deviation = 14.01,HIGH_VOLATILITY
2025-03-30,	-,Webber Naturals伟博维生素C1000毫克150粒/瓶（效期至25年9月）-3瓶装,43,23.853720883753127,Medium,High sales volatility: 7-day rolling standard deviation = 23.85,HIGH_VOLATILITY
2025-03-30,	-,【官方直播】加拿大伟博儿童鱼油高脑力DHA无腥可嚼软胶囊120粒/瓶-1瓶装,1,26.095976701399778,Medium,High sales volatility: 7-day rolling standard deviation = 26.1,HIGH_VOLATILITY
2025-03-30,	-,【官方直播】加拿大伟博儿童鱼油高脑力DHA无腥可嚼软胶囊120粒/瓶-2瓶装,4,26.194328720981897,Medium,High sales volatility: 7-day rolling standard deviation = 26.19,HIGH_VOLATILITY
2025-03-30,	-,【官方直播】WebberNaturals伟博深海鱼油1390mg高纯度Omega3 120粒-1瓶装,2,26.272382747632452,Medium,High sales volatility: 7-day rolling standard deviation = 26.27,HIGH_VOLATILITY
2025-03-30,	-,【YY专属】Webber Naturals伟博维生素C1000毫克150粒/瓶（效期至25年9月）-1瓶装,5,26.175233659756643,Medium,High sales volatility: 7-day rolling standard deviation = 26.18,HIGH_VOLATILITY
2025-03-30,	-,【YY专属】Webber Naturals伟博维生素C1000毫克150粒/瓶（效期至25年9月）-3瓶装,1,25.91469522435926,Medium,High sales volatility: 7-day rolling standard deviation = 25.91,HIGH_VOLATILITY
2025-03-30,	-,伟博天然进口辅酶Q10胶囊100mg 成人心脏活力60粒（效期至26年6月）-3瓶装,1,25.91469522435926,Medium,High sales volatility: 7-day rolling standard deviation = 25.91,HIGH_VOLATILITY
2025-03-30,	-,伟博天然进口辅酶Q10胶囊100mg 成人心脏活力60粒（效期至26年5月）-3瓶装,4,15.453463165566603,Low,High sales volatility: 7-day rolling standard deviation = 15.45,HIGH_VOLATILITY
2025-03-31,	-,Webber Naturals伟博天然进口小分子胶原蛋白多肽粉150g z-胶原蛋白多肽粉150g*1,16,16.133372687870143,Low,High sales volatility: 7-day rolling standard deviation = 16.13,HIGH_VOLATILITY
2025-03-31,	-,【YY专属】Webber Naturals伟博维生素C1000毫克150粒/瓶（效期至25年9月）-1瓶装,4,16.262723956219343,Low,High sales volatility: 7-day rolling standard deviation = 16.26,HIGH_VOLATILITY
2025-03-31,	-,WebberNaturals伟博天然高纯度1390mg深海精粹鱼油软胶囊60粒/瓶s-120粒*2瓶【8个月量】,1,16.019333557269093,Low,High sales volatility: 7-day rolling standard deviation = 16.02,HIGH_VOLATILITY
2025-03-31,	-,【官方直播】WebberNaturals伟博深海鱼油1390mg高纯度Omega3 120粒-1瓶装,5,16.019333557269093,Low,High sales volatility: 7-day rolling standard deviation = 16.02,HIGH_VOLATILITY
2025-03-31,	-,【鱼油+卵磷脂组合装】1100mg鱼油120粒+大豆卵磷脂胶囊1200mg180粒-1100mg鱼油120粒/瓶+大豆卵磷脂胶囊1200mg180粒/瓶,1,15.95529468770253,Low,High sales volatility: 7-day rolling standard deviation = 15.96,HIGH_VOLATILITY
2025-03-31,	-,【官方直播】加拿大伟博Webber儿童鱼油高DHAOmega-3甜橙味120粒/瓶-2瓶装,3,16.0505154938727,Low,High sales volatility: 7-day rolling standard deviation = 16.05,HIGH_VOLATILITY
2025-03-31,	-,【官方直播】加拿大伟博儿童鱼油高脑力DHA无腥可嚼软胶囊120粒/瓶-2瓶装,6,15.965737123752286,Low,High sales volatility: 7-day rolling standard deviation = 15.97,HIGH_VOLATILITY
2025-04-01,	-,Webber Naturals伟博维生素C1000毫克150粒/瓶（效期至25年9月）-3瓶装,15,13.998299216418435,Low,High sales volatility: 7-day rolling standard deviation = 14.0,HIGH_VOLATILITY
2025-04-01,	-,【YY专属】Webber Naturals伟博维生素C1000毫克150粒/瓶（效期至25年9月）-1瓶装,3,14.09998311380279,Low,High sales volatility: 7-day rolling standard deviation = 14.1,HIGH_VOLATILITY
2025-04-01,	-,【YY专属】Webber Naturals伟博维生素C1000毫克150粒/瓶（效期至25年9月）-3瓶装,2,13.926678748085667,Low,High sales volatility: 7-day rolling standard deviation = 13.93,HIGH_VOLATILITY
2025-04-01,	-,伟博Osteo氨糖软骨素MSM 高端关节修护30粒（效期至25年7月）-3瓶,2,14.130345596151097,Low,High sales volatility: 7-day rolling standard deviation = 14.13,HIGH_VOLATILITY
2025-04-01,	-,伟博天然进口辅酶Q10胶囊100mg 成人心脏活力60粒（效期至26年5月）-1瓶装,1,14.130345596151097,Low,High sales volatility: 7-day rolling standard deviation = 14.13,HIGH_VOLATILITY
2025-04-01,	-,【鱼油+卵磷脂组合装】1100mg鱼油120粒+大豆卵磷脂胶囊1200mg180粒-1100mg鱼油120粒/瓶+大豆卵磷脂胶囊1200mg180粒/瓶,1,14.130345596151097,Low,High sales volatility: 7-day rolling standard deviation = 14.13,HIGH_VOLATILITY
2025-04-01,	-,伟博天然进口辅酶Q10胶囊100mg 成人心脏活力60粒（效期至26年5月）-3瓶装,1,14.130345596151097,Low,High sales volatility: 7-day rolling standard deviation = 14.13,HIGH_VOLATILITY
2025-04-02,	-,Webber Naturals伟博维生素C1000毫克150粒/瓶（效期至25年9月）-1瓶装,26,11.828134337449923,Low,High sales volatility: 7-day rolling standard deviation = 11.83,HIGH_VOLATILITY
2025-04-02,	-,Webber Naturals伟博天然进口小分子胶原蛋白多肽粉150g z-胶原蛋白多肽粉150g*1,1,13.60672102833218,Low,High sales volatility: 7-day rolling standard deviation = 13.61,HIGH_VOLATILITY
2025-04-02,	-,Webber naturals伟博深海鱼油900mg高纯度Omega3/DHA/EPA 200粒z-伟博油900mg深海鱼油200粒*1,1,13.60672102833218,Low,High sales volatility: 7-day rolling standard deviation = 13.61,HIGH_VOLATILITY
2025-04-03,	-,Webber Naturals伟博维生素C1000毫克150粒/瓶（效期至25年9月）-3瓶装,13,13.86671245413686,Low,High sales volatility: 7-day rolling standard deviation = 13.87,HIGH_VOLATILITY
2025-04-03,	-,【YY专属】Webber Naturals伟博维生素C1000毫克150粒/瓶（效期至25年9月）-1瓶装,2,13.503086067019396,Low,High sales volatility: 7-day rolling standard deviation = 13.5,HIGH_VOLATILITY
2025-04-03,	-,【YY专属】Webber Naturals伟博维生素C1000毫克150粒/瓶（效期至25年9月）-3瓶装,1,13.38442591756767,Low,High sales volatility: 7-day rolling standard deviation = 13.38,HIGH_VOLATILITY
2025-04-03,	-,伟博Osteo氨糖软骨素MSM 高端关节修护30粒（效期至25年7月）-3瓶,1,13.503086067019396,Low,High sales volatility: 7-day rolling standard deviation = 13.5,HIGH_VOLATILITY
2025-04-05,	-,【效期至2027.7.29】加拿大伟博天然安睡宝 茶氨酸褪黑素45粒/瓶-褪黑素45粒*1,1,24.669240534954223,Medium,High sales volatility: 7-day rolling standard deviation = 24.67,HIGH_VOLATILITY
2025-04-05,	-,Webber Naturals伟博天然进口小分子胶原蛋白多肽粉150g z-胶原蛋白多肽粉150g*1,4,24.669240534954223,Medium,High sales volatility: 7-day rolling standard deviation = 24.67,HIGH_VOLATILITY
2025-04-05,	-,Webber Naturals伟博维生素C1000毫克150粒/瓶（效期至25年9月）-1瓶装,12,24.465719457465962,Medium,High sales volatility: 7-day rolling standard deviation = 24.47,HIGH_VOLATILITY
2025-04-05,	-,Webber Naturals伟博维生素C1000毫克150粒/瓶（效期至25年9月）-3瓶装,11,24.17594239065337,Medium,High sales volatility: 7-day rolling standard deviation = 24.18,HIGH_VOLATILITY
2025-04-05,	-,【YY专属】Webber Naturals伟博维生素C1000毫克150粒/瓶（效期至25年9月）-1瓶装,85,23.84273873690249,Medium,High sales volatility: 7-day rolling standard deviation = 23.84,HIGH_VOLATILITY
2025-04-05,	-,【官方直播】加拿大伟博儿童鱼油高脑力DHA无腥可嚼软胶囊120粒/瓶-2瓶装,4,34.474283030633,High,High sales volatility: 7-day rolling standard deviation = 34.47,HIGH_VOLATILITY
2025-04-05,	-,【官方直播】加拿大伟博儿童鱼油高脑力DHA无腥可嚼软胶囊120粒/瓶-1瓶装,3,34.779578025316056,High,High sales volatility: 7-day rolling standard deviation = 34.78,HIGH_VOLATILITY
2025-04-05,	-,【官方直播】加拿大伟博Webber儿童鱼油高DHAOmega-3甜橙味120粒/瓶-3瓶装,1,30.20722083337344,High,High sales volatility: 7-day rolling standard deviation = 30.21,HIGH_VOLATILITY
2025-04-05,	-,【官方直播】加拿大伟博Webber儿童鱼油高DHAOmega-3甜橙味120粒/瓶-2瓶装,1,30.20722083337344,High,High sales volatility: 7-day rolling standard deviation = 30.21,HIGH_VOLATILITY
2025-04-05,	-,【官方直播】加拿大伟博Webber鱼油500mgOmega3+D3青少年 100粒/瓶-3瓶装,1,30.445110640376427,High,High sales volatility: 7-day rolling standard deviation = 30.45,HIGH_VOLATILITY
2025-04-05,	-,【鱼油+卵磷脂组合装】1100mg鱼油120粒+大豆卵磷脂胶囊1200mg180粒-1100mg鱼油120粒/瓶+大豆卵磷脂胶囊1200mg180粒/瓶,1,31.0076795403363,High,High sales volatility: 7-day rolling standard deviation = 31.01,HIGH_VOLATILITY
2025-04-05,	-,【官方直播】WebberNaturals伟博深海鱼油1390mg高纯度Omega3 120粒-2瓶装,3,31.457454260817556,High,High sales volatility: 7-day rolling standard deviation = 31.46,HIGH_VOLATILITY
2025-04-06,	-,伟博Osteo氨糖软骨素MSM 高端关节修护30粒（效期至25年7月）-3瓶,2,16.391054470858997,Low,High sales volatility: 7-day rolling standard deviation = 16.39,HIGH_VOLATILITY
2025-04-06,	-,【YY专属】Webber Naturals伟博维生素C1000毫克150粒/瓶（效期至25年9月）-3瓶装,28,16.66190408143822,Low,High sales volatility: 7-day rolling standard deviation = 16.66,HIGH_VOLATILITY
2025-04-06,	-, webber naturals伟博胶原蛋白与神经酰胺生物活性胶原肽120片z-抗皱胶原蛋白+神经酰胺120粒*2,1,17.46424919657298,Low,High sales volatility: 7-day rolling standard deviation = 17.46,HIGH_VOLATILITY
2025-04-06,	-,【官方直播】加拿大伟博Webber鱼油500mgOmega3+D3青少年 100粒/瓶-2瓶装,1,17.5824587911605,Low,High sales volatility: 7-day rolling standard deviation = 17.58,HIGH_VOLATILITY
2025-04-07,	-,伟博精粹金CO2提纯1100mg4倍含量omega3成人心脑欧米伽3鱼油120粒-3瓶装,1,17.5824587911605,Low,High sales volatility: 7-day rolling standard deviation = 17.58,HIGH_VOLATILITY
2025-04-07,	-,【官方直播】加拿大伟博儿童鱼油高脑力DHA无腥可嚼软胶囊120粒/瓶-1瓶装,1,17.69853370305278,Low,High sales volatility: 7-day rolling standard deviation = 17.7,HIGH_VOLATILITY
2025-04-07,	-,【官方直播】加拿大伟博Webber儿童鱼油高DHAOmega-3甜橙味120粒/瓶-2瓶装,2,18.228705776486553,Low,High sales volatility: 7-day rolling standard deviation = 18.23,HIGH_VOLATILITY
2025-04-07,	-,【官方直播】加拿大伟博Webber鱼油500mgOmega3+D3青少年 100粒/瓶-2瓶装,1,10.090070555230216,Low,High sales volatility: 7-day rolling standard deviation = 10.09,HIGH_VOLATILITY
2025-04-07,	-,Webber Naturals伟博维生素C1000毫克150粒/瓶（效期至25年9月）-3瓶装,40,10.14889156509222,Low,High sales volatility: 7-day rolling standard deviation = 10.15,HIGH_VOLATILITY
2025-04-07,	-,Webber Naturals伟博维生素C1000毫克150粒/瓶（效期至25年9月）-1瓶装,58,14.682350921137546,Low,High sales volatility: 7-day rolling standard deviation = 14.68,HIGH_VOLATILITY
2025-04-07,	-,【3瓶装】加拿大伟博天然小分子胶原蛋白多肽粉150g/瓶-【3瓶组合装】,1,23.898595296436508,Medium,High sales volatility: 7-day rolling standard deviation = 23.9,HIGH_VOLATILITY
2025-04-07,	-,【YY专属】Webber Naturals伟博维生素C1000毫克150粒/瓶（效期至25年9月）-3瓶装,22,23.898595296436508,Medium,High sales volatility: 7-day rolling standard deviation = 23.9,HIGH_VOLATILITY
2025-04-07,	-,伟博Osteo氨糖软骨素MSM 高端关节修护30粒（效期至25年7月）-1瓶装,1,23.176342617912283,Medium,High sales volatility: 7-day rolling standard deviation = 23.18,HIGH_VOLATILITY
2025-04-07,	-, webber naturals伟博胶原蛋白与神经酰胺生物活性胶原肽120片z-抗皱胶原蛋白+神经酰胺120粒*1,1,23.176342617912283,Medium,High sales volatility: 7-day rolling standard deviation = 23.18,HIGH_VOLATILITY
2025-04-07,	-,Webber Naturals伟博天然进口小分子胶原蛋白多肽粉150g z-胶原蛋白多肽粉150g*1,2,23.293162700059188,Medium,High sales volatility: 7-day rolling standard deviation = 23.29,HIGH_VOLATILITY
2025-04-07,	-,伟博Osteo氨糖软骨素MSM 高端关节修护30粒（效期至25年7月）-3瓶,1,23.176342617912283,Medium,High sales volatility: 7-day rolling standard deviation = 23.18,HIGH_VOLATILITY
2025-04-07,	-,【官方直播】WebberNaturals伟博深海鱼油1390mg高纯度Omega3 120粒-2瓶装,2,21.600264548644503,Medium,High sales volatility: 7-day rolling standard deviation = 21.6,HIGH_VOLATILITY
2025-04-08,	-,【官方直播】加拿大伟博Webber儿童鱼油高DHAOmega-3甜橙味120粒/瓶-2瓶装,1,10.58075521654201,Low,High sales volatility: 7-day rolling standard deviation = 10.58,HIGH_VOLATILITY
2025-04-08,	-,【官方直播】加拿大伟博儿童鱼油高脑力DHA无腥可嚼软胶囊120粒/瓶-1瓶装,3,11.4288690437439,Low,High sales volatility: 7-day rolling standard deviation = 11.43,HIGH_VOLATILITY
2025-04-08,	-,【官方直播】加拿大伟博儿童鱼油高脑力DHA无腥可嚼软胶囊120粒/瓶-2瓶装,7,11.4288690437439,Low,High sales volatility: 7-day rolling standard deviation = 11.43,HIGH_VOLATILITY
2025-04-08,	-,【3瓶装】加拿大伟博天然小分子胶原蛋白多肽粉150g/瓶-【3瓶组合装】,1,10.130106002359877,Low,High sales volatility: 7-day rolling standard deviation = 10.13,HIGH_VOLATILITY
2025-04-08,	-,伟博Osteo氨糖软骨素MSM 高端关节修护30粒（效期至25年7月）-1瓶装,1,10.318730080595698,Low,High sales volatility: 7-day rolling standard deviation = 10.32,HIGH_VOLATILITY
2025-04-08,	-,Webber Naturals伟博维生素C1000毫克150粒/瓶（效期至25年9月）-3瓶装,75,66.4848711756148,High,High sales volatility: 7-day rolling standard deviation = 66.48,HIGH_VOLATILITY
2025-04-08,	-,Webber naturals伟博深海鱼油900mg高纯度Omega3/DHA/EPA 200粒z-伟博油900mg深海鱼油200粒*2,1,67.48438972935043,High,High sales volatility: 7-day rolling standard deviation = 67.48,HIGH_VOLATILITY
2025-04-09,	-,伟博天然进口辅酶Q10胶囊100mg 成人心脏活力60粒（效期至26年6月）-3瓶装;Webber Naturals伟博维生素C1000毫克150粒/瓶（效期至25年9月）-1瓶装,2,67.48438972935043,High,High sales volatility: 7-day rolling standard deviation = 67.48,HIGH_VOLATILITY
2025-04-09,	-,【官方直播】加拿大伟博Webber鱼油500mgOmega3+D3青少年 100粒/瓶-2瓶装,2,67.39436178197698,High,High sales volatility: 7-day rolling standard deviation = 67.39,HIGH_VOLATILITY
2025-04-09,	-,【官方直播】加拿大伟博Webber儿童鱼油高DHAOmega-3甜橙味120粒/瓶-2瓶装,2,67.7270432024932,High,High sales volatility: 7-day rolling standard deviation = 67.73,HIGH_VOLATILITY
2025-04-09,	-,【官方直播】加拿大伟博儿童鱼油高脑力DHA无腥可嚼软胶囊120粒/瓶-2瓶装,4,67.81276744516056,High,High sales volatility: 7-day rolling standard deviation = 67.81,HIGH_VOLATILITY
2025-04-09,	-,【官方直播】WebberNaturals伟博深海鱼油1390mg高纯度Omega3 120粒-1瓶装,7,67.55421103507484,High,High sales volatility: 7-day rolling standard deviation = 67.55,HIGH_VOLATILITY
2025-04-09,	-,【官方直播】WebberNaturals伟博深海鱼油1390mg高纯度Omega3 120粒-2瓶装,2,27.286836177384664,Medium,High sales volatility: 7-day rolling standard deviation = 27.29,HIGH_VOLATILITY
2025-04-09,	-,Webber Naturals伟博维生素C1000毫克150粒/瓶（效期至25年9月）-3瓶装,151,84.16338984663219,High,High sales volatility: 7-day rolling standard deviation = 84.16,HIGH_VOLATILITY
2025-04-09,	-,【YY专属】Webber Naturals伟博维生素C1000毫克150粒/瓶（效期至25年9月）-1瓶装,19,93.223489784598,High,High sales volatility: 7-day rolling standard deviation = 93.22,HIGH_VOLATILITY
2025-04-09,	-,【YY专属】Webber Naturals伟博维生素C1000毫克150粒/瓶（效期至25年9月）-3瓶装,13,91.73590458744161,High,High sales volatility: 7-day rolling standard deviation = 91.74,HIGH_VOLATILITY
2025-04-09,	-,Webber Naturals伟博维生素C1000毫克150粒/瓶（效期至25年9月）-3瓶装;伟博天然进口辅酶Q10胶囊100mg 成人心脏活力60粒（效期至26年6月）-3瓶装,2,90.82557852436567,High,High sales volatility: 7-day rolling standard deviation = 90.83,HIGH_VOLATILITY
2025-04-09,	-,伟博Osteo氨糖软骨素MSM 高端关节修护30粒（效期至25年7月）-1瓶装,2,90.7206596935786,High,High sales volatility: 7-day rolling standard deviation = 90.72,HIGH_VOLATILITY
2025-04-09,	-,伟博Osteo氨糖软骨素MSM 高端关节修护30粒（效期至25年7月）-3瓶,1,90.61535662978355,High,High sales volatility: 7-day rolling standard deviation = 90.62,HIGH_VOLATILITY
2025-04-09,	-,伟博天然进口辅酶Q10胶囊100mg 成人心脏活力60粒（效期至26年6月）-1瓶装,1,90.61535662978355,High,High sales volatility: 7-day rolling standard deviation = 90.62,HIGH_VOLATILITY
2025-04-09,	-,伟博天然进口辅酶Q10胶囊100mg 成人心脏活力60粒（效期至26年6月）-3瓶装,5,55.13317210778523,High,High sales volatility: 7-day rolling standard deviation = 55.13,HIGH_VOLATILITY
2025-04-10,	-,【官方直播】加拿大伟博Webber鱼油500mgOmega3+D3青少年 100粒/瓶-3瓶装,1,40.184692655407034,High,High sales volatility: 7-day rolling standard deviation = 40.18,HIGH_VOLATILITY
2025-04-10,	-,Webber Naturals伟博维生素C1000毫克150粒/瓶（效期至25年9月）-1瓶装,172,40.66705698485598,High,High sales volatility: 7-day rolling standard deviation = 40.67,HIGH_VOLATILITY
2025-04-10,	-,【YY专属】Webber Naturals伟博维生素C1000毫克150粒/瓶（效期至25年9月）-3瓶装,4,69.88425805436817,High,High sales volatility: 7-day rolling standard deviation = 69.88,HIGH_VOLATILITY
2025-04-10,	-,伟博Osteo氨糖软骨素MSM 高端关节修护30粒（效期至25年7月）-1瓶装,2,70.0605180574351,High,High sales volatility: 7-day rolling standard deviation = 70.06,HIGH_VOLATILITY
2025-04-10,	-,伟博Osteo氨糖软骨素MSM 高端关节修护30粒（效期至25年7月）-3瓶,4,70.0605180574351,High,High sales volatility: 7-day rolling standard deviation = 70.06,HIGH_VOLATILITY
2025-04-10,	-,Webber Naturals伟博天然进口小分子胶原蛋白多肽粉150g z-胶原蛋白多肽粉150g*1,10,69.96904077280657,High,High sales volatility: 7-day rolling standard deviation = 69.97,HIGH_VOLATILITY
2025-04-10,	-,【官方直播】WebberNaturals伟博深海鱼油1390mg高纯度Omega3 120粒-3瓶装,4,69.1681870171403,High,High sales volatility: 7-day rolling standard deviation = 69.17,HIGH_VOLATILITY
2025-04-10,	-,【官方直播】WebberNaturals伟博深海鱼油1390mg高纯度Omega3 120粒-2瓶装,3,63.49915634985127,High,High sales volatility: 7-day rolling standard deviation = 63.5,HIGH_VOLATILITY
2025-04-10,	-,【官方直播】WebberNaturals伟博深海鱼油1390mg高纯度Omega3 120粒-1瓶装,6,63.361021516536866,High,High sales volatility: 7-day rolling standard deviation = 63.36,HIGH_VOLATILITY
2025-04-11,	-,【官方直播】WebberNaturals伟博深海鱼油1390mg高纯度Omega3 120粒-3瓶装,5,20.443883705215626,Medium,High sales volatility: 7-day rolling standard deviation = 20.44,HIGH_VOLATILITY
2025-04-11,	-,Webber Naturals伟博维生素C1000毫克150粒/瓶（效期至25年9月）-1瓶装,137,20.194294337993686,Medium,High sales volatility: 7-day rolling standard deviation = 20.19,HIGH_VOLATILITY
2025-04-11,	-,伟博天然进口VB番茄红素锌硒钙水果多酚55+男士全营养素 30粒z-2瓶装,1,50.33128346503887,High,High sales volatility: 7-day rolling standard deviation = 50.33,HIGH_VOLATILITY
2025-04-11,	-,伟博天然进口辅酶Q10胶囊100mg 成人心脏活力60粒（效期至26年5月）-1瓶装,3,51.233824392726746,High,High sales volatility: 7-day rolling standard deviation = 51.23,HIGH_VOLATILITY
2025-04-11,	-,伟博天然进口VB番茄红素锌硒钙水果多酚55+男士全营养素 30粒z-1瓶装,1,51.63655036244514,High,High sales volatility: 7-day rolling standard deviation = 51.64,HIGH_VOLATILITY
2025-04-11,	-, webber naturals伟博胶原蛋白与神经酰胺生物活性胶原肽120片z-抗皱胶原蛋白+神经酰胺120粒*2,1,51.7282275340024,High,High sales volatility: 7-day rolling standard deviation = 51.73,HIGH_VOLATILITY
2025-04-11,	-, webber naturals伟博胶原蛋白与神经酰胺生物活性胶原肽120片z-抗皱胶原蛋白+神经酰胺120粒*1,1,51.906509363332404,High,High sales volatility: 7-day rolling standard deviation = 51.91,HIGH_VOLATILITY
2025-04-11,	-,Webber Naturals伟博天然进口小分子胶原蛋白多肽粉150g z-胶原蛋白多肽粉150g*3,2,51.048063253220114,High,High sales volatility: 7-day rolling standard deviation = 51.05,HIGH_VOLATILITY
2025-04-11,	-,WebberNaturals伟博天然高纯度1390mg深海精粹鱼油软胶囊60粒/瓶s-120粒*1瓶【4个月量】,13,51.21988081278783,High,High sales volatility: 7-day rolling standard deviation = 51.22,HIGH_VOLATILITY
2025-04-12,	-,伟博天然进口辅酶Q10胶囊100mg 成人心脏活力60粒（效期至26年5月）-1瓶装,2,38.604835621115306,High,High sales volatility: 7-day rolling standard deviation = 38.6,HIGH_VOLATILITY
2025-04-12,	-,WebberNaturals伟博天然高纯度1390mg深海精粹鱼油软胶囊60粒/瓶s-120粒*1瓶【4个月量】,4,38.533226231520295,High,High sales volatility: 7-day rolling standard deviation = 38.53,HIGH_VOLATILITY
2025-04-12,	-,【效期至2027.7.29】加拿大伟博天然安睡宝 茶氨酸褪黑素45粒/瓶-褪黑素45粒*1,2,38.3269145764746,High,High sales volatility: 7-day rolling standard deviation = 38.33,HIGH_VOLATILITY
2025-04-12,	-,伟博Osteo氨糖软骨素MSM 高端关节修护30粒（效期至25年7月）-3瓶,2,38.25229529372186,High,High sales volatility: 7-day rolling standard deviation = 38.25,HIGH_VOLATILITY
2025-04-12,	-,伟博Osteo氨糖软骨素MSM 高端关节修护30粒（效期至25年7月）-1瓶装,1,38.25229529372186,High,High sales volatility: 7-day rolling standard deviation = 38.25,HIGH_VOLATILITY
2025-04-12,	-,伟博Osteo氨糖软骨素MSM 高端关节修护30粒（效期至25年7月）-3瓶;Webber Naturals伟博维生素C1000毫克150粒/瓶（效期至25年9月）-3瓶装,4,38.81580434135903,High,High sales volatility: 7-day rolling standard deviation = 38.82,HIGH_VOLATILITY
2025-04-12,	-,【官方直播】WebberNaturals伟博深海鱼油1390mg高纯度Omega3 120粒-3瓶装,8,38.75748775582413,High,High sales volatility: 7-day rolling standard deviation = 38.76,HIGH_VOLATILITY
2025-04-12,	-,【官方直播】加拿大伟博儿童鱼油高脑力DHA无腥可嚼软胶囊120粒/瓶-2瓶装,4,58.06851454060437,High,High sales volatility: 7-day rolling standard deviation = 58.07,HIGH_VOLATILITY
2025-04-12,	-,【官方直播】加拿大伟博儿童鱼油高脑力DHA无腥可嚼软胶囊120粒/瓶-1瓶装,2,57.859024072884836,High,High sales volatility: 7-day rolling standard deviation = 57.86,HIGH_VOLATILITY
2025-04-12,	-,伟博天然进口辅酶Q10胶囊100mg 成人心脏活力60粒（效期至26年5月）-3瓶装,6,57.9963053010399,High,High sales volatility: 7-day rolling standard deviation = 58.0,HIGH_VOLATILITY
2025-04-13,	-,伟博Osteo氨糖软骨素MSM 高端关节修护30粒（效期至25年7月）-1瓶装,1,58.108683065606016,High,High sales volatility: 7-day rolling standard deviation = 58.11,HIGH_VOLATILITY
2025-04-13,	-,伟博Osteo氨糖软骨素MSM 高端关节修护30粒（效期至25年7月）-3瓶,7,58.6714013240977,High,High sales volatility: 7-day rolling standard deviation = 58.67,HIGH_VOLATILITY
2025-04-13,	-,【官方直播】加拿大伟博儿童鱼油高脑力DHA无腥可嚼软胶囊120粒/瓶-1瓶装,1,58.374407308095456,High,High sales volatility: 7-day rolling standard deviation = 58.37,HIGH_VOLATILITY
2025-04-13,	-,【官方直播】加拿大伟博儿童鱼油高脑力DHA无腥可嚼软胶囊120粒/瓶-2瓶装,2,58.44329771341661,High,High sales volatility: 7-day rolling standard deviation = 58.44,HIGH_VOLATILITY
2025-09-21,	-,【美彤专属】【成人拍】WebberNaturals高纯度深海鱼油omega3成人健身鱼油120粒-【成人拍】1瓶装（送一瓶40mg叶黄素）-(625273090086*1+625273070255*1),45,10.334869317486497,Low,High sales volatility: 7-day rolling standard deviation = 10.33,HIGH_VOLATILITY
2025-09-21,	-,【美彤专属】【儿童拍】WebberNaturals伟博小金盾小颗粒深海儿童鱼油+D3 60粒-【儿童拍】2瓶装（送一瓶40mg叶黄素）-(625273071634*2+625273070255*1),10,16.4996392456955,Low,High sales volatility: 7-day rolling standard deviation = 16.5,HIGH_VOLATILITY
2025-09-21,	-,WebberNaturals伟博500mg维生素C胶囊60粒  效期到2026-06-30-3瓶装-(625273076622*3),1,16.051998837112674,Low,High sales volatility: 7-day rolling standard deviation = 16.05,HIGH_VOLATILITY
2025-09-21,	-,Webber Naturals伟博天然阳光小金盾小颗粒深海儿童鱼油+D3 60粒-2瓶装-(625273071634*2),1,16.051998837112674,Low,High sales volatility: 7-day rolling standard deviation = 16.05,HIGH_VOLATILITY
2025-09-21,	-,Webber Naturals伟博天然进口小分子胶原蛋白多肽粉150g z-胶原蛋白多肽粉150g*3-(625273036657*3),1,16.051998837112674,Low,High sales volatility: 7-day rolling standard deviation = 16.05,HIGH_VOLATILITY
2025-09-21,	-,Webber Naturals伟博天然进口小分子胶原蛋白多肽粉150g z-胶原蛋白多肽粉150g*1-(625273036657*1),2,16.051998837112674,Low,High sales volatility: 7-day rolling standard deviation = 16.05,HIGH_VOLATILITY
2025-09-21,	-,【官方直播】WebberNaturals 95%高纯度omega-3迷你深海鱼油30粒/瓶-1瓶试用装【不推荐】-(625273070781*1),1,16.13927478160622,Low,High sales volatility: 7-day rolling standard deviation = 16.14,HIGH_VOLATILITY
2025-09-21,	-,【官方直播】WebberNaturals伟博深海鱼油1100mg高纯度Omega3 120粒-一瓶装【4个月的量】-(625273090086*1),10,16.337220140059383,Low,High sales volatility: 7-day rolling standard deviation = 16.34,HIGH_VOLATILITY
2025-09-22,	-,伟博加拿大进口99%纯度1100mg成人omega3深海鱼油心血管养护120粒-一瓶装（体验装）-(625273090086*1),10,10.237652260627131,Low,High sales volatility: 7-day rolling standard deviation = 10.24,HIGH_VOLATILITY
2025-10-03,	-,【美彤专属】【儿童拍】WebberNaturals伟博小金盾小颗粒深海儿童鱼油+D3 60粒-【儿童拍】2瓶装（送一瓶40mg叶黄素）-(625273071634*2+625273070255*1),152,126.368320321797,High,High sales volatility: 7-day rolling standard deviation = 126.37,HIGH_VOLATILITY
2025-10-03,	-,【美彤专属】【儿童拍】WebberNaturals伟博小金盾小颗粒深海儿童鱼油+D3 60粒-【儿童拍】2瓶装（送一瓶40mg叶黄素）-(625273071634*2+625273070255*1);【美彤专属】【成人拍】WebberNaturals高纯度深海鱼油omega3成人健身鱼油120粒-【成人拍】1瓶装（送一瓶40mg叶黄素）-(625273090086*1+625273070255*1),6,130.085686046873,High,High sales volatility: 7-day rolling standard deviation = 130.09,HIGH_VOLATILITY
2025-10-03,	-,【护发美甲美肤】进口VB烟酰胺锌硒女士全能营养素30粒26-5-30-3瓶装-(625273079975*3),2,129.646589215598,High,High sales volatility: 7-day rolling standard deviation = 129.65,HIGH_VOLATILITY
2025-10-04,	-,伟博加拿大进口99%纯度1100mg成人omega3深海鱼油心血管养护120粒-一瓶装（体验装）-(625273090086*1),2,129.555467069588,High,High sales volatility: 7-day rolling standard deviation = 129.56,HIGH_VOLATILITY
2025-10-04,	-,【3瓶装】加拿大伟博天然小分子胶原蛋白多肽粉150g/瓶-3瓶装-(625273036657*3),1,129.464096879994,High,High sales volatility: 7-day rolling standard deviation = 129.46,HIGH_VOLATILITY
2025-10-04,	-,【官方直播】加拿大伟博儿童鱼油高脑力DHA无腥可嚼软胶囊120粒/瓶-1瓶装-(625273090185*1),2,129.555467069588,High,High sales volatility: 7-day rolling standard deviation = 129.56,HIGH_VOLATILITY
2025-10-04,	-,【官方直播】加拿大伟博儿童鱼油高脑力DHA无腥可嚼软胶囊120粒/瓶-2瓶装-(625273090185*2),2,129.905643412733,High,High sales volatility: 7-day rolling standard deviation = 129.91,HIGH_VOLATILITY
2025-10-04,	-,【官方直播】WebberNaturals伟博深海鱼油1100mg高纯度Omega3 120粒-一瓶装【4个月的量】-(625273090086*1),8,56.5285431483617,High,High sales volatility: 7-day rolling standard deviation = 56.53,HIGH_VOLATILITY
2025-10-11,	-,伟博加拿大进口99%纯度1100mg成人omega3深海鱼油心血管养护120粒-两瓶装（1个周期）【送一瓶价值149的60粒100mg辅酶Q10】-(625273090086*2+628347570705*1),3,47.93994258692948,High,High sales volatility: 7-day rolling standard deviation = 47.94,HIGH_VOLATILITY
2025-10-11,	-,伟博天然进口儿童鱼油高脑力DHA软胶囊120粒/瓶-2瓶装-(625273090185*2),1,47.818605663685425,High,High sales volatility: 7-day rolling standard deviation = 47.82,HIGH_VOLATILITY
2025-10-12,	-,【免疫力】进口500mg维生素C缓释胶囊60粒 效期到2026-06-30-3瓶装-(625273076622*3),50,47.818605663685425,High,High sales volatility: 7-day rolling standard deviation = 47.82,HIGH_VOLATILITY
2025-10-12,	-,【3瓶装】伟博精粹金CO2提纯1100mg4倍含量omega3成人心脑鱼油120粒-三瓶装（1年量）【送两瓶价值149的60粒100mg辅酶Q10】-(625273090086*3+628347570705*2),1,48.317895728384606,High,High sales volatility: 7-day rolling standard deviation = 48.32,HIGH_VOLATILITY
2025-10-12,	-,伟博天然进口VB番茄红素锌硒钙水果多酚55+男士全营养素 30粒z-1瓶装-(625273079968*1),1,48.317895728384606,High,High sales volatility: 7-day rolling standard deviation = 48.32,HIGH_VOLATILITY
2025-10-12,	-,Webber Naturals伟博天然阳光小金盾小颗粒深海儿童鱼油+D3 60粒-2瓶装-(625273071634*2),1,48.317895728384606,High,High sales volatility: 7-day rolling standard deviation = 48.32,HIGH_VOLATILITY
2025-10-12,	-,伟博加拿大进口99%纯度1100mg成人omega3深海鱼油心血管养护120粒-一瓶装（体验装）-(625273090086*1),4,48.317895728384606,High,High sales volatility: 7-day rolling standard deviation = 48.32,HIGH_VOLATILITY
2025-10-12,	-,伟博加拿大进口99%纯度1100mg成人omega3深海鱼油心血管养护120粒-两瓶装（1个周期）【送一瓶价值149的60粒100mg辅酶Q10】-(625273090086*2+628347570705*1),3,18.245677896552976,Low,High sales volatility: 7-day rolling standard deviation = 18.25,HIGH_VOLATILITY
2025-10-12,	-,【官方直播】加拿大伟博儿童鱼油高脑力DHA无腥可嚼软胶囊120粒/瓶-1瓶装-(625273090185*1),2,18.245677896552976,Low,High sales volatility: 7-day rolling standard deviation = 18.25,HIGH_VOLATILITY
2025-10-12,	-,【官方直播】加拿大伟博儿童鱼油高脑力DHA无腥可嚼软胶囊120粒/瓶-2瓶装-(625273090185*2),2,18.179004111232015,Low,High sales volatility: 7-day rolling standard deviation = 18.18,HIGH_VOLATILITY
2025-10-13,	-,【3瓶装】伟博精粹金CO2提纯1100mg4倍含量omega3成人心脑鱼油120粒-三瓶装（1年量）【送两瓶价值149的60粒100mg辅酶Q10】-(625273090086*3+628347570705*2),4,27.0,Medium,High sales volatility: 7-day rolling standard deviation = 27.0,HIGH_VOLATILITY
2025-10-13,	-,Webber Naturals伟博天然阳光小金盾小颗粒深海儿童鱼油+D3 60粒-2瓶装-(625273071634*2),1,26.800852864894324,Medium,High sales volatility: 7-day rolling standard deviation = 26.8,HIGH_VOLATILITY
2025-10-13,	-,伟博加拿大进口99%纯度1100mg成人omega3深海鱼油心血管养护120粒-一瓶装【体验装】-(625273090086*1),2,27.051978186622947,Medium,High sales volatility: 7-day rolling standard deviation = 27.05,HIGH_VOLATILITY
2025-10-14,	-,【徐冬冬专属】WEBBER NATURALS高纯度深海鱼油omega3欧米伽3成人健身鱼油120粒-鱼油120粒*1瓶装【赠100mg辅酶60粒一瓶】-(625273090086*1+628347570705*1),1,27.051978186622947,Medium,High sales volatility: 7-day rolling standard deviation = 27.05,HIGH_VOLATILITY
2025-10-14,	-,【美彤专属】【成人拍】WebberNaturals高纯度深海鱼油omega3成人健身鱼油120粒-【成人拍】1瓶装（送一瓶40mg叶黄素）-(625273090086*1+625273070255*1),1,27.36177382164151,Medium,High sales volatility: 7-day rolling standard deviation = 27.36,HIGH_VOLATILITY
2025-10-14,	-,【免疫力】进口500mg维生素C缓释胶囊60粒 效期到2026-06-30-3瓶装-(625273076622*3),25,27.36177382164151,Medium,High sales volatility: 7-day rolling standard deviation = 27.36,HIGH_VOLATILITY
2025-10-14,	-,【官方直播】WebberNaturals伟博深海鱼油1100mg高纯度Omega3 120粒-一瓶装【4个月的量】-(625273090086*1),9,27.25715284016988,Medium,High sales volatility: 7-day rolling standard deviation = 27.26,HIGH_VOLATILITY
2025-10-15,	-,【徐冬冬专属】WEBBER NATURALS高纯度深海鱼油omega3欧米伽3成人健身鱼油120粒-鱼油120粒*1瓶装【赠100mg辅酶60粒一瓶】-(625273090086*1+628347570705*1),1,11.133390361986818,Low,High sales volatility: 7-day rolling standard deviation = 11.13,HIGH_VOLATILITY
2025-10-16,	-,【3瓶装】webber naturals胶原蛋白与神经酰胺生物活性胶原肽120片-【3瓶装】webber naturals胶原蛋白与神经酰胺生物活性胶原肽120片-(625273036695*3),1,11.133390361986818,Low,High sales volatility: 7-day rolling standard deviation = 11.13,HIGH_VOLATILITY
2025-10-16,	-,【官方直播】WebberNaturals伟博深海鱼油1100mg高纯度Omega3 120粒-一瓶装【4个月的量】-(625273090086*1),1,11.282097069504157,Low,High sales volatility: 7-day rolling standard deviation = 11.28,HIGH_VOLATILITY
2025-10-16,	-,【官方直播】加拿大伟博儿童鱼油高脑力DHA无腥可嚼软胶囊120粒/瓶-1瓶装-(625273090185*1),2,11.338934190276817,Low,High sales volatility: 7-day rolling standard deviation = 11.34,HIGH_VOLATILITY
2025-10-16,	-,伟博天然进口KSM-66 南非醉茄 降低皮质醇缓压促睡眠120粒-7200mg南非醉茄一瓶（120粒 每天1粒 可吃4个月）-(625273071597*1),1,11.282097069504157,Low,High sales volatility: 7-day rolling standard deviation = 11.28,HIGH_VOLATILITY
2025-10-16,	-,伟博加拿大进口99%纯度1100mg成人omega3深海鱼油心血管养护120粒-三瓶装（1年量）【送两瓶价值149的60粒100mg辅酶Q10】-(625273090086*3+628347570705*2),1,11.282097069504157,Low,High sales volatility: 7-day rolling standard deviation = 11.28,HIGH_VOLATILITY
2025-10-16,	-,伟博加拿大进口99%纯度1100mg成人omega3深海鱼油心血管养护120粒-两瓶装（1个周期）【送一瓶价值149的60粒100mg辅酶Q10】-(625273090086*2+628347570705*1),3,11.282097069504157,Low,High sales volatility: 7-day rolling standard deviation = 11.28,HIGH_VOLATILITY
2025-10-25,	-,伟博加拿大进口99%纯度1100mg成人omega3深海鱼油心血管养护120粒-一瓶装（体验装）-(625273090086*1),5,12.811824895105971,Low,High sales volatility: 7-day rolling standard deviation = 12.81,HIGH_VOLATILITY
2025-10-25,	-,伟博加拿大进口99%纯度1100mg成人omega3深海鱼油心血管养护120粒-两瓶装（1个周期）【送一瓶价值149的60粒100mg辅酶Q10】-(625273090086*2+628347570705*1),3,12.863754913562,Low,High sales volatility: 7-day rolling standard deviation = 12.86,HIGH_VOLATILITY
2025-10-25,	-,伟博加拿大进口99%纯度1100mg成人omega3深海鱼油心血管养护120粒-三瓶装（1年量）【送两瓶价值149的60粒100mg辅酶Q10】-(625273090086*3+628347570705*2),2,12.707328219424824,Low,High sales volatility: 7-day rolling standard deviation = 12.71,HIGH_VOLATILITY
2025-10-25,	-,伟博天然进口KSM-66 南非醉茄 降低皮质醇缓压促睡眠120粒-7200mg南非醉茄一瓶（120粒 每天1粒 可吃4个月）-(625273071597*1),2,12.618957771468104,Low,High sales volatility: 7-day rolling standard deviation = 12.62,HIGH_VOLATILITY
2025-10-25,	-,【官方直播】加拿大伟博儿童鱼油高脑力DHA无腥可嚼软胶囊120粒/瓶-1瓶装-(625273090185*1),5,12.52806373516598,Low,High sales volatility: 7-day rolling standard deviation = 12.53,HIGH_VOLATILITY
2025-10-25,	-,【官方直播】加拿大伟博儿童鱼油高脑力DHA无腥可嚼软胶囊120粒/瓶-2瓶装-(625273090185*2),2,12.220201853215574,Low,High sales volatility: 7-day rolling standard deviation = 12.22,HIGH_VOLATILITY
2025-10-25,	-,【官方直播】WebberNaturals伟博深海鱼油1100mg高纯度Omega3 120粒-一瓶装【4个月的量】-(625273090086*1),6,12.482368517614107,Low,High sales volatility: 7-day rolling standard deviation = 12.48,HIGH_VOLATILITY
2025-02-21,	7054785415521419523,Webber Naturals儿童鱼油150mg高DHA香橙味omega3脑黄金120粒6岁+-默认-(DYWEB625273033496),37,13.636435786244915,Low,High sales volatility: 7-day rolling standard deviation = 13.64,HIGH_VOLATILITY
2025-02-22,	7054785415521419523,Webber Naturals儿童鱼油150mg高DHA香橙味omega3脑黄金120粒6岁+-默认-(DYWEB625273033496),42,14.829186151126498,Low,High sales volatility: 7-day rolling standard deviation = 14.83,HIGH_VOLATILITY
2025-02-23,	7054785415521419523,Webber Naturals儿童鱼油150mg高DHA香橙味omega3脑黄金120粒6岁+-默认-(DYWEB625273033496),54,15.366940396281139,Low,High sales volatility: 7-day rolling standard deviation = 15.37,HIGH_VOLATILITY
2025-02-24,	7054785415521419523,Webber Naturals儿童鱼油150mg高DHA香橙味omega3脑黄金120粒6岁+-默认-(DYWEB625273033496),33,17.0139998376687,Low,High sales volatility: 7-day rolling standard deviation = 17.01,HIGH_VOLATILITY
2025-02-25,	7054785415521419523,Webber Naturals儿童鱼油150mg高DHA香橙味omega3脑黄金120粒6岁+-默认-(DYWEB625273033496),25,14.369279400032225,Low,High sales volatility: 7-day rolling standard deviation = 14.37,HIGH_VOLATILITY
2025-02-26,	7054785415521419523,Webber Naturals儿童鱼油150mg高DHA香橙味omega3脑黄金120粒6岁+-默认-(DYWEB625273033496),25,14.488090347066514,Low,High sales volatility: 7-day rolling standard deviation = 14.49,HIGH_VOLATILITY
2025-02-27,	7054785415521419523,Webber Naturals儿童鱼油150mg高DHA香橙味omega3脑黄金120粒6岁+-默认-(DYWEB625273033496),25,11.071198154284321,Low,High sales volatility: 7-day rolling standard deviation = 11.07,HIGH_VOLATILITY
2025-02-28,	7054785415521419523,Webber Naturals儿童鱼油150mg高DHA香橙味omega3脑黄金120粒6岁+-默认-(DYWEB625273033496),8,10.9217999563128,Low,High sales volatility: 7-day rolling standard deviation = 10.92,HIGH_VOLATILITY
2025-03-01,	7054785415521419523,Webber Naturals儿童鱼油150mg高DHA香橙味omega3脑黄金120粒6岁+-默认-(DYWEB625273033496),28,14.6482568441241,Low,High sales volatility: 7-day rolling standard deviation = 14.65,HIGH_VOLATILITY
2025-03-02,	7054785415521419523,Webber Naturals儿童鱼油150mg高DHA香橙味omega3脑黄金120粒6岁+-默认-(DYWEB625273033496),28,13.707835784862683,Low,High sales volatility: 7-day rolling standard deviation = 13.71,HIGH_VOLATILITY
2025-03-21,	7054785415521419523,Webber Naturals儿童鱼油150mg高DHA香橙味omega3脑黄金120粒6岁+-默认-(DYWEB625273033496),35,14.123604018669969,Low,High sales volatility: 7-day rolling standard deviation = 14.12,HIGH_VOLATILITY
2025-03-22,	7054785415521419523,Webber Naturals儿童鱼油150mg高DHA香橙味omega3脑黄金120粒6岁+-默认-(DYWEB625273033496),29,14.985707476506692,Low,High sales volatility: 7-day rolling standard deviation = 14.99,HIGH_VOLATILITY
2025-03-23,	7054785415521419523,Webber Naturals儿童鱼油150mg高DHA香橙味omega3脑黄金120粒6岁+-默认-(DYWEB625273033496),23,14.08139603468755,Low,High sales volatility: 7-day rolling standard deviation = 14.08,HIGH_VOLATILITY
2025-03-24,	7054785415521419523,Webber Naturals儿童鱼油150mg高DHA香橙味omega3脑黄金120粒6岁+-默认-(DYWEB625273033496),26,13.29697423512296,Low,High sales volatility: 7-day rolling standard deviation = 13.3,HIGH_VOLATILITY
2025-03-25,	7054785415521419523,Webber Naturals儿童鱼油150mg高DHA香橙味omega3脑黄金120粒6岁+-默认-(DYWEB625273033496),30,12.522360951894168,Low,High sales volatility: 7-day rolling standard deviation = 12.52,HIGH_VOLATILITY
2025-03-30,	7054785415521419523,Webber Naturals儿童鱼油150mg高DHA香橙味omega3脑黄金120粒6岁+-默认-(DYWEB625273033496),14,13.636435786244915,Low,High sales volatility: 7-day rolling standard deviation = 13.64,HIGH_VOLATILITY
2025-03-31,	7054785415521419523,Webber Naturals儿童鱼油150mg高DHA香橙味omega3脑黄金120粒6岁+-默认-(DYWEB625273033496),47,15.531841334436018,Low,High sales volatility: 7-day rolling standard deviation = 15.53,HIGH_VOLATILITY
2025-04-01,	7054785415521419523,Webber Naturals儿童鱼油150mg高DHA香橙味omega3脑黄金120粒6岁+-默认-(DYWEB625273033496),54,15.239360066554475,Low,High sales volatility: 7-day rolling standard deviation = 15.24,HIGH_VOLATILITY
2025-04-02,	7054785415521419523,Webber Naturals儿童鱼油150mg高DHA香橙味omega3脑黄金120粒6岁+-默认-(DYWEB625273033496),63,15.499615970665054,Low,High sales volatility: 7-day rolling standard deviation = 15.5,HIGH_VOLATILITY
2025-04-03,	7054785415521419523,Webber Naturals儿童鱼油150mg高DHA香橙味omega3脑黄金120粒6岁+-默认-(DYWEB625273033496),41,17.250258797230508,Low,High sales volatility: 7-day rolling standard deviation = 17.25,HIGH_VOLATILITY
2025-04-04,	7054785415521419523,Webber Naturals儿童鱼油150mg高DHA香橙味omega3脑黄金120粒6岁+-默认-(DYWEB625273033496),32,17.250258797230508,Low,High sales volatility: 7-day rolling standard deviation = 17.25,HIGH_VOLATILITY
2025-04-05,	7054785415521419523,Webber Naturals儿童鱼油150mg高DHA香橙味omega3脑黄金120粒6岁+-默认-(DYWEB625273033496),37,17.367183065167698,Low,High sales volatility: 7-day rolling standard deviation = 17.37,HIGH_VOLATILITY
2025-04-06,	7054785415521419523,Webber Naturals儿童鱼油150mg高DHA香橙味omega3脑黄金120粒6岁+-默认-(DYWEB625273033496),34,15.889499377771173,Low,High sales volatility: 7-day rolling standard deviation = 15.89,HIGH_VOLATILITY
2025-04-07,	7054785415521419523,Webber Naturals儿童鱼油150mg高DHA香橙味omega3脑黄金120粒6岁+-默认-(DYWEB625273033496),24,11.343133018115703,Low,High sales volatility: 7-day rolling standard deviation = 11.34,HIGH_VOLATILITY
2025-04-08,	7054785415521419523,Webber Naturals儿童鱼油150mg高DHA香橙味omega3脑黄金120粒6岁+-默认-(DYWEB625273033496),50,13.462469878818494,Low,High sales volatility: 7-day rolling standard deviation = 13.46,HIGH_VOLATILITY
2025-04-09,	7054785415521419523,Webber Naturals儿童鱼油150mg高DHA香橙味omega3脑黄金120粒6岁+-默认-(DYWEB625273033496),35,12.87670469528302,Low,High sales volatility: 7-day rolling standard deviation = 12.88,HIGH_VOLATILITY
2025-04-12,	7054785415521419523,Webber Naturals儿童鱼油150mg高DHA香橙味omega3脑黄金120粒6岁+-默认-(DYWEB625273033496),21,11.604596790352806,Low,High sales volatility: 7-day rolling standard deviation = 11.6,HIGH_VOLATILITY
2025-04-13,	7054785415521419523,Webber Naturals儿童鱼油150mg高DHA香橙味omega3脑黄金120粒6岁+-默认-(DYWEB625273033496),29,11.799919289473774,Low,High sales volatility: 7-day rolling standard deviation = 11.8,HIGH_VOLATILITY
2025-04-14,	7054785415521419523,Webber Naturals儿童鱼油150mg高DHA香橙味omega3脑黄金120粒6岁+-默认-(DYWEB625273033496),28,11.575836902790225,Low,High sales volatility: 7-day rolling standard deviation = 11.58,HIGH_VOLATILITY
2025-04-15,	7054785415521419523,Webber Naturals儿童鱼油150mg高DHA香橙味omega3脑黄金120粒6岁+-默认-(DYWEB625273033496),25,11.443442705426586,Low,High sales volatility: 7-day rolling standard deviation = 11.44,HIGH_VOLATILITY
2025-04-19,	7054785415521419523,Webber Naturals儿童鱼油150mg高DHA香橙味omega3脑黄金120粒6岁+-默认-(DYWEB625273033496),12,11.414276774536102,Low,High sales volatility: 7-day rolling standard deviation = 11.41,HIGH_VOLATILITY
2025-04-19,	7054785415521419523,Webber Naturals儿童鱼油150mg高DHA香橙味omega3脑黄金120粒6岁+-默认-(DYWEB625273033496),1,11.343133018115703,Low,High sales volatility: 7-day rolling standard deviation = 11.34,HIGH_VOLATILITY
2025-04-20,	7054785415521419523,Webber Naturals儿童鱼油150mg高DHA香橙味omega3脑黄金120粒6岁+-默认-(DYWEB625273033496),24,12.321100754783389,Low,High sales volatility: 7-day rolling standard deviation = 12.32,HIGH_VOLATILITY
2025-04-21,	7054785415521419523,Webber Naturals儿童鱼油150mg高DHA香橙味omega3脑黄金120粒6岁+-默认-(DYWEB625273033496),17,12.192894105447921,Low,High sales volatility: 7-day rolling standard deviation = 12.19,HIGH_VOLATILITY
2025-04-22,	7054785415521419523,Webber Naturals儿童鱼油150mg高DHA香橙味omega3脑黄金120粒6岁+-默认-(DYWEB625273033496),1,12.204604907672389,Low,High sales volatility: 7-day rolling standard deviation = 12.2,HIGH_VOLATILITY
2025-04-22,	7054785415521419523,Webber Naturals儿童鱼油150mg高DHA香橙味omega3脑黄金120粒6岁+-默认-(DYWEB625273033496),12,13.253930234714028,Low,High sales volatility: 7-day rolling standard deviation = 13.25,HIGH_VOLATILITY
2025-08-29,	7054785415521419523,WEBBER NATURALS儿童6岁+鱼油高DHA香橙味欧米伽3眼脑同步120粒-默认-(DYWEB625273033496),5,14.65150731722394,Low,High sales volatility: 7-day rolling standard deviation = 14.65,HIGH_VOLATILITY
2025-08-30,	7054785415521419523,WEBBER NATURALS儿童6岁+鱼油高DHA香橙味欧米伽3眼脑同步120粒-默认-(DYWEB625273033496),2,14.65150731722394,Low,High sales volatility: 7-day rolling standard deviation = 14.65,HIGH_VOLATILITY
2025-08-30,	7054785415521419523,WEBBER NATURALS6岁+儿童鱼油高DHA香橙味欧米伽3眼脑同步120粒-默认-(DYWEB625273033496),16,14.53075555994447,Low,High sales volatility: 7-day rolling standard deviation = 14.53,HIGH_VOLATILITY
2025-08-31,	7054785415521419523,WEBBER NATURALS6岁+儿童鱼油高DHA香橙味欧米伽3眼脑同步120粒-默认-(DYWEB625273033496),15,13.988090172238191,Low,High sales volatility: 7-day rolling standard deviation = 13.99,HIGH_VOLATILITY
2025-08-31,	7054785415521419523,WEBBER NATURALS儿童6岁+鱼油高DHA香橙味欧米伽3眼脑同步120粒-默认-(DYWEB625273033496),5,13.984685501341408,Low,High sales volatility: 7-day rolling standard deviation = 13.98,HIGH_VOLATILITY
2025-09-01,	7054785415521419523,WEBBER NATURALS6岁+儿童鱼油高DHA香橙味欧米伽3眼脑同步120粒-默认-(DYWEB625273033496),9,14.269514624507998,Low,High sales volatility: 7-day rolling standard deviation = 14.27,HIGH_VOLATILITY
2025-09-01,	7054785415521419523,WEBBER NATURALS儿童6岁+鱼油高DHA香橙味欧米伽3眼脑同步120粒-默认-(DYWEB625273033496),1,13.648652471424214,Low,High sales volatility: 7-day rolling standard deviation = 13.65,HIGH_VOLATILITY
2025-09-24,	7054785415521419523,WEBBER NATURALS6岁+儿童鱼油高DHA香橙味欧米伽3眼脑同步120粒-默认-(DYWEB625273033496),15,10.097147168996843,Low,High sales volatility: 7-day rolling standard deviation = 10.1,HIGH_VOLATILITY
2025-10-08,	7054785415521419523,WEBBER NATURALS儿童6岁+鱼油高DHA香橙味欧米伽3眼脑同步120粒-默认-(DYWEB625273033496),5,13.576941236277534,Low,High sales volatility: 7-day rolling standard deviation = 13.58,HIGH_VOLATILITY
2025-10-09,	7054785415521419523,WEBBER NATURALS6岁+儿童鱼油高DHA香橙味欧米伽3眼脑同步120粒-默认-(DYWEB625273033496),29,13.704361488574497,Low,High sales volatility: 7-day rolling standard deviation = 13.7,HIGH_VOLATILITY
2025-10-09,	7054785415521419523,WEBBER NATURALS儿童6岁+鱼油高DHA香橙味欧米伽3眼脑同步120粒-默认-(DYWEB625273033496),2,14.395766573478998,Low,High sales volatility: 7-day rolling standard deviation = 14.4,HIGH_VOLATILITY
2025-10-10,	7054785415521419523,WEBBER NATURALS儿童6岁+鱼油高DHA香橙味欧米伽3眼脑同步120粒-默认-(DYWEB625273033496),6,14.742229591663987,Low,High sales volatility: 7-day rolling standard deviation = 14.74,HIGH_VOLATILITY
2025-10-10,	7054785415521419523,WEBBER NATURALS6岁+儿童鱼油高DHA香橙味欧米伽3眼脑同步120粒-默认-(DYWEB625273033496),17,15.436505896274399,Low,High sales volatility: 7-day rolling standard deviation = 15.44,HIGH_VOLATILITY
2025-10-11,	7054785415521419523,WEBBER NATURALS儿童6岁+鱼油高DHA香橙味欧米伽3眼脑同步120粒-默认-(DYWEB625273033496),2,14.724453260122218,Low,High sales volatility: 7-day rolling standard deviation = 14.72,HIGH_VOLATILITY
2025-10-11,	7054785415521419523,WEBBER NATURALS6岁+儿童鱼油高DHA香橙味欧米伽3眼脑同步120粒-默认-(DYWEB625273033496),16,15.240922356790428,Low,High sales volatility: 7-day rolling standard deviation = 15.24,HIGH_VOLATILITY
2025-10-12,	7054785415521419523,WEBBER NATURALS儿童6岁+鱼油高DHA香橙味欧米伽3眼脑同步120粒-默认-(DYWEB625273033496),8,10.066445913694333,Low,High sales volatility: 7-day rolling standard deviation = 10.07,HIGH_VOLATILITY
2025-11-02,	7054785415521419523,WEBBER NATURALS儿童6岁+鱼油高DHA香橙味欧米伽3眼脑同步120粒-默认-(DYWEB625273033496),6,10.078265156832726,Low,High sales volatility: 7-day rolling standard deviation = 10.08,HIGH_VOLATILITY
2025-11-03,	7054785415521419523,WEBBER NATURALS儿童6岁+鱼油高DHA香橙味欧米伽3眼脑同步120粒-默认-(DYWEB625273033496),4,10.078265156832726,Low,High sales volatility: 7-day rolling standard deviation = 10.08,HIGH_VOLATILITY
2025-11-03,	7054785415521419523,WEBBER NATURALS6岁+儿童鱼油高DHA香橙味欧米伽3眼脑同步120粒-默认-(DYWEB625273033496),21,10.46763720098421,Low,High sales volatility: 7-day rolling standard deviation = 10.47,HIGH_VOLATILITY
2025-11-04,	7054785415521419523,WEBBER NATURALS儿童6岁+鱼油高DHA香橙味欧米伽3眼脑同步120粒-默认-(DYWEB625273033496),5,10.847426730181986,Low,High sales volatility: 7-day rolling standard deviation = 10.85,HIGH_VOLATILITY
2025-11-04,	7054785415521419523,WEBBER NATURALS6岁+儿童鱼油高DHA香橙味欧米伽3眼脑同步120粒-默认-(DYWEB625273033496),22,10.341778423094404,Low,High sales volatility: 7-day rolling standard deviation = 10.34,HIGH_VOLATILITY
2024-12-20,	7077809856803225896,WebberNaturals伟博深海鱼油900mg高纯度Omega3 DHA/EPA鱼油200粒-默认-(DYWEB625273052985),21,10.028530728448139,Low,High sales volatility: 7-day rolling standard deviation = 10.03,HIGH_VOLATILITY
2025-03-08,	7077809856803225896,WebberNaturals伟博深海鱼油900mg高纯度Omega3 DHA/EPA鱼油200粒-默认-(DYWEB625273052985),24,13.03475208451476,Low,High sales volatility: 7-day rolling standard deviation = 13.03,HIGH_VOLATILITY
2025-03-09,	7077809856803225896,WebberNaturals伟博深海鱼油900mg高纯度Omega3 DHA/EPA鱼油200粒-默认-(DYWEB625273052985),28,12.906255404703122,Low,High sales volatility: 7-day rolling standard deviation = 12.91,HIGH_VOLATILITY
2025-03-10,	7077809856803225896,WebberNaturals伟博深海鱼油900mg高纯度Omega3 DHA/EPA鱼油200粒-默认-(DYWEB625273052985),39,12.340409810282408,Low,High sales volatility: 7-day rolling standard deviation = 12.34,HIGH_VOLATILITY
2025-03-11,	7077809856803225896,WebberNaturals伟博深海鱼油900mg高纯度Omega3 DHA/EPA鱼油200粒-默认-(DYWEB625273052985),25,13.04935685333627,Low,High sales volatility: 7-day rolling standard deviation = 13.05,HIGH_VOLATILITY
2025-03-12,	7077809856803225896,WebberNaturals伟博深海鱼油900mg高纯度Omega3 DHA/EPA鱼油200粒-默认-(DYWEB625273052985),45,10.919619738713214,Low,High sales volatility: 7-day rolling standard deviation = 10.92,HIGH_VOLATILITY
2025-03-17,	7077809856803225896,WebberNaturals伟博深海鱼油900mg高纯度Omega3 DHA/EPA鱼油200粒-默认-(DYWEB625273052985),30,10.24230256850294,Low,High sales volatility: 7-day rolling standard deviation = 10.24,HIGH_VOLATILITY
2025-03-31,	7077809856803225896,WebberNaturals伟博深海鱼油900mg高纯度Omega3 DHA/EPA鱼油200粒-默认-(DYWEB625273052985),30,11.066896153673373,Low,High sales volatility: 7-day rolling standard deviation = 11.07,HIGH_VOLATILITY
2025-04-02,	7077809856803225896,Webber Naturals伟博维生素C1000毫克150粒/瓶（效期至25年9月）-1瓶装;WebberNaturals伟博深海鱼油900mg高纯度Omega3 DHA/EPA鱼油200粒-默认-(DYWEB625273052985),2,12.025765988869383,Low,High sales volatility: 7-day rolling standard deviation = 12.03,HIGH_VOLATILITY
2025-04-02,	7077809856803225896,WebberNaturals伟博深海鱼油900mg高纯度Omega3 DHA/EPA鱼油200粒-默认-(DYWEB625273052985),31,13.36484371846703,Low,High sales volatility: 7-day rolling standard deviation = 13.36,HIGH_VOLATILITY
2025-04-03,	7077809856803225896,WebberNaturals伟博深海鱼油900mg高纯度Omega3 DHA/EPA鱼油200粒-默认-(DYWEB625273052985),30,13.499559075691888,Low,High sales volatility: 7-day rolling standard deviation = 13.5,HIGH_VOLATILITY
2025-04-04,	7077809856803225896,WebberNaturals伟博深海鱼油900mg高纯度Omega3 DHA/EPA鱼油200粒-默认-(DYWEB625273052985),25,12.108635250062148,Low,High sales volatility: 7-day rolling standard deviation = 12.11,HIGH_VOLATILITY
2025-04-05,	7077809856803225896,WebberNaturals伟博深海鱼油900mg高纯度Omega3 DHA/EPA鱼油200粒-默认-(DYWEB625273052985),25,11.397577019031804,Low,High sales volatility: 7-day rolling standard deviation = 11.4,HIGH_VOLATILITY
2025-04-06,	7077809856803225896,WebberNaturals伟博深海鱼油900mg高纯度Omega3 DHA/EPA鱼油200粒-默认-(DYWEB625273052985),19,11.058287131636359,Low,High sales volatility: 7-day rolling standard deviation = 11.06,HIGH_VOLATILITY
2025-04-07,	7077809856803225896,WebberNaturals伟博深海鱼油900mg高纯度Omega3 DHA/EPA鱼油200粒-默认-(DYWEB625273052985),25,11.105554165971787,Low,High sales volatility: 7-day rolling standard deviation = 11.11,HIGH_VOLATILITY
2024-12-31,	7077809856803225896;7054785415630487840,WebberNaturals伟博深海鱼油900mg高纯度Omega3 DHA/EPA鱼油200粒-默认-(DYWEB625273052985);webber naturals宝宝儿童婴童维生素d3滴液D3滴剂120滴 3.6ml/瓶-默认-(DYWEB625273079319),28,10.253919111386493,Low,High sales volatility: 7-day rolling standard deviation = 10.25,HIGH_VOLATILITY
2025-01-24,	7077809856803225896;7054785415630487840,WebberNaturals伟博深海鱼油900mg高纯度Omega3 DHA/EPA鱼油200粒-默认-(DYWEB625273052985);webber naturals宝宝儿童婴童维生素d3滴液D3滴剂120滴 3.6ml/瓶-默认-(DYWEB625273079319),2,11.066896153673373,Low,High sales volatility: 7-day rolling standard deviation = 11.07,HIGH_VOLATILITY
2025-01-30,	7077809856803225896;7054785415630487840,WebberNaturals伟博深海鱼油900mg高纯度Omega3 DHA/EPA鱼油200粒-默认-(DYWEB625273052985);webber naturals宝宝儿童婴童维生素d3滴液D3滴剂120滴 3.6ml/瓶-默认-(DYWEB625273079319),6,13.208943579112997,Low,High sales volatility: 7-day rolling standard deviation = 13.21,HIGH_VOLATILITY
2025-03-27,	7077809856803225896;7054785415630520608,WebberNaturals伟博深海鱼油900mg高纯度Omega3 DHA/EPA鱼油200粒-默认-(DYWEB625273052985);伟博天然进口α硫辛酸胶囊100mg*60粒/瓶-默认-(DYWEB625273031287),36,18.288690234026888,Low,High sales volatility: 7-day rolling standard deviation = 18.29,HIGH_VOLATILITY
2025-03-28,	7077809856803225896;7054785415630520608,WebberNaturals伟博深海鱼油900mg高纯度Omega3 DHA/EPA鱼油200粒-默认-(DYWEB625273052985);伟博天然进口α硫辛酸胶囊100mg*60粒/瓶-默认-(DYWEB625273031287),34,20.489253861708185,Medium,High sales volatility: 7-day rolling standard deviation = 20.49,HIGH_VOLATILITY
2025-03-29,	7077809856803225896;7054785415630520608,WebberNaturals伟博深海鱼油900mg高纯度Omega3 DHA/EPA鱼油200粒-默认-(DYWEB625273052985);伟博天然进口α硫辛酸胶囊100mg*60粒/瓶-默认-(DYWEB625273031287),32,20.71116561066472,Medium,High sales volatility: 7-day rolling standard deviation = 20.71,HIGH_VOLATILITY
2025-03-23,	7077809856803225896;7081274293186969897,WebberNaturals伟博深海鱼油900mg高纯度Omega3 DHA/EPA鱼油200粒-默认-(DYWEB625273052985);【效期至25年8月】伟博复合氨糖维骨素胶囊三倍营养骨骼120粒/瓶-默认-(DYWEB625273050363),2,12.987173159185438,Low,High sales volatility: 7-day rolling standard deviation = 12.99,HIGH_VOLATILITY
2025-02-16,	7077809856803225896;7110032684650660136,WebberNaturals伟博深海鱼油900mg高纯度Omega3 DHA/EPA鱼油200粒-默认-(DYWEB625273052985);【效期至25年6月】webbernaturals伟博500mg维生素C胶囊60粒-默认-(625273076622),8,11.313708498984761,Low,High sales volatility: 7-day rolling standard deviation = 11.31,HIGH_VOLATILITY
2025-03-01,	7077809856803225896;7110032684650660136,WebberNaturals伟博深海鱼油900mg高纯度Omega3 DHA/EPA鱼油200粒-默认-(DYWEB625273052985);【效期至25年6月】webbernaturals伟博500mg维生素C胶囊60粒-默认-(625273076622),26,14.683972474063264,Low,High sales volatility: 7-day rolling standard deviation = 14.68,HIGH_VOLATILITY
2025-03-02,	7077809856803225896;7110032684650660136,WebberNaturals伟博深海鱼油900mg高纯度Omega3 DHA/EPA鱼油200粒-默认-(DYWEB625273052985);【效期至25年6月】webbernaturals伟博500mg维生素C胶囊60粒-默认-(625273076622),48,14.915635771772871,Low,High sales volatility: 7-day rolling standard deviation = 14.92,HIGH_VOLATILITY
2025-03-03,	7077809856803225896;7110032684650660136,WebberNaturals伟博深海鱼油900mg高纯度Omega3 DHA/EPA鱼油200粒-默认-(DYWEB625273052985);【效期至25年6月】webbernaturals伟博500mg维生素C胶囊60粒-默认-(625273076622),20,18.142294704442907,Low,High sales volatility: 7-day rolling standard deviation = 18.14,HIGH_VOLATILITY
2025-03-04,	7077809856803225896;7110032684650660136,WebberNaturals伟博深海鱼油900mg高纯度Omega3 DHA/EPA鱼油200粒-默认-(DYWEB625273052985);【效期至25年6月】webbernaturals伟博500mg维生素C胶囊60粒-默认-(625273076622),66,17.037773161000658,Low,High sales volatility: 7-day rolling standard deviation = 17.04,HIGH_VOLATILITY
2025-03-05,	7077809856803225896;7110032684650660136,WebberNaturals伟博深海鱼油900mg高纯度Omega3 DHA/EPA鱼油200粒-默认-(DYWEB625273052985);【效期至25年6月】webbernaturals伟博500mg维生素C胶囊60粒-默认-(625273076622),24,20.812084401684928,Medium,High sales volatility: 7-day rolling standard deviation = 20.81,HIGH_VOLATILITY
2025-03-06,	7077809856803225896;7110032684650660136,WebberNaturals伟博深海鱼油900mg高纯度Omega3 DHA/EPA鱼油200粒-默认-(DYWEB625273052985);【效期至25年6月】webbernaturals伟博500mg维生素C胶囊60粒-默认-(625273076622),6,16.55006833535022,Low,High sales volatility: 7-day rolling standard deviation = 16.55,HIGH_VOLATILITY
2025-03-19,	7077809856803225896;7110032684650660136,WebberNaturals伟博深海鱼油900mg高纯度Omega3 DHA/EPA鱼油200粒-默认-(DYWEB625273052985);【效期至25年6月】webbernaturals伟博500mg维生素C胶囊60粒-默认-(625273076622),6,20.09501241128066,Medium,High sales volatility: 7-day rolling standard deviation = 20.1,HIGH_VOLATILITY
2024-12-26,	7081192833746780446,webbernaturals辅酶Q10天然发酵免疫软胶囊60粒/瓶100mg营养-默认-(DYWEB625273038552),6,10.295630140987,Low,High sales volatility: 7-day rolling standard deviation = 10.3,HIGH_VOLATILITY
2024-12-28,	7081192833746780446,webbernaturals辅酶Q10天然发酵免疫软胶囊60粒/瓶100mg营养-默认-(DYWEB625273038552),3,10.073539123673987,Low,High sales volatility: 7-day rolling standard deviation = 10.07,HIGH_VOLATILITY
2025-01-15,	7081192833746780446,【官方直播】加拿大伟博深海鱼油1390mg高纯度Omega3-两瓶装组合;webbernaturals辅酶Q10天然发酵免疫软胶囊60粒/瓶100mg营养-默认-(DYWEB625273038552),6,10.309496315810694,Low,High sales volatility: 7-day rolling standard deviation = 10.31,HIGH_VOLATILITY
2025-01-18,	7081192833746780446,webbernaturals辅酶Q10天然发酵免疫软胶囊60粒/瓶100mg营养-默认-(DYWEB625273038552),2,10.406042200842466,Low,High sales volatility: 7-day rolling standard deviation = 10.41,HIGH_VOLATILITY
2025-01-18,	7081192833746780446,【官方直播】加拿大伟博深海鱼油1390mg高纯度Omega3-两瓶装组合;webbernaturals辅酶Q10天然发酵免疫软胶囊60粒/瓶100mg营养-默认-(DYWEB625273038552),2,10.274795792200864,Low,High sales volatility: 7-day rolling standard deviation = 10.27,HIGH_VOLATILITY
2025-03-14,	7086274688812433667,Webber Naturals伟博胶原蛋白与神经酰胺生物活性胶原肽120片/瓶-默认-(DYWEB625273036695),4,34.99727880578037,High,High sales volatility: 7-day rolling standard deviation = 35.0,HIGH_VOLATILITY
2025-03-15,	7086274688812433667,Webber Naturals伟博胶原蛋白与神经酰胺生物活性胶原肽120片/瓶-默认-(DYWEB625273036695);Webber Naturals伟博天然进口小分子胶原蛋白多肽粉150g z-胶原蛋白多肽粉150g*3,3,34.77410092638047,High,High sales volatility: 7-day rolling standard deviation = 34.77,HIGH_VOLATILITY
2025-03-15,	7086274688812433667,Webber Naturals伟博胶原蛋白与神经酰胺生物活性胶原肽120片/瓶-默认-(DYWEB625273036695),10,35.113421663978876,High,High sales volatility: 7-day rolling standard deviation = 35.11,HIGH_VOLATILITY
2025-03-16,	7086274688812433667,Webber Naturals伟博胶原蛋白与神经酰胺生物活性胶原肽120片/瓶-默认-(DYWEB625273036695),5,34.80284607956791,High,High sales volatility: 7-day rolling standard deviation = 34.8,HIGH_VOLATILITY
2025-03-17,	7086274688812433667,Webber Naturals伟博胶原蛋白与神经酰胺生物活性胶原肽120片/瓶-默认-(DYWEB625273036695),48,34.736422493098615,High,High sales volatility: 7-day rolling standard deviation = 34.74,HIGH_VOLATILITY
2025-03-18,	7086274688812433667,Webber Naturals伟博胶原蛋白与神经酰胺生物活性胶原肽120片/瓶-默认-(DYWEB625273036695),10,35.92452405490473,High,High sales volatility: 7-day rolling standard deviation = 35.92,HIGH_VOLATILITY
2025-03-19,	7086274688812433667,Webber Naturals伟博胶原蛋白与神经酰胺生物活性胶原肽120片/瓶-默认-(DYWEB625273036695),7,35.32569549074387,High,High sales volatility: 7-day rolling standard deviation = 35.33,HIGH_VOLATILITY
2025-03-20,	7086274688812433667,Webber Naturals伟博胶原蛋白与神经酰胺生物活性胶原肽120片/瓶-默认-(DYWEB625273036695),16,15.925421426733033,Low,High sales volatility: 7-day rolling standard deviation = 15.93,HIGH_VOLATILITY
2025-03-21,	7086274688812433667,Webber Naturals伟博胶原蛋白与神经酰胺生物活性胶原肽120片/瓶-默认-(DYWEB625273036695),3,15.507294750413125,Low,High sales volatility: 7-day rolling standard deviation = 15.51,HIGH_VOLATILITY
2025-03-22,	7086274688812433667,Webber Naturals伟博胶原蛋白与神经酰胺生物活性胶原肽120片/瓶-默认-(DYWEB625273036695),3,15.507294750413125,Low,High sales volatility: 7-day rolling standard deviation = 15.51,HIGH_VOLATILITY
2025-03-23,	7086274688812433667,Webber Naturals伟博胶原蛋白与神经酰胺生物活性胶原肽120片/瓶-默认-(DYWEB625273036695),3,16.035674514745462,Low,High sales volatility: 7-day rolling standard deviation = 16.04,HIGH_VOLATILITY
2025-03-24,	7086274688812433667,Webber Naturals伟博胶原蛋白与神经酰胺生物活性胶原肽120片/瓶-默认-(DYWEB625273036695),28,16.221678616680123,Low,High sales volatility: 7-day rolling standard deviation = 16.22,HIGH_VOLATILITY
2025-01-02,	7124611154185519400,Webber naturals伟博深海鱼油500mgOmega3+D3青少年补脑 100粒/瓶-默认-(DYWEB625273090291),8,11.146214390459894,Low,High sales volatility: 7-day rolling standard deviation = 11.15,HIGH_VOLATILITY
2025-01-03,	7124611154185519400,Webber naturals伟博深海鱼油500mgOmega3+D3青少年补脑 100粒/瓶-默认-(DYWEB625273090291),20,10.745984853711198,Low,High sales volatility: 7-day rolling standard deviation = 10.75,HIGH_VOLATILITY
2025-01-04,	7124611154185519400,Webber naturals伟博深海鱼油500mgOmega3+D3青少年补脑 100粒/瓶-默认-(DYWEB625273090291),6,10.485818086939185,Low,High sales volatility: 7-day rolling standard deviation = 10.49,HIGH_VOLATILITY
2025-01-05,	7124611154185519400,Webber naturals伟博深海鱼油500mgOmega3+D3青少年补脑 100粒/瓶-默认-(DYWEB625273090291),24,10.237652260627131,Low,High sales volatility: 7-day rolling standard deviation = 10.24,HIGH_VOLATILITY
2025-01-05,	7124611154185519400,Webber naturals伟博深海鱼油500mgOmega3+D3青少年补脑 100粒/瓶-默认-(DYWEB625273090291); webber naturals进口儿童鱼油高脑力DHA软胶囊120粒z-儿童鱼油高脑力DHA软胶囊120粒*1,2,10.847426730181986,Low,High sales volatility: 7-day rolling standard deviation = 10.85,HIGH_VOLATILITY
2025-01-06,	7124611154185519400,Webber naturals伟博深海鱼油500mgOmega3+D3青少年补脑 100粒/瓶-默认-(DYWEB625273090291),3,11.838194843085542,Low,High sales volatility: 7-day rolling standard deviation = 11.84,HIGH_VOLATILITY
2025-01-07,	7124611154185519400,Webber naturals伟博深海鱼油500mgOmega3+D3青少年补脑 100粒/瓶-默认-(DYWEB625273090291),7,11.982129550769704,Low,High sales volatility: 7-day rolling standard deviation = 11.98,HIGH_VOLATILITY
2025-02-18,	7124611154185519400,Webber naturals伟博深海鱼油500mgOmega3+D3青少年补脑 100粒/瓶-默认-(DYWEB625273090291),6,15.33902585843424,Low,High sales volatility: 7-day rolling standard deviation = 15.34,HIGH_VOLATILITY
2025-02-19,	7124611154185519400,Webber naturals伟博深海鱼油500mgOmega3+D3青少年补脑 100粒/瓶-默认-(DYWEB625273090291),5,14.993649449334335,Low,High sales volatility: 7-day rolling standard deviation = 14.99,HIGH_VOLATILITY
2025-02-20,	7124611154185519400,Webber naturals伟博深海鱼油500mgOmega3+D3青少年补脑 100粒/瓶-默认-(DYWEB625273090291),9,15.126451130702264,Low,High sales volatility: 7-day rolling standard deviation = 15.13,HIGH_VOLATILITY
2025-02-21,	7124611154185519400,Webber naturals伟博深海鱼油500mgOmega3+D3青少年补脑 100粒/瓶-默认-(DYWEB625273090291),9,15.088627063675034,Low,High sales volatility: 7-day rolling standard deviation = 15.09,HIGH_VOLATILITY
2025-02-22,	7124611154185519400,Webber naturals伟博深海鱼油500mgOmega3+D3青少年补脑 100粒/瓶-默认-(DYWEB625273090291),6,14.761597539045763,Low,High sales volatility: 7-day rolling standard deviation = 14.76,HIGH_VOLATILITY
2025-02-23,	7124611154185519400,Webber naturals伟博深海鱼油500mgOmega3+D3青少年补脑 100粒/瓶-默认-(DYWEB625273090291),4,14.761597539045763,Low,High sales volatility: 7-day rolling standard deviation = 14.76,HIGH_VOLATILITY
2025-02-24,	7124611154185519400,Webber naturals伟博深海鱼油500mgOmega3+D3青少年补脑 100粒/瓶-默认-(DYWEB625273090291),5,15.049125904058032,Low,High sales volatility: 7-day rolling standard deviation = 15.05,HIGH_VOLATILITY
2025-02-27,	7124611154185519400,Webber naturals伟博深海鱼油500mgOmega3+D3青少年补脑 100粒/瓶-默认-(DYWEB625273090291),24,13.801311186847084,Low,High sales volatility: 7-day rolling standard deviation = 13.8,HIGH_VOLATILITY
2025-02-28,	7124611154185519400,Webber naturals伟博深海鱼油500mgOmega3+D3青少年补脑 100粒/瓶-默认-(DYWEB625273090291),5,14.556948921555021,Low,High sales volatility: 7-day rolling standard deviation = 14.56,HIGH_VOLATILITY
2025-03-01,	7124611154185519400,Webber naturals伟博深海鱼油500mgOmega3+D3青少年补脑 100粒/瓶-默认-(DYWEB625273090291),6,14.829186151126498,Low,High sales volatility: 7-day rolling standard deviation = 14.83,HIGH_VOLATILITY
2025-03-02,	7124611154185519400,Webber naturals伟博深海鱼油500mgOmega3+D3青少年补脑 100粒/瓶-默认-(DYWEB625273090291),1,14.829186151126498,Low,High sales volatility: 7-day rolling standard deviation = 14.83,HIGH_VOLATILITY
2025-03-06,	7124611154185519400,Webber naturals伟博深海鱼油500mgOmega3+D3青少年补脑 100粒/瓶-默认-(DYWEB625273090291),1,15.162610655977483,Low,High sales volatility: 7-day rolling standard deviation = 15.16,HIGH_VOLATILITY
2025-03-07,	7124611154185519400,Webber naturals伟博深海鱼油500mgOmega3+D3青少年补脑 100粒/瓶-默认-(DYWEB625273090291),1,15.553287816560262,Low,High sales volatility: 7-day rolling standard deviation = 15.55,HIGH_VOLATILITY
2025-03-08,	7124611154185519400,Webber naturals伟博深海鱼油500mgOmega3+D3青少年补脑 100粒/瓶-默认-(DYWEB625273090291),9,15.75708457442919,Low,High sales volatility: 7-day rolling standard deviation = 15.76,HIGH_VOLATILITY
2025-07-23,	7124611154185519400,Webber naturals伟博深海鱼油500mgOmega3+D3青少年补脑 100粒/瓶-默认-(DYWEB625273090291),4,11.787806452108931,Low,High sales volatility: 7-day rolling standard deviation = 11.79,HIGH_VOLATILITY
2025-07-23,	7124611154185519400,WEBBER NATURALS500mg Omega-3深海鱼油添加D3青少年鱼油100粒/瓶-默认-(DYWEB625273090291),2,11.653734328940393,Low,High sales volatility: 7-day rolling standard deviation = 11.65,HIGH_VOLATILITY
2025-07-25,	7124611154185519400,WEBBER NATURALS500mg Omega-3深海鱼油添加D3青少年鱼油100粒/瓶-默认-(DYWEB625273090291),13,11.856282240712245,Low,High sales volatility: 7-day rolling standard deviation = 11.86,HIGH_VOLATILITY
2025-07-27,	7124611154185519400,WEBBER NATURALS500mg Omega-3深海鱼油添加D3青少年鱼油100粒/瓶-默认-(DYWEB625273090291),10,11.856282240712245,Low,High sales volatility: 7-day rolling standard deviation = 11.86,HIGH_VOLATILITY
2025-07-28,	7124611154185519400,WEBBER NATURALS500mg Omega-3深海鱼油添加D3青少年鱼油100粒/瓶-默认-(DYWEB625273090291),12,11.357816691600547,Low,High sales volatility: 7-day rolling standard deviation = 11.36,HIGH_VOLATILITY
2025-07-29,	7124611154185519400,WEBBER NATURALS500mg Omega-3深海鱼油添加D3青少年鱼油100粒/瓶-默认-(DYWEB625273090291),2,11.150485789118488,Low,High sales volatility: 7-day rolling standard deviation = 11.15,HIGH_VOLATILITY
2025-07-30,	7124611154185519400,WEBBER NATURALS500mg Omega-3深海鱼油添加D3青少年鱼油100粒/瓶-默认-(DYWEB625273090291),4,11.150485789118488,Low,High sales volatility: 7-day rolling standard deviation = 11.15,HIGH_VOLATILITY
2025-09-15,	7124611154185519400,WEBBER NATURALS500mg Omega-3深海鱼油添加D3青少年鱼油100粒/瓶-默认-(DYWEB625273090291),28,29.0656072327678,Medium,High sales volatility: 7-day rolling standard deviation = 29.07,HIGH_VOLATILITY
2025-09-16,	7124611154185519400,WEBBER NATURALS500mg Omega-3深海鱼油添加D3青少年鱼油100粒/瓶-默认-(DYWEB625273090291),55,28.977002375447096,Medium,High sales volatility: 7-day rolling standard deviation = 28.98,HIGH_VOLATILITY
2025-09-17,	7124611154185519400,WEBBER NATURALS500mg Omega-3深海鱼油添加D3青少年鱼油100粒/瓶-默认-(DYWEB625273090291),14,31.468048799347176,High,High sales volatility: 7-day rolling standard deviation = 31.47,HIGH_VOLATILITY
2025-09-18,	7124611154185519400,WEBBER NATURALS500mg Omega-3深海鱼油添加D3青少年鱼油100粒/瓶-默认-(DYWEB625273090291),20,30.487311958849215,High,High sales volatility: 7-day rolling standard deviation = 30.49,HIGH_VOLATILITY
2025-09-19,	7124611154185519400,WEBBER NATURALS500mg Omega-3深海鱼油添加D3青少年鱼油100粒/瓶-默认-(DYWEB625273090291),1,29.00410479980541,Medium,High sales volatility: 7-day rolling standard deviation = 29.0,HIGH_VOLATILITY
2025-09-23,	7124611154185519400,WEBBER NATURALS500mg Omega-3深海鱼油添加D3青少年鱼油100粒/瓶-默认-(DYWEB625273090291),2,29.00410479980541,Medium,High sales volatility: 7-day rolling standard deviation = 29.0,HIGH_VOLATILITY
2025-09-26,	7124611154185519400,WEBBER NATURALS500mg Omega-3深海鱼油添加D3青少年鱼油100粒/瓶-默认-(DYWEB625273090291),1,28.849362458912577,Medium,High sales volatility: 7-day rolling standard deviation = 28.85,HIGH_VOLATILITY
2025-10-01,	7124611154185519400,WEBBER NATURALS500mg Omega-3深海鱼油添加D3青少年鱼油100粒/瓶-默认-(DYWEB625273090291),1,19.66141980049835,Low,High sales volatility: 7-day rolling standard deviation = 19.66,HIGH_VOLATILITY
2025-10-04,	7124611154185519400,WEBBER NATURALS500mg Omega-3深海鱼油添加D3青少年鱼油100粒/瓶-默认-(DYWEB625273090291),3,19.85662897587892,Low,High sales volatility: 7-day rolling standard deviation = 19.86,HIGH_VOLATILITY
2024-12-30,	7142731245833732390,伟博天然进口儿童鱼油高脑力DHA软胶囊120粒/瓶-默认-(DYWEB625273090185),1,10.614455552060438,Low,High sales volatility: 7-day rolling standard deviation = 10.61,HIGH_VOLATILITY
2024-12-31,	7142731245833732390, webber naturals进口儿童鱼油高脑力DHA软胶囊120粒/瓶-默认-(DYWEB625273090185),26,10.431180365113232,Low,High sales volatility: 7-day rolling standard deviation = 10.43,HIGH_VOLATILITY
2025-01-09,	7142731245833732390,webbernaturals进口儿童鱼油欧米伽3高DHA爆浆深海鱼油120粒 1岁+-默认-(DYWEB625273090185),3,32.65986323710904,High,High sales volatility: 7-day rolling standard deviation = 32.66,HIGH_VOLATILITY
2025-01-10,	7142731245833732390, webber naturals进口儿童鱼油高脑力DHA软胶囊120粒/瓶-默认-(DYWEB625273090185),20,32.4844285041017,High,High sales volatility: 7-day rolling standard deviation = 32.48,HIGH_VOLATILITY
2025-01-10,	7142731245833732390,webbernaturals进口儿童鱼油欧米伽3高DHA爆浆深海鱼油120粒 1岁+-默认-(DYWEB625273090185),6,31.58812314477585,High,High sales volatility: 7-day rolling standard deviation = 31.59,HIGH_VOLATILITY
2025-01-11,	7142731245833732390,webbernaturals进口儿童鱼油欧米伽3高DHA爆浆深海鱼油120粒 1岁+-默认-(DYWEB625273090185),11,31.09049770619711,High,High sales volatility: 7-day rolling standard deviation = 31.09,HIGH_VOLATILITY
2025-01-11,	7142731245833732390,伟博天然进口儿童鱼油高脑力DHA软胶囊120粒/瓶-默认-(DYWEB625273090185),1,31.33080030288163,High,High sales volatility: 7-day rolling standard deviation = 31.33,HIGH_VOLATILITY
2025-01-12,	7142731245833732390,webbernaturals进口儿童鱼油欧米伽3高DHA爆浆深海鱼油120粒 1岁+-默认-(DYWEB625273090185),7,31.33080030288163,High,High sales volatility: 7-day rolling standard deviation = 31.33,HIGH_VOLATILITY
2025-01-13,	7142731245833732390,webbernaturals进口儿童鱼油欧米伽3高DHA爆浆深海鱼油120粒 1岁+-默认-(DYWEB625273090185),4,31.61072753414725,High,High sales volatility: 7-day rolling standard deviation = 31.61,HIGH_VOLATILITY
2025-03-21,	7142731245833732390,WebberNaturals进口儿童鱼油欧米伽3高DHA爆浆深海鱼油120粒 1岁+-默认-(DYWEB625273090185),27,11.484979839109945,Low,High sales volatility: 7-day rolling standard deviation = 11.48,HIGH_VOLATILITY
2025-03-22,	7142731245833732390,WebberNaturals进口儿童鱼油欧米伽3高DHA爆浆深海鱼油120粒 1岁+-默认-(DYWEB625273090185),7,12.231886511043488,Low,High sales volatility: 7-day rolling standard deviation = 12.23,HIGH_VOLATILITY
2025-03-23,	7142731245833732390,WebberNaturals进口儿童鱼油欧米伽3高DHA爆浆深海鱼油120粒 1岁+-默认-(DYWEB625273090185),13,12.752217360876799,Low,High sales volatility: 7-day rolling standard deviation = 12.75,HIGH_VOLATILITY
2025-03-24,	7142731245833732390,WebberNaturals进口儿童鱼油欧米伽3高DHA爆浆深海鱼油120粒 1岁+-默认-(DYWEB625273090185),27,11.176079898817918,Low,High sales volatility: 7-day rolling standard deviation = 11.18,HIGH_VOLATILITY
2025-03-25,	7142731245833732390,WebberNaturals进口儿童鱼油欧米伽3高DHA爆浆深海鱼油120粒 1岁+-默认-(DYWEB625273090185),11,11.311603818750944,Low,High sales volatility: 7-day rolling standard deviation = 11.31,HIGH_VOLATILITY
2025-03-26,	7142731245833732390,WebberNaturals进口儿童鱼油欧米伽3高DHA爆浆深海鱼油120粒 1岁+-默认-(DYWEB625273090185),34,11.57172251243357,Low,High sales volatility: 7-day rolling standard deviation = 11.57,HIGH_VOLATILITY
2025-03-27,	7142731245833732390, webber naturals伟博天然进口儿童鱼油高脑力DHA软胶囊120粒 d-默认-(DYWEB625273090185),1,10.799029938797634,Low,High sales volatility: 7-day rolling standard deviation = 10.8,HIGH_VOLATILITY
2025-03-27,	7142731245833732390,伟博天然进口儿童鱼油高脑力DHA软胶囊120粒/瓶-默认-(DYWEB625273090185),1,12.226045578035054,Low,High sales volatility: 7-day rolling standard deviation = 12.23,HIGH_VOLATILITY
2025-03-27,	7142731245833732390,WebberNaturals进口儿童鱼油欧米伽3高DHA爆浆深海鱼油120粒 1岁+-默认-(DYWEB625273090185),14,12.67355702315051,Low,High sales volatility: 7-day rolling standard deviation = 12.67,HIGH_VOLATILITY
2025-03-28,	7142731245833732390,WebberNaturals进口儿童鱼油欧米伽3高DHA爆浆深海鱼油120粒 1岁+-默认-(DYWEB625273090185),21,12.353908192108586,Low,High sales volatility: 7-day rolling standard deviation = 12.35,HIGH_VOLATILITY
2025-03-29,	7142731245833732390,WebberNaturals进口儿童鱼油欧米伽3高DHA爆浆深海鱼油120粒 1岁+-默认-(DYWEB625273090185),44,12.567910763224766,Low,High sales volatility: 7-day rolling standard deviation = 12.57,HIGH_VOLATILITY
2025-03-30,	7142731245833732390,WebberNaturals进口儿童鱼油欧米伽3高DHA爆浆深海鱼油120粒 1岁+-默认-(DYWEB625273090185),5,16.24807680927192,Low,High sales volatility: 7-day rolling standard deviation = 16.25,HIGH_VOLATILITY
2025-03-31,	7142731245833732390,WebberNaturals进口儿童鱼油欧米伽3高DHA爆浆深海鱼油120粒 1岁+-默认-(DYWEB625273090185),28,16.826849293401814,Low,High sales volatility: 7-day rolling standard deviation = 16.83,HIGH_VOLATILITY
2025-04-01,	7142731245833732390,WebberNaturals进口儿童鱼油欧米伽3高DHA爆浆深海鱼油120粒 1岁+-默认-(DYWEB625273090185),39,15.95529468770253,Low,High sales volatility: 7-day rolling standard deviation = 15.96,HIGH_VOLATILITY
2025-04-02,	7142731245833732390,WebberNaturals进口儿童鱼油欧米伽3高DHA爆浆深海鱼油120粒 1岁+-默认-(DYWEB625273090185),33,16.34741861084175,Low,High sales volatility: 7-day rolling standard deviation = 16.35,HIGH_VOLATILITY
2025-04-03,	7142731245833732390,WebberNaturals进口儿童鱼油欧米伽3高DHA爆浆深海鱼油120粒 1岁+-默认-(DYWEB625273090185),38,13.877010793806733,Low,High sales volatility: 7-day rolling standard deviation = 13.88,HIGH_VOLATILITY
2025-04-04,	7142731245833732390,WebberNaturals进口儿童鱼油欧米伽3高DHA爆浆深海鱼油120粒 1岁+-默认-(DYWEB625273090185),22,13.288018233409698,Low,High sales volatility: 7-day rolling standard deviation = 13.29,HIGH_VOLATILITY
2025-04-04,	7142731245833732390,伟博天然进口儿童鱼油高脑力DHA软胶囊120粒/瓶-默认-(DYWEB625273090185),1,13.18368399991155,Low,High sales volatility: 7-day rolling standard deviation = 13.18,HIGH_VOLATILITY
2025-04-05,	7142731245833732390,WebberNaturals进口儿童鱼油欧米伽3高DHA爆浆深海鱼油120粒 1岁+-默认-(DYWEB625273090185),30,15.33747356112131,Low,High sales volatility: 7-day rolling standard deviation = 15.34,HIGH_VOLATILITY
2025-04-06,	7142731245833732390,WebberNaturals进口儿童鱼油欧米伽3高DHA爆浆深海鱼油120粒 1岁+-默认-(DYWEB625273090185),49,12.983506020002014,Low,High sales volatility: 7-day rolling standard deviation = 12.98,HIGH_VOLATILITY
2025-04-07,	7142731245833732390,WebberNaturals进口儿童鱼油欧米伽3高DHA爆浆深海鱼油120粒 1岁+-默认-(DYWEB625273090185),24,15.380878667079738,Low,High sales volatility: 7-day rolling standard deviation = 15.38,HIGH_VOLATILITY
2025-04-08,	7142731245833732390,WebberNaturals进口儿童鱼油欧米伽3高DHA爆浆深海鱼油120粒 1岁+-默认-(DYWEB625273090185),19,15.004761149143865,Low,High sales volatility: 7-day rolling standard deviation = 15.0,HIGH_VOLATILITY
2025-04-09,	7142731245833732390,WebberNaturals进口儿童鱼油欧米伽3高DHA爆浆深海鱼油120粒 1岁+-默认-(DYWEB625273090185),11,15.181442305531792,Low,High sales volatility: 7-day rolling standard deviation = 15.18,HIGH_VOLATILITY
2025-04-10,	7142731245833732390,WebberNaturals进口儿童鱼油欧米伽3高DHA爆浆深海鱼油120粒 1岁+-默认-(DYWEB625273090185),43,15.096514892675128,Low,High sales volatility: 7-day rolling standard deviation = 15.1,HIGH_VOLATILITY
2025-04-11,	7142731245833732390,WebberNaturals进口儿童鱼油欧米伽3高DHA爆浆深海鱼油120粒 1岁+-默认-(DYWEB625273090185),53,16.997198648740973,Low,High sales volatility: 7-day rolling standard deviation = 17.0,HIGH_VOLATILITY
2025-04-12,	7142731245833732390,WebberNaturals进口儿童鱼油欧米伽3高DHA爆浆深海鱼油120粒 1岁+-默认-(DYWEB625273090185),25,15.94484541280019,Low,High sales volatility: 7-day rolling standard deviation = 15.94,HIGH_VOLATILITY
2025-04-13,	7142731245833732390,WebberNaturals进口儿童鱼油欧米伽3高DHA爆浆深海鱼油120粒 1岁+-默认-(DYWEB625273090185),29,16.19670748434179,Low,High sales volatility: 7-day rolling standard deviation = 16.2,HIGH_VOLATILITY
2025-04-13,	7142731245833732390,伟博天然进口儿童鱼油高脑力DHA软胶囊120粒/瓶-默认-(DYWEB625273090185),2,14.357675896288269,Low,High sales volatility: 7-day rolling standard deviation = 14.36,HIGH_VOLATILITY
2025-04-14,	7142731245833732390,WebberNaturals进口儿童鱼油欧米伽3高DHA爆浆深海鱼油120粒 1岁+-默认-(DYWEB625273090185),28,17.69180601295413,Low,High sales volatility: 7-day rolling standard deviation = 17.69,HIGH_VOLATILITY
2025-04-15,	7142731245833732390,WebberNaturals进口儿童鱼油欧米伽3高DHA爆浆深海鱼油120粒 1岁+-默认-(DYWEB625273090185),25,17.42330131092924,Low,High sales volatility: 7-day rolling standard deviation = 17.42,HIGH_VOLATILITY
2025-04-16,	7142731245833732390,WebberNaturals进口儿童鱼油欧米伽3高DHA爆浆深海鱼油120粒 1岁+-默认-(DYWEB625273090185),22,15.986601532890866,Low,High sales volatility: 7-day rolling standard deviation = 15.99,HIGH_VOLATILITY
2025-04-17,	7142731245833732390,WebberNaturals进口儿童鱼油欧米伽3高DHA爆浆深海鱼油120粒 1岁+-默认-(DYWEB625273090185),16,14.918827989203058,Low,High sales volatility: 7-day rolling standard deviation = 14.92,HIGH_VOLATILITY
2025-04-19,	7142731245833732390,WebberNaturals进口儿童鱼油欧米伽3高DHA爆浆深海鱼油120粒 1岁+-默认-(DYWEB625273090185),8,12.106668764421887,Low,High sales volatility: 7-day rolling standard deviation = 12.11,HIGH_VOLATILITY
2025-04-20,	7142731245833732390,WebberNaturals进口儿童鱼油欧米伽3高DHA爆浆深海鱼油120粒 1岁+-默认-(DYWEB625273090185),36,13.021959475110824,Low,High sales volatility: 7-day rolling standard deviation = 13.02,HIGH_VOLATILITY
2025-04-21,	7142731245833732390,WebberNaturals进口儿童鱼油欧米伽3高DHA爆浆深海鱼油120粒 1岁+-默认-(DYWEB625273090185),29,11.290535437975937,Low,High sales volatility: 7-day rolling standard deviation = 11.29,HIGH_VOLATILITY
2025-04-22,	7142731245833732390,WebberNaturals进口儿童鱼油欧米伽3高DHA爆浆深海鱼油120粒 1岁+-默认-(DYWEB625273090185),29,11.338934190276817,Low,High sales volatility: 7-day rolling standard deviation = 11.34,HIGH_VOLATILITY
2025-04-23,	7142731245833732390,WebberNaturals进口儿童鱼油欧米伽3高DHA爆浆深海鱼油120粒 1岁+-默认-(DYWEB625273090185),15,11.422617496711972,Low,High sales volatility: 7-day rolling standard deviation = 11.42,HIGH_VOLATILITY
2025-04-24,	7142731245833732390,WebberNaturals进口儿童鱼油欧米伽3高DHA爆浆深海鱼油120粒 1岁+-默认-(DYWEB625273090185),12,12.102734834581417,Low,High sales volatility: 7-day rolling standard deviation = 12.1,HIGH_VOLATILITY
2025-04-25,	7142731245833732390,WebberNaturals进口儿童鱼油欧米伽3高DHA爆浆深海鱼油120粒 1岁+-默认-(DYWEB625273090185),31,12.671678206592391,Low,High sales volatility: 7-day rolling standard deviation = 12.67,HIGH_VOLATILITY
2025-04-26,	7142731245833732390,WebberNaturals进口儿童鱼油欧米伽3高DHA爆浆深海鱼油120粒 1岁+-默认-(DYWEB625273090185),28,10.915257997081753,Low,High sales volatility: 7-day rolling standard deviation = 10.92,HIGH_VOLATILITY
2025-05-01,	7142731245833732390,WebberNaturals进口儿童鱼油欧米伽3高DHA爆浆深海鱼油120粒 1岁+-默认-(DYWEB625273090185),83,30.761757334159476,High,High sales volatility: 7-day rolling standard deviation = 30.76,HIGH_VOLATILITY
2025-05-02,	7142731245833732390,WebberNaturals进口儿童鱼油欧米伽3高DHA爆浆深海鱼油120粒 1岁+-默认-(DYWEB625273090185),16,34.687722543258666,High,High sales volatility: 7-day rolling standard deviation = 34.69,HIGH_VOLATILITY
2025-05-03,	7142731245833732390,WebberNaturals进口儿童鱼油欧米伽3高DHA爆浆深海鱼油120粒 1岁+-默认-(DYWEB625273090185),26,35.90198296685548,High,High sales volatility: 7-day rolling standard deviation = 35.9,HIGH_VOLATILITY
2025-05-04,	7142731245833732390,WebberNaturals进口儿童鱼油欧米伽3高DHA爆浆深海鱼油120粒 1岁+-默认-(DYWEB625273090185),25,36.017191662289484,High,High sales volatility: 7-day rolling standard deviation = 36.02,HIGH_VOLATILITY
2025-05-05,	7142731245833732390,WebberNaturals进口儿童鱼油欧米伽3高DHA爆浆深海鱼油120粒 1岁+-默认-(DYWEB625273090185),22,34.68634972352751,High,High sales volatility: 7-day rolling standard deviation = 34.69,HIGH_VOLATILITY
2025-05-06,	7142731245833732390,WebberNaturals进口儿童鱼油欧米伽3高DHA爆浆深海鱼油120粒 1岁+-默认-(DYWEB625273090185),8,33.76247564834016,High,High sales volatility: 7-day rolling standard deviation = 33.76,HIGH_VOLATILITY
2025-07-03,	7142731245833732390,WebberNaturals进口儿童鱼油欧米伽3高DHA爆浆深海鱼油120粒 1岁+-默认-(DYWEB625273090185),2,35.76510669832899,High,High sales volatility: 7-day rolling standard deviation = 35.77,HIGH_VOLATILITY
2025-07-04,	7142731245833732390,WebberNaturals进口儿童鱼油欧米伽3高DHA爆浆深海鱼油120粒 1岁+-默认-(DYWEB625273090185),1,26.664583251946766,Medium,High sales volatility: 7-day rolling standard deviation = 26.66,HIGH_VOLATILITY
2025-07-05,	7142731245833732390,WebberNaturals进口儿童鱼油欧米伽3高DHA爆浆深海鱼油120粒 1岁+-默认-(DYWEB625273090185),3,10.656989658033293,Low,High sales volatility: 7-day rolling standard deviation = 10.66,HIGH_VOLATILITY
2025-07-05,	7142731245833732390,【子豪专属】WebberNaturals进口儿童鱼油欧米伽3高DHA爆浆深海鱼油120粒 1岁+-默认-(DYWEB625273090185),1,11.414276774536102,Low,High sales volatility: 7-day rolling standard deviation = 11.41,HIGH_VOLATILITY
2025-07-06,	7142731245833732390,WebberNaturals进口儿童鱼油欧米伽3高DHA爆浆深海鱼油120粒 1岁+-默认-(DYWEB625273090185),3,10.318730080595698,Low,High sales volatility: 7-day rolling standard deviation = 10.32,HIGH_VOLATILITY
2025-08-23,	7144930821143691527,WEBBER NATURALS南非醉茄KSM66 3600mg降低皮质醇缓压促睡眠120粒-默认-(DYWEB625273052640),22,11.103410029613167,Low,High sales volatility: 7-day rolling standard deviation = 11.1,HIGH_VOLATILITY
2025-08-24,	7144930821143691527,WEBBER NATURALS南非醉茄KSM66 3600mg降低皮质醇缓压促睡眠120粒-默认-(DYWEB625273052640),14,10.596495377515827,Low,High sales volatility: 7-day rolling standard deviation = 10.6,HIGH_VOLATILITY
2025-08-25,	7144930821143691527,WEBBER NATURALS南非醉茄KSM66 3600mg降低皮质醇缓压促睡眠120粒-默认-(DYWEB625273052640),25,10.542431272854339,Low,High sales volatility: 7-day rolling standard deviation = 10.54,HIGH_VOLATILITY
2025-08-25,	7144930821143691527,WEBBER NATURALS南非醉茄KSM66 3600mg降低皮质醇缓压促睡眠120粒-默认-(DYWEB625273052640),1,11.220729116450585,Low,High sales volatility: 7-day rolling standard deviation = 11.22,HIGH_VOLATILITY
2025-08-26,	7144930821143691527,WEBBER NATURALS南非醉茄KSM66 3600mg降低皮质醇缓压促睡眠120粒-默认-(DYWEB625273052640),21,11.220729116450585,Low,High sales volatility: 7-day rolling standard deviation = 11.22,HIGH_VOLATILITY
2025-08-29,	7144930821143691527,WEBBER NATURALS南非醉茄KSM66 3600mg降低皮质醇缓压促睡眠120粒-默认-(DYWEB625273052640),17,10.531132982958761,Low,High sales volatility: 7-day rolling standard deviation = 10.53,HIGH_VOLATILITY
2025-09-06,	7144930821143691527,WEBBER NATURALS南非醉茄KSM66 3600mg降低皮质醇缓压促睡眠120粒-默认-(DYWEB625273052640),31,14.772883782054716,Low,High sales volatility: 7-day rolling standard deviation = 14.77,HIGH_VOLATILITY
2025-09-06,	7144930821143691527,WEBBER NATURALS南非醉茄KSM66 3600mg降低皮质醇缓压促睡眠120粒-默认-(DYWEB625273052640),3,15.734402707806503,Low,High sales volatility: 7-day rolling standard deviation = 15.73,HIGH_VOLATILITY
2025-09-07,	7144930821143691527,WEBBER NATURALS南非醉茄KSM66 3600mg降低皮质醇缓压促睡眠120粒-默认-(DYWEB625273052640),23,16.79710859472121,Low,High sales volatility: 7-day rolling standard deviation = 16.8,HIGH_VOLATILITY
2025-09-07,	7144930821143691527,伟博天然进口VB番茄红素锌硒钙水果多酚55+男士全营养素 30粒z-1瓶装-(625273079968*1);WEBBER NATURALS南非醉茄KSM66 3600mg降低皮质醇缓压促睡眠120粒-默认-(DYWEB625273052640),2,15.261217576090116,Low,High sales volatility: 7-day rolling standard deviation = 15.26,HIGH_VOLATILITY
2025-09-08,	7144930821143691527,WEBBER NATURALS南非醉茄KSM66 3600mg降低皮质醇缓压促睡眠120粒-默认-(DYWEB625273052640),15,16.731777578977702,Low,High sales volatility: 7-day rolling standard deviation = 16.73,HIGH_VOLATILITY
2025-09-09,	7144930821143691527,WEBBER NATURALS南非醉茄KSM66 3600mg降低皮质醇缓压促睡眠120粒-默认-(DYWEB625273052640),19,16.316804075495153,Low,High sales volatility: 7-day rolling standard deviation = 16.32,HIGH_VOLATILITY
2025-09-10,	7144930821143691527,WEBBER NATURALS南非醉茄KSM66 3600mg降低皮质醇缓压促睡眠120粒-默认-(DYWEB625273052640),27,16.087558043703332,Low,High sales volatility: 7-day rolling standard deviation = 16.09,HIGH_VOLATILITY
2025-09-11,	7144930821143691527,WEBBER NATURALS南非醉茄KSM66 3600mg降低皮质醇缓压促睡眠120粒-默认-(DYWEB625273052640),17,11.260973484096471,Low,High sales volatility: 7-day rolling standard deviation = 11.26,HIGH_VOLATILITY
2025-04-10,	7146569951686672673,伟博精粹金CO2提纯1100mg4倍含量omega3成人心脑欧米伽3鱼油120粒-默认-(DYWEB625273090086),27,12.489995996796797,Low,High sales volatility: 7-day rolling standard deviation = 12.49,HIGH_VOLATILITY
2025-04-11,	7146569951686672673,伟博精粹金CO2提纯1100mg4倍含量omega3成人心脑欧米伽3鱼油120粒-默认-(DYWEB625273090086),24,13.262909254939578,Low,High sales volatility: 7-day rolling standard deviation = 13.26,HIGH_VOLATILITY
2025-04-12,	7146569951686672673,伟博精粹金CO2提纯1100mg4倍含量omega3成人心脑欧米伽3鱼油120粒-默认-(DYWEB625273090086),13,12.447987024108796,Low,High sales volatility: 7-day rolling standard deviation = 12.45,HIGH_VOLATILITY
2025-04-13,	7146569951686672673,伟博精粹金CO2提纯1100mg4倍含量omega3成人心脑欧米伽3鱼油120粒-默认-(DYWEB625273090086),15,11.870331162388094,Low,High sales volatility: 7-day rolling standard deviation = 11.87,HIGH_VOLATILITY
2025-04-14,	7146569951686672673,伟博精粹金CO2提纯1100mg4倍含量omega3成人心脑欧米伽3鱼油120粒-默认-(DYWEB625273090086),15,11.898379241368488,Low,High sales volatility: 7-day rolling standard deviation = 11.9,HIGH_VOLATILITY
2025-08-28,	7146569951686672673,WEBBER NATURALS高纯度深海鱼油omega3欧米伽3成人健身鱼油120粒-默认-(DYWEB625273090086),7,32.020826556060875,High,High sales volatility: 7-day rolling standard deviation = 32.02,HIGH_VOLATILITY
2025-08-29,	7146569951686672673,【徐冬冬专属】WEBBER NATURALS高纯度深海鱼油omega3欧米伽3成人健身鱼油120粒D-默认-(DYWEB625273090086),42,31.630304938084148,High,High sales volatility: 7-day rolling standard deviation = 31.63,HIGH_VOLATILITY
2025-08-29,	7146569951686672673,WEBBER NATURALS高纯度深海鱼油omega3欧米伽3成人健身鱼油120粒-默认-(DYWEB625273090086),18,31.998511870159867,High,High sales volatility: 7-day rolling standard deviation = 32.0,HIGH_VOLATILITY
2025-08-29,	7146569951686672673,【董先生专属】WEBBER NATURALS高纯度深海鱼油omega3欧米伽3成人健身鱼油120粒-默认-(DYWEB625273090086),1,31.743015729748294,High,High sales volatility: 7-day rolling standard deviation = 31.74,HIGH_VOLATILITY
2025-08-30,	7146569951686672673,【徐冬冬专属】WEBBER NATURALS高纯度深海鱼油omega3欧米伽3成人健身鱼油120粒D-默认-(DYWEB625273090086),4,31.85831729631025,High,High sales volatility: 7-day rolling standard deviation = 31.86,HIGH_VOLATILITY
2025-08-30,	7146569951686672673,【董先生专属】WEBBER NATURALS高纯度深海鱼油omega3欧米伽3成人健身鱼油120粒-默认-(DYWEB625273090086),1,32.13513134665341,High,High sales volatility: 7-day rolling standard deviation = 32.14,HIGH_VOLATILITY
2025-08-30,	7146569951686672673,WEBBER NATURALS高纯度深海鱼油omega3欧米伽3成人健身鱼油120粒-默认-(DYWEB625273090086),8,32.13513134665341,High,High sales volatility: 7-day rolling standard deviation = 32.14,HIGH_VOLATILITY
2025-08-31,	7146569951686672673,WEBBER NATURALS高纯度深海鱼油omega3欧米伽3成人健身鱼油120粒-默认-(DYWEB625273090086),9,14.615712354142977,Low,High sales volatility: 7-day rolling standard deviation = 14.62,HIGH_VOLATILITY
2025-08-31,	7146569951686672673,【董先生专属】WEBBER NATURALS高纯度深海鱼油omega3欧米伽3成人健身鱼油120粒-默认-(DYWEB625273090086),3,14.53075555994447,Low,High sales volatility: 7-day rolling standard deviation = 14.53,HIGH_VOLATILITY
2025-09-01,	7146569951686672673,WEBBER NATURALS高纯度深海鱼油omega3欧米伽3成人健身鱼油120粒-默认-(DYWEB625273090086),11,13.65911521920174,Low,High sales volatility: 7-day rolling standard deviation = 13.66,HIGH_VOLATILITY
2025-09-01,	7146569951686672673,【董先生专属】WEBBER NATURALS高纯度深海鱼油omega3欧米伽3成人健身鱼油120粒-默认-(DYWEB625273090086),15,13.425278218275226,Low,High sales volatility: 7-day rolling standard deviation = 13.43,HIGH_VOLATILITY
2025-09-02,	7146569951686672673,WEBBER NATURALS高纯度深海鱼油omega3欧米伽3成人健身鱼油120粒-默认-(DYWEB625273090086),11,12.763414978161679,Low,High sales volatility: 7-day rolling standard deviation = 12.76,HIGH_VOLATILITY
2025-09-02,	7146569951686672673,【董先生专属】WEBBER NATURALS高纯度深海鱼油omega3欧米伽3成人健身鱼油120粒-默认-(DYWEB625273090086),6,12.62838827706016,Low,High sales volatility: 7-day rolling standard deviation = 12.63,HIGH_VOLATILITY
2025-09-02,	7146569951686672673,【徐冬冬专属】WEBBER NATURALS高纯度深海鱼油omega3欧米伽3成人健身鱼油120粒D-默认-(DYWEB625273090086),5,12.841524905740824,Low,High sales volatility: 7-day rolling standard deviation = 12.84,HIGH_VOLATILITY
2025-09-03,	7146569951686672673,【董先生专属】WEBBER NATURALS高纯度深海鱼油omega3欧米伽3成人健身鱼油120粒-默认-(DYWEB625273090086),8,12.609520212918492,Low,High sales volatility: 7-day rolling standard deviation = 12.61,HIGH_VOLATILITY
2025-09-03,	7146569951686672673,WEBBER NATURALS高纯度深海鱼油omega3欧米伽3成人健身鱼油120粒-默认-(DYWEB625273090086),7,12.07910435027208,Low,High sales volatility: 7-day rolling standard deviation = 12.08,HIGH_VOLATILITY
2025-10-26,	7146569951686672673,【官方直播】WebberNaturals 95%高纯度omega-3迷你深海鱼油30粒/瓶-1瓶试用装【不推荐】-(625273070781*1);WEBBER NATURALS高纯度深海鱼油omega3欧米伽3成人健身鱼油120粒-默认-(DYWEB625273090086),2,16.44616035663615,Low,High sales volatility: 7-day rolling standard deviation = 16.45,HIGH_VOLATILITY
2025-10-26,	7146569951686672673,WEBBER NATURALS高纯度深海鱼油omega3欧米伽3成人健身鱼油120粒-默认-(DYWEB625273090086),34,16.316804075495153,Low,High sales volatility: 7-day rolling standard deviation = 16.32,HIGH_VOLATILITY
2025-10-26,	7146569951686672673,WEBBER NATURALS高纯度深海鱼油omega3欧米伽3成人健身鱼油120粒D-默认-(DYWEB625273090086),1,17.96690078476318,Low,High sales volatility: 7-day rolling standard deviation = 17.97,HIGH_VOLATILITY
2025-10-27,	7146569951686672673,WEBBER NATURALS高纯度深海鱼油omega3欧米伽3成人健身鱼油120粒-默认-(DYWEB625273090086),18,18.237846572966,Low,High sales volatility: 7-day rolling standard deviation = 18.24,HIGH_VOLATILITY
2025-10-28,	7146569951686672673,WEBBER NATURALS高纯度深海鱼油omega3欧米伽3成人健身鱼油120粒-默认-(DYWEB625273090086),37,18.127852813255288,Low,High sales volatility: 7-day rolling standard deviation = 18.13,HIGH_VOLATILITY
2025-10-28,	7146569951686672673,WEBBER NATURALS高纯度深海鱼油omega3欧米伽3成人健身鱼油120粒D-默认-(DYWEB625273090086),1,18.343287341046327,Low,High sales volatility: 7-day rolling standard deviation = 18.34,HIGH_VOLATILITY
2025-10-29,	7146569951686672673,WEBBER NATURALS高纯度深海鱼油omega3欧米伽3成人健身鱼油120粒-默认-(DYWEB625273090086),11,19.897355651059815,Low,High sales volatility: 7-day rolling standard deviation = 19.9,HIGH_VOLATILITY
2025-10-30,	7146569951686672673,WEBBER NATURALS高纯度深海鱼油omega3欧米伽3成人健身鱼油120粒-默认-(DYWEB625273090086),24,15.442674330445179,Low,High sales volatility: 7-day rolling standard deviation = 15.44,HIGH_VOLATILITY
2025-10-31,	7146569951686672673,WEBBER NATURALS高纯度深海鱼油omega3欧米伽3成人健身鱼油120粒-默认-(DYWEB625273090086),7,14.60593486680443,Low,High sales volatility: 7-day rolling standard deviation = 14.61,HIGH_VOLATILITY
2025-11-01,	7146569951686672673,WEBBER NATURALS高纯度深海鱼油omega3欧米伽3成人健身鱼油120粒-默认-(DYWEB625273090086),23,13.1710360441459,Low,High sales volatility: 7-day rolling standard deviation = 13.17,HIGH_VOLATILITY
2025-11-02,	7146569951686672673,WEBBER NATURALS高纯度深海鱼油omega3欧米伽3成人健身鱼油120粒-默认-(DYWEB625273090086),25,12.092894411103375,Low,High sales volatility: 7-day rolling standard deviation = 12.09,HIGH_VOLATILITY
2025-11-03,	7146569951686672673,WEBBER NATURALS高纯度深海鱼油omega3欧米伽3成人健身鱼油120粒-默认-(DYWEB625273090086),22,12.446074156325837,Low,High sales volatility: 7-day rolling standard deviation = 12.45,HIGH_VOLATILITY
2025-11-05,	7146569951686672673,WEBBER NATURALS高纯度深海鱼油omega3欧米伽3成人健身鱼油120粒-默认-(DYWEB625273090086),17,10.843035948083386,Low,High sales volatility: 7-day rolling standard deviation = 10.84,HIGH_VOLATILITY
2025-09-09,	7146569951686672673;7481121574674874687,【董先生专属】WEBBER NATURALS高纯度深海鱼油omega3欧米伽3成人健身鱼油120粒-默认-(DYWEB625273090086);伟博天然进口辅酶Q10胶囊100mg 成人心脏活力60粒（效期至26年6月）-默认-(DYWEB628347570705),12,20.80407469246166,Medium,High sales volatility: 7-day rolling standard deviation = 20.8,HIGH_VOLATILITY
2025-09-09,	7146569951686672673;7481121574674874687,【徐冬冬专属】WEBBER NATURALS高纯度深海鱼油omega3欧米伽3成人健身鱼油120粒D-默认-(DYWEB625273090086);伟博天然辅酶Q10胶囊100mg 成人心脏活力60粒 效期至26年5月30日-默认-(DYWEB628347570705),6,20.188398365680932,Medium,High sales volatility: 7-day rolling standard deviation = 20.19,HIGH_VOLATILITY
2025-09-10,	7146569951686672673;7481121574674874687,【徐冬冬专属】WEBBER NATURALS高纯度深海鱼油omega3欧米伽3成人健身鱼油120粒D-默认-(DYWEB625273090086);伟博天然辅酶Q10胶囊100mg 成人心脏活力60粒 效期至26年5月30日-默认-(DYWEB628347570705),2,20.015470207293347,Medium,High sales volatility: 7-day rolling standard deviation = 20.02,HIGH_VOLATILITY
2025-09-10,	7146569951686672673;7481121574674874687,WEBBER NATURALS高纯度深海鱼油omega3欧米伽3成人健身鱼油120粒D-默认-(DYWEB625273090086);伟博天然进口辅酶Q10胶囊100mg 成人心脏活力60粒（效期至26年6月）-默认-(DYWEB628347570705),4,20.67549734531652,Medium,High sales volatility: 7-day rolling standard deviation = 20.68,HIGH_VOLATILITY
2025-09-10,	7146569951686672673;7481121574674874687,【董先生专属】WEBBER NATURALS高纯度深海鱼油omega3欧米伽3成人健身鱼油120粒-默认-(DYWEB625273090086);伟博天然辅酶Q10胶囊100mg 成人心脏活力60粒 效期至26年5月30日-默认-(DYWEB628347570705),10,20.984120980716188,Medium,High sales volatility: 7-day rolling standard deviation = 20.98,HIGH_VOLATILITY
2025-09-10,	7146569951686672673;7481121574674874687,WEBBER NATURALS高纯度深海鱼油omega3欧米伽3成人健身鱼油120粒-默认-(DYWEB625273090086);伟博天然辅酶Q10胶囊100mg 成人心脏活力60粒 效期至26年5月30日-默认-(DYWEB628347570705),3,20.591260281974,Medium,High sales volatility: 7-day rolling standard deviation = 20.59,HIGH_VOLATILITY
2025-09-10,	7146569951686672673;7481121574674874687,【董先生专属】WEBBER NATURALS高纯度深海鱼油omega3欧米伽3成人健身鱼油120粒-默认-(DYWEB625273090086);伟博天然进口辅酶Q10胶囊100mg 成人心脏活力60粒（效期至26年6月）-默认-(DYWEB628347570705),16,20.67549734531652,Medium,High sales volatility: 7-day rolling standard deviation = 20.68,HIGH_VOLATILITY
2025-09-11,	7146569951686672673;7481121574674874687,【董先生专属】WEBBER NATURALS高纯度深海鱼油omega3欧米伽3成人健身鱼油120粒-默认-(DYWEB625273090086);伟博天然辅酶Q10胶囊100mg 成人心脏活力60粒 效期至26年5月30日-默认-(DYWEB628347570705),10,16.296362433728227,Low,High sales volatility: 7-day rolling standard deviation = 16.3,HIGH_VOLATILITY
2025-09-12,	7146569951686672673;7481121574674874687,【董先生专属】WEBBER NATURALS高纯度深海鱼油omega3欧米伽3成人健身鱼油120粒-默认-(DYWEB625273090086);伟博天然辅酶Q10胶囊100mg 成人心脏活力60粒 效期至26年5月30日-默认-(DYWEB628347570705),6,16.090517763725376,Low,High sales volatility: 7-day rolling standard deviation = 16.09,HIGH_VOLATILITY
2025-09-12,	7146569951686672673;7481121574674874687,WEBBER NATURALS高纯度深海鱼油omega3欧米伽3成人健身鱼油120粒-默认-(DYWEB625273090086);伟博天然辅酶Q10胶囊100mg 成人心脏活力60粒 效期至26年5月30日-默认-(DYWEB628347570705),9,15.688940599761896,Low,High sales volatility: 7-day rolling standard deviation = 15.69,HIGH_VOLATILITY
2025-09-12,	7146569951686672673;7481121574674874687,WEBBER NATURALS高纯度深海鱼油omega3欧米伽3成人健身鱼油120粒D-默认-(DYWEB625273090086);伟博天然辅酶Q10胶囊100mg 成人心脏活力60粒 效期至26年5月30日-默认-(DYWEB628347570705),2,15.273693537769908,Low,High sales volatility: 7-day rolling standard deviation = 15.27,HIGH_VOLATILITY
2025-09-12,	7146569951686672673;7481121574674874687,【董先生专属】WEBBER NATURALS高纯度深海鱼油omega3欧米伽3成人健身鱼油120粒-默认-(DYWEB625273090086);伟博天然进口辅酶Q10胶囊100mg 成人心脏活力60粒（效期至26年6月）-默认-(DYWEB628347570705),2,15.956786882673079,Low,High sales volatility: 7-day rolling standard deviation = 15.96,HIGH_VOLATILITY
2025-09-13,	7146569951686672673;7481121574674874687,WEBBER NATURALS高纯度深海鱼油omega3欧米伽3成人健身鱼油120粒-默认-(DYWEB625273090086);伟博天然辅酶Q10胶囊100mg 成人心脏活力60粒 效期至26年5月30日-默认-(DYWEB628347570705),2,16.069788276081773,Low,High sales volatility: 7-day rolling standard deviation = 16.07,HIGH_VOLATILITY
2025-09-13,	7146569951686672673;7481121574674874687,【徐冬冬专属】WEBBER NATURALS高纯度深海鱼油omega3欧米伽3成人健身鱼油120粒D-默认-(DYWEB625273090086);伟博天然辅酶Q10胶囊100mg 成人心脏活力60粒 效期至26年5月30日-默认-(DYWEB628347570705),108,16.539994817757005,Low,High sales volatility: 7-day rolling standard deviation = 16.54,HIGH_VOLATILITY
2025-09-14,	7146569951686672673;7481121574674874687,【徐冬冬专属】WEBBER NATURALS高纯度深海鱼油omega3欧米伽3成人健身鱼油120粒D-默认-(DYWEB625273090086);伟博天然进口辅酶Q10胶囊100mg 成人心脏活力60粒（效期至26年6月）-默认-(DYWEB628347570705),2,39.01464926335821,High,High sales volatility: 7-day rolling standard deviation = 39.01,HIGH_VOLATILITY
2025-09-14,	7146569951686672673;7481121574674874687,WEBBER NATURALS高纯度深海鱼油omega3欧米伽3成人健身鱼油120粒-默认-(DYWEB625273090086);伟博天然辅酶Q10胶囊100mg 成人心脏活力60粒 效期至26年5月30日-默认-(DYWEB628347570705),8,39.4660794679612,High,High sales volatility: 7-day rolling standard deviation = 39.47,HIGH_VOLATILITY
2025-09-14,	7146569951686672673;7481121574674874687,WEBBER NATURALS高纯度深海鱼油omega3欧米伽3成人健身鱼油120粒D-默认-(DYWEB625273090086);伟博天然辅酶Q10胶囊100mg 成人心脏活力60粒 效期至26年5月30日-默认-(DYWEB628347570705),2,39.36580580486911,High,High sales volatility: 7-day rolling standard deviation = 39.37,HIGH_VOLATILITY
2025-09-14,	7146569951686672673;7481121574674874687,【徐冬冬专属】WEBBER NATURALS高纯度深海鱼油omega3欧米伽3成人健身鱼油120粒D-默认-(DYWEB625273090086);伟博天然辅酶Q10胶囊100mg 成人心脏活力60粒 效期至26年5月30日-默认-(DYWEB628347570705),44,39.74921382870358,High,High sales volatility: 7-day rolling standard deviation = 39.75,HIGH_VOLATILITY
2025-09-15,	7146569951686672673;7481121574674874687,WEBBER NATURALS高纯度深海鱼油omega3欧米伽3成人健身鱼油120粒D-默认-(DYWEB625273090086);伟博天然辅酶Q10胶囊100mg 成人心脏活力60粒 效期至26年5月30日-默认-(DYWEB628347570705),2,40.099875311526844,High,High sales volatility: 7-day rolling standard deviation = 40.1,HIGH_VOLATILITY
2025-09-15,	7146569951686672673;7481121574674874687,WEBBER NATURALS高纯度深海鱼油omega3欧米伽3成人健身鱼油120粒-默认-(DYWEB625273090086);伟博天然辅酶Q10胶囊100mg 成人心脏活力60粒 效期至26年5月30日-默认-(DYWEB628347570705),8,40.099875311526844,High,High sales volatility: 7-day rolling standard deviation = 40.1,HIGH_VOLATILITY
2025-09-16,	7146569951686672673;7481121574674874687,WEBBER NATURALS高纯度深海鱼油omega3欧米伽3成人健身鱼油120粒-默认-(DYWEB625273090086);伟博天然辅酶Q10胶囊100mg 成人心脏活力60粒 效期至26年5月30日-默认-(DYWEB628347570705),8,39.61240786853101,High,High sales volatility: 7-day rolling standard deviation = 39.61,HIGH_VOLATILITY
2025-09-17,	7146569951686672673;7481121574674874687,WEBBER NATURALS高纯度深海鱼油omega3欧米伽3成人健身鱼油120粒-默认-(DYWEB625273090086);伟博天然辅酶Q10胶囊100mg 成人心脏活力60粒 效期至26年5月30日-默认-(DYWEB628347570705),6,15.042796092672209,Low,High sales volatility: 7-day rolling standard deviation = 15.04,HIGH_VOLATILITY
2025-09-18,	7146569951686672673;7481121574674874687,【徐冬冬专属】WEBBER NATURALS高纯度深海鱼油omega3欧米伽3成人健身鱼油120粒D-默认-(DYWEB625273090086);伟博天然辅酶Q10胶囊100mg 成人心脏活力60粒 效期至26年5月30日-默认-(DYWEB628347570705),4,14.735767952260145,Low,High sales volatility: 7-day rolling standard deviation = 14.74,HIGH_VOLATILITY
2025-09-18,	7146569951686672673;7481121574674874687,WEBBER NATURALS高纯度深海鱼油omega3欧米伽3成人健身鱼油120粒-默认-(DYWEB625273090086);伟博天然辅酶Q10胶囊100mg 成人心脏活力60粒 效期至26年5月30日-默认-(DYWEB628347570705),2,14.95389740566143,Low,High sales volatility: 7-day rolling standard deviation = 14.95,HIGH_VOLATILITY
2025-09-19,	7146569951686672673;7481121574674874687,WEBBER NATURALS高纯度深海鱼油omega3欧米伽3成人健身鱼油120粒D-默认-(DYWEB625273090086);伟博天然辅酶Q10胶囊100mg 成人心脏活力60粒 效期至26年5月30日-默认-(DYWEB628347570705),2,14.95389740566143,Low,High sales volatility: 7-day rolling standard deviation = 14.95,HIGH_VOLATILITY
2025-10-25,	7146569951686672673;7481121574674874687,WEBBER NATURALS高纯度深海鱼油omega3欧米伽3成人健身鱼油120粒-默认-(DYWEB625273090086);伟博天然辅酶Q10胶囊100mg 成人心脏活力60粒 效期至26年5月30日-默认-(DYWEB628347570705),119,17.784423361068367,Low,High sales volatility: 7-day rolling standard deviation = 17.78,HIGH_VOLATILITY
2025-10-26,	7146569951686672673;7481121574674874687,WEBBER NATURALS高纯度深海鱼油omega3欧米伽3成人健身鱼油120粒-默认-(DYWEB625273090086);伟博天然辅酶Q10胶囊100mg 成人心脏活力60粒 效期至26年5月30日-默认-(DYWEB628347570705),20,38.93890208054273,High,High sales volatility: 7-day rolling standard deviation = 38.94,HIGH_VOLATILITY
2025-10-27,	7146569951686672673;7481121574674874687,WEBBER NATURALS高纯度深海鱼油omega3欧米伽3成人健身鱼油120粒-默认-(DYWEB625273090086);伟博天然辅酶Q10胶囊100mg 成人心脏活力60粒 效期至26年5月30日-默认-(DYWEB628347570705),29,37.74349518223542,High,High sales volatility: 7-day rolling standard deviation = 37.74,HIGH_VOLATILITY
2025-10-28,	7146569951686672673;7481121574674874687,WEBBER NATURALS高纯度深海鱼油omega3欧米伽3成人健身鱼油120粒-默认-(DYWEB625273090086);伟博天然辅酶Q10胶囊100mg 成人心脏活力60粒 效期至26年5月30日-默认-(DYWEB628347570705),24,37.35161117198102,High,High sales volatility: 7-day rolling standard deviation = 37.35,HIGH_VOLATILITY
2025-10-29,	7146569951686672673;7481121574674874687,WEBBER NATURALS高纯度深海鱼油omega3欧米伽3成人健身鱼油120粒-默认-(DYWEB625273090086);伟博天然辅酶Q10胶囊100mg 成人心脏活力60粒 效期至26年5月30日-默认-(DYWEB628347570705),21,37.003217363333356,High,High sales volatility: 7-day rolling standard deviation = 37.0,HIGH_VOLATILITY
2025-10-30,	7146569951686672673;7481121574674874687,WEBBER NATURALS高纯度深海鱼油omega3欧米伽3成人健身鱼油120粒-默认-(DYWEB625273090086);伟博天然辅酶Q10胶囊100mg 成人心脏活力60粒 效期至26年5月30日-默认-(DYWEB628347570705),22,37.179103193672034,High,High sales volatility: 7-day rolling standard deviation = 37.18,HIGH_VOLATILITY
2025-10-31,	7146569951686672673;7481121574674874687,WEBBER NATURALS高纯度深海鱼油omega3欧米伽3成人健身鱼油120粒-默认-(DYWEB625273090086);伟博天然辅酶Q10胶囊100mg 成人心脏活力60粒 效期至26年5月30日-默认-(DYWEB628347570705),11,36.676189239653255,High,High sales volatility: 7-day rolling standard deviation = 36.68,HIGH_VOLATILITY
2025-11-01,	7146569951686672673;7481121574674874687,WEBBER NATURALS高纯度深海鱼油omega3欧米伽3成人健身鱼油120粒-默认-(DYWEB625273090086);伟博天然辅酶Q10胶囊100mg 成人心脏活力60粒 效期至26年5月30日-默认-(DYWEB628347570705),36,37.36945531414916,High,High sales volatility: 7-day rolling standard deviation = 37.37,HIGH_VOLATILITY
2025-11-03,	7146569951686672673;7481121574674874687,WEBBER NATURALS高纯度深海鱼油omega3欧米伽3成人健身鱼油120粒-默认-(DYWEB625273090086);伟博天然辅酶Q10胶囊100mg 成人心脏活力60粒 效期至26年5月30日-默认-(DYWEB628347570705),89,12.204604907672389,Low,High sales volatility: 7-day rolling standard deviation = 12.2,HIGH_VOLATILITY
2025-11-04,	7146569951686672673;7481121574674874687,WEBBER NATURALS高纯度深海鱼油omega3欧米伽3成人健身鱼油120粒-默认-(DYWEB625273090086);伟博天然辅酶Q10胶囊100mg 成人心脏活力60粒 效期至26年5月30日-默认-(DYWEB628347570705),61,26.356529867694395,Medium,High sales volatility: 7-day rolling standard deviation = 26.36,HIGH_VOLATILITY
2025-11-05,	7146569951686672673;7481121574674874687,WEBBER NATURALS高纯度深海鱼油omega3欧米伽3成人健身鱼油120粒-默认-(DYWEB625273090086);伟博天然辅酶Q10胶囊100mg 成人心脏活力60粒 效期至26年5月30日-默认-(DYWEB628347570705),5,27.244046968798436,Medium,High sales volatility: 7-day rolling standard deviation = 27.24,HIGH_VOLATILITY
2025-03-15,	7199138110997872936,【二姐专属】Webber   Naturals伟博维生素C1000毫克150粒/瓶（效期至25年9月）-默认-(DYWEB625273032727),9,16.121562018140857,Low,High sales volatility: 7-day rolling standard deviation = 16.12,HIGH_VOLATILITY
2025-03-16,	7199138110997872936,Webber   Naturals伟博维生素C1000毫克150粒/瓶（效期至25年9月）-默认-(DYWEB625273032727),33,15.725320800724997,Low,High sales volatility: 7-day rolling standard deviation = 15.73,HIGH_VOLATILITY
2025-03-16,	7199138110997872936,【二姐专属】Webber   Naturals伟博维生素C1000毫克150粒/瓶（效期至25年9月）-默认-(DYWEB625273032727),2,16.004463663080283,Low,High sales volatility: 7-day rolling standard deviation = 16.0,HIGH_VOLATILITY
2025-03-17,	7199138110997872936,【二姐专属】Webber   Naturals伟博维生素C1000毫克150粒/瓶（效期至25年9月）-默认-(DYWEB625273032727),3,17.033580279637548,Low,High sales volatility: 7-day rolling standard deviation = 17.03,HIGH_VOLATILITY
2025-03-17,	7199138110997872936,Webber   Naturals伟博维生素C1000毫克150粒/瓶（效期至25年9月）-默认-(DYWEB625273032727),15,17.6864220183033,Low,High sales volatility: 7-day rolling standard deviation = 17.69,HIGH_VOLATILITY
2025-03-18,	7199138110997872936,Webber   Naturals伟博维生素C1000毫克150粒/瓶（效期至25年9月）-默认-(DYWEB625273032727),8,17.027988165146844,Low,High sales volatility: 7-day rolling standard deviation = 17.03,HIGH_VOLATILITY
2025-03-18,	7199138110997872936,【二姐专属】Webber   Naturals伟博维生素C1000毫克150粒/瓶（效期至25年9月）-默认-(DYWEB625273032727),5,16.3692510809866,Low,High sales volatility: 7-day rolling standard deviation = 16.37,HIGH_VOLATILITY
2025-03-19,	7199138110997872936,Webber   Naturals伟博维生素C1000毫克150粒/瓶（效期至25年9月）-默认-(DYWEB625273032727),6,10.750415274370965,Low,High sales volatility: 7-day rolling standard deviation = 10.75,HIGH_VOLATILITY
2025-03-19,	7199138110997872936,【二姐专属】Webber   Naturals伟博维生素C1000毫克150粒/瓶（效期至25年9月）-默认-(DYWEB625273032727),2,10.889050857234002,Low,High sales volatility: 7-day rolling standard deviation = 10.89,HIGH_VOLATILITY
2025-03-27,	7199138110997872936,Webber   Naturals伟博维生素C1000毫克150粒/瓶（效期至25年9月）-默认-(DYWEB625273032727),15,27.373953556863746,Medium,High sales volatility: 7-day rolling standard deviation = 27.37,HIGH_VOLATILITY
2025-03-27,	7199138110997872936,【二姐专属】Webber   Naturals伟博维生素C1000毫克150粒/瓶（效期至25年9月）-默认-(DYWEB625273032727),8,26.698492912700594,Medium,High sales volatility: 7-day rolling standard deviation = 26.7,HIGH_VOLATILITY
2025-03-28,	7199138110997872936,Webber   Naturals伟博维生素C1000毫克150粒/瓶（效期至25年9月）-默认-(DYWEB625273032727),180,26.08593855846844,Medium,High sales volatility: 7-day rolling standard deviation = 26.09,HIGH_VOLATILITY
2025-03-28,	7199138110997872936,【二姐专属】Webber   Naturals伟博维生素C1000毫克150粒/瓶（效期至25年9月）-默认-(DYWEB625273032727),23,64.74786262329988,High,High sales volatility: 7-day rolling standard deviation = 64.75,HIGH_VOLATILITY
2025-04-01,	7199138110997872936,Webber   Naturals伟博维生素C1000毫克150粒/瓶（效期至25年9月）-默认-(DYWEB625273032727),2,63.14910548701006,High,High sales volatility: 7-day rolling standard deviation = 63.15,HIGH_VOLATILITY
2025-04-02,	7199138110997872936,Webber   Naturals伟博维生素C1000毫克150粒/瓶（效期至25年9月）-默认-(DYWEB625273032727),1,65.06260721138415,High,High sales volatility: 7-day rolling standard deviation = 65.06,HIGH_VOLATILITY
2025-04-10,	7199138110997872936,Webber   Naturals伟博维生素C1000毫克150粒/瓶（效期至25年9月）-默认-(DYWEB625273032727),1,65.37802164554778,High,High sales volatility: 7-day rolling standard deviation = 65.38,HIGH_VOLATILITY
2025-03-23,	7223222612581990715,【官方直播】WebberNaturals伟博深海鱼油1390mg高纯度Omega3 120粒-3瓶装;【效期至25年7月】伟博天然高浓度奶蓟草熬夜养肝胶囊250mg护肝片-默认-(DYWEB625273090178),9,10.082988974836116,Low,High sales volatility: 7-day rolling standard deviation = 10.08,HIGH_VOLATILITY
2025-03-23,	7223222612581990715,【效期至25年7月】伟博天然高浓度奶蓟草熬夜养肝胶囊250mg护肝片-默认-(DYWEB625273090178),1,10.139503134252871,Low,High sales volatility: 7-day rolling standard deviation = 10.14,HIGH_VOLATILITY
2025-03-24,	7223222612581990715,【官方直播】WebberNaturals伟博深海鱼油1390mg高纯度Omega3 120粒-5瓶装;【效期至25年7月】伟博天然高浓度奶蓟草熬夜养肝胶囊250mg护肝片-默认-(DYWEB625273090178),4,10.485818086939185,Low,High sales volatility: 7-day rolling standard deviation = 10.49,HIGH_VOLATILITY
2025-03-24,	7223222612581990715,【官方直播】WebberNaturals伟博深海鱼油1390mg高纯度Omega3 120粒-3瓶装;【效期至25年7月】伟博天然高浓度奶蓟草熬夜养肝胶囊250mg护肝片-默认-(DYWEB625273090178),15,10.807845474909595,Low,High sales volatility: 7-day rolling standard deviation = 10.81,HIGH_VOLATILITY
2025-03-24,	7223222612581990715,【官方直播】WebberNaturals伟博深海鱼油1390mg高纯度Omega3 120粒-1瓶装;【效期至25年7月】伟博天然高浓度奶蓟草熬夜养肝胶囊250mg护肝片-默认-(DYWEB625273090178),22,10.43802572100591,Low,High sales volatility: 7-day rolling standard deviation = 10.44,HIGH_VOLATILITY
2025-03-25,	7223222612581990715,【官方直播】WebberNaturals伟博深海鱼油1390mg高纯度Omega3 120粒-1瓶装;【效期至25年7月】伟博天然高浓度奶蓟草熬夜养肝胶囊250mg护肝片-默认-(DYWEB625273090178),12,10.893423092245461,Low,High sales volatility: 7-day rolling standard deviation = 10.89,HIGH_VOLATILITY
2025-03-25,	7223222612581990715,【官方直播】WebberNaturals伟博深海鱼油1390mg高纯度Omega3 120粒-5瓶装;【效期至25年7月】伟博天然高浓度奶蓟草熬夜养肝胶囊250mg护肝片-默认-(DYWEB625273090178),4,10.690449676496975,Low,High sales volatility: 7-day rolling standard deviation = 10.69,HIGH_VOLATILITY
2025-02-21,	7329414437553848576,【官方直播】Webber伟博天然高纯度1390mg深海精粹鱼油软胶囊60粒-默认-(DYWEB625273090420),1,17.76433023143368,Low,High sales volatility: 7-day rolling standard deviation = 17.76,HIGH_VOLATILITY
2025-02-22,	7329414437553848576,【春蚕专属】Webber Naturals伟博天然高纯度1390mg深海精粹鱼油软胶囊60粒/瓶-默认-(DYWEB625273090420),3,17.76433023143368,Low,High sales volatility: 7-day rolling standard deviation = 17.76,HIGH_VOLATILITY
2025-02-22,	7329414437553848576,【楚门OI专属】Webber Naturals伟博天然高纯度1390mg深海精粹鱼油软胶囊60粒/瓶-默认-(DYWEB625273090420),2,17.654083569153816,Low,High sales volatility: 7-day rolling standard deviation = 17.65,HIGH_VOLATILITY
2025-02-22,	7329414437553848576,Webber Naturals伟博天然高纯度1390mg深海精粹鱼油软胶囊60粒/瓶-默认-(DYWEB625273090420),3,17.591935381764863,Low,High sales volatility: 7-day rolling standard deviation = 17.59,HIGH_VOLATILITY
2025-02-23,	7329414437553848576,Webber Naturals伟博天然高纯度1390mg深海精粹鱼油软胶囊60粒/瓶-默认-(DYWEB625273090420),5,17.472427257988922,Low,High sales volatility: 7-day rolling standard deviation = 17.47,HIGH_VOLATILITY
2025-02-24,	7329414437553848576,【官方直播】Webber伟博天然高纯度1390mg深海精粹鱼油软胶囊60粒-默认-(DYWEB625273090420),1,17.25301905947671,Low,High sales volatility: 7-day rolling standard deviation = 17.25,HIGH_VOLATILITY
2025-02-24,	7329414437553848576,Webber Naturals伟博天然高纯度1390mg深海精粹鱼油软胶囊60粒/瓶-默认-(DYWEB625273090420),1,17.25301905947671,Low,High sales volatility: 7-day rolling standard deviation = 17.25,HIGH_VOLATILITY
2025-02-25,	7329414437553848576,【楚门OI专属】Webber Naturals伟博天然高纯度1390mg深海精粹鱼油软胶囊60粒/瓶-默认-(DYWEB625273090420),1,10.995670143504757,Low,High sales volatility: 7-day rolling standard deviation = 11.0,HIGH_VOLATILITY
2025-02-26,	7329414437553848576,【春蚕专属】Webber Naturals伟博天然高纯度1390mg深海精粹鱼油软胶囊60粒/瓶-默认-(DYWEB625273090420),3,11.066896153673373,Low,High sales volatility: 7-day rolling standard deviation = 11.07,HIGH_VOLATILITY
2025-02-26,	7329414437553848576,Webber Naturals伟博天然高纯度1390mg深海精粹鱼油软胶囊60粒/瓶-默认-(DYWEB625273090420),1,11.066896153673373,Low,High sales volatility: 7-day rolling standard deviation = 11.07,HIGH_VOLATILITY
2025-02-27,	7329414437553848576,【楚门OI专属】Webber Naturals伟博天然高纯度1390mg深海精粹鱼油软胶囊60粒/瓶-默认-(DYWEB625273090420),2,11.237691679598363,Low,High sales volatility: 7-day rolling standard deviation = 11.24,HIGH_VOLATILITY
2025-02-28,	7329414437553848576,Webber Naturals伟博天然高纯度1390mg深海精粹鱼油软胶囊60粒/瓶-默认-(DYWEB625273090420),2,11.176079898817918,Low,High sales volatility: 7-day rolling standard deviation = 11.18,HIGH_VOLATILITY
2025-02-28,	7329414437553848576,【春蚕专属】Webber Naturals伟博天然高纯度1390mg深海精粹鱼油软胶囊60粒/瓶-默认-(DYWEB625273090420),3,11.11198409268977,Low,High sales volatility: 7-day rolling standard deviation = 11.11,HIGH_VOLATILITY
2025-03-02,	7329414437553848576,Webber Naturals伟博天然高纯度1390mg深海精粹鱼油软胶囊60粒/瓶-默认-(DYWEB625273090420),3,10.991338581334114,Low,High sales volatility: 7-day rolling standard deviation = 10.99,HIGH_VOLATILITY
2025-08-21,	7329414437553848576,WEBBER NATURALS高纯度深海鱼油omega-3欧米伽3成人健身鱼油60粒-默认-(DYWEB625273090420),17,10.309496315810694,Low,High sales volatility: 7-day rolling standard deviation = 10.31,HIGH_VOLATILITY
2025-08-25,	7329414437553848576,WEBBER NATURALS高纯度深海鱼油omega-3欧米伽3成人健身鱼油60粒-默认-(DYWEB625273090420),2,10.237652260627131,Low,High sales volatility: 7-day rolling standard deviation = 10.24,HIGH_VOLATILITY
2025-08-28,	7329414437553848576,Webber Naturals伟博天然高纯度1390mg深海精粹鱼油软胶囊60粒/瓶-默认-(DYWEB625273090420),1,10.371664696249516,Low,High sales volatility: 7-day rolling standard deviation = 10.37,HIGH_VOLATILITY
2025-08-30,	7329414437553848576,WEBBER NATURALS高纯度深海鱼油omega-3欧米伽3成人健身鱼油60粒-默认-(DYWEB625273090420),1,10.517559014288802,Low,High sales volatility: 7-day rolling standard deviation = 10.52,HIGH_VOLATILITY
2025-03-07,	7329414437553848576;7110032684650660136,Webber Naturals伟博天然高纯度1390mg深海精粹鱼油软胶囊60粒/瓶-默认-(DYWEB625273090420);【效期至25年6月】webbernaturals伟博500mg维生素C胶囊60粒-默认-(625273076622),4,16.761634196950517,Low,High sales volatility: 7-day rolling standard deviation = 16.76,HIGH_VOLATILITY
2025-03-08,	7329414437553848576;7110032684650660136,Webber Naturals伟博天然高纯度1390mg深海精粹鱼油软胶囊60粒/瓶-默认-(DYWEB625273090420);【效期至25年6月】webbernaturals伟博500mg维生素C胶囊60粒-默认-(625273076622),4,16.60751407675224,Low,High sales volatility: 7-day rolling standard deviation = 16.61,HIGH_VOLATILITY
2025-03-10,	7329414437553848576;7110032684650660136,Webber Naturals伟博天然高纯度1390mg深海精粹鱼油软胶囊60粒/瓶-默认-(DYWEB625273090420);【效期至25年6月】webbernaturals伟博500mg维生素C胶囊60粒-默认-(625273076622),2,16.812693617224657,Low,High sales volatility: 7-day rolling standard deviation = 16.81,HIGH_VOLATILITY
2025-03-11,	7329414437553848576;7110032684650660136,Webber Naturals伟博天然高纯度1390mg深海精粹鱼油软胶囊60粒/瓶-默认-(DYWEB625273090420);【效期至25年6月】webbernaturals伟博500mg维生素C胶囊60粒-默认-(625273076622),144,16.948100048031794,Low,High sales volatility: 7-day rolling standard deviation = 16.95,HIGH_VOLATILITY
2025-03-12,	7329414437553848576;7110032684650660136,Webber Naturals伟博天然高纯度1390mg深海精粹鱼油软胶囊60粒/瓶-默认-(DYWEB625273090420);【效期至25年6月】webbernaturals伟博500mg维生素C胶囊60粒-默认-(625273076622),4,52.94021785624486,High,High sales volatility: 7-day rolling standard deviation = 52.94,HIGH_VOLATILITY
2025-03-13,	7329414437553848576;7110032684650660136,Webber Naturals伟博天然高纯度1390mg深海精粹鱼油软胶囊60粒/瓶-默认-(DYWEB625273090420);【效期至25年6月】webbernaturals伟博500mg维生素C胶囊60粒-默认-(625273076622),10,52.769038541283166,High,High sales volatility: 7-day rolling standard deviation = 52.77,HIGH_VOLATILITY
2025-03-14,	7329414437553848576;7110032684650660136,Webber Naturals伟博天然高纯度1390mg深海精粹鱼油软胶囊60粒/瓶-默认-(DYWEB625273090420);【效期至25年6月】webbernaturals伟博500mg维生素C胶囊60粒-默认-(625273076622),4,52.48310385710996,High,High sales volatility: 7-day rolling standard deviation = 52.48,HIGH_VOLATILITY
2025-03-22,	7329414437553848576;7427011616899940648,Webber Naturals伟博天然高纯度1390mg深海精粹鱼油软胶囊60粒/瓶-默认-(DYWEB625273090420);Webber伟博 Osteo氨糖软骨素MSM添加乳香姜黄素高端关节修护30粒-默认-(625273090321),4,31.00537587795596,High,High sales volatility: 7-day rolling standard deviation = 31.01,HIGH_VOLATILITY
2025-03-23,	7329414437553848576;7427011616899940648,Webber Naturals伟博天然高纯度1390mg深海精粹鱼油软胶囊60粒/瓶-默认-(DYWEB625273090420);Webber伟博 Osteo氨糖软骨素MSM添加乳香姜黄素高端关节修护30粒-默认-(625273090321),44,30.863755905129704,High,High sales volatility: 7-day rolling standard deviation = 30.86,HIGH_VOLATILITY
2025-03-24,	7329414437553848576;7427011616899940648,Webber Naturals伟博天然高纯度1390mg深海精粹鱼油软胶囊60粒/瓶-默认-(DYWEB625273090420);Webber伟博 Osteo氨糖软骨素MSM添加乳香姜黄素高端关节修护30粒-默认-(625273090321),40,32.071349029490925,High,High sales volatility: 7-day rolling standard deviation = 32.07,HIGH_VOLATILITY
2025-03-26,	7329414437553848576;7427011616899940648,Webber Naturals伟博天然高纯度1390mg深海精粹鱼油软胶囊60粒/瓶-默认-(DYWEB625273090420);Webber伟博 Osteo氨糖软骨素MSM添加乳香姜黄素高端关节修护30粒-默认-(625273090321),2,32.2490309931942,High,High sales volatility: 7-day rolling standard deviation = 32.25,HIGH_VOLATILITY
2025-03-27,	7329414437553848576;7427011616899940648,Webber Naturals伟博天然高纯度1390mg深海精粹鱼油软胶囊60粒/瓶-默认-(DYWEB625273090420);Webber伟博 Osteo氨糖软骨素MSM添加乳香姜黄素高端关节修护30粒-默认-(625273090321),4,32.2490309931942,High,High sales volatility: 7-day rolling standard deviation = 32.25,HIGH_VOLATILITY
2025-03-28,	7329414437553848576;7427011616899940648,Webber Naturals伟博天然高纯度1390mg深海精粹鱼油软胶囊60粒/瓶-默认-(DYWEB625273090420);Webber伟博 Osteo氨糖软骨素MSM添加乳香姜黄素高端关节修护30粒-默认-(625273090321),4,32.2490309931942,High,High sales volatility: 7-day rolling standard deviation = 32.25,HIGH_VOLATILITY
2025-03-29,	7329414437553848576;7427011616899940648,Webber Naturals伟博天然高纯度1390mg深海精粹鱼油软胶囊60粒/瓶-默认-(DYWEB625273090420);Webber伟博 Osteo氨糖软骨素MSM添加乳香姜黄素高端关节修护30粒-默认-(625273090321),62,32.00892732616057,High,High sales volatility: 7-day rolling standard deviation = 32.01,HIGH_VOLATILITY
2025-04-01,	7329414437553848576;7427011616899940648,Webber Naturals伟博天然高纯度1390mg深海精粹鱼油软胶囊60粒/瓶-默认-(DYWEB625273090420);Webber伟博 Osteo氨糖软骨素MSM添加乳香姜黄素高端关节修护30粒-默认-(625273090321),2,25.08272028992982,Medium,High sales volatility: 7-day rolling standard deviation = 25.08,HIGH_VOLATILITY
2025-04-02,	7329414437553848576;7427011616899940648,Webber Naturals伟博天然高纯度1390mg深海精粹鱼油软胶囊60粒/瓶-默认-(DYWEB625273090420);Webber伟博 Osteo氨糖软骨素MSM添加乳香姜黄素高端关节修护30粒-默认-(625273090321),4,25.343356413184782,Medium,High sales volatility: 7-day rolling standard deviation = 25.34,HIGH_VOLATILITY
2025-04-03,	7329414437553848576;7427011616899940648,Webber Naturals伟博天然高纯度1390mg深海精粹鱼油软胶囊60粒/瓶-默认-(DYWEB625273090420);Webber伟博 Osteo氨糖软骨素MSM添加乳香姜黄素高端关节修护30粒-默认-(625273090321),26,24.189726272590544,Medium,High sales volatility: 7-day rolling standard deviation = 24.19,HIGH_VOLATILITY
2025-04-06,	7329414437553848576;7427011616899940648,Webber Naturals伟博天然高纯度1390mg深海精粹鱼油软胶囊60粒/瓶-默认-(DYWEB625273090420);Webber伟博 Osteo氨糖软骨素MSM添加乳香姜黄素高端关节修护30粒-默认-(625273090321),4,22.475383359196726,Medium,High sales volatility: 7-day rolling standard deviation = 22.48,HIGH_VOLATILITY
2025-04-10,	7329414437553848576;7427011616899940648,Webber Naturals伟博天然高纯度1390mg深海精粹鱼油软胶囊60粒/瓶-默认-(DYWEB625273090420);Webber伟博 Osteo氨糖软骨素MSM添加乳香姜黄素高端关节修护30粒-默认-(625273090321),2,22.296700588716195,Medium,High sales volatility: 7-day rolling standard deviation = 22.3,HIGH_VOLATILITY
2025-04-11,	7329414437553848576;7427011616899940648,Webber Naturals伟博天然高纯度1390mg深海精粹鱼油软胶囊60粒/瓶-默认-(DYWEB625273090420);Webber伟博 Osteo氨糖软骨素MSM添加乳香姜黄素高端关节修护30粒-默认-(625273090321),2,22.475383359196726,Medium,High sales volatility: 7-day rolling standard deviation = 22.48,HIGH_VOLATILITY
2025-03-02,	7427011616899940648,【官方直播】WebberNaturals伟博深海鱼油1390mg高纯度Omega3 120粒-3瓶装;Webber伟博 Osteo氨糖软骨素MSM添加乳香姜黄素高端关节修护30粒-默认-(625273090321),4,11.006491591004698,Low,High sales volatility: 7-day rolling standard deviation = 11.01,HIGH_VOLATILITY
2025-03-03,	7427011616899940648,【官方直播】WebberNaturals伟博深海鱼油1390mg高纯度Omega3 120粒-1瓶装;Webber伟博 Osteo氨糖软骨素MSM添加乳香姜黄素高端关节修护30粒-默认-(625273090321),28,11.743285822322553,Low,High sales volatility: 7-day rolling standard deviation = 11.74,HIGH_VOLATILITY
2025-03-03,	7427011616899940648,【官方直播】WebberNaturals伟博深海鱼油1390mg高纯度Omega3 120粒-3瓶装;Webber伟博 Osteo氨糖软骨素MSM添加乳香姜黄素高端关节修护30粒-默认-(625273090321),4,12.858201014657274,Low,High sales volatility: 7-day rolling standard deviation = 12.86,HIGH_VOLATILITY
2025-03-03,	7427011616899940648,【官方直播】WebberNaturals伟博深海鱼油1390mg高纯度Omega3 120粒-5瓶装;Webber伟博 Osteo氨糖软骨素MSM添加乳香姜黄素高端关节修护30粒-默认-(625273090321),12,12.858201014657274,Low,High sales volatility: 7-day rolling standard deviation = 12.86,HIGH_VOLATILITY
2025-03-04,	7427011616899940648,【官方直播】WebberNaturals伟博深海鱼油1390mg高纯度Omega3 120粒-5瓶装;Webber伟博 Osteo氨糖软骨素MSM添加乳香姜黄素高端关节修护30粒-默认-(625273090321),12,10.761483346152788,Low,High sales volatility: 7-day rolling standard deviation = 10.76,HIGH_VOLATILITY
2025-03-04,	7427011616899940648,Webber伟博 Osteo氨糖软骨素MSM添加乳香姜黄素高端关节修护30粒-默认-(625273090321),1,10.028530728448139,Low,High sales volatility: 7-day rolling standard deviation = 10.03,HIGH_VOLATILITY
2025-03-04,	7427011616899940648,【官方直播】WebberNaturals伟博深海鱼油1390mg高纯度Omega3 120粒-1瓶装;Webber伟博 Osteo氨糖软骨素MSM添加乳香姜黄素高端关节修护30粒-默认-(625273090321),44,11.235572759681423,Low,High sales volatility: 7-day rolling standard deviation = 11.24,HIGH_VOLATILITY
2025-03-05,	7427011616899940648,【官方直播】WebberNaturals伟博深海鱼油1390mg高纯度Omega3 120粒-5瓶装;Webber伟博 Osteo氨糖软骨素MSM添加乳香姜黄素高端关节修护30粒-默认-(625273090321),6,15.631165450257807,Low,High sales volatility: 7-day rolling standard deviation = 15.63,HIGH_VOLATILITY
2025-03-05,	7427011616899940648,【官方直播】WebberNaturals伟博深海鱼油1390mg高纯度Omega3 120粒-1瓶装;Webber伟博 Osteo氨糖软骨素MSM添加乳香姜黄素高端关节修护30粒-默认-(625273090321),18,15.413352282077659,Low,High sales volatility: 7-day rolling standard deviation = 15.41,HIGH_VOLATILITY
2025-03-05,	7427011616899940648,【官方直播】WebberNaturals伟博深海鱼油1390mg高纯度Omega3 120粒-3瓶装;Webber伟博 Osteo氨糖软骨素MSM添加乳香姜黄素高端关节修护30粒-默认-(625273090321),8,14.473292316407848,Low,High sales volatility: 7-day rolling standard deviation = 14.47,HIGH_VOLATILITY
2025-03-06,	7427011616899940648,【官方直播】WebberNaturals伟博深海鱼油1390mg高纯度Omega3 120粒-3瓶装;Webber伟博 Osteo氨糖软骨素MSM添加乳香姜黄素高端关节修护30粒-默认-(625273090321),12,14.093227012258321,Low,High sales volatility: 7-day rolling standard deviation = 14.09,HIGH_VOLATILITY
2025-03-06,	7427011616899940648,【官方直播】WebberNaturals伟博深海鱼油1390mg高纯度Omega3 120粒-5瓶装;Webber伟博 Osteo氨糖软骨素MSM添加乳香姜黄素高端关节修护30粒-默认-(625273090321),10,14.093227012258321,Low,High sales volatility: 7-day rolling standard deviation = 14.09,HIGH_VOLATILITY
2025-03-06,	7427011616899940648,【官方直播】WebberNaturals伟博深海鱼油1390mg高纯度Omega3 120粒-1瓶装;Webber伟博 Osteo氨糖软骨素MSM添加乳香姜黄素高端关节修护30粒-默认-(625273090321),20,14.17072770924358,Low,High sales volatility: 7-day rolling standard deviation = 14.17,HIGH_VOLATILITY
2025-03-07,	7427011616899940648,【官方直播】WebberNaturals伟博深海鱼油1390mg高纯度Omega3 120粒-5瓶装;Webber伟博 Osteo氨糖软骨素MSM添加乳香姜黄素高端关节修护30粒-默认-(625273090321),16,13.005493344846904,Low,High sales volatility: 7-day rolling standard deviation = 13.01,HIGH_VOLATILITY
2025-03-08,	7427011616899940648,Webber伟博 Osteo氨糖软骨素MSM添加乳香姜黄素高端关节修护30粒-默认-(625273090321),2,14.276187299469134,Low,High sales volatility: 7-day rolling standard deviation = 14.28,HIGH_VOLATILITY
2025-03-08,	7427011616899940648,【官方直播】WebberNaturals伟博深海鱼油1390mg高纯度Omega3 120粒-3瓶装;Webber伟博 Osteo氨糖软骨素MSM添加乳香姜黄素高端关节修护30粒-默认-(625273090321),8,15.723806639554407,Low,High sales volatility: 7-day rolling standard deviation = 15.72,HIGH_VOLATILITY
2025-03-09,	7427011616899940648,【官方直播】WebberNaturals伟博深海鱼油1390mg高纯度Omega3 120粒-5瓶装;Webber伟博 Osteo氨糖软骨素MSM添加乳香姜黄素高端关节修护30粒-默认-(625273090321),54,16.57307052620807,Low,High sales volatility: 7-day rolling standard deviation = 16.57,HIGH_VOLATILITY
2025-03-09,	7427011616899940648,【官方直播】WebberNaturals伟博深海鱼油1390mg高纯度Omega3 120粒-3瓶装;Webber伟博 Osteo氨糖软骨素MSM添加乳香姜黄素高端关节修护30粒-默认-(625273090321),4,20.74332939249903,Medium,High sales volatility: 7-day rolling standard deviation = 20.74,HIGH_VOLATILITY
2025-03-09,	7427011616899940648,【官方直播】WebberNaturals伟博深海鱼油1390mg高纯度Omega3 120粒-1瓶装;Webber伟博 Osteo氨糖软骨素MSM添加乳香姜黄素高端关节修护30粒-默认-(625273090321),12,22.202530958257462,Medium,High sales volatility: 7-day rolling standard deviation = 22.2,HIGH_VOLATILITY
2025-03-10,	7427011616899940648,【官方直播】WebberNaturals伟博深海鱼油1390mg高纯度Omega3 120粒-3瓶装;Webber伟博 Osteo氨糖软骨素MSM添加乳香姜黄素高端关节修护30粒-默认-(625273090321),10,22.610574854215788,Medium,High sales volatility: 7-day rolling standard deviation = 22.61,HIGH_VOLATILITY
2025-03-10,	7427011616899940648,【官方直播】WebberNaturals伟博深海鱼油1390mg高纯度Omega3 120粒-5瓶装;Webber伟博 Osteo氨糖软骨素MSM添加乳香姜黄素高端关节修护30粒-默认-(625273090321),30,23.08576143323804,Medium,High sales volatility: 7-day rolling standard deviation = 23.09,HIGH_VOLATILITY
2025-03-10,	7427011616899940648,【官方直播】WebberNaturals伟博深海鱼油1390mg高纯度Omega3 120粒-1瓶装;Webber伟博 Osteo氨糖软骨素MSM添加乳香姜黄素高端关节修护30粒-默认-(625273090321),14,18.649652109611154,Low,High sales volatility: 7-day rolling standard deviation = 18.65,HIGH_VOLATILITY
2025-03-11,	7427011616899940648,【官方直播】WebberNaturals伟博深海鱼油1390mg高纯度Omega3 120粒-5瓶装;Webber伟博 Osteo氨糖软骨素MSM添加乳香姜黄素高端关节修护30粒-默认-(625273090321),36,17.544501241401072,Low,High sales volatility: 7-day rolling standard deviation = 17.54,HIGH_VOLATILITY
2025-03-11,	7427011616899940648,【官方直播】WebberNaturals伟博深海鱼油1390mg高纯度Omega3 120粒-1瓶装;Webber伟博 Osteo氨糖软骨素MSM添加乳香姜黄素高端关节修护30粒-默认-(625273090321),12,17.84590122342356,Low,High sales volatility: 7-day rolling standard deviation = 17.85,HIGH_VOLATILITY
2025-03-11,	7427011616899940648,【官方直播】WebberNaturals伟博深海鱼油1390mg高纯度Omega3 120粒-3瓶装;Webber伟博 Osteo氨糖软骨素MSM添加乳香姜黄素高端关节修护30粒-默认-(625273090321),4,11.596386957849866,Low,High sales volatility: 7-day rolling standard deviation = 11.6,HIGH_VOLATILITY
2025-03-12,	7427011616899940648,【官方直播】WebberNaturals伟博深海鱼油1390mg高纯度Omega3 120粒-5瓶装;Webber伟博 Osteo氨糖软骨素MSM添加乳香姜黄素高端关节修护30粒-默认-(625273090321),16,11.596386957849866,Low,High sales volatility: 7-day rolling standard deviation = 11.6,HIGH_VOLATILITY
2025-03-12,	7427011616899940648,【官方直播】WebberNaturals伟博深海鱼油1390mg高纯度Omega3 120粒-1瓶装;Webber伟博 Osteo氨糖软骨素MSM添加乳香姜黄素高端关节修护30粒-默认-(625273090321),16,11.414276774536102,Low,High sales volatility: 7-day rolling standard deviation = 11.41,HIGH_VOLATILITY
2025-03-12,	7427011616899940648,【官方直播】WebberNaturals伟博深海鱼油1390mg高纯度Omega3 120粒-3瓶装;Webber伟博 Osteo氨糖软骨素MSM添加乳香姜黄素高端关节修护30粒-默认-(625273090321),8,10.980502200328935,Low,High sales volatility: 7-day rolling standard deviation = 10.98,HIGH_VOLATILITY
2025-03-13,	7427011616899940648,【官方直播】WebberNaturals伟博深海鱼油1390mg高纯度Omega3 120粒-5瓶装;Webber伟博 Osteo氨糖软骨素MSM添加乳香姜黄素高端关节修护30粒-默认-(625273090321),24,10.188695883650851,Low,High sales volatility: 7-day rolling standard deviation = 10.19,HIGH_VOLATILITY
2025-03-13,	7427011616899940648,【官方直播】WebberNaturals伟博深海鱼油1390mg高纯度Omega3 120粒-1瓶装;Webber伟博 Osteo氨糖软骨素MSM添加乳香姜黄素高端关节修护30粒-默认-(625273090321),20,10.690449676496975,Low,High sales volatility: 7-day rolling standard deviation = 10.69,HIGH_VOLATILITY
2025-01-21,	7446970035580698914;7454032906437558543,【年货送礼】Webber伟博天然高纯度Omega3精粹金鱼油120粒2瓶装礼盒-默认-(625273090086*2);枫叶围巾-默认-(20241230001),24,10.179344164485629,Low,High sales volatility: 7-day rolling standard deviation = 10.18,HIGH_VOLATILITY
2025-01-22,	7446970035580698914;7454032906437558543,【年货送礼】Webber伟博天然高纯度Omega3精粹金鱼油120粒2瓶装礼盒-默认-(625273090086*2);枫叶围巾-默认-(20241230001),22,11.041048949477668,Low,High sales volatility: 7-day rolling standard deviation = 11.04,HIGH_VOLATILITY
2025-01-23,	7446970035580698914;7454032906437558543,【年货送礼】Webber伟博天然高纯度Omega3精粹金鱼油120粒2瓶装礼盒-默认-(625273090086*2);枫叶围巾-默认-(20241230001),20,10.483547200483333,Low,High sales volatility: 7-day rolling standard deviation = 10.48,HIGH_VOLATILITY
2025-09-28,	7448836024085741839,Webber Naturals伟博天然阳光小金盾小颗粒深海儿童鱼油+D3 60粒-默认-(DYWEB625273071634),2,14.302846869467231,Low,High sales volatility: 7-day rolling standard deviation = 14.3,HIGH_VOLATILITY
2025-09-29,	7448836024085741839,Webber Naturals伟博天然阳光小金盾小颗粒深海儿童鱼油+D3 60粒-默认-(DYWEB625273071634),7,14.415600015591576,Low,High sales volatility: 7-day rolling standard deviation = 14.42,HIGH_VOLATILITY
2025-09-30,	7448836024085741839,Webber Naturals伟博天然阳光小金盾小颗粒深海儿童鱼油+D3 60粒-默认-(DYWEB625273071634),18,14.067862734074494,Low,High sales volatility: 7-day rolling standard deviation = 14.07,HIGH_VOLATILITY
2025-10-01,	7448836024085741839,Webber Naturals伟博天然阳光小金盾小颗粒深海儿童鱼油+D3 60粒-默认-(DYWEB625273071634),1,13.914706163589932,Low,High sales volatility: 7-day rolling standard deviation = 13.91,HIGH_VOLATILITY
2025-10-02,	7448836024085741839,Webber Naturals伟博天然阳光小金盾小颗粒深海儿童鱼油+D3 60粒-默认-(DYWEB625273071634),6,14.15896149003134,Low,High sales volatility: 7-day rolling standard deviation = 14.16,HIGH_VOLATILITY
2025-10-03,	7448836024085741839,Webber Naturals伟博天然阳光小金盾小颗粒深海儿童鱼油+D3 60粒-默认-(DYWEB625273071634),8,14.20931954404439,Low,High sales volatility: 7-day rolling standard deviation = 14.21,HIGH_VOLATILITY
2025-10-05,	7448836024085741839,Webber Naturals伟博天然阳光小金盾小颗粒深海儿童鱼油+D3 60粒-默认-(DYWEB625273071634),1,13.646907900256938,Low,High sales volatility: 7-day rolling standard deviation = 13.65,HIGH_VOLATILITY
2025-10-21,	7481121574674874687,【官方直播】WebberNaturals伟博深海鱼油1100mg高纯度Omega3 120粒-三瓶装【1年的量】-(625273090086*3);伟博天然辅酶Q10胶囊100mg 成人心脏活力60粒 效期至26年5月30日-默认-(DYWEB628347570705),3,11.474609652039003,Low,High sales volatility: 7-day rolling standard deviation = 11.47,HIGH_VOLATILITY
2025-10-21,	7481121574674874687,【官方直播】WebberNaturals阳光小金盾小颗粒全家深海鱼油+D3 60粒-2瓶装-(625273071634*2);伟博天然辅酶Q10胶囊100mg 成人心脏活力60粒 效期至26年5月30日-默认-(DYWEB628347570705),4,11.582005747833884,Low,High sales volatility: 7-day rolling standard deviation = 11.58,HIGH_VOLATILITY
2025-10-21,	7481121574674874687,【官方直播】加拿大伟博儿童鱼油高脑力DHA无腥可嚼软胶囊120粒/瓶-2瓶装-(625273090185*2);伟博天然辅酶Q10胶囊100mg 成人心脏活力60粒 效期至26年5月30日-默认-(DYWEB628347570705),2,11.399665826346883,Low,High sales volatility: 7-day rolling standard deviation = 11.4,HIGH_VOLATILITY
2025-10-21,	7481121574674874687,【官方直播】WebberNaturals伟博深海鱼油1100mg高纯度Omega3 120粒-一瓶装【4个月的量】-(625273090086*1);伟博天然辅酶Q10胶囊100mg 成人心脏活力60粒 效期至26年5月30日-默认-(DYWEB628347570705),20,11.399665826346883,Low,High sales volatility: 7-day rolling standard deviation = 11.4,HIGH_VOLATILITY
2025-10-21,	7481121574674874687,【官方直播】WebberNaturals伟博深海鱼油1100mg高纯度Omega3 120粒-两瓶装【8个月的量】-(625273090086*2);伟博天然辅酶Q10胶囊100mg 成人心脏活力60粒 效期至26年5月30日-默认-(DYWEB628347570705),2,10.62118278769007,Low,High sales volatility: 7-day rolling standard deviation = 10.62,HIGH_VOLATILITY
2025-10-21,	7481121574674874687,Webber Naturals伟博天然进口小分子胶原蛋白多肽粉150g z-1瓶装-(625273036657*1);伟博天然辅酶Q10胶囊100mg 成人心脏活力60粒 效期至26年5月30日-默认-(DYWEB628347570705),2,10.719363875937876,Low,High sales volatility: 7-day rolling standard deviation = 10.72,HIGH_VOLATILITY
2025-10-22,	7481121574674874687,【官方直播】WebberNaturals伟博深海鱼油1100mg高纯度Omega3 120粒-一瓶装【4个月的量】-(625273090086*1);伟博天然辅酶Q10胶囊100mg 成人心脏活力60粒 效期至26年5月30日-默认-(DYWEB628347570705),22,10.719363875937876,Low,High sales volatility: 7-day rolling standard deviation = 10.72,HIGH_VOLATILITY
2025-10-26,	7481121574674874687,【官方直播】WebberNaturals阳光小金盾小颗粒全家深海鱼油+D3 60粒-2瓶装-(625273071634*2);伟博天然辅酶Q10胶囊100mg 成人心脏活力60粒 效期至26年5月30日-默认-(DYWEB628347570705),4,19.433647796197878,Low,High sales volatility: 7-day rolling standard deviation = 19.43,HIGH_VOLATILITY
2025-10-27,	7481121574674874687,【官方直播】WebberNaturals伟博深海鱼油1100mg高纯度Omega3 120粒-一瓶装【4个月的量】-(625273090086*1);伟博天然辅酶Q10胶囊100mg 成人心脏活力60粒 效期至26年5月30日-默认-(DYWEB628347570705),32,19.182084895870442,Low,High sales volatility: 7-day rolling standard deviation = 19.18,HIGH_VOLATILITY
2025-10-27,	7481121574674874687,【官方直播】WebberNaturals阳光小金盾小颗粒全家深海鱼油+D3 60粒-2瓶装-(625273071634*2);伟博天然辅酶Q10胶囊100mg 成人心脏活力60粒 效期至26年5月30日-默认-(DYWEB628347570705),2,20.032117069489043,Medium,High sales volatility: 7-day rolling standard deviation = 20.03,HIGH_VOLATILITY
2025-10-27,	7481121574674874687,【官方直播】加拿大伟博儿童鱼油高脑力DHA无腥可嚼软胶囊120粒/瓶-2瓶装-(625273090185*2);伟博天然辅酶Q10胶囊100mg 成人心脏活力60粒 效期至26年5月30日-默认-(DYWEB628347570705),8,20.723807335434056,Medium,High sales volatility: 7-day rolling standard deviation = 20.72,HIGH_VOLATILITY
2025-10-28,	7481121574674874687,【官方直播】加拿大伟博儿童鱼油高脑力DHA无腥可嚼软胶囊120粒/瓶-2瓶装-(625273090185*2);伟博天然辅酶Q10胶囊100mg 成人心脏活力60粒 效期至26年5月30日-默认-(DYWEB628347570705),2,20.256686138984662,Medium,High sales volatility: 7-day rolling standard deviation = 20.26,HIGH_VOLATILITY
2025-10-28,	7481121574674874687,Webber Naturals伟博天然进口小分子胶原蛋白多肽粉150g z-1瓶装-(625273036657*1);伟博天然辅酶Q10胶囊100mg 成人心脏活力60粒 效期至26年5月30日-默认-(DYWEB628347570705),2,20.358688328971258,Medium,High sales volatility: 7-day rolling standard deviation = 20.36,HIGH_VOLATILITY
2025-10-28,	7481121574674874687,【官方直播】WebberNaturals伟博深海鱼油1100mg高纯度Omega3 120粒-一瓶装【4个月的量】-(625273090086*1);伟博天然辅酶Q10胶囊100mg 成人心脏活力60粒 效期至26年5月30日-默认-(DYWEB628347570705),30,20.358688328971258,Medium,High sales volatility: 7-day rolling standard deviation = 20.36,HIGH_VOLATILITY
2025-10-29,	7481121574674874687,【官方直播】WebberNaturals 95%高纯度omega-3迷你深海鱼油30粒/瓶-2瓶周期装【送一瓶价值149元的60粒100mg辅酶Q10】-(625273070781*2+628347570705*1);伟博天然辅酶Q10胶囊100mg 成人心脏活力60粒 效期至26年5月30日-默认-(DYWEB628347570705),4,13.55061059949136,Low,High sales volatility: 7-day rolling standard deviation = 13.55,HIGH_VOLATILITY
2025-10-29,	7481121574674874687,【官方直播】WebberNaturals阳光小金盾小颗粒全家深海鱼油+D3 60粒-2瓶装-(625273071634*2);伟博天然辅酶Q10胶囊100mg 成人心脏活力60粒 效期至26年5月30日-默认-(DYWEB628347570705),4,13.55061059949136,Low,High sales volatility: 7-day rolling standard deviation = 13.55,HIGH_VOLATILITY
2025-10-29,	7481121574674874687,Webber Naturals伟博天然进口小分子胶原蛋白多肽粉150g z-1瓶装-(625273036657*1);伟博天然辅酶Q10胶囊100mg 成人心脏活力60粒 效期至26年5月30日-默认-(DYWEB628347570705),2,10.179344164485629,Low,High sales volatility: 7-day rolling standard deviation = 10.18,HIGH_VOLATILITY
2025-10-29,	7481121574674874687,【官方直播】WebberNaturals伟博深海鱼油1100mg高纯度Omega3 120粒-一瓶装【4个月的量】-(625273090086*1);伟博天然辅酶Q10胶囊100mg 成人心脏活力60粒 效期至26年5月30日-默认-(DYWEB628347570705),30,10.179344164485629,Low,High sales volatility: 7-day rolling standard deviation = 10.18,HIGH_VOLATILITY
2025-10-30,	7481121574674874687,【官方直播】WebberNaturals伟博深海鱼油1100mg高纯度Omega3 120粒-一瓶装【4个月的量】-(625273090086*1);伟博天然辅酶Q10胶囊100mg 成人心脏活力60粒 效期至26年5月30日-默认-(DYWEB628347570705),42,13.302344941865737,Low,High sales volatility: 7-day rolling standard deviation = 13.3,HIGH_VOLATILITY
2025-10-30,	7481121574674874687,【官方直播】加拿大伟博儿童鱼油高脑力DHA无腥可嚼软胶囊120粒/瓶-2瓶装-(625273090185*2);伟博天然辅酶Q10胶囊100mg 成人心脏活力60粒 效期至26年5月30日-默认-(DYWEB628347570705),2,17.065699377350324,Low,High sales volatility: 7-day rolling standard deviation = 17.07,HIGH_VOLATILITY
2025-10-30,	7481121574674874687,Webber Naturals伟博天然进口小分子胶原蛋白多肽粉150g z-1瓶装-(625273036657*1);伟博天然辅酶Q10胶囊100mg 成人心脏活力60粒 效期至26年5月30日-默认-(DYWEB628347570705),4,17.065699377350324,Low,High sales volatility: 7-day rolling standard deviation = 17.07,HIGH_VOLATILITY
2025-10-31,	7481121574674874687,Webber Naturals伟博天然进口小分子胶原蛋白多肽粉150g z-1瓶装-(625273036657*1);伟博天然辅酶Q10胶囊100mg 成人心脏活力60粒 效期至26年5月30日-默认-(DYWEB628347570705),2,16.399767710317757,Low,High sales volatility: 7-day rolling standard deviation = 16.4,HIGH_VOLATILITY
2025-10-31,	7481121574674874687,【官方直播】WebberNaturals伟博深海鱼油1100mg高纯度Omega3 120粒-一瓶装【4个月的量】-(625273090086*1);伟博天然辅酶Q10胶囊100mg 成人心脏活力60粒 效期至26年5月30日-默认-(DYWEB628347570705),46,16.590301240125065,Low,High sales volatility: 7-day rolling standard deviation = 16.59,HIGH_VOLATILITY
2025-10-31,	7481121574674874687,【官方直播】加拿大伟博儿童鱼油高脑力DHA无腥可嚼软胶囊120粒/瓶-2瓶装-(625273090185*2);伟博天然辅酶Q10胶囊100mg 成人心脏活力60粒 效期至26年5月30日-默认-(DYWEB628347570705),8,20.279006268505743,Medium,High sales volatility: 7-day rolling standard deviation = 20.28,HIGH_VOLATILITY
2025-11-01,	7481121574674874687,【官方直播】WebberNaturals阳光小金盾小颗粒全家深海鱼油+D3 60粒-2瓶装-(625273071634*2);伟博天然辅酶Q10胶囊100mg 成人心脏活力60粒 效期至26年5月30日-默认-(DYWEB628347570705),6,19.591057240729093,Low,High sales volatility: 7-day rolling standard deviation = 19.59,HIGH_VOLATILITY
2025-11-01,	7481121574674874687,【官方直播】加拿大伟博儿童鱼油高脑力DHA无腥可嚼软胶囊120粒/瓶-2瓶装-(625273090185*2);伟博天然辅酶Q10胶囊100mg 成人心脏活力60粒 效期至26年5月30日-默认-(DYWEB628347570705),10,19.47403643927204,Low,High sales volatility: 7-day rolling standard deviation = 19.47,HIGH_VOLATILITY
2025-11-01,	7481121574674874687,【官方直播】WebberNaturals伟博深海鱼油1100mg高纯度Omega3 120粒-一瓶装【4个月的量】-(625273090086*1);伟博天然辅酶Q10胶囊100mg 成人心脏活力60粒 效期至26年5月30日-默认-(DYWEB628347570705),32,15.657038581508866,Low,High sales volatility: 7-day rolling standard deviation = 15.66,HIGH_VOLATILITY
2025-11-02,	7481121574674874687,【官方直播】WebberNaturals伟博深海鱼油1100mg高纯度Omega3 120粒-一瓶装【4个月的量】-(625273090086*1);伟博天然辅酶Q10胶囊100mg 成人心脏活力60粒 效期至26年5月30日-默认-(DYWEB628347570705),18,16.801360489130463,Low,High sales volatility: 7-day rolling standard deviation = 16.8,HIGH_VOLATILITY
2025-11-02,	7481121574674874687,Webber Naturals伟博天然进口小分子胶原蛋白多肽粉150g z-1瓶装-(625273036657*1);伟博天然辅酶Q10胶囊100mg 成人心脏活力60粒 效期至26年5月30日-默认-(DYWEB628347570705),4,16.02973427578826,Low,High sales volatility: 7-day rolling standard deviation = 16.03,HIGH_VOLATILITY
2025-11-02,	7481121574674874687,【官方直播】加拿大伟博儿童鱼油高脑力DHA无腥可嚼软胶囊120粒/瓶-2瓶装-(625273090185*2);伟博天然辅酶Q10胶囊100mg 成人心脏活力60粒 效期至26年5月30日-默认-(DYWEB628347570705),4,15.723806639554407,Low,High sales volatility: 7-day rolling standard deviation = 15.72,HIGH_VOLATILITY
2025-11-02,	7481121574674874687,【官方直播】WebberNaturals阳光小金盾小颗粒全家深海鱼油+D3 60粒-2瓶装-(625273071634*2);伟博天然辅酶Q10胶囊100mg 成人心脏活力60粒 效期至26年5月30日-默认-(DYWEB628347570705),2,10.160614904526952,Low,High sales volatility: 7-day rolling standard deviation = 10.16,HIGH_VOLATILITY
2025-11-03,	7481121574674874687,伟博天然辅酶Q10胶囊100mg 成人心脏活力60粒 效期至26年5月30日-默认-(DYWEB628347570705),1,10.761483346152788,Low,High sales volatility: 7-day rolling standard deviation = 10.76,HIGH_VOLATILITY
2025-11-03,	7481121574674874687,Webber Naturals伟博天然进口小分子胶原蛋白多肽粉150g z-1瓶装-(625273036657*1);伟博天然辅酶Q10胶囊100mg 成人心脏活力60粒 效期至26年5月30日-默认-(DYWEB628347570705),6,11.290535437975937,Low,High sales volatility: 7-day rolling standard deviation = 11.29,HIGH_VOLATILITY
2025-11-03,	7481121574674874687,【官方直播】WebberNaturals伟博深海鱼油1100mg高纯度Omega3 120粒-一瓶装【4个月的量】-(625273090086*1);伟博天然辅酶Q10胶囊100mg 成人心脏活力60粒 效期至26年5月30日-默认-(DYWEB628347570705),46,11.399665826346883,Low,High sales volatility: 7-day rolling standard deviation = 11.4,HIGH_VOLATILITY
2025-11-03,	7481121574674874687,【官方直播】加拿大伟博儿童鱼油高脑力DHA无腥可嚼软胶囊120粒/瓶-2瓶装-(625273090185*2);伟博天然辅酶Q10胶囊100mg 成人心脏活力60粒 效期至26年5月30日-默认-(DYWEB628347570705),6,16.205525218858153,Low,High sales volatility: 7-day rolling standard deviation = 16.21,HIGH_VOLATILITY
2025-11-03,	7481121574674874687,【官方直播】WebberNaturals阳光小金盾小颗粒全家深海鱼油+D3 60粒-2瓶装-(625273071634*2);伟博天然辅酶Q10胶囊100mg 成人心脏活力60粒 效期至26年5月30日-默认-(DYWEB628347570705),4,16.046064641406332,Low,High sales volatility: 7-day rolling standard deviation = 16.05,HIGH_VOLATILITY
2025-11-04,	7481121574674874687,【官方直播】WebberNaturals阳光小金盾小颗粒全家深海鱼油+D3 60粒-2瓶装-(625273071634*2);伟博天然辅酶Q10胶囊100mg 成人心脏活力60粒 效期至26年5月30日-默认-(DYWEB628347570705),4,16.046064641406332,Low,High sales volatility: 7-day rolling standard deviation = 16.05,HIGH_VOLATILITY
2025-11-04,	7481121574674874687,【官方直播】加拿大伟博儿童鱼油高脑力DHA无腥可嚼软胶囊120粒/瓶-2瓶装-(625273090185*2);伟博天然辅酶Q10胶囊100mg 成人心脏活力60粒 效期至26年5月30日-默认-(DYWEB628347570705),4,16.046064641406332,Low,High sales volatility: 7-day rolling standard deviation = 16.05,HIGH_VOLATILITY
2025-11-04,	7481121574674874687,【官方直播】WebberNaturals伟博深海鱼油1100mg高纯度Omega3 120粒-一瓶装【4个月的量】-(625273090086*1);伟博天然辅酶Q10胶囊100mg 成人心脏活力60粒 效期至26年5月30日-默认-(DYWEB628347570705),42,15.899985025449672,Low,High sales volatility: 7-day rolling standard deviation = 15.9,HIGH_VOLATILITY
2025-11-05,	7481121574674874687,【官方直播】WebberNaturals伟博深海鱼油1100mg高纯度Omega3 120粒-一瓶装【4个月的量】-(625273090086*1);伟博天然辅酶Q10胶囊100mg 成人心脏活力60粒 效期至26年5月30日-默认-(DYWEB628347570705),2,19.183326093250876,Low,High sales volatility: 7-day rolling standard deviation = 19.18,HIGH_VOLATILITY
2025-11-05,	7503765776017555739,Webber Naturals伟博天然进口小分子胶原蛋白多肽粉150g z-1瓶装-(625273036657*1);WEBBER NATURALS茶氨酸加纳籽褪黑素香蜂草草本5重配方安睡宝10粒-默认-(DYWEB990312500179),8,11.96821186468953,Low,High sales volatility: 7-day rolling standard deviation = 11.97,HIGH_VOLATILITY
2025-11-05,	7503765776017555739,WebberNaturals伟博胶原蛋白与神经酰胺生物活性胶原肽120片 DB-2瓶装-(625273036695*2);Webber Naturals伟博天然进口小分子胶原蛋白多肽粉150g z-1瓶装-(625273036657*1);WEBBER NATURALS茶氨酸加纳籽褪黑素香蜂草草本5重配方安睡宝10粒-默认-(DYWEB990312500179),3,11.305287427107894,Low,High sales volatility: 7-day rolling standard deviation = 11.31,HIGH_VOLATILITY
2025-11-05,	7503765776017555739,【官方直播】加拿大伟博儿童鱼油高脑力DHA无腥可嚼软胶囊120粒/瓶-2瓶装-(625273090185*2);WEBBER NATURALS茶氨酸加纳籽褪黑素香蜂草草本5重配方安睡宝10粒-默认-(DYWEB990312500179),2,11.92236793354647,Low,High sales volatility: 7-day rolling standard deviation = 11.92,HIGH_VOLATILITY
2025-08-29,7.054785415521419e+18,WEBBER NATURALS儿童6岁+鱼油高DHA香橙味欧米伽3眼脑同步120粒-默认-(DYWEB625273033496),5,14.931590034299125,Low,High sales volatility: 7-day rolling standard deviation = 14.93,HIGH_VOLATILITY
2025-08-30,7.054785415521419e+18,WEBBER NATURALS儿童6岁+鱼油高DHA香橙味欧米伽3眼脑同步120粒-默认-(DYWEB625273033496),2,14.484803202305644,Low,High sales volatility: 7-day rolling standard deviation = 14.48,HIGH_VOLATILITY
2025-08-30,7.054785415521419e+18,WEBBER NATURALS6岁+儿童鱼油高DHA香橙味欧米伽3眼脑同步120粒-默认-(DYWEB625273033496),17,14.806690894257745,Low,High sales volatility: 7-day rolling standard deviation = 14.81,HIGH_VOLATILITY
2025-08-31,7.054785415521419e+18,WEBBER NATURALS6岁+儿童鱼油高DHA香橙味欧米伽3眼脑同步120粒-默认-(DYWEB625273033496),15,14.339422848184917,Low,High sales volatility: 7-day rolling standard deviation = 14.34,HIGH_VOLATILITY
2025-08-31,7.054785415521419e+18,WEBBER NATURALS儿童6岁+鱼油高DHA香橙味欧米伽3眼脑同步120粒-默认-(DYWEB625273033496),5,14.339422848184917,Low,High sales volatility: 7-day rolling standard deviation = 14.34,HIGH_VOLATILITY
2025-09-01,7.054785415521419e+18,WEBBER NATURALS儿童6岁+鱼油高DHA香橙味欧米伽3眼脑同步120粒-默认-(DYWEB625273033496),1,13.940349110884323,Low,High sales volatility: 7-day rolling standard deviation = 13.94,HIGH_VOLATILITY
2025-09-01,7.054785415521419e+18,WEBBER NATURALS6岁+儿童鱼油高DHA香橙味欧米伽3眼脑同步120粒-默认-(DYWEB625273033496),9,14.785771796529515,Low,High sales volatility: 7-day rolling standard deviation = 14.79,HIGH_VOLATILITY
2025-09-23,7.054785415521419e+18,WEBBER NATURALS儿童6岁+鱼油高DHA香橙味欧米伽3眼脑同步120粒-默认-(DYWEB625273033496),7,10.62118278769007,Low,High sales volatility: 7-day rolling standard deviation = 10.62,HIGH_VOLATILITY
2025-09-24,7.054785415521419e+18,WEBBER NATURALS6岁+儿童鱼油高DHA香橙味欧米伽3眼脑同步120粒-默认-(DYWEB625273033496),15,10.097147168996843,Low,High sales volatility: 7-day rolling standard deviation = 10.1,HIGH_VOLATILITY
2025-10-08,7.054785415521419e+18,WEBBER NATURALS儿童6岁+鱼油高DHA香橙味欧米伽3眼脑同步120粒-默认-(DYWEB625273033496),5,13.576941236277534,Low,High sales volatility: 7-day rolling standard deviation = 13.58,HIGH_VOLATILITY
2025-10-09,7.054785415521419e+18,WEBBER NATURALS6岁+儿童鱼油高DHA香橙味欧米伽3眼脑同步120粒-默认-(DYWEB625273033496),29,14.165686240583852,Low,High sales volatility: 7-day rolling standard deviation = 14.17,HIGH_VOLATILITY
2025-10-09,7.054785415521419e+18,WEBBER NATURALS儿童6岁+鱼油高DHA香橙味欧米伽3眼脑同步120粒-默认-(DYWEB625273033496),2,14.395766573478998,Low,High sales volatility: 7-day rolling standard deviation = 14.4,HIGH_VOLATILITY
2025-10-10,7.054785415521419e+18,WEBBER NATURALS儿童6岁+鱼油高DHA香橙味欧米伽3眼脑同步120粒-默认-(DYWEB625273033496),6,15.68135076786314,Low,High sales volatility: 7-day rolling standard deviation = 15.68,HIGH_VOLATILITY
2025-10-10,7.054785415521419e+18,WEBBER NATURALS6岁+儿童鱼油高DHA香橙味欧米伽3眼脑同步120粒-默认-(DYWEB625273033496),17,15.436505896274399,Low,High sales volatility: 7-day rolling standard deviation = 15.44,HIGH_VOLATILITY
2025-10-11,7.054785415521419e+18,WEBBER NATURALS儿童6岁+鱼油高DHA香橙味欧米伽3眼脑同步120粒-默认-(DYWEB625273033496),4,14.75837131290319,Low,High sales volatility: 7-day rolling standard deviation = 14.76,HIGH_VOLATILITY
2025-10-11,7.054785415521419e+18,WEBBER NATURALS6岁+儿童鱼油高DHA香橙味欧米伽3眼脑同步120粒-默认-(DYWEB625273033496),16,14.982529508604028,Low,High sales volatility: 7-day rolling standard deviation = 14.98,HIGH_VOLATILITY
2025-11-01,7.054785415521419e+18,WEBBER NATURALS儿童6岁+鱼油高DHA香橙味欧米伽3眼脑同步120粒-默认-(DYWEB625273033496),11,10.214368964029708,Low,High sales volatility: 7-day rolling standard deviation = 10.21,HIGH_VOLATILITY
2025-11-08,7.054785415521419e+18,【进博会专属 】伟博天然6岁+儿童鱼油高DHA欧米伽3香橙味120粒-默认-(DYWEB625273033496),1,10.193368525897702,Low,High sales volatility: 7-day rolling standard deviation = 10.19,HIGH_VOLATILITY
2025-11-08,7.054785415521419e+18,WEBBER NATURALS6岁+儿童鱼油高DHA香橙味欧米伽3眼脑同步120粒-默认-(DYWEB625273033496),21,10.367072415884365,Low,High sales volatility: 7-day rolling standard deviation = 10.37,HIGH_VOLATILITY
2025-11-08,7.054785415521419e+18,WEBBER NATURALS儿童6岁+鱼油高DHA香橙味欧米伽3眼脑同步120粒-默认-(DYWEB625273033496),4,11.470458952083328,Low,High sales volatility: 7-day rolling standard deviation = 11.47,HIGH_VOLATILITY
2025-11-09,7.054785415521419e+18,WEBBER NATURALS6岁+儿童鱼油高DHA香橙味欧米伽3眼脑同步120粒-默认-(DYWEB625273033496),22,11.141941354308823,Low,High sales volatility: 7-day rolling standard deviation = 11.14,HIGH_VOLATILITY
2025-11-09,7.054785415521419e+18,【进博会专属 】伟博天然6岁+儿童鱼油高DHA欧米伽3香橙味120粒-默认-(DYWEB625273033496),3,11.674147261608201,Low,High sales volatility: 7-day rolling standard deviation = 11.67,HIGH_VOLATILITY
2025-11-09,7.054785415521419e+18,WEBBER NATURALS儿童6岁+鱼油高DHA香橙味欧米伽3眼脑同步120粒-默认-(DYWEB625273033496),2,12.188988004400882,Low,High sales volatility: 7-day rolling standard deviation = 12.19,HIGH_VOLATILITY
2025-11-10,7.054785415521419e+18,WEBBER NATURALS6岁+儿童鱼油高DHA香橙味欧米伽3眼脑同步120粒-默认-(DYWEB625273033496),14,12.047524938461724,Low,High sales volatility: 7-day rolling standard deviation = 12.05,HIGH_VOLATILITY
2025-11-13,7.054785415521419e+18,【进博会专属 】伟博天然6岁+儿童鱼油高DHA欧米伽3香橙味120粒-默认-(DYWEB625273033496),1,10.672617387724621,Low,High sales volatility: 7-day rolling standard deviation = 10.67,HIGH_VOLATILITY
2025-11-13,7.054785415521419e+18,【官方直播 】伟博天然6岁+儿童鱼油高DHA欧米伽3香橙味120粒-默认-(DYWEB625273033496),1,10.123052428797871,Low,High sales volatility: 7-day rolling standard deviation = 10.12,HIGH_VOLATILITY
2025-11-14,7.054785415521419e+18,WEBBER NATURALS6岁+儿童鱼油高DHA香橙味欧米伽3眼脑同步120粒-默认-(DYWEB625273033496),22,10.373960074101289,Low,High sales volatility: 7-day rolling standard deviation = 10.37,HIGH_VOLATILITY
2025-11-14,7.054785415521419e+18,WEBBER NATURALS儿童6岁+鱼油高DHA香橙味欧米伽3眼脑同步120粒-默认-(DYWEB625273033496),8,10.690449676496975,Low,High sales volatility: 7-day rolling standard deviation = 10.69,HIGH_VOLATILITY
2025-11-14,7.054785415521419e+18,【进博会专属 】伟博天然6岁+儿童鱼油高DHA欧米伽3香橙味120粒-默认-(DYWEB625273033496),1,10.792413561210045,Low,High sales volatility: 7-day rolling standard deviation = 10.79,HIGH_VOLATILITY
2025-11-15,7.054785415521419e+18,WEBBER NATURALS6岁+儿童鱼油高DHA香橙味欧米伽3眼脑同步120粒-默认-(DYWEB625273033496),22,11.02810263005598,Low,High sales volatility: 7-day rolling standard deviation = 11.03,HIGH_VOLATILITY
2025-11-15,7.054785415521419e+18,【进博会专属 】伟博天然6岁+儿童鱼油高DHA欧米伽3香橙味120粒-默认-(DYWEB625273033496),3,11.795883059053152,Low,High sales volatility: 7-day rolling standard deviation = 11.8,HIGH_VOLATILITY
2025-11-22,7.054785415521419e+18,【官方直播 】伟博天然6岁+儿童鱼油高DHA欧米伽3香橙味120粒-默认-(DYWEB625273033496),2,11.67210757481678,Low,High sales volatility: 7-day rolling standard deviation = 11.67,HIGH_VOLATILITY
2025-11-22,7.054785415521419e+18,【进博会专属 】伟博天然6岁+儿童鱼油高DHA欧米伽3香橙味120粒-默认-(DYWEB625273033496),10,11.357816691600547,Low,High sales volatility: 7-day rolling standard deviation = 11.36,HIGH_VOLATILITY
2025-11-23,7.054785415521419e+18,【官方直播 】伟博天然6岁+儿童鱼油高DHA欧米伽3香橙味120粒-默认-(DYWEB625273033496),1,10.796824930109247,Low,High sales volatility: 7-day rolling standard deviation = 10.8,HIGH_VOLATILITY
2025-11-23,7.054785415521419e+18,【进博会专属 】伟博天然6岁+儿童鱼油高DHA欧米伽3香橙味120粒-默认-(DYWEB625273033496),5,11.220729116450585,Low,High sales volatility: 7-day rolling standard deviation = 11.22,HIGH_VOLATILITY
2025-11-23,7.054785415521419e+18,WEBBER NATURALS6岁+儿童鱼油高DHA香橙味欧米伽3眼脑同步120粒-默认-(DYWEB625273033496),18,10.683766056164705,Low,High sales volatility: 7-day rolling standard deviation = 10.68,HIGH_VOLATILITY
2025-11-24,7.054785415521419e+18,WEBBER NATURALS6岁+儿童鱼油高DHA香橙味欧米伽3眼脑同步120粒-默认-(DYWEB625273033496),14,11.220729116450585,Low,High sales volatility: 7-day rolling standard deviation = 11.22,HIGH_VOLATILITY
2025-11-24,7.054785415521419e+18,【进博会专属 】伟博天然6岁+儿童鱼油高DHA欧米伽3香橙味120粒-默认-(DYWEB625273033496),10,10.596495377515827,Low,High sales volatility: 7-day rolling standard deviation = 10.6,HIGH_VOLATILITY
2025-11-27,7.054785415521419e+18,【官方直播 】伟博天然6岁+儿童鱼油高DHA欧米伽3香橙味120粒-默认-(DYWEB625273033496),4,10.58075521654201,Low,High sales volatility: 7-day rolling standard deviation = 10.58,HIGH_VOLATILITY
2025-11-27,7.054785415521419e+18,WEBBER NATURALS6岁+儿童鱼油高DHA香橙味欧米伽3眼脑同步120粒-默认-(DYWEB625273033496),22,10.188695883650851,Low,High sales volatility: 7-day rolling standard deviation = 10.19,HIGH_VOLATILITY
2025-11-28,7.054785415521419e+18,【官方直播 】伟博天然6岁+儿童鱼油高DHA欧米伽3香橙味120粒-默认-(DYWEB625273033496),3,10.2910039308496,Low,High sales volatility: 7-day rolling standard deviation = 10.29,HIGH_VOLATILITY
2025-11-29,7.054785415521419e+18,WEBBER NATURALS6岁+儿童鱼油高DHA香橙味欧米伽3眼脑同步120粒-默认-(DYWEB625273033496),24,11.313708498984761,Low,High sales volatility: 7-day rolling standard deviation = 11.31,HIGH_VOLATILITY
2025-11-29,7.054785415521419e+18,【官方直播 】伟博天然6岁+儿童鱼油高DHA欧米伽3香橙味120粒-默认-(DYWEB625273033496),5,11.071198154284321,Low,High sales volatility: 7-day rolling standard deviation = 11.07,HIGH_VOLATILITY
2025-11-30,7.054785415521419e+18,WEBBER NATURALS6岁+儿童鱼油高DHA香橙味欧米伽3眼脑同步120粒-默认-(DYWEB625273033496),18,11.62509600574796,Low,High sales volatility: 7-day rolling standard deviation = 11.63,HIGH_VOLATILITY
2025-11-30,7.054785415521419e+18,【官方直播 】伟博天然6岁+儿童鱼油高DHA欧米伽3香橙味120粒-默认-(DYWEB625273033496),4,10.014275524755362,Low,High sales volatility: 7-day rolling standard deviation = 10.01,HIGH_VOLATILITY
2025-12-01,7.054785415521419e+18,WEBBER NATURALS6岁+儿童鱼油高DHA香橙味欧米伽3眼脑同步120粒-默认-(DYWEB625273033496),21,10.014275524755362,Low,High sales volatility: 7-day rolling standard deviation = 10.01,HIGH_VOLATILITY
2025-12-03,7.054785415521419e+18,WEBBER NATURALS6岁+儿童鱼油高DHA香橙味欧米伽3眼脑同步120粒-默认-(DYWEB625273033496),9,10.277112805600979,Low,High sales volatility: 7-day rolling standard deviation = 10.28,HIGH_VOLATILITY
2025-12-03,7.054785415521419e+18,【官方直播 】伟博天然6岁+儿童鱼油高DHA欧米伽3香橙味120粒-默认-(DYWEB625273033496),2,10.045136231269435,Low,High sales volatility: 7-day rolling standard deviation = 10.05,HIGH_VOLATILITY
2025-12-04,7.054785415521419e+18,WEBBER NATURALS6岁+儿童鱼油高DHA香橙味欧米伽3眼脑同步120粒-默认-(DYWEB625273033496),1,10.311805532172013,Low,High sales volatility: 7-day rolling standard deviation = 10.31,HIGH_VOLATILITY
2025-12-09,7.054785415521419e+18,	【官方直播 】伟博天然6岁+儿童鱼油高DHA欧米伽3香橙味120粒,2,10.181682899534175,Low,High sales volatility: 7-day rolling standard deviation = 10.18,HIGH_VOLATILITY
2025-12-09,7.054785415521419e+18,	【达人专属】WEBBER NATURALS6岁+儿童鱼油高DHA香橙味欧米伽3眼脑同步120粒,2,10.357881747042407,Low,High sales volatility: 7-day rolling standard deviation = 10.36,HIGH_VOLATILITY
2025-12-22,7.054785415521419e+18,	WEBBER NATURALS6岁+儿童鱼油高DHA香橙味欧米伽3眼脑同步120粒,7,15.306394555404427,Low,High sales volatility: 7-day rolling standard deviation = 15.31,HIGH_VOLATILITY
2025-12-22,7.054785415521419e+18,	【官方直播 】伟博天然6岁+儿童鱼油高DHA欧米伽3香橙味120粒,7,15.0996688705415,Low,High sales volatility: 7-day rolling standard deviation = 15.1,HIGH_VOLATILITY
2025-12-22,7.054785415521419e+18,	【达人专属】WEBBER NATURALS6岁+儿童鱼油高DHA香橙味欧米伽3眼脑同步120粒,6,14.772883782054716,Low,High sales volatility: 7-day rolling standard deviation = 14.77,HIGH_VOLATILITY
2025-12-23,7.054785415521419e+18,	【达人专属】WEBBER NATURALS6岁+儿童鱼油高DHA香橙味欧米伽3眼脑同步120粒,6,14.553677329442337,Low,High sales volatility: 7-day rolling standard deviation = 14.55,HIGH_VOLATILITY
2025-12-23,7.054785415521419e+18,	WEBBER NATURALS6岁+儿童鱼油高DHA香橙味欧米伽3眼脑同步120粒,6,14.488090347066514,Low,High sales volatility: 7-day rolling standard deviation = 14.49,HIGH_VOLATILITY
2025-12-23,7.054785415521419e+18,	【官方直播 】伟博天然6岁+儿童鱼油高DHA欧米伽3香橙味120粒,3,14.244464254746891,Low,High sales volatility: 7-day rolling standard deviation = 14.24,HIGH_VOLATILITY
2025-12-24,7.054785415521419e+18,	WEBBER NATURALS6岁+儿童鱼油高DHA香橙味欧米伽3眼脑同步120粒,6,14.488090347066514,Low,High sales volatility: 7-day rolling standard deviation = 14.49,HIGH_VOLATILITY
2025-12-30,7.054785415521419e+18,	WEBBER NATURALS6岁+儿童鱼油高DHA香橙味欧米伽3眼脑同步120粒,10,12.257165057144952,Low,High sales volatility: 7-day rolling standard deviation = 12.26,HIGH_VOLATILITY
2025-12-30,7.054785415521419e+18,	【官方直播 】伟博天然6岁+儿童鱼油高DHA欧米伽3香橙味120粒,7,11.902380714238083,Low,High sales volatility: 7-day rolling standard deviation = 11.9,HIGH_VOLATILITY
2025-12-30,7.054785415521419e+18,	【达人专属】WEBBER NATURALS6岁+儿童鱼油高DHA香橙味欧米伽3眼脑同步120粒,8,11.814035236591627,Low,High sales volatility: 7-day rolling standard deviation = 11.81,HIGH_VOLATILITY
2025-12-31,7.054785415521419e+18,	【达人专属】WEBBER NATURALS6岁+儿童鱼油高DHA香橙味欧米伽3眼脑同步120粒,9,11.787806452108931,Low,High sales volatility: 7-day rolling standard deviation = 11.79,HIGH_VOLATILITY
2025-12-31,7.054785415521419e+18,	【官方直播 】伟博天然6岁+儿童鱼油高DHA欧米伽3香橙味120粒,6,11.207990347026875,Low,High sales volatility: 7-day rolling standard deviation = 11.21,HIGH_VOLATILITY
2025-12-31,7.054785415521419e+18,	WEBBER NATURALS6岁+儿童鱼油高DHA香橙味欧米伽3眼脑同步120粒,3,11.036735197037384,Low,High sales volatility: 7-day rolling standard deviation = 11.04,HIGH_VOLATILITY
2026-01-01,7.054785415521419e+18,	【达人专属】WEBBER NATURALS6岁+儿童鱼油高DHA香橙味欧米伽3眼脑同步120粒,11,10.761483346152788,Low,High sales volatility: 7-day rolling standard deviation = 10.76,HIGH_VOLATILITY
2025-02-21,7.05478541552142e+18,Webber Naturals儿童鱼油150mg高DHA香橙味omega3脑黄金120粒6岁+-默认-(DYWEB625273033496),37,14.241120876164342,Low,High sales volatility: 7-day rolling standard deviation = 14.24,HIGH_VOLATILITY
2025-02-22,7.05478541552142e+18,Webber Naturals儿童鱼油150mg高DHA香橙味omega3脑黄金120粒6岁+-默认-(DYWEB625273033496),42,15.279927698657167,Low,High sales volatility: 7-day rolling standard deviation = 15.28,HIGH_VOLATILITY
2025-02-23,7.05478541552142e+18,Webber Naturals儿童鱼油150mg高DHA香橙味omega3脑黄金120粒6岁+-默认-(DYWEB625273033496),54,15.830952201906479,Low,High sales volatility: 7-day rolling standard deviation = 15.83,HIGH_VOLATILITY
2025-02-24,7.05478541552142e+18,Webber Naturals儿童鱼油150mg高DHA香橙味omega3脑黄金120粒6岁+-默认-(DYWEB625273033496),33,17.324631515355733,Low,High sales volatility: 7-day rolling standard deviation = 17.32,HIGH_VOLATILITY
2025-02-25,7.05478541552142e+18,Webber Naturals儿童鱼油150mg高DHA香橙味omega3脑黄金120粒6岁+-默认-(DYWEB625273033496),25,14.667748877822293,Low,High sales volatility: 7-day rolling standard deviation = 14.67,HIGH_VOLATILITY
2025-02-26,7.05478541552142e+18,Webber Naturals儿童鱼油150mg高DHA香橙味omega3脑黄金120粒6岁+-默认-(DYWEB625273033496),27,14.78738200854589,Low,High sales volatility: 7-day rolling standard deviation = 14.79,HIGH_VOLATILITY
2025-02-27,7.05478541552142e+18,Webber Naturals儿童鱼油150mg高DHA香橙味omega3脑黄金120粒6岁+-默认-(DYWEB625273033496),26,11.041048949477668,Low,High sales volatility: 7-day rolling standard deviation = 11.04,HIGH_VOLATILITY
2025-02-28,7.05478541552142e+18,Webber Naturals儿童鱼油150mg高DHA香橙味omega3脑黄金120粒6岁+-默认-(DYWEB625273033496),8,10.510765456244872,Low,High sales volatility: 7-day rolling standard deviation = 10.51,HIGH_VOLATILITY
2025-03-01,7.05478541552142e+18,Webber Naturals儿童鱼油150mg高DHA香橙味omega3脑黄金120粒6岁+-默认-(DYWEB625273033496),30,14.488090347066514,Low,High sales volatility: 7-day rolling standard deviation = 14.49,HIGH_VOLATILITY
2025-03-02,7.05478541552142e+18,Webber Naturals儿童鱼油150mg高DHA香橙味omega3脑黄金120粒6岁+-默认-(DYWEB625273033496),30,13.613718571108091,Low,High sales volatility: 7-day rolling standard deviation = 13.61,HIGH_VOLATILITY
2025-03-06,7.05478541552142e+18,Webber Naturals儿童鱼油150mg高DHA香橙味omega3脑黄金120粒6岁+-默认-(DYWEB625273033496),10,10.04039460427347,Low,High sales volatility: 7-day rolling standard deviation = 10.04,HIGH_VOLATILITY
2025-03-07,7.05478541552142e+18,Webber Naturals儿童鱼油150mg高DHA香橙味omega3脑黄金120粒6岁+-默认-(DYWEB625273033496),12,10.485818086939185,Low,High sales volatility: 7-day rolling standard deviation = 10.49,HIGH_VOLATILITY
2025-03-21,7.05478541552142e+18,Webber Naturals儿童鱼油150mg高DHA香橙味omega3脑黄金120粒6岁+-默认-(DYWEB625273033496),36,14.479871085982316,Low,High sales volatility: 7-day rolling standard deviation = 14.48,HIGH_VOLATILITY
2025-03-22,7.05478541552142e+18,Webber Naturals儿童鱼油150mg高DHA香橙味omega3脑黄金120粒6岁+-默认-(DYWEB625273033496),29,15.447299039607138,Low,High sales volatility: 7-day rolling standard deviation = 15.45,HIGH_VOLATILITY
2025-03-23,7.05478541552142e+18,Webber Naturals儿童鱼油150mg高DHA香橙味omega3脑黄金120粒6岁+-默认-(DYWEB625273033496),23,14.496304947911973,Low,High sales volatility: 7-day rolling standard deviation = 14.5,HIGH_VOLATILITY
2025-03-24,7.05478541552142e+18,Webber Naturals儿童鱼油150mg高DHA香橙味omega3脑黄金120粒6岁+-默认-(DYWEB625273033496),26,13.697410252272055,Low,High sales volatility: 7-day rolling standard deviation = 13.7,HIGH_VOLATILITY
2025-03-25,7.05478541552142e+18,Webber Naturals儿童鱼油150mg高DHA香橙味omega3脑黄金120粒6岁+-默认-(DYWEB625273033496),31,12.902565267271097,Low,High sales volatility: 7-day rolling standard deviation = 12.9,HIGH_VOLATILITY
2025-03-27,7.05478541552142e+18,Webber Naturals儿童鱼油150mg高DHA香橙味omega3脑黄金120粒6岁+-默认-(DYWEB625273033496),41,10.179344164485629,Low,High sales volatility: 7-day rolling standard deviation = 10.18,HIGH_VOLATILITY
2025-03-30,7.05478541552142e+18,Webber Naturals儿童鱼油150mg高DHA香橙味omega3脑黄金120粒6岁+-默认-(DYWEB625273033496),17,13.976170195491086,Low,High sales volatility: 7-day rolling standard deviation = 13.98,HIGH_VOLATILITY
2025-03-31,7.05478541552142e+18,Webber Naturals儿童鱼油150mg高DHA香橙味omega3脑黄金120粒6岁+-默认-(DYWEB625273033496),47,15.181442305531792,Low,High sales volatility: 7-day rolling standard deviation = 15.18,HIGH_VOLATILITY
2025-04-01,7.05478541552142e+18,Webber Naturals儿童鱼油150mg高DHA香橙味omega3脑黄金120粒6岁+-默认-(DYWEB625273033496),56,14.679107277903192,Low,High sales volatility: 7-day rolling standard deviation = 14.68,HIGH_VOLATILITY
2025-04-02,7.05478541552142e+18,Webber Naturals儿童鱼油150mg高DHA香橙味omega3脑黄金120粒6岁+-默认-(DYWEB625273033496),63,15.118578920369089,Low,High sales volatility: 7-day rolling standard deviation = 15.12,HIGH_VOLATILITY
2025-04-03,7.05478541552142e+18,Webber Naturals儿童鱼油150mg高DHA香橙味omega3脑黄金120粒6岁+-默认-(DYWEB625273033496),42,16.731777578977702,Low,High sales volatility: 7-day rolling standard deviation = 16.73,HIGH_VOLATILITY
2025-04-04,7.05478541552142e+18,Webber Naturals儿童鱼油150mg高DHA香橙味omega3脑黄金120粒6岁+-默认-(DYWEB625273033496),32,16.690459207925603,Low,High sales volatility: 7-day rolling standard deviation = 16.69,HIGH_VOLATILITY
2025-04-05,7.05478541552142e+18,Webber Naturals儿童鱼油150mg高DHA香橙味omega3脑黄金120粒6岁+-默认-(DYWEB625273033496),38,16.821188452436438,Low,High sales volatility: 7-day rolling standard deviation = 16.82,HIGH_VOLATILITY
2025-04-06,7.05478541552142e+18,Webber Naturals儿童鱼油150mg高DHA香橙味omega3脑黄金120粒6岁+-默认-(DYWEB625273033496),34,15.290831364236668,Low,High sales volatility: 7-day rolling standard deviation = 15.29,HIGH_VOLATILITY
2025-04-07,7.05478541552142e+18,Webber Naturals儿童鱼油150mg高DHA香橙味omega3脑黄金120粒6岁+-默认-(DYWEB625273033496),24,11.516034370348484,Low,High sales volatility: 7-day rolling standard deviation = 11.52,HIGH_VOLATILITY
2025-04-08,7.05478541552142e+18,Webber Naturals儿童鱼油150mg高DHA香橙味omega3脑黄金120粒6岁+-默认-(DYWEB625273033496),50,13.768494056047981,Low,High sales volatility: 7-day rolling standard deviation = 13.77,HIGH_VOLATILITY
2025-04-09,7.05478541552142e+18,Webber Naturals儿童鱼油150mg高DHA香橙味omega3脑黄金120粒6岁+-默认-(DYWEB625273033496),35,12.8563491818523,Low,High sales volatility: 7-day rolling standard deviation = 12.86,HIGH_VOLATILITY
2025-04-12,7.05478541552142e+18,Webber Naturals儿童鱼油150mg高DHA香橙味omega3脑黄金120粒6岁+-默认-(DYWEB625273033496),21,11.57172251243357,Low,High sales volatility: 7-day rolling standard deviation = 11.57,HIGH_VOLATILITY
2025-04-13,7.05478541552142e+18,Webber Naturals儿童鱼油150mg高DHA香橙味omega3脑黄金120粒6岁+-默认-(DYWEB625273033496),30,11.710800875382398,Low,High sales volatility: 7-day rolling standard deviation = 11.71,HIGH_VOLATILITY
2025-04-14,7.05478541552142e+18,Webber Naturals儿童鱼油150mg高DHA香橙味omega3脑黄金120粒6岁+-默认-(DYWEB625273033496),31,11.513966674062791,Low,High sales volatility: 7-day rolling standard deviation = 11.51,HIGH_VOLATILITY
2025-04-15,7.05478541552142e+18,Webber Naturals儿童鱼油150mg高DHA香橙味omega3脑黄金120粒6岁+-默认-(DYWEB625273033496),27,11.382944635349352,Low,High sales volatility: 7-day rolling standard deviation = 11.38,HIGH_VOLATILITY
2025-04-18,7.05478541552142e+18,Webber Naturals儿童鱼油150mg高DHA香橙味omega3脑黄金120粒6岁+-默认-(DYWEB625273033496),36,10.485818086939185,Low,High sales volatility: 7-day rolling standard deviation = 10.49,HIGH_VOLATILITY
2025-04-19,7.05478541552142e+18,Webber Naturals儿童鱼油150mg高DHA香橙味omega3脑黄金120粒6岁+-默认-(DYWEB625273033496),1,12.03961714309807,Low,High sales volatility: 7-day rolling standard deviation = 12.04,HIGH_VOLATILITY
2025-04-19,7.05478541552142e+18,Webber Naturals儿童鱼油150mg高DHA香橙味omega3脑黄金120粒6岁+-默认-(DYWEB625273033496),12,13.90272326868784,Low,High sales volatility: 7-day rolling standard deviation = 13.9,HIGH_VOLATILITY
2025-04-20,7.05478541552142e+18,Webber Naturals儿童鱼油150mg高DHA香橙味omega3脑黄金120粒6岁+-默认-(DYWEB625273033496),24,12.854497082270283,Low,High sales volatility: 7-day rolling standard deviation = 12.85,HIGH_VOLATILITY
2025-04-21,7.05478541552142e+18,Webber Naturals儿童鱼油150mg高DHA香橙味omega3脑黄金120粒6岁+-默认-(DYWEB625273033496),17,12.45945806357946,Low,High sales volatility: 7-day rolling standard deviation = 12.46,HIGH_VOLATILITY
2025-04-22,7.05478541552142e+18,Webber Naturals儿童鱼油150mg高DHA香橙味omega3脑黄金120粒6岁+-默认-(DYWEB625273033496),12,12.474736374731437,Low,High sales volatility: 7-day rolling standard deviation = 12.47,HIGH_VOLATILITY
2025-04-22,7.05478541552142e+18,Webber Naturals儿童鱼油150mg高DHA香橙味omega3脑黄金120粒6岁+-默认-(DYWEB625273033496),1,12.486182839633653,Low,High sales volatility: 7-day rolling standard deviation = 12.49,HIGH_VOLATILITY
2025-04-23,7.05478541552142e+18,Webber Naturals儿童鱼油150mg高DHA香橙味omega3脑黄金120粒6岁+-默认-(DYWEB625273033496),8,12.486182839633653,Low,High sales volatility: 7-day rolling standard deviation = 12.49,HIGH_VOLATILITY
2025-06-30,7.05478541552142e+18,Webber Naturals儿童鱼油150mg高DHA香橙味omega3脑黄金120粒6岁+-默认-(DYWEB625273033496),9,16.812693617224657,Low,High sales volatility: 7-day rolling standard deviation = 16.81,HIGH_VOLATILITY
2025-07-01,7.05478541552142e+18,【子豪专属】Webber Naturals儿童鱼油150mg高DHA香橙味omega3脑黄金120粒6岁+-默认-(DYWEB625273033496),51,16.93966885604264,Low,High sales volatility: 7-day rolling standard deviation = 16.94,HIGH_VOLATILITY
2025-07-01,7.05478541552142e+18,Webber Naturals儿童鱼油150mg高DHA香橙味omega3脑黄金120粒6岁+-默认-(DYWEB625273033496),16,21.91650823770368,Medium,High sales volatility: 7-day rolling standard deviation = 21.92,HIGH_VOLATILITY
2025-07-01,7.05478541552142e+18,Webber Naturals儿童鱼油150mg高DHA香橙味omega3脑黄金120粒6岁+-默认-(DYWEB625273033496),1,20.554225611201957,Medium,High sales volatility: 7-day rolling standard deviation = 20.55,HIGH_VOLATILITY
2025-07-02,7.05478541552142e+18,Webber Naturals儿童鱼油150mg高DHA香橙味omega3脑黄金120粒6岁+-默认-(DYWEB625273033496),19,21.540659228538015,Medium,High sales volatility: 7-day rolling standard deviation = 21.54,HIGH_VOLATILITY
2025-07-02,7.05478541552142e+18,【子豪专属】Webber Naturals儿童鱼油150mg高DHA香橙味omega3脑黄金120粒6岁+-默认-(DYWEB625273033496),13,19.90692628925205,Low,High sales volatility: 7-day rolling standard deviation = 19.91,HIGH_VOLATILITY
2025-07-03,7.05478541552142e+18,【子豪专属】Webber Naturals儿童鱼油150mg高DHA香橙味omega3脑黄金120粒6岁+-默认-(DYWEB625273033496),2,19.82182539285325,Low,High sales volatility: 7-day rolling standard deviation = 19.82,HIGH_VOLATILITY
2025-07-03,7.05478541552142e+18,Webber Naturals儿童鱼油150mg高DHA香橙味omega3脑黄金120粒6岁+-默认-(DYWEB625273033496),19,16.896040674554214,Low,High sales volatility: 7-day rolling standard deviation = 16.9,HIGH_VOLATILITY
2025-07-03,7.05478541552142e+18,Webber Naturals儿童鱼油150mg高DHA香橙味omega3脑黄金120粒6岁+-默认-(DYWEB625273033496),1,16.64045557984402,Low,High sales volatility: 7-day rolling standard deviation = 16.64,HIGH_VOLATILITY
2025-03-28,7.05478541563052e+18,伟博天然进口α硫辛酸胶囊100mg*60粒/瓶-默认-(DYWEB625273031287),17,11.021623767675544,Low,High sales volatility: 7-day rolling standard deviation = 11.02,HIGH_VOLATILITY
2025-03-29,7.05478541563052e+18,伟博天然进口α硫辛酸胶囊100mg*60粒/瓶-默认-(DYWEB625273031287),16,11.021623767675544,Low,High sales volatility: 7-day rolling standard deviation = 11.02,HIGH_VOLATILITY
2025-08-07,7.05478541563052e+18,伟博天然进口α硫辛酸胶囊100mg*60粒/瓶-默认-(DYWEB625273031287),1,10.558228567150385,Low,High sales volatility: 7-day rolling standard deviation = 10.56,HIGH_VOLATILITY
2025-08-08,7.05478541563052e+18,伟博天然进口α硫辛酸胶囊100mg*60粒/瓶-默认-(DYWEB625273031287),2,10.558228567150385,Low,High sales volatility: 7-day rolling standard deviation = 10.56,HIGH_VOLATILITY
2025-03-13,7.077809856803226e+18,WebberNaturals伟博深海鱼油900mg高纯度Omega3 DHA/EPA鱼油200粒-默认-(DYWEB625273052985),34,10.099504938362077,Low,High sales volatility: 7-day rolling standard deviation = 10.1,HIGH_VOLATILITY
2025-03-16,7.077809856803226e+18,WebberNaturals伟博深海鱼油900mg高纯度Omega3 DHA/EPA鱼油200粒-默认-(DYWEB625273052985),25,10.253919111386493,Low,High sales volatility: 7-day rolling standard deviation = 10.25,HIGH_VOLATILITY
2025-03-17,7.077809856803226e+18,WebberNaturals伟博深海鱼油900mg高纯度Omega3 DHA/EPA鱼油200粒-默认-(DYWEB625273052985),38,10.708252269472673,Low,High sales volatility: 7-day rolling standard deviation = 10.71,HIGH_VOLATILITY
2025-03-14,7.086274688812433e+18,Webber Naturals伟博胶原蛋白与神经酰胺生物活性胶原肽120片/瓶-默认-(DYWEB625273036695),4,34.99727880578037,High,High sales volatility: 7-day rolling standard deviation = 35.0,HIGH_VOLATILITY
2025-03-15,7.086274688812433e+18,Webber Naturals伟博胶原蛋白与神经酰胺生物活性胶原肽120片/瓶-默认-(DYWEB625273036695),12,34.77410092638047,High,High sales volatility: 7-day rolling standard deviation = 34.77,HIGH_VOLATILITY
2025-03-16,7.086274688812433e+18,Webber Naturals伟博胶原蛋白与神经酰胺生物活性胶原肽120片/瓶-默认-(DYWEB625273036695),5,34.65888190980914,High,High sales volatility: 7-day rolling standard deviation = 34.66,HIGH_VOLATILITY
2025-03-17,7.086274688812433e+18,Webber Naturals伟博胶原蛋白与神经酰胺生物活性胶原肽120片/瓶-默认-(DYWEB625273036695),48,34.590116947998176,High,High sales volatility: 7-day rolling standard deviation = 34.59,HIGH_VOLATILITY
2025-03-18,7.086274688812433e+18,Webber Naturals伟博胶原蛋白与神经酰胺生物活性胶原肽120片/瓶-默认-(DYWEB625273036695),10,35.42799538702207,High,High sales volatility: 7-day rolling standard deviation = 35.43,HIGH_VOLATILITY
2025-03-19,7.086274688812433e+18,Webber Naturals伟博胶原蛋白与神经酰胺生物活性胶原肽120片/瓶-默认-(DYWEB625273036695),8,35.18928408316535,High,High sales volatility: 7-day rolling standard deviation = 35.19,HIGH_VOLATILITY
2025-03-20,7.086274688812433e+18,Webber Naturals伟博胶原蛋白与神经酰胺生物活性胶原肽120片/瓶-默认-(DYWEB625273036695),16,34.702133871537285,High,High sales volatility: 7-day rolling standard deviation = 34.7,HIGH_VOLATILITY
2025-03-21,7.086274688812433e+18,Webber Naturals伟博胶原蛋白与神经酰胺生物活性胶原肽120片/瓶-默认-(DYWEB625273036695),3,15.239360066554475,Low,High sales volatility: 7-day rolling standard deviation = 15.24,HIGH_VOLATILITY
2025-03-22,7.086274688812433e+18,Webber Naturals伟博胶原蛋白与神经酰胺生物活性胶原肽120片/瓶-默认-(DYWEB625273036695),3,15.360741549560066,Low,High sales volatility: 7-day rolling standard deviation = 15.36,HIGH_VOLATILITY
2025-03-23,7.086274688812433e+18,Webber Naturals伟博胶原蛋白与神经酰胺生物活性胶原肽120片/瓶-默认-(DYWEB625273036695),3,15.976172734359604,Low,High sales volatility: 7-day rolling standard deviation = 15.98,HIGH_VOLATILITY
2025-03-24,7.086274688812433e+18,Webber Naturals伟博胶原蛋白与神经酰胺生物活性胶原肽120片/瓶-默认-(DYWEB625273036695),28,16.165807537309522,Low,High sales volatility: 7-day rolling standard deviation = 16.17,HIGH_VOLATILITY
2025-03-08,7.11003268465066e+18,【效期至25年6月】webbernaturals伟博500mg维生素C胶囊60粒-默认-(625273076622),2,11.267314717907766,Low,High sales volatility: 7-day rolling standard deviation = 11.27,HIGH_VOLATILITY
2025-03-10,7.11003268465066e+18,【效期至25年6月】webbernaturals伟博500mg维生素C胶囊60粒-默认-(625273076622),1,12.895181824453438,Low,High sales volatility: 7-day rolling standard deviation = 12.9,HIGH_VOLATILITY
2025-03-11,7.11003268465066e+18,【效期至25年6月】webbernaturals伟博500mg维生素C胶囊60粒-默认-(625273076622),74,13.085797462825688,Low,High sales volatility: 7-day rolling standard deviation = 13.09,HIGH_VOLATILITY
2025-03-12,7.11003268465066e+18,【效期至25年6月】webbernaturals伟博500mg维生素C胶囊60粒-默认-(625273076622),2,26.499775380898896,Medium,High sales volatility: 7-day rolling standard deviation = 26.5,HIGH_VOLATILITY
2025-03-13,7.11003268465066e+18,【效期至25年6月】webbernaturals伟博500mg维生素C胶囊60粒-默认-(625273076622),6,26.785746031727218,Medium,High sales volatility: 7-day rolling standard deviation = 26.79,HIGH_VOLATILITY
2025-03-14,7.11003268465066e+18,【效期至25年6月】webbernaturals伟博500mg维生素C胶囊60粒-默认-(625273076622),2,27.072213834571453,Medium,High sales volatility: 7-day rolling standard deviation = 27.07,HIGH_VOLATILITY
2025-03-16,7.11003268465066e+18,【效期至25年6月】webbernaturals伟博500mg维生素C胶囊60粒-默认-(625273076622),2,27.072213834571453,Medium,High sales volatility: 7-day rolling standard deviation = 27.07,HIGH_VOLATILITY
2025-03-19,7.11003268465066e+18,【效期至25年6月】webbernaturals伟博500mg维生素C胶囊60粒-默认-(625273076622),3,27.072213834571453,Medium,High sales volatility: 7-day rolling standard deviation = 27.07,HIGH_VOLATILITY
2025-06-14,7.11003268465066e+18,WebberNaturals伟博天然500mg维生素C胶囊60粒 -默认-(625273076622),3,27.00881690256333,Medium,High sales volatility: 7-day rolling standard deviation = 27.01,HIGH_VOLATILITY
2025-06-24,7.11003268465066e+18,WebberNaturals伟博天然500mg维生素C胶囊60粒 -默认-(625273076622),1,26.87271584977702,Medium,High sales volatility: 7-day rolling standard deviation = 26.87,HIGH_VOLATILITY
2025-11-21,7.11003268465066e+18,WebberNaturals伟博天然500mg维生素C胶囊60粒-默认-(625273076622),30,11.382944635349352,Low,High sales volatility: 7-day rolling standard deviation = 11.38,HIGH_VOLATILITY
2025-11-22,7.11003268465066e+18,WebberNaturals伟博天然500mg维生素C胶囊60粒-默认-(625273076622),52,12.190941211368695,Low,High sales volatility: 7-day rolling standard deviation = 12.19,HIGH_VOLATILITY
2025-11-23,7.11003268465066e+18,WebberNaturals伟博天然500mg维生素C胶囊60粒-默认-(625273076622),39,16.600344230510057,Low,High sales volatility: 7-day rolling standard deviation = 16.6,HIGH_VOLATILITY
2025-11-24,7.11003268465066e+18,WebberNaturals伟博天然500mg维生素C胶囊60粒-默认-(625273076622),57,17.36306973078754,Low,High sales volatility: 7-day rolling standard deviation = 17.36,HIGH_VOLATILITY
2025-11-25,7.11003268465066e+18,WebberNaturals伟博天然500mg维生素C胶囊60粒-默认-(625273076622),44,16.51262143533445,Low,High sales volatility: 7-day rolling standard deviation = 16.51,HIGH_VOLATILITY
2025-11-26,7.11003268465066e+18,WebberNaturals伟博天然500mg维生素C胶囊60粒-默认-(625273076622),82,12.428845098245873,Low,High sales volatility: 7-day rolling standard deviation = 12.43,HIGH_VOLATILITY
2025-11-27,7.11003268465066e+18,WebberNaturals伟博天然500mg维生素C胶囊60粒-默认-(625273076622),48,17.395949172696717,Low,High sales volatility: 7-day rolling standard deviation = 17.4,HIGH_VOLATILITY
2025-11-28,7.11003268465066e+18,WebberNaturals伟博天然500mg维生素C胶囊60粒-默认-(625273076622),25,16.51982935458965,Low,High sales volatility: 7-day rolling standard deviation = 16.52,HIGH_VOLATILITY
2025-11-29,7.11003268465066e+18,WebberNaturals伟博天然500mg维生素C胶囊60粒-默认-(625273076622),23,17.614928733483833,Low,High sales volatility: 7-day rolling standard deviation = 17.61,HIGH_VOLATILITY
2025-11-30,7.11003268465066e+18,WebberNaturals伟博天然500mg维生素C胶囊60粒-默认-(625273076622),24,20.173060773030475,Medium,High sales volatility: 7-day rolling standard deviation = 20.17,HIGH_VOLATILITY
2025-12-01,7.11003268465066e+18,WebberNaturals伟博天然500mg维生素C胶囊60粒-默认-(625273076622),25,21.708019145884666,Medium,High sales volatility: 7-day rolling standard deviation = 21.71,HIGH_VOLATILITY
2025-12-02,7.11003268465066e+18,WebberNaturals伟博天然500mg维生素C胶囊60粒-默认-(625273076622),24,21.708019145884666,Medium,High sales volatility: 7-day rolling standard deviation = 21.71,HIGH_VOLATILITY
2025-12-03,7.11003268465066e+18,WebberNaturals伟博天然500mg维生素C胶囊60粒-默认-(625273076622),5,22.206820059226335,Medium,High sales volatility: 7-day rolling standard deviation = 22.21,HIGH_VOLATILITY
2025-12-05,7.11003268465066e+18,	WebberNaturals伟博天然500mg维生素C胶囊60粒,2,12.482368517614107,Low,High sales volatility: 7-day rolling standard deviation = 12.48,HIGH_VOLATILITY
2025-12-06,7.11003268465066e+18,	WebberNaturals伟博天然500mg维生素C胶囊60粒,2,10.160614904526952,Low,High sales volatility: 7-day rolling standard deviation = 10.16,HIGH_VOLATILITY
2025-12-07,7.11003268465066e+18,	WebberNaturals伟博天然500mg维生素C胶囊60粒,2,11.284207253207171,Low,High sales volatility: 7-day rolling standard deviation = 11.28,HIGH_VOLATILITY
2025-12-08,7.11003268465066e+18,	WebberNaturals伟博天然500mg维生素C胶囊60粒,5,11.590225767142472,Low,High sales volatility: 7-day rolling standard deviation = 11.59,HIGH_VOLATILITY
2025-12-09,7.11003268465066e+18,	WebberNaturals伟博天然500mg维生素C胶囊60粒,5,10.483547200483333,Low,High sales volatility: 7-day rolling standard deviation = 10.48,HIGH_VOLATILITY
2025-09-15,7.124611154185519e+18,WEBBER NATURALS500mg Omega-3深海鱼油添加D3青少年鱼油100粒/瓶-默认-(DYWEB625273090291),28,29.0656072327678,Medium,High sales volatility: 7-day rolling standard deviation = 29.07,HIGH_VOLATILITY
2025-09-16,7.124611154185519e+18,WEBBER NATURALS500mg Omega-3深海鱼油添加D3青少年鱼油100粒/瓶-默认-(DYWEB625273090291),55,28.977002375447096,Medium,High sales volatility: 7-day rolling standard deviation = 28.98,HIGH_VOLATILITY
2025-09-17,7.124611154185519e+18,WEBBER NATURALS500mg Omega-3深海鱼油添加D3青少年鱼油100粒/瓶-默认-(DYWEB625273090291),14,31.468048799347176,High,High sales volatility: 7-day rolling standard deviation = 31.47,HIGH_VOLATILITY
2025-09-18,7.124611154185519e+18,WEBBER NATURALS500mg Omega-3深海鱼油添加D3青少年鱼油100粒/瓶-默认-(DYWEB625273090291),20,30.487311958849215,High,High sales volatility: 7-day rolling standard deviation = 30.49,HIGH_VOLATILITY
2025-09-19,7.124611154185519e+18,WEBBER NATURALS500mg Omega-3深海鱼油添加D3青少年鱼油100粒/瓶-默认-(DYWEB625273090291),1,29.00410479980541,Medium,High sales volatility: 7-day rolling standard deviation = 29.0,HIGH_VOLATILITY
2025-09-23,7.124611154185519e+18,WEBBER NATURALS500mg Omega-3深海鱼油添加D3青少年鱼油100粒/瓶-默认-(DYWEB625273090291),2,29.00410479980541,Medium,High sales volatility: 7-day rolling standard deviation = 29.0,HIGH_VOLATILITY
2025-09-26,7.124611154185519e+18,WEBBER NATURALS500mg Omega-3深海鱼油添加D3青少年鱼油100粒/瓶-默认-(DYWEB625273090291),1,28.849362458912577,Medium,High sales volatility: 7-day rolling standard deviation = 28.85,HIGH_VOLATILITY
2025-10-01,7.124611154185519e+18,WEBBER NATURALS500mg Omega-3深海鱼油添加D3青少年鱼油100粒/瓶-默认-(DYWEB625273090291),1,19.66141980049835,Low,High sales volatility: 7-day rolling standard deviation = 19.66,HIGH_VOLATILITY
2025-10-04,7.124611154185519e+18,WEBBER NATURALS500mg Omega-3深海鱼油添加D3青少年鱼油100粒/瓶-默认-(DYWEB625273090291),3,19.85662897587892,Low,High sales volatility: 7-day rolling standard deviation = 19.86,HIGH_VOLATILITY
2025-02-18,7.12461115418552e+18,Webber naturals伟博深海鱼油500mgOmega3+D3青少年补脑 100粒/瓶-默认-(DYWEB625273090291),6,15.33902585843424,Low,High sales volatility: 7-day rolling standard deviation = 15.34,HIGH_VOLATILITY
2025-02-19,7.12461115418552e+18,Webber naturals伟博深海鱼油500mgOmega3+D3青少年补脑 100粒/瓶-默认-(DYWEB625273090291),5,14.993649449334335,Low,High sales volatility: 7-day rolling standard deviation = 14.99,HIGH_VOLATILITY
2025-02-20,7.12461115418552e+18,Webber naturals伟博深海鱼油500mgOmega3+D3青少年补脑 100粒/瓶-默认-(DYWEB625273090291),9,15.126451130702264,Low,High sales volatility: 7-day rolling standard deviation = 15.13,HIGH_VOLATILITY
2025-02-21,7.12461115418552e+18,Webber naturals伟博深海鱼油500mgOmega3+D3青少年补脑 100粒/瓶-默认-(DYWEB625273090291),9,15.088627063675034,Low,High sales volatility: 7-day rolling standard deviation = 15.09,HIGH_VOLATILITY
2025-02-22,7.12461115418552e+18,Webber naturals伟博深海鱼油500mgOmega3+D3青少年补脑 100粒/瓶-默认-(DYWEB625273090291),6,14.761597539045763,Low,High sales volatility: 7-day rolling standard deviation = 14.76,HIGH_VOLATILITY
2025-02-23,7.12461115418552e+18,Webber naturals伟博深海鱼油500mgOmega3+D3青少年补脑 100粒/瓶-默认-(DYWEB625273090291),4,14.761597539045763,Low,High sales volatility: 7-day rolling standard deviation = 14.76,HIGH_VOLATILITY
2025-02-24,7.12461115418552e+18,Webber naturals伟博深海鱼油500mgOmega3+D3青少年补脑 100粒/瓶-默认-(DYWEB625273090291),5,15.049125904058032,Low,High sales volatility: 7-day rolling standard deviation = 15.05,HIGH_VOLATILITY
2025-02-27,7.12461115418552e+18,Webber naturals伟博深海鱼油500mgOmega3+D3青少年补脑 100粒/瓶-默认-(DYWEB625273090291),25,14.174087692150135,Low,High sales volatility: 7-day rolling standard deviation = 14.17,HIGH_VOLATILITY
2025-02-28,7.12461115418552e+18,Webber naturals伟博深海鱼油500mgOmega3+D3青少年补脑 100粒/瓶-默认-(DYWEB625273090291),5,15.009520788010331,Low,High sales volatility: 7-day rolling standard deviation = 15.01,HIGH_VOLATILITY
2025-03-01,7.12461115418552e+18,Webber naturals伟博深海鱼油500mgOmega3+D3青少年补脑 100粒/瓶-默认-(DYWEB625273090291),9,15.286159317064135,Low,High sales volatility: 7-day rolling standard deviation = 15.29,HIGH_VOLATILITY
2025-03-02,7.12461115418552e+18,Webber naturals伟博深海鱼油500mgOmega3+D3青少年补脑 100粒/瓶-默认-(DYWEB625273090291),1,15.098091963966207,Low,High sales volatility: 7-day rolling standard deviation = 15.1,HIGH_VOLATILITY
2025-03-06,7.12461115418552e+18,Webber naturals伟博深海鱼油500mgOmega3+D3青少年补脑 100粒/瓶-默认-(DYWEB625273090291),1,15.44884030167529,Low,High sales volatility: 7-day rolling standard deviation = 15.45,HIGH_VOLATILITY
2025-03-07,7.12461115418552e+18,Webber naturals伟博深海鱼油500mgOmega3+D3青少年补脑 100粒/瓶-默认-(DYWEB625273090291),1,15.862504456076525,Low,High sales volatility: 7-day rolling standard deviation = 15.86,HIGH_VOLATILITY
2025-03-08,7.12461115418552e+18,Webber naturals伟博深海鱼油500mgOmega3+D3青少年补脑 100粒/瓶-默认-(DYWEB625273090291),9,16.077194732794354,Low,High sales volatility: 7-day rolling standard deviation = 16.08,HIGH_VOLATILITY
2025-03-19,7.142731245833732e+18,WebberNaturals进口儿童鱼油欧米伽3高DHA爆浆深海鱼油120粒 1岁+-默认-(DYWEB625273090185),16,10.307186582093838,Low,High sales volatility: 7-day rolling standard deviation = 10.31,HIGH_VOLATILITY
2025-03-21,7.142731245833732e+18,WebberNaturals进口儿童鱼油欧米伽3高DHA爆浆深海鱼油120粒 1岁+-默认-(DYWEB625273090185),28,11.710800875382398,Low,High sales volatility: 7-day rolling standard deviation = 11.71,HIGH_VOLATILITY
2025-03-22,7.142731245833732e+18,WebberNaturals进口儿童鱼油欧米伽3高DHA爆浆深海鱼油120粒 1岁+-默认-(DYWEB625273090185),7,12.552745857836387,Low,High sales volatility: 7-day rolling standard deviation = 12.55,HIGH_VOLATILITY
2025-03-23,7.142731245833732e+18,WebberNaturals进口儿童鱼油欧米伽3高DHA爆浆深海鱼油120粒 1岁+-默认-(DYWEB625273090185),14,11.37038760490223,Low,High sales volatility: 7-day rolling standard deviation = 11.37,HIGH_VOLATILITY
2025-03-24,7.142731245833732e+18,WebberNaturals进口儿童鱼油欧米伽3高DHA爆浆深海鱼油120粒 1岁+-默认-(DYWEB625273090185),27,11.470458952083328,Low,High sales volatility: 7-day rolling standard deviation = 11.47,HIGH_VOLATILITY
2025-03-25,7.142731245833732e+18,WebberNaturals进口儿童鱼油欧米伽3高DHA爆浆深海鱼油120粒 1岁+-默认-(DYWEB625273090185),11,11.596386957849866,Low,High sales volatility: 7-day rolling standard deviation = 11.6,HIGH_VOLATILITY
2025-03-27,7.142731245833732e+18, webber naturals伟博天然进口儿童鱼油高脑力DHA软胶囊120粒 d-默认-(DYWEB625273090185),1,11.105554165971787,Low,High sales volatility: 7-day rolling standard deviation = 11.11,HIGH_VOLATILITY
2025-03-27,7.142731245833732e+18,WebberNaturals进口儿童鱼油欧米伽3高DHA爆浆深海鱼油120粒 1岁+-默认-(DYWEB625273090185),15,12.54136014496491,Low,High sales volatility: 7-day rolling standard deviation = 12.54,HIGH_VOLATILITY
2025-03-27,7.142731245833732e+18,伟博天然进口儿童鱼油高脑力DHA软胶囊120粒/瓶-默认-(DYWEB625273090185),1,11.67210757481678,Low,High sales volatility: 7-day rolling standard deviation = 11.67,HIGH_VOLATILITY
2025-03-28,7.142731245833732e+18,WebberNaturals进口儿童鱼油欧米伽3高DHA爆浆深海鱼油120粒 1岁+-默认-(DYWEB625273090185),21,12.60196507730139,Low,High sales volatility: 7-day rolling standard deviation = 12.6,HIGH_VOLATILITY
2025-03-29,7.142731245833732e+18,WebberNaturals进口儿童鱼油欧米伽3高DHA爆浆深海鱼油120粒 1岁+-默认-(DYWEB625273090185),45,12.798809468443688,Low,High sales volatility: 7-day rolling standard deviation = 12.8,HIGH_VOLATILITY
2025-03-30,7.142731245833732e+18,WebberNaturals进口儿童鱼油欧米伽3高DHA爆浆深海鱼油120粒 1岁+-默认-(DYWEB625273090185),8,16.641886339967023,Low,High sales volatility: 7-day rolling standard deviation = 16.64,HIGH_VOLATILITY
2025-03-31,7.142731245833732e+18,WebberNaturals进口儿童鱼油欧米伽3高DHA爆浆深海鱼油120粒 1岁+-默认-(DYWEB625273090185),28,16.901676445449624,Low,High sales volatility: 7-day rolling standard deviation = 16.9,HIGH_VOLATILITY
2025-04-01,7.142731245833732e+18,WebberNaturals进口儿童鱼油欧米伽3高DHA爆浆深海鱼油120粒 1岁+-默认-(DYWEB625273090185),41,15.905973720586866,Low,High sales volatility: 7-day rolling standard deviation = 15.91,HIGH_VOLATILITY
2025-04-02,7.142731245833732e+18,WebberNaturals进口儿童鱼油欧米伽3高DHA爆浆深海鱼油120粒 1岁+-默认-(DYWEB625273090185),34,16.377975920060916,Low,High sales volatility: 7-day rolling standard deviation = 16.38,HIGH_VOLATILITY
2025-04-03,7.142731245833732e+18,WebberNaturals进口儿童鱼油欧米伽3高DHA爆浆深海鱼油120粒 1岁+-默认-(DYWEB625273090185),38,16.460631244043498,Low,High sales volatility: 7-day rolling standard deviation = 16.46,HIGH_VOLATILITY
2025-04-04,7.142731245833732e+18,伟博天然进口儿童鱼油高脑力DHA软胶囊120粒/瓶-默认-(DYWEB625273090185),1,12.854497082270283,Low,High sales volatility: 7-day rolling standard deviation = 12.85,HIGH_VOLATILITY
2025-04-04,7.142731245833732e+18,WebberNaturals进口儿童鱼油欧米伽3高DHA爆浆深海鱼油120粒 1岁+-默认-(DYWEB625273090185),22,16.945290116809954,Low,High sales volatility: 7-day rolling standard deviation = 16.95,HIGH_VOLATILITY
2025-04-05,7.142731245833732e+18,WebberNaturals进口儿童鱼油欧米伽3高DHA爆浆深海鱼油120粒 1岁+-默认-(DYWEB625273090185),31,15.208080558890865,Low,High sales volatility: 7-day rolling standard deviation = 15.21,HIGH_VOLATILITY
2025-04-06,7.142731245833732e+18,WebberNaturals进口儿童鱼油欧米伽3高DHA爆浆深海鱼油120粒 1岁+-默认-(DYWEB625273090185),49,13.409307357560412,Low,High sales volatility: 7-day rolling standard deviation = 13.41,HIGH_VOLATILITY
2025-04-07,7.142731245833732e+18,WebberNaturals进口儿童鱼油欧米伽3高DHA爆浆深海鱼油120粒 1岁+-默认-(DYWEB625273090185),25,15.614401167176531,Low,High sales volatility: 7-day rolling standard deviation = 15.61,HIGH_VOLATILITY
2025-04-08,7.142731245833732e+18,WebberNaturals进口儿童鱼油欧米伽3高DHA爆浆深海鱼油120粒 1岁+-默认-(DYWEB625273090185),19,15.042796092672209,Low,High sales volatility: 7-day rolling standard deviation = 15.04,HIGH_VOLATILITY
2025-04-09,7.142731245833732e+18,WebberNaturals进口儿童鱼油欧米伽3高DHA爆浆深海鱼油120粒 1岁+-默认-(DYWEB625273090185),11,15.208080558890865,Low,High sales volatility: 7-day rolling standard deviation = 15.21,HIGH_VOLATILITY
2025-04-10,7.142731245833732e+18,WebberNaturals进口儿童鱼油欧米伽3高DHA爆浆深海鱼油120粒 1岁+-默认-(DYWEB625273090185),44,15.208080558890865,Low,High sales volatility: 7-day rolling standard deviation = 15.21,HIGH_VOLATILITY
2025-04-11,7.142731245833732e+18,WebberNaturals进口儿童鱼油欧米伽3高DHA爆浆深海鱼油120粒 1岁+-默认-(DYWEB625273090185),53,13.646907900256938,Low,High sales volatility: 7-day rolling standard deviation = 13.65,HIGH_VOLATILITY
2025-04-12,7.142731245833732e+18,WebberNaturals进口儿童鱼油欧米伽3高DHA爆浆深海鱼油120粒 1岁+-默认-(DYWEB625273090185),25,15.941858647687765,Low,High sales volatility: 7-day rolling standard deviation = 15.94,HIGH_VOLATILITY
2025-04-13,7.142731245833732e+18,WebberNaturals进口儿童鱼油欧米伽3高DHA爆浆深海鱼油120粒 1岁+-默认-(DYWEB625273090185),30,16.234883078464982,Low,High sales volatility: 7-day rolling standard deviation = 16.23,HIGH_VOLATILITY
2025-04-13,7.142731245833732e+18,伟博天然进口儿童鱼油高脑力DHA软胶囊120粒/瓶-默认-(DYWEB625273090185),2,14.466710555123244,Low,High sales volatility: 7-day rolling standard deviation = 14.47,HIGH_VOLATILITY
2025-04-14,7.142731245833732e+18,WebberNaturals进口儿童鱼油欧米伽3高DHA爆浆深海鱼油120粒 1岁+-默认-(DYWEB625273090185),31,17.885881636216926,Low,High sales volatility: 7-day rolling standard deviation = 17.89,HIGH_VOLATILITY
2025-04-15,7.142731245833732e+18,WebberNaturals进口儿童鱼油欧米伽3高DHA爆浆深海鱼油120粒 1岁+-默认-(DYWEB625273090185),27,17.644640357154728,Low,High sales volatility: 7-day rolling standard deviation = 17.64,HIGH_VOLATILITY
2025-04-16,7.142731245833732e+18,WebberNaturals进口儿童鱼油欧米伽3高DHA爆浆深海鱼油120粒 1岁+-默认-(DYWEB625273090185),23,16.038643809190827,Low,High sales volatility: 7-day rolling standard deviation = 16.04,HIGH_VOLATILITY
2025-04-17,7.142731245833732e+18,WebberNaturals进口儿童鱼油欧米伽3高DHA爆浆深海鱼油120粒 1岁+-默认-(DYWEB625273090185),16,14.974581638165898,Low,High sales volatility: 7-day rolling standard deviation = 14.97,HIGH_VOLATILITY
2025-04-18,7.142731245833732e+18,WebberNaturals进口儿童鱼油欧米伽3高DHA爆浆深海鱼油120粒 1岁+-默认-(DYWEB625273090185),42,10.132456102380443,Low,High sales volatility: 7-day rolling standard deviation = 10.13,HIGH_VOLATILITY
2025-04-19,7.142731245833732e+18,WebberNaturals进口儿童鱼油欧米伽3高DHA爆浆深海鱼油120粒 1岁+-默认-(DYWEB625273090185),8,12.686700948330932,Low,High sales volatility: 7-day rolling standard deviation = 12.69,HIGH_VOLATILITY
2025-04-20,7.142731245833732e+18,WebberNaturals进口儿童鱼油欧米伽3高DHA爆浆深海鱼油120粒 1岁+-默认-(DYWEB625273090185),36,13.756383799461807,Low,High sales volatility: 7-day rolling standard deviation = 13.76,HIGH_VOLATILITY
2025-04-21,7.142731245833732e+18,WebberNaturals进口儿童鱼油欧米伽3高DHA爆浆深海鱼油120粒 1岁+-默认-(DYWEB625273090185),29,11.653734328940393,Low,High sales volatility: 7-day rolling standard deviation = 11.65,HIGH_VOLATILITY
2025-04-22,7.142731245833732e+18,WebberNaturals进口儿童鱼油欧米伽3高DHA爆浆深海鱼油120粒 1岁+-默认-(DYWEB625273090185),29,11.538754575033527,Low,High sales volatility: 7-day rolling standard deviation = 11.54,HIGH_VOLATILITY
2025-04-23,7.142731245833732e+18,WebberNaturals进口儿童鱼油欧米伽3高DHA爆浆深海鱼油120粒 1岁+-默认-(DYWEB625273090185),16,11.596386957849866,Low,High sales volatility: 7-day rolling standard deviation = 11.6,HIGH_VOLATILITY
2025-04-24,7.142731245833732e+18,WebberNaturals进口儿童鱼油欧米伽3高DHA爆浆深海鱼油120粒 1岁+-默认-(DYWEB625273090185),12,12.198750911856665,Low,High sales volatility: 7-day rolling standard deviation = 12.2,HIGH_VOLATILITY
2025-04-25,7.142731245833732e+18,WebberNaturals进口儿童鱼油欧米伽3高DHA爆浆深海鱼油120粒 1岁+-默认-(DYWEB625273090185),31,12.778329870750492,Low,High sales volatility: 7-day rolling standard deviation = 12.78,HIGH_VOLATILITY
2025-04-26,7.142731245833732e+18,WebberNaturals进口儿童鱼油欧米伽3高DHA爆浆深海鱼油120粒 1岁+-默认-(DYWEB625273090185),31,10.801234497346433,Low,High sales volatility: 7-day rolling standard deviation = 10.8,HIGH_VOLATILITY
2025-05-01,7.142731245833732e+18,WebberNaturals进口儿童鱼油欧米伽3高DHA爆浆深海鱼油120粒 1岁+-默认-(DYWEB625273090185),84,30.72458299147443,High,High sales volatility: 7-day rolling standard deviation = 30.72,HIGH_VOLATILITY
2025-05-02,7.142731245833732e+18,WebberNaturals进口儿童鱼油欧米伽3高DHA爆浆深海鱼油120粒 1岁+-默认-(DYWEB625273090185),16,34.70693631785192,High,High sales volatility: 7-day rolling standard deviation = 34.71,HIGH_VOLATILITY
2025-05-03,7.142731245833732e+18,WebberNaturals进口儿童鱼油欧米伽3高DHA爆浆深海鱼油120粒 1岁+-默认-(DYWEB625273090185),26,35.960295565287794,High,High sales volatility: 7-day rolling standard deviation = 35.96,HIGH_VOLATILITY
2025-05-04,7.142731245833732e+18,WebberNaturals进口儿童鱼油欧米伽3高DHA爆浆深海鱼油120粒 1岁+-默认-(DYWEB625273090185),27,36.22088321607276,High,High sales volatility: 7-day rolling standard deviation = 36.22,HIGH_VOLATILITY
2025-05-05,7.142731245833732e+18,WebberNaturals进口儿童鱼油欧米伽3高DHA爆浆深海鱼油120粒 1岁+-默认-(DYWEB625273090185),25,34.74122019953215,High,High sales volatility: 7-day rolling standard deviation = 34.74,HIGH_VOLATILITY
2025-05-06,7.142731245833732e+18,WebberNaturals进口儿童鱼油欧米伽3高DHA爆浆深海鱼油120粒 1岁+-默认-(DYWEB625273090185),21,33.513323576495026,High,High sales volatility: 7-day rolling standard deviation = 33.51,HIGH_VOLATILITY
2025-05-07,7.142731245833732e+18,WebberNaturals进口儿童鱼油欧米伽3高DHA爆浆深海鱼油120粒 1岁+-默认-(DYWEB625273090185),21,33.90603261396189,High,High sales volatility: 7-day rolling standard deviation = 33.91,HIGH_VOLATILITY
2025-05-08,7.142731245833732e+18,WebberNaturals进口儿童鱼油欧米伽3高DHA爆浆深海鱼油120粒 1岁+-默认-(DYWEB625273090185),21,23.486571644645107,Medium,High sales volatility: 7-day rolling standard deviation = 23.49,HIGH_VOLATILITY
2025-05-15,7.142731245833732e+18,WebberNaturals进口儿童鱼油欧米伽3高DHA爆浆深海鱼油120粒 1岁+-默认-(DYWEB625273090185),90,12.226045578035054,Low,High sales volatility: 7-day rolling standard deviation = 12.23,HIGH_VOLATILITY
2025-05-16,7.142731245833732e+18,WebberNaturals进口儿童鱼油欧米伽3高DHA爆浆深海鱼油120粒 1岁+-默认-(DYWEB625273090185),31,28.34313555930842,Medium,High sales volatility: 7-day rolling standard deviation = 28.34,HIGH_VOLATILITY
2025-05-17,7.142731245833732e+18,WebberNaturals进口儿童鱼油欧米伽3高DHA爆浆深海鱼油120粒 1岁+-默认-(DYWEB625273090185),17,26.52940865925066,Medium,High sales volatility: 7-day rolling standard deviation = 26.53,HIGH_VOLATILITY
2025-05-18,7.142731245833732e+18,WebberNaturals进口儿童鱼油欧米伽3高DHA爆浆深海鱼油120粒 1岁+-默认-(DYWEB625273090185),22,27.07836950848583,Medium,High sales volatility: 7-day rolling standard deviation = 27.08,HIGH_VOLATILITY
2025-05-19,7.142731245833732e+18,WebberNaturals进口儿童鱼油欧米伽3高DHA爆浆深海鱼油120粒 1岁+-默认-(DYWEB625273090185),26,25.94683208482483,Medium,High sales volatility: 7-day rolling standard deviation = 25.95,HIGH_VOLATILITY
2025-05-20,7.142731245833732e+18,WebberNaturals进口儿童鱼油欧米伽3高DHA爆浆深海鱼油120粒 1岁+-默认-(DYWEB625273090185),25,25.53988477432336,Medium,High sales volatility: 7-day rolling standard deviation = 25.54,HIGH_VOLATILITY
2025-05-21,7.142731245833732e+18,WebberNaturals进口儿童鱼油欧米伽3高DHA爆浆深海鱼油120粒 1岁+-默认-(DYWEB625273090185),15,25.2812748322322,Medium,High sales volatility: 7-day rolling standard deviation = 25.28,HIGH_VOLATILITY
2025-05-22,7.142731245833732e+18,WebberNaturals进口儿童鱼油欧米伽3高DHA爆浆深海鱼油120粒 1岁+-默认-(DYWEB625273090185),24,26.023798631984825,Medium,High sales volatility: 7-day rolling standard deviation = 26.02,HIGH_VOLATILITY
2025-05-30,7.142731245833732e+18,WebberNaturals进口儿童鱼油欧米伽3高DHA爆浆深海鱼油120粒 1岁+-默认-(DYWEB625273090185),132,20.377391767301702,Medium,High sales volatility: 7-day rolling standard deviation = 20.38,HIGH_VOLATILITY
2025-05-31,7.142731245833732e+18,WebberNaturals进口儿童鱼油欧米伽3高DHA爆浆深海鱼油120粒 1岁+-默认-(DYWEB625273090185),16,40.88194385463262,High,High sales volatility: 7-day rolling standard deviation = 40.88,HIGH_VOLATILITY
2025-06-01,7.142731245833732e+18,WebberNaturals进口儿童鱼油欧米伽3高DHA爆浆深海鱼油120粒 1岁+-默认-(DYWEB625273090185),109,40.455148592225534,High,High sales volatility: 7-day rolling standard deviation = 40.46,HIGH_VOLATILITY
2025-06-02,7.142731245833732e+18,WebberNaturals进口儿童鱼油欧米伽3高DHA爆浆深海鱼油120粒 1岁+-默认-(DYWEB625273090185),46,44.13938960028462,High,High sales volatility: 7-day rolling standard deviation = 44.14,HIGH_VOLATILITY
2025-06-03,7.142731245833732e+18,WebberNaturals进口儿童鱼油欧米伽3高DHA爆浆深海鱼油120粒 1岁+-默认-(DYWEB625273090185),53,42.75010442760846,High,High sales volatility: 7-day rolling standard deviation = 42.75,HIGH_VOLATILITY
2025-06-04,7.142731245833732e+18,WebberNaturals进口儿童鱼油欧米伽3高DHA爆浆深海鱼油120粒 1岁+-默认-(DYWEB625273090185),35,41.37401991358253,High,High sales volatility: 7-day rolling standard deviation = 41.37,HIGH_VOLATILITY
2025-06-05,7.142731245833732e+18,WebberNaturals进口儿童鱼油欧米伽3高DHA爆浆深海鱼油120粒 1岁+-默认-(DYWEB625273090185),15,41.37401991358253,High,High sales volatility: 7-day rolling standard deviation = 41.37,HIGH_VOLATILITY
2025-06-06,7.142731245833732e+18,WebberNaturals进口儿童鱼油欧米伽3高DHA爆浆深海鱼油120粒 1岁+-默认-(DYWEB625273090185),15,45.43860326491855,High,High sales volatility: 7-day rolling standard deviation = 45.44,HIGH_VOLATILITY
2025-06-07,7.142731245833732e+18,WebberNaturals进口儿童鱼油欧米伽3高DHA爆浆深海鱼油120粒 1岁+-默认-(DYWEB625273090185),16,33.67845149703435,High,High sales volatility: 7-day rolling standard deviation = 33.68,HIGH_VOLATILITY
2025-06-08,7.142731245833732e+18,WebberNaturals进口儿童鱼油欧米伽3高DHA爆浆深海鱼油120粒 1岁+-默认-(DYWEB625273090185),19,33.67845149703435,High,High sales volatility: 7-day rolling standard deviation = 33.68,HIGH_VOLATILITY
2025-06-09,7.142731245833732e+18,WebberNaturals进口儿童鱼油欧米伽3高DHA爆浆深海鱼油120粒 1岁+-默认-(DYWEB625273090185),16,16.12303882499763,Low,High sales volatility: 7-day rolling standard deviation = 16.12,HIGH_VOLATILITY
2025-06-10,7.142731245833732e+18,WebberNaturals进口儿童鱼油欧米伽3高DHA爆浆深海鱼油120粒 1岁+-默认-(DYWEB625273090185),23,14.587992453025324,Low,High sales volatility: 7-day rolling standard deviation = 14.59,HIGH_VOLATILITY
2025-06-21,7.142731245833732e+18,WebberNaturals进口儿童鱼油欧米伽3高DHA爆浆深海鱼油120粒 1岁+-默认-(DYWEB625273090185),25,10.160614904526952,Low,High sales volatility: 7-day rolling standard deviation = 10.16,HIGH_VOLATILITY
2025-06-21,7.142731245833732e+18,【子豪专属】WebberNaturals进口儿童鱼油欧米伽3高DHA爆浆深海鱼油120粒 1岁+-默认-(DYWEB625273090185),2,11.195237082497776,Low,High sales volatility: 7-day rolling standard deviation = 11.2,HIGH_VOLATILITY
2025-06-22,7.142731245833732e+18,WebberNaturals进口儿童鱼油欧米伽3高DHA爆浆深海鱼油120粒 1岁+-默认-(DYWEB625273090185),11,11.936339073442513,Low,High sales volatility: 7-day rolling standard deviation = 11.94,HIGH_VOLATILITY
2025-06-23,7.142731245833732e+18,WebberNaturals进口儿童鱼油欧米伽3高DHA爆浆深海鱼油120粒 1岁+-默认-(DYWEB625273090185),9,10.980502200328935,Low,High sales volatility: 7-day rolling standard deviation = 10.98,HIGH_VOLATILITY
2025-06-24,7.142731245833732e+18,WebberNaturals进口儿童鱼油欧米伽3高DHA爆浆深海鱼油120粒 1岁+-默认-(DYWEB625273090185),23,10.641338977689568,Low,High sales volatility: 7-day rolling standard deviation = 10.64,HIGH_VOLATILITY
2025-06-25,7.142731245833732e+18,WebberNaturals进口儿童鱼油欧米伽3高DHA爆浆深海鱼油120粒 1岁+-默认-(DYWEB625273090185),22,10.596495377515827,Low,High sales volatility: 7-day rolling standard deviation = 10.6,HIGH_VOLATILITY
2025-06-26,7.142731245833732e+18,WebberNaturals进口儿童鱼油欧米伽3高DHA爆浆深海鱼油120粒 1岁+-默认-(DYWEB625273090185),24,10.078265156832726,Low,High sales volatility: 7-day rolling standard deviation = 10.08,HIGH_VOLATILITY
2025-06-30,7.142731245833732e+18,WebberNaturals进口儿童鱼油欧米伽3高DHA爆浆深海鱼油120粒 1岁+-默认-(DYWEB625273090185),7,13.107613200332233,Low,High sales volatility: 7-day rolling standard deviation = 13.11,HIGH_VOLATILITY
2025-07-01,7.142731245833732e+18,【子豪专属】WebberNaturals进口儿童鱼油欧米伽3高DHA爆浆深海鱼油120粒 1岁+-默认-(DYWEB625273090185),24,13.536546651125436,Low,High sales volatility: 7-day rolling standard deviation = 13.54,HIGH_VOLATILITY
2025-07-01,7.142731245833732e+18,WebberNaturals进口儿童鱼油欧米伽3高DHA爆浆深海鱼油120粒 1岁+-默认-(DYWEB625273090185),9,12.083045973594572,Low,High sales volatility: 7-day rolling standard deviation = 12.08,HIGH_VOLATILITY
2025-07-02,7.142731245833732e+18,【子豪专属】WebberNaturals进口儿童鱼油欧米伽3高DHA爆浆深海鱼油120粒 1岁+-默认-(DYWEB625273090185),7,12.375090187261552,Low,High sales volatility: 7-day rolling standard deviation = 12.38,HIGH_VOLATILITY
2025-07-02,7.142731245833732e+18,WebberNaturals进口儿童鱼油欧米伽3高DHA爆浆深海鱼油120粒 1岁+-默认-(DYWEB625273090185),12,12.91547613561048,Low,High sales volatility: 7-day rolling standard deviation = 12.92,HIGH_VOLATILITY
2025-07-03,7.142731245833732e+18,WebberNaturals进口儿童鱼油欧米伽3高DHA爆浆深海鱼油120粒 1岁+-默认-(DYWEB625273090185),15,12.97983784475717,Low,High sales volatility: 7-day rolling standard deviation = 12.98,HIGH_VOLATILITY
2025-07-04,7.142731245833732e+18,WebberNaturals进口儿童鱼油欧米伽3高DHA爆浆深海鱼油120粒 1岁+-默认-(DYWEB625273090185),13,12.353908192108586,Low,High sales volatility: 7-day rolling standard deviation = 12.35,HIGH_VOLATILITY
2025-08-23,7.144930821143691e+18,WEBBER NATURALS南非醉茄KSM66 3600mg降低皮质醇缓压促睡眠120粒-默认-(DYWEB625273052640),22,10.115993936995679,Low,High sales volatility: 7-day rolling standard deviation = 10.12,HIGH_VOLATILITY
2025-08-24,7.144930821143691e+18,WEBBER NATURALS南非醉茄KSM66 3600mg降低皮质醇缓压促睡眠120粒-默认-(DYWEB625273052640),14,10.596495377515827,Low,High sales volatility: 7-day rolling standard deviation = 10.6,HIGH_VOLATILITY
2025-08-25,7.144930821143691e+18,WEBBER NATURALS南非醉茄KSM66 3600mg降低皮质醇缓压促睡眠120粒-默认-(DYWEB625273052640),25,10.542431272854339,Low,High sales volatility: 7-day rolling standard deviation = 10.54,HIGH_VOLATILITY
2025-08-26,7.144930821143691e+18,WEBBER NATURALS南非醉茄KSM66 3600mg降低皮质醇缓压促睡眠120粒-默认-(DYWEB625273052640),1,11.220729116450585,Low,High sales volatility: 7-day rolling standard deviation = 11.22,HIGH_VOLATILITY
2025-08-26,7.144930821143691e+18,WEBBER NATURALS南非醉茄KSM66 3600mg降低皮质醇缓压促睡眠120粒-默认-(DYWEB625273052640),21,11.220729116450585,Low,High sales volatility: 7-day rolling standard deviation = 11.22,HIGH_VOLATILITY
2025-08-27,7.144930821143691e+18,WEBBER NATURALS南非醉茄KSM66 3600mg降低皮质醇缓压促睡眠120粒-默认-(DYWEB625273052640),20,10.93051647801651,Low,High sales volatility: 7-day rolling standard deviation = 10.93,HIGH_VOLATILITY
2025-08-28,7.144930821143691e+18,WEBBER NATURALS南非醉茄KSM66 3600mg降低皮质醇缓压促睡眠120粒-默认-(DYWEB625273052640),2,10.023781246425447,Low,High sales volatility: 7-day rolling standard deviation = 10.02,HIGH_VOLATILITY
2025-08-28,7.144930821143691e+18,WEBBER NATURALS南非醉茄KSM66 3600mg降低皮质醇缓压促睡眠120粒-默认-(DYWEB625273052640),19,10.488088481701515,Low,High sales volatility: 7-day rolling standard deviation = 10.49,HIGH_VOLATILITY
2025-08-29,7.144930821143691e+18,WEBBER NATURALS南非醉茄KSM66 3600mg降低皮质醇缓压促睡眠120粒-默认-(DYWEB625273052640),2,10.812250547631695,Low,High sales volatility: 7-day rolling standard deviation = 10.81,HIGH_VOLATILITY
2025-09-06,7.144930821143691e+18,WEBBER NATURALS南非醉茄KSM66 3600mg降低皮质醇缓压促睡眠120粒-默认-(DYWEB625273052640),31,15.453463165566603,Low,High sales volatility: 7-day rolling standard deviation = 15.45,HIGH_VOLATILITY
2025-09-06,7.144930821143691e+18,WEBBER NATURALS南非醉茄KSM66 3600mg降低皮质醇缓压促睡眠120粒-默认-(DYWEB625273052640),3,16.313885409149382,Low,High sales volatility: 7-day rolling standard deviation = 16.31,HIGH_VOLATILITY
2025-09-07,7.144930821143691e+18,WEBBER NATURALS南非醉茄KSM66 3600mg降低皮质醇缓压促睡眠120粒-默认-(DYWEB625273052640),1,15.956786882673079,Low,High sales volatility: 7-day rolling standard deviation = 15.96,HIGH_VOLATILITY
2025-09-07,7.144930821143691e+18,WEBBER NATURALS南非醉茄KSM66 3600mg降低皮质醇缓压促睡眠120粒-默认-(DYWEB625273052640),23,17.415100180180254,Low,High sales volatility: 7-day rolling standard deviation = 17.42,HIGH_VOLATILITY
2025-09-08,7.144930821143691e+18,WEBBER NATURALS南非醉茄KSM66 3600mg降低皮质醇缓压促睡眠120粒-默认-(DYWEB625273052640),15,17.491494531696855,Low,High sales volatility: 7-day rolling standard deviation = 17.49,HIGH_VOLATILITY
2025-09-09,7.144930821143691e+18,WEBBER NATURALS南非醉茄KSM66 3600mg降低皮质醇缓压促睡眠120粒-默认-(DYWEB625273052640),19,17.086614086833617,Low,High sales volatility: 7-day rolling standard deviation = 17.09,HIGH_VOLATILITY
2025-09-10,7.144930821143691e+18,WEBBER NATURALS南非醉茄KSM66 3600mg降低皮质醇缓压促睡眠120粒-默认-(DYWEB625273052640),27,16.859362242922927,Low,High sales volatility: 7-day rolling standard deviation = 16.86,HIGH_VOLATILITY
2025-09-11,7.144930821143691e+18,WEBBER NATURALS南非醉茄KSM66 3600mg降低皮质醇缓压促睡眠120粒-默认-(DYWEB625273052640),17,11.489125293076057,Low,High sales volatility: 7-day rolling standard deviation = 11.49,HIGH_VOLATILITY
2025-04-10,7.146569951686672e+18,伟博精粹金CO2提纯1100mg4倍含量omega3成人心脑欧米伽3鱼油120粒-默认-(DYWEB625273090086),27,12.615183595289334,Low,High sales volatility: 7-day rolling standard deviation = 12.62,HIGH_VOLATILITY
2025-04-11,7.146569951686672e+18,伟博精粹金CO2提纯1100mg4倍含量omega3成人心脑欧米伽3鱼油120粒-默认-(DYWEB625273090086),24,13.347016788138731,Low,High sales volatility: 7-day rolling standard deviation = 13.35,HIGH_VOLATILITY
2025-04-12,7.146569951686672e+18,伟博精粹金CO2提纯1100mg4倍含量omega3成人心脑欧米伽3鱼油120粒-默认-(DYWEB625273090086),13,12.499523800453169,Low,High sales volatility: 7-day rolling standard deviation = 12.5,HIGH_VOLATILITY
2025-04-13,7.146569951686672e+18,伟博精粹金CO2提纯1100mg4倍含量omega3成人心脑欧米伽3鱼油120粒-默认-(DYWEB625273090086),16,12.499523800453169,Low,High sales volatility: 7-day rolling standard deviation = 12.5,HIGH_VOLATILITY
2025-04-14,7.146569951686672e+18,伟博精粹金CO2提纯1100mg4倍含量omega3成人心脑欧米伽3鱼油120粒-默认-(DYWEB625273090086),16,11.85829024855808,Low,High sales volatility: 7-day rolling standard deviation = 11.86,HIGH_VOLATILITY
2025-04-15,7.146569951686672e+18,伟博精粹金CO2提纯1100mg4倍含量omega3成人心脑欧鱼油120粒 S-默认-(DYWEB625273090086),3,11.480832888319723,Low,High sales volatility: 7-day rolling standard deviation = 11.48,HIGH_VOLATILITY
2025-04-15,7.146569951686672e+18,伟博精粹金CO2提纯1100mg4倍含量omega3成人心脑欧米伽3鱼油120粒-默认-(DYWEB625273090086),13,10.967484410096706,Low,High sales volatility: 7-day rolling standard deviation = 10.97,HIGH_VOLATILITY
2025-08-28,7.146569951686672e+18,WEBBER NATURALS高纯度深海鱼油omega3欧米伽3成人健身鱼油120粒-默认-(DYWEB625273090086),7,32.98845396859476,High,High sales volatility: 7-day rolling standard deviation = 32.99,HIGH_VOLATILITY
2025-08-28,7.146569951686672e+18,【董先生专属】WEBBER NATURALS高纯度深海鱼油omega3欧米伽3成人健身鱼油120粒-默认-(DYWEB625273090086),2,33.37093117698467,High,High sales volatility: 7-day rolling standard deviation = 33.37,HIGH_VOLATILITY
2025-08-29,7.146569951686672e+18,【董先生专属】WEBBER NATURALS高纯度深海鱼油omega3欧米伽3成人健身鱼油120粒-默认-(DYWEB625273090086),5,33.523268393901034,High,High sales volatility: 7-day rolling standard deviation = 33.52,HIGH_VOLATILITY
2025-08-29,7.146569951686672e+18,WEBBER NATURALS高纯度深海鱼油omega3欧米伽3成人健身鱼油120粒-默认-(DYWEB625273090086),22,33.58571124749333,High,High sales volatility: 7-day rolling standard deviation = 33.59,HIGH_VOLATILITY
2025-08-29,7.146569951686672e+18,【徐冬冬专属】WEBBER NATURALS高纯度深海鱼油omega3欧米伽3成人健身鱼油120粒D-默认-(DYWEB625273090086),50,33.24368898216407,High,High sales volatility: 7-day rolling standard deviation = 33.24,HIGH_VOLATILITY
2025-08-30,7.146569951686672e+18,【董先生专属】WEBBER NATURALS高纯度深海鱼油omega3欧米伽3成人健身鱼油120粒-默认-(DYWEB625273090086),10,33.94322991618295,High,High sales volatility: 7-day rolling standard deviation = 33.94,HIGH_VOLATILITY
2025-08-30,7.146569951686672e+18,【徐冬冬专属】WEBBER NATURALS高纯度深海鱼油omega3欧米伽3成人健身鱼油120粒D-默认-(DYWEB625273090086),6,33.766001497702646,High,High sales volatility: 7-day rolling standard deviation = 33.77,HIGH_VOLATILITY
2025-08-30,7.146569951686672e+18,WEBBER NATURALS高纯度深海鱼油omega3欧米伽3成人健身鱼油120粒-默认-(DYWEB625273090086),8,16.89040302318788,Low,High sales volatility: 7-day rolling standard deviation = 16.89,HIGH_VOLATILITY
2025-08-31,7.146569951686672e+18,【董先生专属】WEBBER NATURALS高纯度深海鱼油omega3欧米伽3成人健身鱼油120粒-默认-(DYWEB625273090086),4,16.81977294450677,Low,High sales volatility: 7-day rolling standard deviation = 16.82,HIGH_VOLATILITY
2025-08-31,7.146569951686672e+18,WEBBER NATURALS高纯度深海鱼油omega3欧米伽3成人健身鱼油120粒-默认-(DYWEB625273090086),9,16.583123951777,Low,High sales volatility: 7-day rolling standard deviation = 16.58,HIGH_VOLATILITY
2025-08-31,7.146569951686672e+18,【徐冬冬专属】WEBBER NATURALS高纯度深海鱼油omega3欧米伽3成人健身鱼油120粒D-默认-(DYWEB625273090086),11,16.246611368294033,Low,High sales volatility: 7-day rolling standard deviation = 16.25,HIGH_VOLATILITY
2025-09-01,7.146569951686672e+18,【徐冬冬专属】WEBBER NATURALS高纯度深海鱼油omega3欧米伽3成人健身鱼油120粒D-默认-(DYWEB625273090086),46,16.051998837112674,Low,High sales volatility: 7-day rolling standard deviation = 16.05,HIGH_VOLATILITY
2025-09-01,7.146569951686672e+18,WEBBER NATURALS高纯度深海鱼油omega3欧米伽3成人健身鱼油120粒-默认-(DYWEB625273090086),18,14.558584441915393,Low,High sales volatility: 7-day rolling standard deviation = 14.56,HIGH_VOLATILITY
2025-09-01,7.146569951686672e+18,【董先生专属】WEBBER NATURALS高纯度深海鱼油omega3欧米伽3成人健身鱼油120粒-默认-(DYWEB625273090086),16,14.558584441915393,Low,High sales volatility: 7-day rolling standard deviation = 14.56,HIGH_VOLATILITY
2025-09-02,7.146569951686672e+18,【徐冬冬专属】WEBBER NATURALS高纯度深海鱼油omega3欧米伽3成人健身鱼油120粒D-默认-(DYWEB625273090086),12,14.059397805975427,Low,High sales volatility: 7-day rolling standard deviation = 14.06,HIGH_VOLATILITY
2025-09-02,7.146569951686672e+18,WEBBER NATURALS高纯度深海鱼油omega3欧米伽3成人健身鱼油120粒-默认-(DYWEB625273090086),14,13.758114488755874,Low,High sales volatility: 7-day rolling standard deviation = 13.76,HIGH_VOLATILITY
2025-09-02,7.146569951686672e+18,【董先生专属】WEBBER NATURALS高纯度深海鱼油omega3欧米伽3成人健身鱼油120粒-默认-(DYWEB625273090086),10,12.714820748507101,Low,High sales volatility: 7-day rolling standard deviation = 12.71,HIGH_VOLATILITY
2025-09-03,7.146569951686672e+18,【董先生专属】WEBBER NATURALS高纯度深海鱼油omega3欧米伽3成人健身鱼油120粒-默认-(DYWEB625273090086),11,12.60196507730139,Low,High sales volatility: 7-day rolling standard deviation = 12.6,HIGH_VOLATILITY
2025-09-03,7.146569951686672e+18,WEBBER NATURALS高纯度深海鱼油omega3欧米伽3成人健身鱼油120粒-默认-(DYWEB625273090086),7,12.60196507730139,Low,High sales volatility: 7-day rolling standard deviation = 12.6,HIGH_VOLATILITY
2025-09-09,7.146569951686672e+18,WEBBER NATURALS高纯度深海鱼油omega3欧米伽3成人健身鱼油120粒D-默认-(DYWEB625273090086),1,10.614455552060438,Low,High sales volatility: 7-day rolling standard deviation = 10.61,HIGH_VOLATILITY
2025-09-09,7.146569951686672e+18,【董先生专属】WEBBER NATURALS高纯度深海鱼油omega3欧米伽3成人健身鱼油120粒-默认-(DYWEB625273090086),6,11.150485789118488,Low,High sales volatility: 7-day rolling standard deviation = 11.15,HIGH_VOLATILITY
2025-09-09,7.146569951686672e+18,WEBBER NATURALS高纯度深海鱼油omega3欧米伽3成人健身鱼油120粒-默认-(DYWEB625273090086),13,10.937049310442356,Low,High sales volatility: 7-day rolling standard deviation = 10.94,HIGH_VOLATILITY
2025-09-10,7.146569951686672e+18,【徐冬冬专属】WEBBER NATURALS高纯度深海鱼油omega3欧米伽3成人健身鱼油120粒D-默认-(DYWEB625273090086),25,10.991338581334114,Low,High sales volatility: 7-day rolling standard deviation = 10.99,HIGH_VOLATILITY
2025-09-10,7.146569951686672e+18,WEBBER NATURALS高纯度深海鱼油omega3欧米伽3成人健身鱼油120粒-默认-(DYWEB625273090086),13,12.361614935336071,Low,High sales volatility: 7-day rolling standard deviation = 12.36,HIGH_VOLATILITY
2025-09-10,7.146569951686672e+18,【董先生专属】WEBBER NATURALS高纯度深海鱼油omega3欧米伽3成人健身鱼油120粒-默认-(DYWEB625273090086),13,11.954277975049848,Low,High sales volatility: 7-day rolling standard deviation = 11.95,HIGH_VOLATILITY
2025-09-10,7.146569951686672e+18,WEBBER NATURALS高纯度深海鱼油omega3欧米伽3成人健身鱼油120粒D-默认-(DYWEB625273090086),2,10.899978156378287,Low,High sales volatility: 7-day rolling standard deviation = 10.9,HIGH_VOLATILITY
2025-09-13,7.146569951686672e+18,WEBBER NATURALS高纯度深海鱼油omega3欧米伽3成人健身鱼油120粒-默认-(DYWEB625273090086),6,18.935982376719423,Low,High sales volatility: 7-day rolling standard deviation = 18.94,HIGH_VOLATILITY
2025-09-14,7.146569951686672e+18,WEBBER NATURALS高纯度深海鱼油omega3欧米伽3成人健身鱼油120粒-默认-(DYWEB625273090086),16,18.86670031967384,Low,High sales volatility: 7-day rolling standard deviation = 18.87,HIGH_VOLATILITY
2025-09-14,7.146569951686672e+18,WEBBER NATURALS高纯度深海鱼油omega3欧米伽3成人健身鱼油120粒D-默认-(DYWEB625273090086),1,18.724824368176264,Low,High sales volatility: 7-day rolling standard deviation = 18.72,HIGH_VOLATILITY
2025-09-14,7.146569951686672e+18,【徐冬冬专属】WEBBER NATURALS高纯度深海鱼油omega3欧米伽3成人健身鱼油120粒D-默认-(DYWEB625273090086),23,19.038807485664393,Low,High sales volatility: 7-day rolling standard deviation = 19.04,HIGH_VOLATILITY
2025-09-15,7.146569951686672e+18,WEBBER NATURALS高纯度深海鱼油omega3欧米伽3成人健身鱼油120粒-默认-(DYWEB625273090086),14,18.30950832868254,Low,High sales volatility: 7-day rolling standard deviation = 18.31,HIGH_VOLATILITY
2025-09-15,7.146569951686672e+18,WEBBER NATURALS高纯度深海鱼油omega3欧米伽3成人健身鱼油120粒D-默认-(DYWEB625273090086),1,17.165857586111645,Low,High sales volatility: 7-day rolling standard deviation = 17.17,HIGH_VOLATILITY
2025-09-16,7.146569951686672e+18,WEBBER NATURALS高纯度深海鱼油omega3欧米伽3成人健身鱼油120粒-默认-(DYWEB625273090086),11,18.46489590960049,Low,High sales volatility: 7-day rolling standard deviation = 18.46,HIGH_VOLATILITY
2025-09-19,7.146569951686672e+18,WEBBER NATURALS高纯度深海鱼油omega3欧米伽3成人健身鱼油120粒D-默认-(DYWEB625273090086),1,11.006491591004698,Low,High sales volatility: 7-day rolling standard deviation = 11.01,HIGH_VOLATILITY
2025-09-20,7.146569951686672e+18,WEBBER NATURALS高纯度深海鱼油omega3欧米伽3成人健身鱼油120粒-默认-(DYWEB625273090086),9,11.661903789690601,Low,High sales volatility: 7-day rolling standard deviation = 11.66,HIGH_VOLATILITY
2025-09-21,7.146569951686672e+18,WEBBER NATURALS高纯度深海鱼油omega3欧米伽3成人健身鱼油120粒-默认-(DYWEB625273090086),17,11.006491591004698,Low,High sales volatility: 7-day rolling standard deviation = 11.01,HIGH_VOLATILITY
2025-09-22,7.146569951686672e+18,WEBBER NATURALS高纯度深海鱼油omega3欧米伽3成人健身鱼油120粒-默认-(DYWEB625273090086),19,11.224972160321824,Low,High sales volatility: 7-day rolling standard deviation = 11.22,HIGH_VOLATILITY
2025-09-23,7.146569951686672e+18,WEBBER NATURALS高纯度深海鱼油omega3欧米伽3成人健身鱼油120粒D-默认-(DYWEB625273090086),1,11.538754575033527,Low,High sales volatility: 7-day rolling standard deviation = 11.54,HIGH_VOLATILITY
2025-09-23,7.146569951686672e+18,WEBBER NATURALS高纯度深海鱼油omega3欧米伽3成人健身鱼油120粒-默认-(DYWEB625273090086),8,12.307566391297286,Low,High sales volatility: 7-day rolling standard deviation = 12.31,HIGH_VOLATILITY
2025-09-24,7.146569951686672e+18,WEBBER NATURALS高纯度深海鱼油omega3欧米伽3成人健身鱼油120粒-默认-(DYWEB625273090086),17,11.700630833624395,Low,High sales volatility: 7-day rolling standard deviation = 11.7,HIGH_VOLATILITY
2025-10-03,7.146569951686672e+18,WEBBER NATURALS高纯度深海鱼油omega3欧米伽3成人健身鱼油120粒-默认-(DYWEB625273090086),27,10.06171432898466,Low,High sales volatility: 7-day rolling standard deviation = 10.06,HIGH_VOLATILITY
2025-10-04,7.146569951686672e+18,WEBBER NATURALS高纯度深海鱼油omega3欧米伽3成人健身鱼油120粒D-默认-(DYWEB625273090086),3,11.058287131636359,Low,High sales volatility: 7-day rolling standard deviation = 11.06,HIGH_VOLATILITY
2025-10-04,7.146569951686672e+18,WEBBER NATURALS高纯度深海鱼油omega3欧米伽3成人健身鱼油120粒-默认-(DYWEB625273090086),16,11.058287131636359,Low,High sales volatility: 7-day rolling standard deviation = 11.06,HIGH_VOLATILITY
2025-10-05,7.146569951686672e+18,WEBBER NATURALS高纯度深海鱼油omega3欧米伽3成人健身鱼油120粒D-默认-(DYWEB625273090086),1,10.945753688509704,Low,High sales volatility: 7-day rolling standard deviation = 10.95,HIGH_VOLATILITY
2025-10-05,7.146569951686672e+18,WEBBER NATURALS高纯度深海鱼油omega3欧米伽3成人健身鱼油120粒-默认-(DYWEB625273090086),14,10.945753688509704,Low,High sales volatility: 7-day rolling standard deviation = 10.95,HIGH_VOLATILITY
2025-10-06,7.146569951686672e+18,WEBBER NATURALS高纯度深海鱼油omega3欧米伽3成人健身鱼油120粒D-默认-(DYWEB625273090086),1,10.54694719992924,Low,High sales volatility: 7-day rolling standard deviation = 10.55,HIGH_VOLATILITY
2025-10-06,7.146569951686672e+18,WEBBER NATURALS高纯度深海鱼油omega3欧米伽3成人健身鱼油120粒-默认-(DYWEB625273090086),19,10.090070555230216,Low,High sales volatility: 7-day rolling standard deviation = 10.09,HIGH_VOLATILITY
2025-10-07,7.146569951686672e+18,WEBBER NATURALS高纯度深海鱼油omega3欧米伽3成人健身鱼油120粒D-默认-(DYWEB625273090086),2,10.130106002359877,Low,High sales volatility: 7-day rolling standard deviation = 10.13,HIGH_VOLATILITY
2025-10-11,7.146569951686672e+18,WEBBER NATURALS高纯度深海鱼油omega3欧米伽3成人健身鱼油120粒-默认-(DYWEB625273090086),21,10.44030650891055,Low,High sales volatility: 7-day rolling standard deviation = 10.44,HIGH_VOLATILITY
2025-10-13,7.146569951686672e+18,WEBBER NATURALS高纯度深海鱼油omega3欧米伽3成人健身鱼油120粒-默认-(DYWEB625273090086),31,12.727922061357855,Low,High sales volatility: 7-day rolling standard deviation = 12.73,HIGH_VOLATILITY
2025-10-14,7.146569951686672e+18,WEBBER NATURALS高纯度深海鱼油omega3欧米伽3成人健身鱼油120粒-默认-(DYWEB625273090086),24,11.426785574754984,Low,High sales volatility: 7-day rolling standard deviation = 11.43,HIGH_VOLATILITY
2025-10-15,7.146569951686672e+18,WEBBER NATURALS高纯度深海鱼油omega3欧米伽3成人健身鱼油120粒-默认-(DYWEB625273090086),23,10.677078252031311,Low,High sales volatility: 7-day rolling standard deviation = 10.68,HIGH_VOLATILITY
2025-10-16,7.146569951686672e+18,WEBBER NATURALS高纯度深海鱼油omega3欧米伽3成人健身鱼油120粒-默认-(DYWEB625273090086),38,10.668154658117954,Low,High sales volatility: 7-day rolling standard deviation = 10.67,HIGH_VOLATILITY
2025-10-17,7.146569951686672e+18,WEBBER NATURALS高纯度深海鱼油omega3欧米伽3成人健身鱼油120粒-默认-(DYWEB625273090086),21,11.148350294358098,Low,High sales volatility: 7-day rolling standard deviation = 11.15,HIGH_VOLATILITY
2025-10-18,7.146569951686672e+18,WEBBER NATURALS高纯度深海鱼油omega3欧米伽3成人健身鱼油120粒-默认-(DYWEB625273090086),17,11.148350294358098,Low,High sales volatility: 7-day rolling standard deviation = 11.15,HIGH_VOLATILITY
2025-10-19,7.146569951686672e+18,WEBBER NATURALS高纯度深海鱼油omega3欧米伽3成人健身鱼油120粒-默认-(DYWEB625273090086),15,10.435744434622855,Low,High sales volatility: 7-day rolling standard deviation = 10.44,HIGH_VOLATILITY
2025-10-20,7.146569951686672e+18,WEBBER NATURALS高纯度深海鱼油omega3欧米伽3成人健身鱼油120粒-默认-(DYWEB625273090086),41,10.064080399406311,Low,High sales volatility: 7-day rolling standard deviation = 10.06,HIGH_VOLATILITY
2025-10-21,7.146569951686672e+18,WEBBER NATURALS高纯度深海鱼油omega3欧米伽3成人健身鱼油120粒-默认-(DYWEB625273090086),31,12.75968353093147,Low,High sales volatility: 7-day rolling standard deviation = 12.76,HIGH_VOLATILITY
2025-10-21,7.146569951686672e+18,WEBBER NATURALS高纯度深海鱼油omega3欧米伽3成人健身鱼油120粒D-默认-(DYWEB625273090086),1,13.12757911167681,Low,High sales volatility: 7-day rolling standard deviation = 13.13,HIGH_VOLATILITY
2025-10-22,7.146569951686672e+18,WEBBER NATURALS高纯度深海鱼油omega3欧米伽3成人健身鱼油120粒-默认-(DYWEB625273090086),28,13.972762620115438,Low,High sales volatility: 7-day rolling standard deviation = 13.97,HIGH_VOLATILITY
2025-10-23,7.146569951686672e+18,WEBBER NATURALS高纯度深海鱼油omega3欧米伽3成人健身鱼油120粒-默认-(DYWEB625273090086),22,12.871156384205214,Low,High sales volatility: 7-day rolling standard deviation = 12.87,HIGH_VOLATILITY
2025-10-24,7.146569951686672e+18,WEBBER NATURALS高纯度深海鱼油omega3欧米伽3成人健身鱼油120粒-默认-(DYWEB625273090086),45,12.863754913562,Low,High sales volatility: 7-day rolling standard deviation = 12.86,HIGH_VOLATILITY
2025-10-24,7.146569951686672e+18,WEBBER NATURALS高纯度深海鱼油omega3欧米伽3成人健身鱼油120粒D-默认-(DYWEB625273090086),1,15.148471555777187,Low,High sales volatility: 7-day rolling standard deviation = 15.15,HIGH_VOLATILITY
2025-10-25,7.146569951686672e+18,WEBBER NATURALS高纯度深海鱼油omega3欧米伽3成人健身鱼油120粒-默认-(DYWEB625273090086),123,17.591935381764863,Low,High sales volatility: 7-day rolling standard deviation = 17.59,HIGH_VOLATILITY
2025-10-26,7.146569951686672e+18,WEBBER NATURALS高纯度深海鱼油omega3欧米伽3成人健身鱼油120粒D-默认-(DYWEB625273090086),1,41.60299897614983,High,High sales volatility: 7-day rolling standard deviation = 41.6,HIGH_VOLATILITY
2025-10-26,7.146569951686672e+18,WEBBER NATURALS高纯度深海鱼油omega3欧米伽3成人健身鱼油120粒-默认-(DYWEB625273090086),43,43.68011425067912,High,High sales volatility: 7-day rolling standard deviation = 43.68,HIGH_VOLATILITY
2025-10-27,7.146569951686672e+18,WEBBER NATURALS高纯度深海鱼油omega3欧米伽3成人健身鱼油120粒-默认-(DYWEB625273090086),37,41.61673198309042,High,High sales volatility: 7-day rolling standard deviation = 41.62,HIGH_VOLATILITY
2025-10-28,7.146569951686672e+18,WEBBER NATURALS高纯度深海鱼油omega3欧米伽3成人健身鱼油120粒D-默认-(DYWEB625273090086),1,41.41025867837007,High,High sales volatility: 7-day rolling standard deviation = 41.41,HIGH_VOLATILITY
2025-10-28,7.146569951686672e+18,WEBBER NATURALS高纯度深海鱼油omega3欧米伽3成人健身鱼油120粒-默认-(DYWEB625273090086),53,43.54089484392258,High,High sales volatility: 7-day rolling standard deviation = 43.54,HIGH_VOLATILITY
2025-10-29,7.146569951686672e+18,WEBBER NATURALS高纯度深海鱼油omega3欧米伽3成人健身鱼油120粒-默认-(DYWEB625273090086),24,43.92417709341102,High,High sales volatility: 7-day rolling standard deviation = 43.92,HIGH_VOLATILITY
2025-10-30,7.146569951686672e+18,WEBBER NATURALS高纯度深海鱼油omega3欧米伽3成人健身鱼油120粒-默认-(DYWEB625273090086),38,41.58010055188373,High,High sales volatility: 7-day rolling standard deviation = 41.58,HIGH_VOLATILITY
2025-10-31,7.146569951686672e+18,WEBBER NATURALS高纯度深海鱼油omega3欧米伽3成人健身鱼油120粒-默认-(DYWEB625273090086),14,20.432234103890607,Medium,High sales volatility: 7-day rolling standard deviation = 20.43,HIGH_VOLATILITY
2025-11-01,7.146569951686672e+18,WEBBER NATURALS高纯度深海鱼油omega3欧米伽3成人健身鱼油120粒-默认-(DYWEB625273090086),47,18.0,Low,High sales volatility: 7-day rolling standard deviation = 18.0,HIGH_VOLATILITY
2025-11-02,7.146569951686672e+18,WEBBER NATURALS高纯度深海鱼油omega3欧米伽3成人健身鱼油120粒-默认-(DYWEB625273090086),51,18.536964358250454,Low,High sales volatility: 7-day rolling standard deviation = 18.54,HIGH_VOLATILITY
2025-11-03,7.146569951686672e+18,WEBBER NATURALS高纯度深海鱼油omega3欧米伽3成人健身鱼油120粒D-默认-(DYWEB625273090086),2,20.040435315108493,Medium,High sales volatility: 7-day rolling standard deviation = 20.04,HIGH_VOLATILITY
2025-11-03,7.146569951686672e+18,WEBBER NATURALS高纯度深海鱼油omega3欧米伽3成人健身鱼油120粒-默认-(DYWEB625273090086),72,19.779739513909057,Low,High sales volatility: 7-day rolling standard deviation = 19.78,HIGH_VOLATILITY
2025-11-04,7.146569951686672e+18,WEBBER NATURALS高纯度深海鱼油omega3欧米伽3成人健身鱼油120粒-默认-(DYWEB625273090086),65,23.901583928386717,Medium,High sales volatility: 7-day rolling standard deviation = 23.9,HIGH_VOLATILITY
2025-11-05,7.146569951686672e+18,WEBBER NATURALS高纯度深海鱼油omega3欧米伽3成人健身鱼油120粒D-默认-(DYWEB625273090086),1,25.597618936887375,Medium,High sales volatility: 7-day rolling standard deviation = 25.6,HIGH_VOLATILITY
2025-11-05,7.146569951686672e+18,WEBBER NATURALS高纯度深海鱼油omega3欧米伽3成人健身鱼油120粒-默认-(DYWEB625273090086),20,29.855206134497436,Medium,High sales volatility: 7-day rolling standard deviation = 29.86,HIGH_VOLATILITY
2025-11-06,7.146569951686672e+18,WEBBER NATURALS高纯度深海鱼油omega3欧米伽3成人健身鱼油120粒D-默认-(DYWEB625273090086),3,29.197194907665196,Medium,High sales volatility: 7-day rolling standard deviation = 29.2,HIGH_VOLATILITY
2025-11-06,7.146569951686672e+18,WEBBER NATURALS高纯度深海鱼油omega3欧米伽3成人健身鱼油120粒-默认-(DYWEB625273090086),49,31.30951475647162,High,High sales volatility: 7-day rolling standard deviation = 31.31,HIGH_VOLATILITY
2025-11-07,7.146569951686672e+18,WEBBER NATURALS高纯度深海鱼油omega3欧米伽3成人健身鱼油120粒-默认-(DYWEB625273090086),26,31.100451688650686,High,High sales volatility: 7-day rolling standard deviation = 31.1,HIGH_VOLATILITY
2025-11-07,7.146569951686672e+18,WEBBER NATURALS高纯度深海鱼油omega3欧米伽3成人健身鱼油120粒D-默认-(DYWEB625273090086),1,28.69212601460713,Medium,High sales volatility: 7-day rolling standard deviation = 28.69,HIGH_VOLATILITY
2025-11-08,7.146569951686672e+18,WEBBER NATURALS高纯度深海鱼油omega3欧米伽3成人健身鱼油120粒D-默认-(DYWEB625273090086),1,25.244518499779595,Medium,High sales volatility: 7-day rolling standard deviation = 25.24,HIGH_VOLATILITY
2025-11-08,7.146569951686672e+18,WEBBER NATURALS高纯度深海鱼油omega3欧米伽3成人健身鱼油120粒-默认-(DYWEB625273090086),38,18.40160448490967,Low,High sales volatility: 7-day rolling standard deviation = 18.4,HIGH_VOLATILITY
2025-11-09,7.146569951686672e+18,WEBBER NATURALS高纯度深海鱼油omega3欧米伽3成人健身鱼油120粒-默认-(DYWEB625273090086),19,19.198214202665532,Low,High sales volatility: 7-day rolling standard deviation = 19.2,HIGH_VOLATILITY
2025-11-09,7.146569951686672e+18,WEBBER NATURALS高纯度深海鱼油omega3欧米伽3成人健身鱼油120粒D-默认-(DYWEB625273090086),1,19.199454357326086,Low,High sales volatility: 7-day rolling standard deviation = 19.2,HIGH_VOLATILITY
2025-11-10,7.146569951686672e+18,WEBBER NATURALS高纯度深海鱼油omega3欧米伽3成人健身鱼油120粒-默认-(DYWEB625273090086),25,19.49969474730554,Low,High sales volatility: 7-day rolling standard deviation = 19.5,HIGH_VOLATILITY
2025-11-10,7.146569951686672e+18,WEBBER NATURALS高纯度深海鱼油omega3欧米伽3成人健身鱼油120粒D-默认-(DYWEB625273090086),3,14.993649449334335,Low,High sales volatility: 7-day rolling standard deviation = 14.99,HIGH_VOLATILITY
2025-11-11,7.146569951686672e+18,WEBBER NATURALS高纯度深海鱼油omega3欧米伽3成人健身鱼油120粒-默认-(DYWEB625273090086),28,14.920423841803142,Low,High sales volatility: 7-day rolling standard deviation = 14.92,HIGH_VOLATILITY
2025-11-12,7.146569951686672e+18,WEBBER NATURALS高纯度深海鱼油omega3欧米伽3成人健身鱼油120粒-默认-(DYWEB625273090086),38,14.920423841803142,Low,High sales volatility: 7-day rolling standard deviation = 14.92,HIGH_VOLATILITY
2025-11-13,7.146569951686672e+18,WEBBER NATURALS高纯度深海鱼油omega3欧米伽3成人健身鱼油120粒D-默认-(DYWEB625273090086),3,15.096514892675128,Low,High sales volatility: 7-day rolling standard deviation = 15.1,HIGH_VOLATILITY
2025-11-13,7.146569951686672e+18,WEBBER NATURALS高纯度深海鱼油omega3欧米伽3成人健身鱼油120粒-默认-(DYWEB625273090086),22,14.591256351142691,Low,High sales volatility: 7-day rolling standard deviation = 14.59,HIGH_VOLATILITY
2025-11-14,7.146569951686672e+18,WEBBER NATURALS高纯度深海鱼油omega3欧米伽3成人健身鱼油120粒-默认-(DYWEB625273090086),65,14.713129866761541,Low,High sales volatility: 7-day rolling standard deviation = 14.71,HIGH_VOLATILITY
2025-11-14,7.146569951686672e+18,WEBBER NATURALS高纯度深海鱼油omega3欧米伽3成人健身鱼油120粒D-默认-(DYWEB625273090086),4,21.383126414023167,Medium,High sales volatility: 7-day rolling standard deviation = 21.38,HIGH_VOLATILITY
2025-11-15,7.146569951686672e+18,WEBBER NATURALS高纯度深海鱼油omega3欧米伽3成人健身鱼油120粒-默认-(DYWEB625273090086),36,23.00517540115909,Medium,High sales volatility: 7-day rolling standard deviation = 23.01,HIGH_VOLATILITY
2025-11-16,7.146569951686672e+18,WEBBER NATURALS高纯度深海鱼油omega3欧米伽3成人健身鱼油120粒-默认-(DYWEB625273090086),54,21.48642982597776,Medium,High sales volatility: 7-day rolling standard deviation = 21.49,HIGH_VOLATILITY
2025-11-16,7.146569951686672e+18,WEBBER NATURALS高纯度深海鱼油omega3欧米伽3成人健身鱼油120粒D-默认-(DYWEB625273090086),2,23.62706277212839,Medium,High sales volatility: 7-day rolling standard deviation = 23.63,HIGH_VOLATILITY
2025-11-17,7.146569951686672e+18,WEBBER NATURALS高纯度深海鱼油omega3欧米伽3成人健身鱼油120粒-默认-(DYWEB625273090086),36,25.844774732088126,Medium,High sales volatility: 7-day rolling standard deviation = 25.84,HIGH_VOLATILITY
2025-11-17,7.146569951686672e+18,WEBBER NATURALS高纯度深海鱼油omega3欧米伽3成人健身鱼油120粒D-默认-(DYWEB625273090086),2,23.753696454196245,Medium,High sales volatility: 7-day rolling standard deviation = 23.75,HIGH_VOLATILITY
2025-11-18,7.146569951686672e+18,WEBBER NATURALS高纯度深海鱼油omega3欧米伽3成人健身鱼油120粒D-默认-(DYWEB625273090086),1,26.1397343958525,Medium,High sales volatility: 7-day rolling standard deviation = 26.14,HIGH_VOLATILITY
2025-11-18,7.146569951686672e+18,WEBBER NATURALS高纯度深海鱼油omega3欧米伽3成人健身鱼油120粒-默认-(DYWEB625273090086),61,22.096110409710015,Medium,High sales volatility: 7-day rolling standard deviation = 22.1,HIGH_VOLATILITY
2025-11-19,7.146569951686672e+18,WEBBER NATURALS高纯度深海鱼油omega3欧米伽3成人健身鱼油120粒D-默认-(DYWEB625273090086),2,25.728435260473596,Medium,High sales volatility: 7-day rolling standard deviation = 25.73,HIGH_VOLATILITY
2025-11-19,7.146569951686672e+18,WEBBER NATURALS高纯度深海鱼油omega3欧米伽3成人健身鱼油120粒-默认-(DYWEB625273090086),53,27.01763092782898,Medium,High sales volatility: 7-day rolling standard deviation = 27.02,HIGH_VOLATILITY
2025-11-20,7.146569951686672e+18,WEBBER NATURALS高纯度深海鱼油omega3欧米伽3成人健身鱼油120粒-默认-(DYWEB625273090086),47,26.825716162276965,Medium,High sales volatility: 7-day rolling standard deviation = 26.83,HIGH_VOLATILITY
2025-11-21,7.146569951686672e+18,WEBBER NATURALS高纯度深海鱼油omega3欧米伽3成人健身鱼油120粒-默认-(DYWEB625273090086),30,26.504267401235417,Medium,High sales volatility: 7-day rolling standard deviation = 26.5,HIGH_VOLATILITY
2025-11-21,7.146569951686672e+18,WEBBER NATURALS高纯度深海鱼油omega3欧米伽3成人健身鱼油120粒D-默认-(DYWEB625273090086),4,26.331223544175334,Medium,High sales volatility: 7-day rolling standard deviation = 26.33,HIGH_VOLATILITY
2025-11-21,7.146569951686672e+18,【达人专属】WEBBER NATURALS高纯度深海鱼油omega3欧米伽3成人健身鱼油120粒-默认-(DYWEB625273090086),3,26.01098668969381,Medium,High sales volatility: 7-day rolling standard deviation = 26.01,HIGH_VOLATILITY
2025-11-22,7.146569951686672e+18,【达人专属】WEBBER NATURALS高纯度深海鱼油omega3欧米伽3成人健身鱼油120粒-默认-(DYWEB625273090086),5,25.670067801865677,Medium,High sales volatility: 7-day rolling standard deviation = 25.67,HIGH_VOLATILITY
2025-11-22,7.146569951686672e+18,WEBBER NATURALS高纯度深海鱼油omega3欧米伽3成人健身鱼油120粒D-默认-(DYWEB625273090086),3,22.39685352050702,Medium,High sales volatility: 7-day rolling standard deviation = 22.4,HIGH_VOLATILITY
2025-11-22,7.146569951686672e+18,WEBBER NATURALS高纯度深海鱼油omega3欧米伽3成人健身鱼油120粒-默认-(DYWEB625273090086),47,22.261433659390146,Medium,High sales volatility: 7-day rolling standard deviation = 22.26,HIGH_VOLATILITY
2025-11-23,7.146569951686672e+18,WEBBER NATURALS高纯度深海鱼油omega3欧米伽3成人健身鱼油120粒-默认-(DYWEB625273090086),22,20.884033545818134,Medium,High sales volatility: 7-day rolling standard deviation = 20.88,HIGH_VOLATILITY
2025-11-23,7.146569951686672e+18,WEBBER NATURALS高纯度深海鱼油omega3欧米伽3成人健身鱼油120粒D-默认-(DYWEB625273090086),4,17.29849979732622,Low,High sales volatility: 7-day rolling standard deviation = 17.3,HIGH_VOLATILITY
2025-11-24,7.146569951686672e+18,WEBBER NATURALS高纯度深海鱼油omega3欧米伽3成人健身鱼油120粒D-默认-(DYWEB625273090086),5,16.641886339967023,Low,High sales volatility: 7-day rolling standard deviation = 16.64,HIGH_VOLATILITY
2025-11-24,7.146569951686672e+18,【达人专属】WEBBER NATURALS高纯度深海鱼油omega3欧米伽3成人健身鱼油120粒-默认-(DYWEB625273090086),4,16.5601357252317,Low,High sales volatility: 7-day rolling standard deviation = 16.56,HIGH_VOLATILITY
2025-11-24,7.146569951686672e+18,WEBBER NATURALS高纯度深海鱼油omega3欧米伽3成人健身鱼油120粒-默认-(DYWEB625273090086),45,16.466416038192925,Low,High sales volatility: 7-day rolling standard deviation = 16.47,HIGH_VOLATILITY
2025-11-25,7.146569951686672e+18,WEBBER NATURALS高纯度深海鱼油omega3欧米伽3成人健身鱼油120粒-默认-(DYWEB625273090086),41,19.873408891088136,Low,High sales volatility: 7-day rolling standard deviation = 19.87,HIGH_VOLATILITY
2025-11-25,7.146569951686672e+18,【达人专属】WEBBER NATURALS高纯度深海鱼油omega3欧米伽3成人健身鱼油120粒-默认-(DYWEB625273090086),3,20.09975124224178,Medium,High sales volatility: 7-day rolling standard deviation = 20.1,HIGH_VOLATILITY
2025-11-25,7.146569951686672e+18,WEBBER NATURALS高纯度深海鱼油omega3欧米伽3成人健身鱼油120粒D-默认-(DYWEB625273090086),3,18.52668602956544,Low,High sales volatility: 7-day rolling standard deviation = 18.53,HIGH_VOLATILITY
2025-11-26,7.146569951686672e+18,WEBBER NATURALS高纯度深海鱼油omega3欧米伽3成人健身鱼油120粒-默认-(DYWEB625273090086),29,19.17463602435954,Low,High sales volatility: 7-day rolling standard deviation = 19.17,HIGH_VOLATILITY
2025-11-26,7.146569951686672e+18,WEBBER NATURALS高纯度深海鱼油omega3欧米伽3成人健身鱼油120粒D-默认-(DYWEB625273090086),2,19.112449196419444,Low,High sales volatility: 7-day rolling standard deviation = 19.11,HIGH_VOLATILITY
2025-11-26,7.146569951686672e+18,【达人专属】WEBBER NATURALS高纯度深海鱼油omega3欧米伽3成人健身鱼油120粒-默认-(DYWEB625273090086),7,19.49725255370246,Low,High sales volatility: 7-day rolling standard deviation = 19.5,HIGH_VOLATILITY
2025-11-27,7.146569951686672e+18,WEBBER NATURALS高纯度深海鱼油omega3欧米伽3成人健身鱼油120粒-默认-(DYWEB625273090086),49,19.16469969203051,Low,High sales volatility: 7-day rolling standard deviation = 19.16,HIGH_VOLATILITY
2025-11-27,7.146569951686672e+18,【达人专属】WEBBER NATURALS高纯度深海鱼油omega3欧米伽3成人健身鱼油120粒-默认-(DYWEB625273090086),6,20.119878821939356,Medium,High sales volatility: 7-day rolling standard deviation = 20.12,HIGH_VOLATILITY
2025-11-27,7.146569951686672e+18,WEBBER NATURALS高纯度深海鱼油omega3欧米伽3成人健身鱼油120粒D-默认-(DYWEB625273090086),1,18.02247274403609,Low,High sales volatility: 7-day rolling standard deviation = 18.02,HIGH_VOLATILITY
2025-11-28,7.146569951686672e+18,WEBBER NATURALS高纯度深海鱼油omega3欧米伽3成人健身鱼油120粒-默认-(DYWEB625273090086),18,18.243067828891164,Low,High sales volatility: 7-day rolling standard deviation = 18.24,HIGH_VOLATILITY
2025-11-28,7.146569951686672e+18,WEBBER NATURALS高纯度深海鱼油omega3欧米伽3成人健身鱼油120粒D-默认-(DYWEB625273090086),2,17.62573875520305,Low,High sales volatility: 7-day rolling standard deviation = 17.63,HIGH_VOLATILITY
2025-11-28,7.146569951686672e+18,【达人专属】WEBBER NATURALS高纯度深海鱼油omega3欧米伽3成人健身鱼油120粒-默认-(DYWEB625273090086),2,17.257158625032215,Low,High sales volatility: 7-day rolling standard deviation = 17.26,HIGH_VOLATILITY
2025-11-29,7.146569951686672e+18,WEBBER NATURALS高纯度深海鱼油omega3欧米伽3成人健身鱼油120粒-默认-(DYWEB625273090086),16,17.257158625032215,Low,High sales volatility: 7-day rolling standard deviation = 17.26,HIGH_VOLATILITY
2025-11-29,7.146569951686672e+18,【达人专属】WEBBER NATURALS高纯度深海鱼油omega3欧米伽3成人健身鱼油120粒-默认-(DYWEB625273090086),2,17.145039543622552,Low,High sales volatility: 7-day rolling standard deviation = 17.15,HIGH_VOLATILITY
2025-12-22,7.146569951686672e+18,	【达人专属】WEBBER NATURALS高纯度深海鱼油omega3欧米伽3成人健身鱼油120粒,8,10.064080399406311,Low,High sales volatility: 7-day rolling standard deviation = 10.06,HIGH_VOLATILITY
2025-12-22,7.146569951686672e+18,	WEBBER NATURALS高纯度深海鱼油omega3欧米伽3成人健身鱼油120粒,16,10.011897684160344,Low,High sales volatility: 7-day rolling standard deviation = 10.01,HIGH_VOLATILITY
2025-03-14,7.199138110997873e+18,Webber   Naturals伟博维生素C1000毫克150粒/瓶-默认-(DYWEB625273032727),1,10.893423092245461,Low,High sales volatility: 7-day rolling standard deviation = 10.89,HIGH_VOLATILITY
2025-03-15,7.199138110997873e+18,Webber   Naturals伟博维生素C1000毫克150粒/瓶（效期至25年9月）-默认-(DYWEB625273032727),46,11.006491591004698,Low,High sales volatility: 7-day rolling standard deviation = 11.01,HIGH_VOLATILITY
2025-03-15,7.199138110997873e+18,【二姐专属】Webber   Naturals伟博维生素C1000毫克150粒/瓶（效期至25年9月）-默认-(DYWEB625273032727),9,17.10471948239516,Low,High sales volatility: 7-day rolling standard deviation = 17.1,HIGH_VOLATILITY
2025-03-16,7.199138110997873e+18,【二姐专属】Webber   Naturals伟博维生素C1000毫克150粒/瓶（效期至25年9月）-默认-(DYWEB625273032727),2,16.388149028228558,Low,High sales volatility: 7-day rolling standard deviation = 16.39,HIGH_VOLATILITY
2025-03-16,7.199138110997873e+18,Webber   Naturals伟博维生素C1000毫克150粒/瓶（效期至25年9月）-默认-(DYWEB625273032727),35,16.869245050429157,Low,High sales volatility: 7-day rolling standard deviation = 16.87,HIGH_VOLATILITY
2025-03-17,7.199138110997873e+18,【二姐专属】Webber   Naturals伟博维生素C1000毫克150粒/瓶（效期至25年9月）-默认-(DYWEB625273032727),3,17.895197546774813,Low,High sales volatility: 7-day rolling standard deviation = 17.9,HIGH_VOLATILITY
2025-03-17,7.199138110997873e+18,Webber   Naturals伟博维生素C1000毫克150粒/瓶（效期至25年9月）-默认-(DYWEB625273032727),17,17.895197546774813,Low,High sales volatility: 7-day rolling standard deviation = 17.9,HIGH_VOLATILITY
2025-03-18,7.199138110997873e+18,Webber   Naturals伟博维生素C1000毫克150粒/瓶（效期至25年9月）-默认-(DYWEB625273032727),11,17.799143906646854,Low,High sales volatility: 7-day rolling standard deviation = 17.8,HIGH_VOLATILITY
2025-03-18,7.199138110997873e+18,【二姐专属】Webber   Naturals伟博维生素C1000毫克150粒/瓶（效期至25年9月）-默认-(DYWEB625273032727),5,16.75168790358296,Low,High sales volatility: 7-day rolling standard deviation = 16.75,HIGH_VOLATILITY
2025-03-19,7.199138110997873e+18,【二姐专属】Webber   Naturals伟博维生素C1000毫克150粒/瓶（效期至25年9月）-默认-(DYWEB625273032727),2,11.499482390007614,Low,High sales volatility: 7-day rolling standard deviation = 11.5,HIGH_VOLATILITY
2025-03-19,7.199138110997873e+18,Webber   Naturals伟博维生素C1000毫克150粒/瓶（效期至25年9月）-默认-(DYWEB625273032727),6,12.06529852806919,Low,High sales volatility: 7-day rolling standard deviation = 12.07,HIGH_VOLATILITY
2025-03-20,7.199138110997873e+18,【二姐专属】Webber   Naturals伟博维生素C1000毫克150粒/瓶（效期至25年9月）-默认-(DYWEB625273032727),1,11.67210757481678,Low,High sales volatility: 7-day rolling standard deviation = 11.67,HIGH_VOLATILITY
2025-03-26,7.199138110997873e+18,Webber   Naturals伟博维生素C1000毫克150粒/瓶（效期至25年9月）-默认-(DYWEB625273032727),78,10.38313651116674,Low,High sales volatility: 7-day rolling standard deviation = 10.38,HIGH_VOLATILITY
2025-03-26,7.199138110997873e+18,【二姐专属】Webber   Naturals伟博维生素C1000毫克150粒/瓶（效期至25年9月）-默认-(DYWEB625273032727),4,27.3095134304792,Medium,High sales volatility: 7-day rolling standard deviation = 27.31,HIGH_VOLATILITY
2025-03-27,7.199138110997873e+18,【二姐专属】Webber   Naturals伟博维生素C1000毫克150粒/瓶（效期至25年9月）-默认-(DYWEB625273032727),8,27.823422815010687,Medium,High sales volatility: 7-day rolling standard deviation = 27.82,HIGH_VOLATILITY
2025-03-27,7.199138110997873e+18,Webber   Naturals伟博维生素C1000毫克150粒/瓶（效期至25年9月）-默认-(DYWEB625273032727),15,27.18105082239323,Medium,High sales volatility: 7-day rolling standard deviation = 27.18,HIGH_VOLATILITY
2025-03-28,7.199138110997873e+18,【二姐专属】Webber   Naturals伟博维生素C1000毫克150粒/瓶（效期至25年9月）-默认-(DYWEB625273032727),23,26.785746031727218,Medium,High sales volatility: 7-day rolling standard deviation = 26.79,HIGH_VOLATILITY
2025-03-28,7.199138110997873e+18,Webber   Naturals伟博维生素C1000毫克150粒/瓶（效期至25年9月）-默认-(DYWEB625273032727),180,25.276565468923224,Medium,High sales volatility: 7-day rolling standard deviation = 25.28,HIGH_VOLATILITY
2025-03-29,7.199138110997873e+18,Webber   Naturals伟博维生素C1000毫克150粒/瓶（效期至25年9月）-默认-(DYWEB625273032727),2,63.11025876911583,High,High sales volatility: 7-day rolling standard deviation = 63.11,HIGH_VOLATILITY
2025-03-30,7.199138110997873e+18,Webber   Naturals伟博维生素C1000毫克150粒/瓶（效期至25年9月）-默认-(DYWEB625273032727),2,65.31134226588387,High,High sales volatility: 7-day rolling standard deviation = 65.31,HIGH_VOLATILITY
2025-04-01,7.199138110997873e+18,Webber   Naturals伟博维生素C1000毫克150粒/瓶（效期至25年9月）-默认-(DYWEB625273032727),2,65.08931592526571,High,High sales volatility: 7-day rolling standard deviation = 65.09,HIGH_VOLATILITY
2025-04-02,7.199138110997873e+18,Webber   Naturals伟博维生素C1000毫克150粒/瓶（效期至25年9月）-默认-(DYWEB625273032727),1,65.24422981237133,High,High sales volatility: 7-day rolling standard deviation = 65.24,HIGH_VOLATILITY
2025-04-10,7.199138110997873e+18,Webber   Naturals伟博维生素C1000毫克150粒/瓶（效期至25年9月）-默认-(DYWEB625273032727),1,65.74554122125842,High,High sales volatility: 7-day rolling standard deviation = 65.75,HIGH_VOLATILITY
2025-03-28,7.22322261258199e+18,【效期至25年7月】伟博天然高浓度奶蓟草熬夜养肝胶囊250mg护肝片-默认-(DYWEB625273090178),10,10.899978156378287,Low,High sales volatility: 7-day rolling standard deviation = 10.9,HIGH_VOLATILITY
2025-02-22,7.329414437553848e+18,【春蚕专属】Webber Naturals伟博天然高纯度1390mg深海精粹鱼油软胶囊60粒/瓶-默认-(DYWEB625273090420),3,18.083141320025124,Low,High sales volatility: 7-day rolling standard deviation = 18.08,HIGH_VOLATILITY
2025-02-22,7.329414437553848e+18,Webber Naturals伟博天然高纯度1390mg深海精粹鱼油软胶囊60粒/瓶-默认-(DYWEB625273090420),3,17.969550965585142,Low,High sales volatility: 7-day rolling standard deviation = 17.97,HIGH_VOLATILITY
2025-02-22,7.329414437553848e+18,【楚门OI专属】Webber Naturals伟博天然高纯度1390mg深海精粹鱼油软胶囊60粒/瓶-默认-(DYWEB625273090420),2,17.849903294389232,Low,High sales volatility: 7-day rolling standard deviation = 17.85,HIGH_VOLATILITY
2025-02-23,7.329414437553848e+18,Webber Naturals伟博天然高纯度1390mg深海精粹鱼油软胶囊60粒/瓶-默认-(DYWEB625273090420),5,17.783084525416147,Low,High sales volatility: 7-day rolling standard deviation = 17.78,HIGH_VOLATILITY
2025-02-24,7.329414437553848e+18,【春蚕专属】Webber Naturals伟博天然高纯度1390mg深海精粹鱼油软胶囊60粒/瓶-默认-(DYWEB625273090420),1,17.556710831989438,Low,High sales volatility: 7-day rolling standard deviation = 17.56,HIGH_VOLATILITY
2025-02-24,7.329414437553848e+18,Webber Naturals伟博天然高纯度1390mg深海精粹鱼油软胶囊60粒/瓶-默认-(DYWEB625273090420),1,17.629790804474222,Low,High sales volatility: 7-day rolling standard deviation = 17.63,HIGH_VOLATILITY
2025-02-24,7.329414437553848e+18,【官方直播】Webber伟博天然高纯度1390mg深海精粹鱼油软胶囊60粒-默认-(DYWEB625273090420),1,17.629790804474222,Low,High sales volatility: 7-day rolling standard deviation = 17.63,HIGH_VOLATILITY
2025-02-26,7.329414437553848e+18,Webber Naturals伟博天然高纯度1390mg深海精粹鱼油软胶囊60粒/瓶-默认-(DYWEB625273090420),6,11.4953406710222,Low,High sales volatility: 7-day rolling standard deviation = 11.5,HIGH_VOLATILITY
2025-02-26,7.329414437553848e+18,【春蚕专属】Webber Naturals伟博天然高纯度1390mg深海精粹鱼油软胶囊60粒/瓶-默认-(DYWEB625273090420),3,11.353623294119014,Low,High sales volatility: 7-day rolling standard deviation = 11.35,HIGH_VOLATILITY
2025-02-27,7.329414437553848e+18,Webber Naturals伟博天然高纯度1390mg深海精粹鱼油软胶囊60粒/瓶-默认-(DYWEB625273090420),2,11.4288690437439,Low,High sales volatility: 7-day rolling standard deviation = 11.43,HIGH_VOLATILITY
2025-02-27,7.329414437553848e+18,【楚门OI专属】Webber Naturals伟博天然高纯度1390mg深海精粹鱼油软胶囊60粒/瓶-默认-(DYWEB625273090420),2,11.355720186425032,Low,High sales volatility: 7-day rolling standard deviation = 11.36,HIGH_VOLATILITY
2025-02-28,7.329414437553848e+18,Webber Naturals伟博天然高纯度1390mg深海精粹鱼油软胶囊60粒/瓶-默认-(DYWEB625273090420),3,11.279986491042232,Low,High sales volatility: 7-day rolling standard deviation = 11.28,HIGH_VOLATILITY
2025-02-28,7.329414437553848e+18,【春蚕专属】Webber Naturals伟博天然高纯度1390mg深海精粹鱼油软胶囊60粒/瓶-默认-(DYWEB625273090420),3,11.135528725660043,Low,High sales volatility: 7-day rolling standard deviation = 11.14,HIGH_VOLATILITY
2025-03-01,7.329414437553848e+18,Webber Naturals伟博天然高纯度1390mg深海精粹鱼油软胶囊60粒/瓶-默认-(DYWEB625273090420),1,10.980502200328935,Low,High sales volatility: 7-day rolling standard deviation = 10.98,HIGH_VOLATILITY
2025-03-11,7.329414437553848e+18,【春蚕专属】Webber Naturals伟博天然高纯度1390mg深海精粹鱼油软胶囊60粒/瓶-默认-(DYWEB625273090420),1,27.171413549642836,Medium,High sales volatility: 7-day rolling standard deviation = 27.17,HIGH_VOLATILITY
2025-03-11,7.329414437553848e+18,【楚门OI专属】Webber Naturals伟博天然高纯度1390mg深海精粹鱼油软胶囊60粒/瓶-默认-(DYWEB625273090420),1,27.297304942848427,Medium,High sales volatility: 7-day rolling standard deviation = 27.3,HIGH_VOLATILITY
2025-03-12,7.329414437553848e+18,Webber Naturals伟博天然高纯度1390mg深海精粹鱼油软胶囊60粒/瓶-默认-(DYWEB625273090420),3,27.297304942848427,Medium,High sales volatility: 7-day rolling standard deviation = 27.3,HIGH_VOLATILITY
2025-03-12,7.329414437553848e+18,【春蚕专属】Webber Naturals伟博天然高纯度1390mg深海精粹鱼油软胶囊60粒/瓶-默认-(DYWEB625273090420),1,27.171413549642836,Medium,High sales volatility: 7-day rolling standard deviation = 27.17,HIGH_VOLATILITY
2025-03-13,7.329414437553848e+18,Webber Naturals伟博天然高纯度1390mg深海精粹鱼油软胶囊60粒/瓶-默认-(DYWEB625273090420),7,27.237928737419846,Medium,High sales volatility: 7-day rolling standard deviation = 27.24,HIGH_VOLATILITY
2025-03-14,7.329414437553848e+18,Webber Naturals伟博天然高纯度1390mg深海精粹鱼油软胶囊60粒/瓶-默认-(DYWEB625273090420),6,26.987651497181695,Medium,High sales volatility: 7-day rolling standard deviation = 26.99,HIGH_VOLATILITY
2025-03-15,7.329414437553848e+18,Webber Naturals伟博天然高纯度1390mg深海精粹鱼油软胶囊60粒/瓶-默认-(DYWEB625273090420),6,26.886888289736355,Medium,High sales volatility: 7-day rolling standard deviation = 26.89,HIGH_VOLATILITY
2025-03-22,7.329414437553848e+18,Webber Naturals伟博天然高纯度1390mg深海精粹鱼油软胶囊60粒/瓶-默认-(DYWEB625273090420),4,16.297823401271952,Low,High sales volatility: 7-day rolling standard deviation = 16.3,HIGH_VOLATILITY
2025-03-23,7.329414437553848e+18,Webber Naturals伟博天然高纯度1390mg深海精粹鱼油软胶囊60粒/瓶-默认-(DYWEB625273090420),24,16.041612554021285,Low,High sales volatility: 7-day rolling standard deviation = 16.04,HIGH_VOLATILITY
2025-03-24,7.329414437553848e+18,Webber Naturals伟博天然高纯度1390mg深海精粹鱼油软胶囊60粒/瓶-默认-(DYWEB625273090420),20,16.480869140280426,Low,High sales volatility: 7-day rolling standard deviation = 16.48,HIGH_VOLATILITY
2025-03-26,7.329414437553848e+18,【春蚕专属】Webber Naturals伟博天然高纯度1390mg深海精粹鱼油软胶囊60粒/瓶-默认-(DYWEB625273090420),1,16.007438746973083,Low,High sales volatility: 7-day rolling standard deviation = 16.01,HIGH_VOLATILITY
2025-03-26,7.329414437553848e+18,Webber Naturals伟博天然高纯度1390mg深海精粹鱼油软胶囊60粒/瓶-默认-(DYWEB625273090420),2,16.541434267289148,Low,High sales volatility: 7-day rolling standard deviation = 16.54,HIGH_VOLATILITY
2025-03-27,7.329414437553848e+18,Webber Naturals伟博天然高纯度1390mg深海精粹鱼油软胶囊60粒/瓶-默认-(DYWEB625273090420),3,16.418630532764556,Low,High sales volatility: 7-day rolling standard deviation = 16.42,HIGH_VOLATILITY
2025-03-27,7.329414437553848e+18,【春蚕专属】Webber Naturals伟博天然高纯度1390mg深海精粹鱼油软胶囊60粒/瓶-默认-(DYWEB625273090420),1,16.176114078067904,Low,High sales volatility: 7-day rolling standard deviation = 16.18,HIGH_VOLATILITY
2025-03-29,7.329414437553848e+18,【春蚕专属】Webber Naturals伟博天然高纯度1390mg深海精粹鱼油软胶囊60粒/瓶-默认-(DYWEB625273090420),2,12.23967008581211,Low,High sales volatility: 7-day rolling standard deviation = 12.24,HIGH_VOLATILITY
2025-03-31,7.329414437553848e+18,【春蚕专属】Webber Naturals伟博天然高纯度1390mg深海精粹鱼油软胶囊60粒/瓶-默认-(DYWEB625273090420),1,11.368293418015531,Low,High sales volatility: 7-day rolling standard deviation = 11.37,HIGH_VOLATILITY
2025-04-01,7.329414437553848e+18,Webber Naturals伟博天然高纯度1390mg深海精粹鱼油软胶囊60粒/瓶-默认-(DYWEB625273090420),1,11.368293418015531,Low,High sales volatility: 7-day rolling standard deviation = 11.37,HIGH_VOLATILITY
2025-04-01,7.329414437553848e+18,【春蚕专属】Webber Naturals伟博天然高纯度1390mg深海精粹鱼油软胶囊60粒/瓶-默认-(DYWEB625273090420),1,11.437199124327766,Low,High sales volatility: 7-day rolling standard deviation = 11.44,HIGH_VOLATILITY
2025-04-02,7.329414437553848e+18,Webber Naturals伟博天然高纯度1390mg深海精粹鱼油软胶囊60粒/瓶-默认-(DYWEB625273090420),4,11.553189623484524,Low,High sales volatility: 7-day rolling standard deviation = 11.55,HIGH_VOLATILITY
2025-04-03,7.329414437553848e+18,【春蚕专属】Webber Naturals伟博天然高纯度1390mg深海精粹鱼油软胶囊60粒/瓶-默认-(DYWEB625273090420),1,11.397577019031804,Low,High sales volatility: 7-day rolling standard deviation = 11.4,HIGH_VOLATILITY
2025-04-03,7.329414437553848e+18,Webber Naturals伟博天然高纯度1390mg深海精粹鱼油软胶囊60粒/瓶-默认-(DYWEB625273090420),14,11.51810169544733,Low,High sales volatility: 7-day rolling standard deviation = 11.52,HIGH_VOLATILITY
2025-08-21,7.329414437553848e+18,WEBBER NATURALS高纯度深海鱼油omega-3欧米伽3成人健身鱼油60粒-默认-(DYWEB625273090420),17,10.309496315810694,Low,High sales volatility: 7-day rolling standard deviation = 10.31,HIGH_VOLATILITY
2025-08-25,7.329414437553848e+18,WEBBER NATURALS高纯度深海鱼油omega-3欧米伽3成人健身鱼油60粒-默认-(DYWEB625273090420),2,10.237652260627131,Low,High sales volatility: 7-day rolling standard deviation = 10.24,HIGH_VOLATILITY
2025-08-28,7.329414437553848e+18,Webber Naturals伟博天然高纯度1390mg深海精粹鱼油软胶囊60粒/瓶-默认-(DYWEB625273090420),1,10.371664696249516,Low,High sales volatility: 7-day rolling standard deviation = 10.37,HIGH_VOLATILITY
2025-08-30,7.329414437553848e+18,WEBBER NATURALS高纯度深海鱼油omega-3欧米伽3成人健身鱼油60粒-默认-(DYWEB625273090420),1,10.517559014288802,Low,High sales volatility: 7-day rolling standard deviation = 10.52,HIGH_VOLATILITY
2025-02-26,7.427011616899939e+18,Webber伟博 Osteo氨糖软骨素MSM添加乳香姜黄素高端关节修护30粒-默认-(625273090321),12,10.04039460427347,Low,High sales volatility: 7-day rolling standard deviation = 10.04,HIGH_VOLATILITY
2025-03-09,7.427011616899939e+18,Webber伟博 Osteo氨糖软骨素MSM添加乳香姜黄素高端关节修护30粒-默认-(625273090321),62,15.50268793897798,Low,High sales volatility: 7-day rolling standard deviation = 15.5,HIGH_VOLATILITY
2025-03-10,7.427011616899939e+18,Webber伟博 Osteo氨糖软骨素MSM添加乳香姜黄素高端关节修护30粒-默认-(625273090321),42,17.944358444926362,Low,High sales volatility: 7-day rolling standard deviation = 17.94,HIGH_VOLATILITY
2025-03-11,7.427011616899939e+18,Webber伟博 Osteo氨糖软骨素MSM添加乳香姜黄素高端关节修护30粒-默认-(625273090321),42,17.004201161561724,Low,High sales volatility: 7-day rolling standard deviation = 17.0,HIGH_VOLATILITY
2025-03-12,7.427011616899939e+18,Webber伟博 Osteo氨糖软骨素MSM添加乳香姜黄素高端关节修护30粒-默认-(625273090321),31,16.531355488456303,Low,High sales volatility: 7-day rolling standard deviation = 16.53,HIGH_VOLATILITY
2025-03-13,7.427011616899939e+18,Webber伟博 Osteo氨糖软骨素MSM添加乳香姜黄素高端关节修护30粒-默认-(625273090321),40,14.587992453025324,Low,High sales volatility: 7-day rolling standard deviation = 14.59,HIGH_VOLATILITY
2025-03-14,7.427011616899939e+18,Webber伟博 Osteo氨糖软骨素MSM添加乳香姜黄素高端关节修护30粒-默认-(625273090321),20,13.52070722297927,Low,High sales volatility: 7-day rolling standard deviation = 13.52,HIGH_VOLATILITY
2025-03-15,7.427011616899939e+18,Webber伟博 Osteo氨糖软骨素MSM添加乳香姜黄素高端关节修护30粒-默认-(625273090321),20,16.671903939034106,Low,High sales volatility: 7-day rolling standard deviation = 16.67,HIGH_VOLATILITY
2025-03-16,7.427011616899939e+18,Webber伟博 Osteo氨糖软骨素MSM添加乳香姜黄素高端关节修护30粒-默认-(625273090321),16,14.705036390233628,Low,High sales volatility: 7-day rolling standard deviation = 14.71,HIGH_VOLATILITY
2025-03-17,7.427011616899939e+18,Webber伟博 Osteo氨糖软骨素MSM添加乳香姜黄素高端关节修护30粒-默认-(625273090321),37,11.437199124327766,Low,High sales volatility: 7-day rolling standard deviation = 11.44,HIGH_VOLATILITY
2025-03-18,7.427011616899939e+18,Webber伟博 Osteo氨糖软骨素MSM添加乳香姜黄素高端关节修护30粒-默认-(625273090321),28,10.70602856427385,Low,High sales volatility: 7-day rolling standard deviation = 10.71,HIGH_VOLATILITY
2025-03-22,7.427011616899939e+18,Webber伟博 Osteo氨糖软骨素MSM添加乳香姜黄素高端关节修护30粒-默认-(625273090321),7,15.660079668957474,Low,High sales volatility: 7-day rolling standard deviation = 15.66,HIGH_VOLATILITY
2025-03-23,7.427011616899939e+18,Webber伟博 Osteo氨糖软骨素MSM添加乳香姜黄素高端关节修护30粒-默认-(625273090321),28,17.276463482906173,Low,High sales volatility: 7-day rolling standard deviation = 17.28,HIGH_VOLATILITY
2025-03-24,7.427011616899939e+18,Webber伟博 Osteo氨糖软骨素MSM添加乳香姜黄素高端关节修护30粒-默认-(625273090321),24,16.84099307104684,Low,High sales volatility: 7-day rolling standard deviation = 16.84,HIGH_VOLATILITY
2025-03-25,7.427011616899939e+18,Webber伟博 Osteo氨糖软骨素MSM添加乳香姜黄素高端关节修护30粒-默认-(625273090321),9,16.20405592965627,Low,High sales volatility: 7-day rolling standard deviation = 16.2,HIGH_VOLATILITY
2025-03-26,7.427011616899939e+18,Webber伟博 Osteo氨糖软骨素MSM添加乳香姜黄素高端关节修护30粒-默认-(625273090321),6,17.126976771553505,Low,High sales volatility: 7-day rolling standard deviation = 17.13,HIGH_VOLATILITY
2025-03-27,7.427011616899939e+18,Webber伟博 Osteo氨糖软骨素MSM添加乳香姜黄素高端关节修护30粒-默认-(625273090321),6,18.179004111232015,Low,High sales volatility: 7-day rolling standard deviation = 18.18,HIGH_VOLATILITY
2025-03-28,7.427011616899939e+18,Webber伟博 Osteo氨糖软骨素MSM添加乳香姜黄素高端关节修护30粒-默认-(625273090321),13,18.50997157261587,Low,High sales volatility: 7-day rolling standard deviation = 18.51,HIGH_VOLATILITY
2025-03-30,7.427011616899939e+18,Webber伟博 Osteo氨糖软骨素MSM添加乳香姜黄素高端关节修护30粒-默认-(625273090321),3,11.657819774930555,Low,High sales volatility: 7-day rolling standard deviation = 11.66,HIGH_VOLATILITY
2025-03-31,7.427011616899939e+18,Webber伟博 Osteo氨糖软骨素MSM添加乳香姜黄素高端关节修护30粒-默认-(625273090321),7,11.657819774930555,Low,High sales volatility: 7-day rolling standard deviation = 11.66,HIGH_VOLATILITY
2025-04-01,7.427011616899939e+18,Webber伟博 Osteo氨糖软骨素MSM添加乳香姜黄素高端关节修护30粒-默认-(625273090321),7,10.904346009952267,Low,High sales volatility: 7-day rolling standard deviation = 10.9,HIGH_VOLATILITY
2025-04-02,7.427011616899939e+18,Webber伟博 Osteo氨糖软骨素MSM添加乳香姜黄素高端关节修护30粒-默认-(625273090321),9,11.0,Low,High sales volatility: 7-day rolling standard deviation = 11.0,HIGH_VOLATILITY
2025-04-03,7.427011616899939e+18,Webber伟博 Osteo氨糖软骨素MSM添加乳香姜黄素高端关节修护30粒-默认-(625273090321),17,10.829852920779409,Low,High sales volatility: 7-day rolling standard deviation = 10.83,HIGH_VOLATILITY
2025-04-04,7.427011616899939e+18,Webber伟博 Osteo氨糖软骨素MSM添加乳香姜黄素高端关节修护30粒-默认-(625273090321),8,10.708252269472673,Low,High sales volatility: 7-day rolling standard deviation = 10.71,HIGH_VOLATILITY
2025-04-06,7.427011616899939e+18,Webber伟博 Osteo氨糖软骨素MSM添加乳香姜黄素高端关节修护30粒-默认-(625273090321),2,10.873734190152675,Low,High sales volatility: 7-day rolling standard deviation = 10.87,HIGH_VOLATILITY
2025-09-28,7.448836024085742e+18,Webber Naturals伟博天然阳光小金盾小颗粒深海儿童鱼油+D3 60粒-默认-(DYWEB625273071634),2,14.302846869467231,Low,High sales volatility: 7-day rolling standard deviation = 14.3,HIGH_VOLATILITY
2025-09-29,7.448836024085742e+18,Webber Naturals伟博天然阳光小金盾小颗粒深海儿童鱼油+D3 60粒-默认-(DYWEB625273071634),7,14.415600015591576,Low,High sales volatility: 7-day rolling standard deviation = 14.42,HIGH_VOLATILITY
2025-09-30,7.448836024085742e+18,Webber Naturals伟博天然阳光小金盾小颗粒深海儿童鱼油+D3 60粒-默认-(DYWEB625273071634),18,14.067862734074494,Low,High sales volatility: 7-day rolling standard deviation = 14.07,HIGH_VOLATILITY
2025-10-01,7.448836024085742e+18,Webber Naturals伟博天然阳光小金盾小颗粒深海儿童鱼油+D3 60粒-默认-(DYWEB625273071634),1,13.914706163589932,Low,High sales volatility: 7-day rolling standard deviation = 13.91,HIGH_VOLATILITY
2025-10-02,7.448836024085742e+18,Webber Naturals伟博天然阳光小金盾小颗粒深海儿童鱼油+D3 60粒-默认-(DYWEB625273071634),6,14.15896149003134,Low,High sales volatility: 7-day rolling standard deviation = 14.16,HIGH_VOLATILITY
2025-10-03,7.448836024085742e+18,Webber Naturals伟博天然阳光小金盾小颗粒深海儿童鱼油+D3 60粒-默认-(DYWEB625273071634),8,14.20931954404439,Low,High sales volatility: 7-day rolling standard deviation = 14.21,HIGH_VOLATILITY
2025-10-05,7.448836024085742e+18,Webber Naturals伟博天然阳光小金盾小颗粒深海儿童鱼油+D3 60粒-默认-(DYWEB625273071634),1,13.646907900256938,Low,High sales volatility: 7-day rolling standard deviation = 13.65,HIGH_VOLATILITY
2025-09-10,7.481121574674874e+18,伟博天然辅酶Q10胶囊100mg 成人心脏活力60粒 效期至26年5月30日-默认-(DYWEB628347570705),10,12.361614935336071,Low,High sales volatility: 7-day rolling standard deviation = 12.36,HIGH_VOLATILITY
2025-09-10,7.481121574674874e+18,伟博天然进口辅酶Q10胶囊100mg 成人心脏活力60粒（效期至26年6月）-默认-(DYWEB628347570705),34,11.842216652219095,Low,High sales volatility: 7-day rolling standard deviation = 11.84,HIGH_VOLATILITY
2025-09-11,7.481121574674874e+18,伟博天然辅酶Q10胶囊100mg 成人心脏活力60粒 效期至26年5月30日-默认-(DYWEB628347570705),8,14.615712354142977,Low,High sales volatility: 7-day rolling standard deviation = 14.62,HIGH_VOLATILITY
2025-09-12,7.481121574674874e+18,伟博天然进口辅酶Q10胶囊100mg 成人心脏活力60粒（效期至26年6月）-默认-(DYWEB628347570705),1,13.914706163589932,Low,High sales volatility: 7-day rolling standard deviation = 13.91,HIGH_VOLATILITY
2025-09-12,7.481121574674874e+18,伟博天然辅酶Q10胶囊100mg 成人心脏活力60粒 效期至26年5月30日-默认-(DYWEB628347570705),9,14.683972474063264,Low,High sales volatility: 7-day rolling standard deviation = 14.68,HIGH_VOLATILITY
2025-09-13,7.481121574674874e+18,伟博天然辅酶Q10胶囊100mg 成人心脏活力60粒 效期至26年5月30日-默认-(DYWEB628347570705),64,14.683972474063264,Low,High sales volatility: 7-day rolling standard deviation = 14.68,HIGH_VOLATILITY
2025-09-14,7.481121574674874e+18,伟博天然辅酶Q10胶囊100mg 成人心脏活力60粒 效期至26年5月30日-默认-(DYWEB628347570705),31,22.62531241562781,Medium,High sales volatility: 7-day rolling standard deviation = 22.63,HIGH_VOLATILITY
2025-09-14,7.481121574674874e+18,伟博天然进口辅酶Q10胶囊100mg 成人心脏活力60粒（效期至26年6月）-默认-(DYWEB628347570705),1,22.12733711089176,Medium,High sales volatility: 7-day rolling standard deviation = 22.13,HIGH_VOLATILITY
2025-09-15,7.481121574674874e+18,伟博天然辅酶Q10胶囊100mg 成人心脏活力60粒 效期至26年5月30日-默认-(DYWEB628347570705),7,23.20508975367668,Medium,High sales volatility: 7-day rolling standard deviation = 23.21,HIGH_VOLATILITY
2025-09-16,7.481121574674874e+18,伟博天然辅酶Q10胶囊100mg 成人心脏活力60粒 效期至26年5月30日-默认-(DYWEB628347570705),11,22.954406154478534,Medium,High sales volatility: 7-day rolling standard deviation = 22.95,HIGH_VOLATILITY
2025-09-17,7.481121574674874e+18,伟博天然辅酶Q10胶囊100mg 成人心脏活力60粒 效期至26年5月30日-默认-(DYWEB628347570705),4,22.77948115969198,Medium,High sales volatility: 7-day rolling standard deviation = 22.78,HIGH_VOLATILITY
2025-09-18,7.481121574674874e+18,伟博天然辅酶Q10胶囊100mg 成人心脏活力60粒 效期至26年5月30日-默认-(DYWEB628347570705),4,22.438275122571042,Medium,High sales volatility: 7-day rolling standard deviation = 22.44,HIGH_VOLATILITY
2025-09-19,7.481121574674874e+18,伟博天然辅酶Q10胶囊100mg 成人心脏活力60粒 效期至26年5月30日-默认-(DYWEB628347570705),13,22.853571149509968,Medium,High sales volatility: 7-day rolling standard deviation = 22.85,HIGH_VOLATILITY
2025-09-20,7.481121574674874e+18,伟博天然辅酶Q10胶囊100mg 成人心脏活力60粒 效期至26年5月30日-默认-(DYWEB628347570705),2,10.10657494618514,Low,High sales volatility: 7-day rolling standard deviation = 10.11,HIGH_VOLATILITY
2025-10-26,7.481121574674874e+18,伟博天然辅酶Q10胶囊100mg 成人心脏活力60粒 效期至26年5月30日-默认-(DYWEB628347570705),62,16.38524307040303,Low,High sales volatility: 7-day rolling standard deviation = 16.39,HIGH_VOLATILITY
2025-10-27,7.481121574674874e+18,伟博天然辅酶Q10胶囊100mg 成人心脏活力60粒 效期至26年5月30日-默认-(DYWEB628347570705),40,18.75658614485919,Low,High sales volatility: 7-day rolling standard deviation = 18.76,HIGH_VOLATILITY
2025-10-28,7.481121574674874e+18,伟博天然辅酶Q10胶囊100mg 成人心脏活力60粒 效期至26年5月30日-默认-(DYWEB628347570705),40,18.580583823930162,Low,High sales volatility: 7-day rolling standard deviation = 18.58,HIGH_VOLATILITY
2025-10-29,7.481121574674874e+18,伟博天然辅酶Q10胶囊100mg 成人心脏活力60粒 效期至26年5月30日-默认-(DYWEB628347570705),45,18.101565309847285,Low,High sales volatility: 7-day rolling standard deviation = 18.1,HIGH_VOLATILITY
2025-10-30,7.481121574674874e+18,伟博天然辅酶Q10胶囊100mg 成人心脏活力60粒 效期至26年5月30日-默认-(DYWEB628347570705),52,17.01819754319028,Low,High sales volatility: 7-day rolling standard deviation = 17.02,HIGH_VOLATILITY
2025-10-31,7.481121574674874e+18,伟博天然辅酶Q10胶囊100mg 成人心脏活力60粒 效期至26年5月30日-默认-(DYWEB628347570705),47,12.863754913562,Low,High sales volatility: 7-day rolling standard deviation = 12.86,HIGH_VOLATILITY
2025-11-01,7.481121574674874e+18,伟博天然辅酶Q10胶囊100mg 成人心脏活力60粒 效期至26年5月30日-默认-(DYWEB628347570705),50,11.378760498234879,Low,High sales volatility: 7-day rolling standard deviation = 11.38,HIGH_VOLATILITY
2025-11-04,7.481121574674874e+18,伟博天然辅酶Q10胶囊100mg 成人心脏活力60粒 效期至26年5月30日-默认-(DYWEB628347570705),57,14.135399669253212,Low,High sales volatility: 7-day rolling standard deviation = 14.14,HIGH_VOLATILITY
2025-11-05,7.481121574674874e+18,伟博天然辅酶Q10胶囊100mg 成人心脏活力60粒 效期至26年5月30日-默认-(DYWEB628347570705),7,13.125765283811617,Low,High sales volatility: 7-day rolling standard deviation = 13.13,HIGH_VOLATILITY
2025-11-06,7.481121574674874e+18,伟博天然辅酶Q10胶囊100mg 成人心脏活力60粒 效期至26年5月30日-默认-(DYWEB628347570705),15,22.3564201921847,Medium,High sales volatility: 7-day rolling standard deviation = 22.36,HIGH_VOLATILITY
2025-11-07,7.481121574674874e+18,伟博天然辅酶Q10胶囊100mg 成人心脏活力60粒 效期至26年5月30日-默认-(DYWEB628347570705),4,25.693245360266523,Medium,High sales volatility: 7-day rolling standard deviation = 25.69,HIGH_VOLATILITY
2025-11-08,7.481121574674874e+18,伟博天然辅酶Q10胶囊100mg 成人心脏活力60粒 效期至26年5月30日-默认-(DYWEB628347570705),12,29.651949265404042,Medium,High sales volatility: 7-day rolling standard deviation = 29.65,HIGH_VOLATILITY
2025-11-09,7.481121574674874e+18,伟博天然辅酶Q10胶囊100mg 成人心脏活力60粒 效期至26年5月30日-默认-(DYWEB628347570705),4,30.49433983388986,High,High sales volatility: 7-day rolling standard deviation = 30.49,HIGH_VOLATILITY
2025-11-10,7.481121574674874e+18,伟博天然辅酶Q10胶囊100mg 成人心脏活力60粒 效期至26年5月30日-默认-(DYWEB628347570705),7,31.240998703626616,High,High sales volatility: 7-day rolling standard deviation = 31.24,HIGH_VOLATILITY
2025-11-11,7.481121574674874e+18,伟博天然辅酶Q10胶囊100mg 成人心脏活力60粒 效期至26年5月30日-默认-(DYWEB628347570705),7,18.89822365046136,Low,High sales volatility: 7-day rolling standard deviation = 18.9,HIGH_VOLATILITY
2025-11-06,7.503765776017555e+18,WEBBER NATURALS茶氨酸加纳籽褪黑素香蜂草草本5重配方安睡宝10粒-默认-(DYWEB990312500179),33,10.334869317486497,Low,High sales volatility: 7-day rolling standard deviation = 10.33,HIGH_VOLATILITY
2025-11-07,7.503765776017555e+18,WEBBER NATURALS茶氨酸加纳籽褪黑素香蜂草草本5重配方安睡宝10粒-默认-(DYWEB990312500179),41,10.6256652452805,Low,High sales volatility: 7-day rolling standard deviation = 10.63,HIGH_VOLATILITY
2025-11-08,7.503765776017555e+18,WEBBER NATURALS茶氨酸加纳籽褪黑素香蜂草草本5重配方安睡宝10粒-默认-(DYWEB990312500179),36,13.098527725337247,Low,High sales volatility: 7-day rolling standard deviation = 13.1,HIGH_VOLATILITY
2025-11-09,7.503765776017555e+18,WEBBER NATURALS茶氨酸加纳籽褪黑素香蜂草草本5重配方安睡宝10粒-默认-(DYWEB990312500179),35,12.340409810282408,Low,High sales volatility: 7-day rolling standard deviation = 12.34,HIGH_VOLATILITY
2025-11-10,7.503765776017555e+18,WEBBER NATURALS茶氨酸加纳籽褪黑素香蜂草草本5重配方安睡宝10粒-默认-(DYWEB990312500179),27,10.77695955002417,Low,High sales volatility: 7-day rolling standard deviation = 10.78,HIGH_VOLATILITY
2026-01-14,7.503765776017555e+18,	WEBBER NATURALS茶氨酸加纳籽褪黑素香蜂草草本5重配方安睡宝10粒,1,10.967484410096706,Low,High sales volatility: 7-day rolling standard deviation = 10.97,HIGH_VOLATILITY
2025-03-13,,【官方直播】加拿大伟博Webber深海鱼油1390mg高纯度120粒/瓶-精粹鱼油1瓶装,1,17.799143906646854,Low,High sales volatility: 7-day rolling standard deviation = 17.8,HIGH_VOLATILITY
2025-03-14,,伟博天然进口KSM66南非醉茄印度人参精华7200mg*120粒降低皮质醇z-伟博南非醉茄7200mg*1瓶,1,17.876560870912183,Low,High sales volatility: 7-day rolling standard deviation = 17.88,HIGH_VOLATILITY
2025-03-14,,Webber naturals伟博深海鱼油900mg高纯度Omega3/DHA/EPA 200粒z-伟博油900mg深海鱼油200粒*1,1,17.876560870912183,Low,High sales volatility: 7-day rolling standard deviation = 17.88,HIGH_VOLATILITY
2025-03-14,,Webber Naturals伟博天然进口小分子胶原蛋白多肽粉150g z-胶原蛋白多肽粉150g*1,4,17.876560870912183,Low,High sales volatility: 7-day rolling standard deviation = 17.88,HIGH_VOLATILITY
2025-03-14,,Webber Naturals辅酶Q10天然发酵免疫软胶囊60粒/瓶100mg营养 z-1瓶装,1,17.66756511641763,Low,High sales volatility: 7-day rolling standard deviation = 17.67,HIGH_VOLATILITY
2025-03-14,,【官方直播】WebberNaturals伟博深海鱼油1390mg高纯度Omega3 120粒-1瓶装,18,17.74823934929885,Low,High sales volatility: 7-day rolling standard deviation = 17.75,HIGH_VOLATILITY
2025-03-14,,【官方直播】WebberNaturals伟博深海鱼油1390mg高纯度Omega3 120粒-3瓶装,1,17.98809129872952,Low,High sales volatility: 7-day rolling standard deviation = 17.99,HIGH_VOLATILITY
2025-03-17,,Webber naturals伟博深海鱼油900mg高纯度Omega3/DHA/EPA 200粒z-伟博油900mg深海鱼油200粒*2,1,13.622460444847274,Low,High sales volatility: 7-day rolling standard deviation = 13.62,HIGH_VOLATILITY
2025-03-17,,Webber naturals伟博深海鱼油900mg高纯度Omega3/DHA/EPA 200粒z-伟博油900mg深海鱼油200粒*1,2,13.622460444847274,Low,High sales volatility: 7-day rolling standard deviation = 13.62,HIGH_VOLATILITY
2025-03-17,,【官方直播】WebberNaturals伟博深海鱼油1390mg高纯度Omega3 120粒-5瓶装,3,13.80476108346061,Low,High sales volatility: 7-day rolling standard deviation = 13.8,HIGH_VOLATILITY
2025-03-17,,【官方直播】WebberNaturals伟博深海鱼油1390mg高纯度Omega3 120粒-3瓶装,6,13.648652471424214,Low,High sales volatility: 7-day rolling standard deviation = 13.65,HIGH_VOLATILITY
2025-03-17,,【鱼油+卵磷脂组合装】1100mg鱼油120粒+大豆卵磷脂胶囊1200mg180粒-1100mg鱼油120粒/瓶+大豆卵磷脂胶囊1200mg180粒/瓶,1,13.313079855469027,Low,High sales volatility: 7-day rolling standard deviation = 13.31,HIGH_VOLATILITY
2025-03-17,,【官方直播】WebberNaturals伟博深海鱼油1390mg高纯度Omega3 120粒-1瓶装,13,13.409307357560412,Low,High sales volatility: 7-day rolling standard deviation = 13.41,HIGH_VOLATILITY
2025-03-17,,【官方直播】加拿大伟博儿童鱼油高脑力DHA无腥可嚼软胶囊120粒/瓶-2瓶装,1,13.409307357560412,Low,High sales volatility: 7-day rolling standard deviation = 13.41,HIGH_VOLATILITY
2025-03-27,,WebberNaturals伟博进口叶黄素玉米黄素软胶囊呵护眼睛10mg60粒 z-伟博天然叶黄素玉米黄素软胶囊10mg*60粒*1,1,17.644640357154728,Low,High sales volatility: 7-day rolling standard deviation = 17.64,HIGH_VOLATILITY
2025-03-27,,Webber Naturals伟博天然进口小分子胶原蛋白多肽粉150g z-胶原蛋白多肽粉150g*3,2,17.644640357154728,Low,High sales volatility: 7-day rolling standard deviation = 17.64,HIGH_VOLATILITY
2025-03-27,,Webber Naturals伟博维生素C1000毫克150粒/瓶（效期至25年9月）-1瓶装,62,17.5824587911605,Low,High sales volatility: 7-day rolling standard deviation = 17.58,HIGH_VOLATILITY
2025-03-27,,Webber Naturals伟博维生素C1000毫克150粒/瓶（效期至25年9月）-3瓶装,29,26.371882573608403,Medium,High sales volatility: 7-day rolling standard deviation = 26.37,HIGH_VOLATILITY
2025-03-27,,【YY专属】Webber Naturals伟博维生素C1000毫克150粒/瓶（效期至25年9月）-1瓶装,9,25.680268504752643,Medium,High sales volatility: 7-day rolling standard deviation = 25.68,HIGH_VOLATILITY
2025-03-27,,【YY专属】Webber Naturals伟博维生素C1000毫克150粒/瓶（效期至25年9月）-3瓶装,2,24.949472749462874,Medium,High sales volatility: 7-day rolling standard deviation = 24.95,HIGH_VOLATILITY
2025-03-27,,伟博天然进口辅酶Q10胶囊100mg 成人心脏活力60粒（效期至26年6月）-1瓶装,1,24.949472749462874,Medium,High sales volatility: 7-day rolling standard deviation = 24.95,HIGH_VOLATILITY
2025-03-27,,伟博Osteo氨糖软骨素MSM 高端关节修护30粒（效期至25年7月）-3瓶,4,22.988610016183895,Medium,High sales volatility: 7-day rolling standard deviation = 22.99,HIGH_VOLATILITY
2025-03-27,,伟博Osteo氨糖软骨素MSM 高端关节修护30粒（效期至25年7月）-1瓶装,1,22.70724658823803,Medium,High sales volatility: 7-day rolling standard deviation = 22.71,HIGH_VOLATILITY
2025-03-27,,【官方直播】加拿大伟博深海鱼油1390mg高纯度Omega3-两瓶装组合,1,22.809772341821265,Medium,High sales volatility: 7-day rolling standard deviation = 22.81,HIGH_VOLATILITY
2025-03-27,,【官方直播】加拿大伟博儿童鱼油高脑力DHA无腥可嚼软胶囊120粒/瓶-2瓶装,2,10.24230256850294,Low,High sales volatility: 7-day rolling standard deviation = 10.24,HIGH_VOLATILITY
2025-03-28,,Webber Naturals伟博维生素C1000毫克150粒/瓶（效期至25年9月）-1瓶装,60,17.404159327722837,Low,High sales volatility: 7-day rolling standard deviation = 17.4,HIGH_VOLATILITY
2025-03-28,,Webber Naturals伟博天然进口小分子胶原蛋白多肽粉150g z-胶原蛋白多肽粉150g*1,5,24.525011528563866,Medium,High sales volatility: 7-day rolling standard deviation = 24.53,HIGH_VOLATILITY
2025-03-28,,Webber naturals伟博深海鱼油900mg高纯度Omega3/DHA/EPA 200粒z-伟博油900mg深海鱼油200粒*1,2,24.306573674821465,Medium,High sales volatility: 7-day rolling standard deviation = 24.31,HIGH_VOLATILITY
2025-03-28,,【效期至2027.7.29】加拿大伟博天然安睡宝 茶氨酸褪黑素45粒/瓶-褪黑素45粒*3,2,24.306573674821465,Medium,High sales volatility: 7-day rolling standard deviation = 24.31,HIGH_VOLATILITY
2025-03-28,,【YY专属】Webber Naturals伟博维生素C1000毫克150粒/瓶（效期至25年9月）-1瓶装,7,24.177911997760035,Medium,High sales volatility: 7-day rolling standard deviation = 24.18,HIGH_VOLATILITY
2025-03-28,,【官方直播】WebberNaturals伟博深海鱼油1390mg高纯度Omega3 120粒-3瓶装,4,24.432608967369426,Medium,High sales volatility: 7-day rolling standard deviation = 24.43,HIGH_VOLATILITY
2025-03-28,,【官方直播】WebberNaturals伟博深海鱼油1390mg高纯度Omega3 120粒-1瓶装,13,24.12072809451497,Medium,High sales volatility: 7-day rolling standard deviation = 24.12,HIGH_VOLATILITY
2025-03-28,,【官方直播】加拿大伟博儿童鱼油高脑力DHA无腥可嚼软胶囊120粒/瓶-2瓶装,3,20.942097043310362,Medium,High sales volatility: 7-day rolling standard deviation = 20.94,HIGH_VOLATILITY
2025-03-29,,Webber Naturals伟博维生素C1000毫克150粒/瓶（效期至25年9月）-1瓶装,46,13.921548901236665,Low,High sales volatility: 7-day rolling standard deviation = 13.92,HIGH_VOLATILITY
2025-03-29,,【2瓶】Webber Naturals伟博维生素C1000毫克150粒（效期至25年9月） -2瓶装,2,19.232908305941717,Low,High sales volatility: 7-day rolling standard deviation = 19.23,HIGH_VOLATILITY
2025-03-29,,Webber naturals伟博深海鱼油1100mg高纯度Omega3 120粒 z-1瓶装,1,19.112449196419444,Low,High sales volatility: 7-day rolling standard deviation = 19.11,HIGH_VOLATILITY
2025-03-30,,伟博天然进口辅酶Q10胶囊100mg 成人心脏活力60粒（效期至26年5月）-3瓶装,4,19.232908305941717,Low,High sales volatility: 7-day rolling standard deviation = 19.23,HIGH_VOLATILITY
2025-03-30,,伟博Osteo氨糖软骨素MSM 高端关节修护30粒（效期至25年7月）-1瓶装,2,19.01628374890971,Low,High sales volatility: 7-day rolling standard deviation = 19.02,HIGH_VOLATILITY
2025-03-30,,【YY专属】Webber Naturals伟博维生素C1000毫克150粒/瓶（效期至25年9月）-3瓶装,1,19.480148625618607,Low,High sales volatility: 7-day rolling standard deviation = 19.48,HIGH_VOLATILITY
2025-03-30,,【YY专属】Webber Naturals伟博维生素C1000毫克150粒/瓶（效期至25年9月）-1瓶装,5,20.105673210268172,Medium,High sales volatility: 7-day rolling standard deviation = 20.11,HIGH_VOLATILITY
2025-03-30,,Webber Naturals伟博维生素C1000毫克150粒/瓶（效期至25年9月）-3瓶装,43,16.509737386507048,Low,High sales volatility: 7-day rolling standard deviation = 16.51,HIGH_VOLATILITY
2025-03-30,,Webber Naturals伟博维生素C1000毫克150粒/瓶（效期至25年9月）-1瓶装,65,15.380878667079738,Low,High sales volatility: 7-day rolling standard deviation = 15.38,HIGH_VOLATILITY
2025-03-30,,【官方直播】加拿大伟博深海鱼油1390mg高纯度Omega3-两瓶装组合,1,25.91469522435926,Medium,High sales volatility: 7-day rolling standard deviation = 25.91,HIGH_VOLATILITY
2025-03-30,,【官方直播】加拿大伟博儿童鱼油高脑力DHA无腥可嚼软胶囊120粒/瓶-1瓶装,1,25.91469522435926,Medium,High sales volatility: 7-day rolling standard deviation = 25.91,HIGH_VOLATILITY
2025-03-30,,【官方直播】加拿大伟博儿童鱼油高脑力DHA无腥可嚼软胶囊120粒/瓶-2瓶装,4,26.194328720981897,Medium,High sales volatility: 7-day rolling standard deviation = 26.19,HIGH_VOLATILITY
2025-03-30,,【2瓶】Webber Naturals伟博维生素C1000毫克150粒（效期至25年9月） -2瓶装,1,26.015563107676986,Medium,High sales volatility: 7-day rolling standard deviation = 26.02,HIGH_VOLATILITY
2025-03-30,,Webber naturals伟博深海鱼油1100mg高纯度Omega3 120粒 z-1瓶装,1,26.015563107676986,Medium,High sales volatility: 7-day rolling standard deviation = 26.02,HIGH_VOLATILITY
2025-03-30,,Webber Naturals伟博天然进口小分子胶原蛋白多肽粉150g z-胶原蛋白多肽粉150g*1,2,26.368270976416227,Medium,High sales volatility: 7-day rolling standard deviation = 26.37,HIGH_VOLATILITY
2025-03-30,,Webber naturals伟博深海鱼油900mg高纯度Omega3/DHA/EPA 200粒z-伟博油900mg深海鱼油200粒*1,1,23.963265537862224,Medium,High sales volatility: 7-day rolling standard deviation = 23.96,HIGH_VOLATILITY
2025-03-31,,Webber Naturals伟博天然进口小分子胶原蛋白多肽粉150g z-胶原蛋白多肽粉150g*1,16,17.224014243685083,Low,High sales volatility: 7-day rolling standard deviation = 17.22,HIGH_VOLATILITY
2025-03-31,,Webber naturals伟博深海鱼油900mg高纯度Omega3/DHA/EPA 200粒z-伟博油900mg深海鱼油200粒*1,2,16.547190813232433,Low,High sales volatility: 7-day rolling standard deviation = 16.55,HIGH_VOLATILITY
2025-03-31,,WebberNaturals伟博天然高纯度1390mg深海精粹鱼油软胶囊60粒/瓶s-60粒*1瓶【2个月量】,1,16.547190813232433,Low,High sales volatility: 7-day rolling standard deviation = 16.55,HIGH_VOLATILITY
2025-03-31,,WebberNaturals伟博天然高纯度1390mg深海精粹鱼油软胶囊60粒/瓶s-120粒*2瓶【8个月量】,1,16.673332000533065,Low,High sales volatility: 7-day rolling standard deviation = 16.67,HIGH_VOLATILITY
2025-03-31,,WebberNaturals伟博天然高纯度1390mg深海精粹鱼油软胶囊60粒/瓶s-120粒*1瓶【4个月量】,3,16.908718517521127,Low,High sales volatility: 7-day rolling standard deviation = 16.91,HIGH_VOLATILITY
2025-04-01,,【YY专属】Webber Naturals伟博维生素C1000毫克150粒/瓶（效期至25年9月）-1瓶装,3,17.008401285415225,Low,High sales volatility: 7-day rolling standard deviation = 17.01,HIGH_VOLATILITY
2025-04-01,,【鱼油+卵磷脂组合装】1100mg鱼油120粒+大豆卵磷脂胶囊1200mg180粒-1100mg鱼油120粒/瓶+大豆卵磷脂胶囊1200mg180粒/瓶,1,16.25247233939677,Low,High sales volatility: 7-day rolling standard deviation = 16.25,HIGH_VOLATILITY
2025-04-01,,Webber Naturals伟博维生素C1000毫克150粒/瓶（效期至25年9月）-3瓶装,15,14.374249462808402,Low,High sales volatility: 7-day rolling standard deviation = 14.37,HIGH_VOLATILITY
2025-04-01,,【YY专属】Webber Naturals伟博维生素C1000毫克150粒/瓶（效期至25年9月）-3瓶装,2,14.281189759693726,Low,High sales volatility: 7-day rolling standard deviation = 14.28,HIGH_VOLATILITY
2025-04-01,,伟博Osteo氨糖软骨素MSM 高端关节修护30粒（效期至25年7月）-3瓶,3,14.362649974350635,Low,High sales volatility: 7-day rolling standard deviation = 14.36,HIGH_VOLATILITY
2025-04-01,,伟博天然进口辅酶Q10胶囊100mg 成人心脏活力60粒（效期至26年5月）-1瓶装,1,14.484803202305644,Low,High sales volatility: 7-day rolling standard deviation = 14.48,HIGH_VOLATILITY
2025-04-01,,伟博天然进口辅酶Q10胶囊100mg 成人心脏活力60粒（效期至26年5月）-3瓶装,1,14.571661996262929,Low,High sales volatility: 7-day rolling standard deviation = 14.57,HIGH_VOLATILITY
2025-04-01,,伟博天然进口辅酶Q10胶囊100mg 成人心脏活力60粒（效期至26年6月）-1瓶装,1,14.571661996262929,Low,High sales volatility: 7-day rolling standard deviation = 14.57,HIGH_VOLATILITY
2025-04-02,,Webber Naturals伟博维生素C1000毫克150粒/瓶（效期至25年9月）-3瓶装,33,14.571661996262929,Low,High sales volatility: 7-day rolling standard deviation = 14.57,HIGH_VOLATILITY
2025-04-02,,【YY专属】Webber Naturals伟博维生素C1000毫克150粒/瓶（效期至25年9月）-1瓶装,2,12.12435565298214,Low,High sales volatility: 7-day rolling standard deviation = 12.12,HIGH_VOLATILITY
2025-04-02,,伟博Osteo氨糖软骨素MSM 高端关节修护30粒（效期至25年7月）-1瓶装,1,11.86631888200902,Low,High sales volatility: 7-day rolling standard deviation = 11.87,HIGH_VOLATILITY
2025-04-02,,伟博天然进口辅酶Q10胶囊100mg 成人心脏活力60粒（效期至26年5月）-3瓶装,1,11.930353445448853,Low,High sales volatility: 7-day rolling standard deviation = 11.93,HIGH_VOLATILITY
2025-04-02,,Webber Naturals伟博维生素C1000毫克150粒/瓶（效期至25年9月）-1瓶装,27,12.037639382568408,Low,High sales volatility: 7-day rolling standard deviation = 12.04,HIGH_VOLATILITY
2025-04-02,,Webber Naturals伟博天然进口小分子胶原蛋白多肽粉150g z-胶原蛋白多肽粉150g*1,1,14.16400535226698,Low,High sales volatility: 7-day rolling standard deviation = 14.16,HIGH_VOLATILITY
2025-04-02,,Webber naturals伟博深海鱼油900mg高纯度Omega3/DHA/EPA 200粒z-伟博油900mg深海鱼油200粒*1,1,14.16400535226698,Low,High sales volatility: 7-day rolling standard deviation = 14.16,HIGH_VOLATILITY
2025-04-02,,WebberNaturals伟博天然高纯度1390mg深海精粹鱼油软胶囊60粒/瓶s-120粒*1瓶【4个月量】,1,14.16400535226698,Low,High sales volatility: 7-day rolling standard deviation = 14.16,HIGH_VOLATILITY
2025-04-05,,【YY专属】Webber Naturals伟博维生素C1000毫克150粒/瓶（效期至25年9月）-3瓶装,68,30.28200785945344,High,High sales volatility: 7-day rolling standard deviation = 30.28,HIGH_VOLATILITY
2025-04-06,,【官方直播】加拿大伟博Webber鱼油500mgOmega3+D3青少年 100粒/瓶-2瓶装,1,34.888939439858234,High,High sales volatility: 7-day rolling standard deviation = 34.89,HIGH_VOLATILITY
2025-04-06,,【官方直播】加拿大伟博Webber鱼油500mgOmega3+D3青少年 100粒/瓶-3瓶装,3,35.11884584284246,High,High sales volatility: 7-day rolling standard deviation = 35.12,HIGH_VOLATILITY
2025-04-06,,【官方直播】加拿大伟博Webber儿童鱼油高DHAOmega-3甜橙味120粒/瓶-2瓶装,1,34.888939439858234,High,High sales volatility: 7-day rolling standard deviation = 34.89,HIGH_VOLATILITY
2025-04-06,,【官方直播】加拿大伟博儿童鱼油高脑力DHA无腥可嚼软胶囊120粒/瓶-1瓶装,1,35.22512631360637,High,High sales volatility: 7-day rolling standard deviation = 35.23,HIGH_VOLATILITY
2025-04-06,,【官方直播】加拿大伟博儿童鱼油高脑力DHA无腥可嚼软胶囊120粒/瓶-2瓶装,2,36.17878883966076,High,High sales volatility: 7-day rolling standard deviation = 36.18,HIGH_VOLATILITY
2025-04-06,,【官方直播】WebberNaturals伟博深海鱼油1390mg高纯度Omega3 120粒-1瓶装,7,36.882696936820295,High,High sales volatility: 7-day rolling standard deviation = 36.88,HIGH_VOLATILITY
2025-04-06,,【官方直播】WebberNaturals伟博深海鱼油1390mg高纯度Omega3 120粒-2瓶装,3,24.84906820136704,Medium,High sales volatility: 7-day rolling standard deviation = 24.85,HIGH_VOLATILITY
2025-04-06,,【YY专属】Webber Naturals伟博维生素C1000毫克150粒/瓶（效期至25年9月）-3瓶装,28,17.212951934102247,Low,High sales volatility: 7-day rolling standard deviation = 17.21,HIGH_VOLATILITY
2025-04-06,,伟博Osteo氨糖软骨素MSM 高端关节修护30粒（效期至25年7月）-3瓶,2,17.14087290103756,Low,High sales volatility: 7-day rolling standard deviation = 17.14,HIGH_VOLATILITY
2025-04-07,,【3瓶装】加拿大伟博天然小分子胶原蛋白多肽粉150g/瓶-【3瓶组合装】,1,16.98739028136543,Low,High sales volatility: 7-day rolling standard deviation = 16.99,HIGH_VOLATILITY
2025-04-07,,【官方直播】加拿大伟博Webber鱼油500mgOmega3+D3青少年 100粒/瓶-2瓶装,1,17.14087290103756,Low,High sales volatility: 7-day rolling standard deviation = 17.14,HIGH_VOLATILITY
2025-04-07,,【官方直播】加拿大伟博Webber儿童鱼油高DHAOmega-3甜橙味120粒/瓶-2瓶装,2,17.14087290103756,Low,High sales volatility: 7-day rolling standard deviation = 17.14,HIGH_VOLATILITY
2025-04-07,,【官方直播】加拿大伟博儿童鱼油高脑力DHA无腥可嚼软胶囊120粒/瓶-1瓶装,1,17.5824587911605,Low,High sales volatility: 7-day rolling standard deviation = 17.58,HIGH_VOLATILITY
2025-04-07,,【官方直播】加拿大伟博儿童鱼油高脑力DHA无腥可嚼软胶囊120粒/瓶-2瓶装,3,18.137044438176275,Low,High sales volatility: 7-day rolling standard deviation = 18.14,HIGH_VOLATILITY
2025-04-07,,Webber Naturals伟博维生素C1000毫克150粒/瓶（效期至25年9月）-3瓶装,40,20.89543126185836,Medium,High sales volatility: 7-day rolling standard deviation = 20.9,HIGH_VOLATILITY
2025-04-07,,【YY专属】Webber Naturals伟博维生素C1000毫克150粒/瓶（效期至25年9月）-1瓶装,25,22.7135369747814,Medium,High sales volatility: 7-day rolling standard deviation = 22.71,HIGH_VOLATILITY
2025-04-07,,【YY专属】Webber Naturals伟博维生素C1000毫克150粒/瓶（效期至25年9月）-3瓶装,22,22.494443758403985,Medium,High sales volatility: 7-day rolling standard deviation = 22.49,HIGH_VOLATILITY
2025-04-07,,伟博Osteo氨糖软骨素MSM 高端关节修护30粒（效期至25年7月）-1瓶装,1,21.050958580142073,Medium,High sales volatility: 7-day rolling standard deviation = 21.05,HIGH_VOLATILITY
2025-04-07,,伟博Osteo氨糖软骨素MSM 高端关节修护30粒（效期至25年7月）-3瓶,1,22.29242878091979,Medium,High sales volatility: 7-day rolling standard deviation = 22.29,HIGH_VOLATILITY
2025-04-07,,伟博天然进口辅酶Q10胶囊100mg 成人心脏活力60粒（效期至26年6月）-1瓶装,1,22.440397246292868,Medium,High sales volatility: 7-day rolling standard deviation = 22.44,HIGH_VOLATILITY
2025-04-07,,伟博精粹金CO2提纯1100mg4倍含量omega3成人心脑欧米伽3鱼油120粒-3瓶装,1,22.440397246292868,Medium,High sales volatility: 7-day rolling standard deviation = 22.44,HIGH_VOLATILITY
2025-04-08,,【3瓶装】加拿大伟博天然小分子胶原蛋白多肽粉150g/瓶-【3瓶组合装】,1,15.968719422671311,Low,High sales volatility: 7-day rolling standard deviation = 15.97,HIGH_VOLATILITY
2025-04-08,,【官方直播】加拿大伟博Webber鱼油500mgOmega3+D3青少年 100粒/瓶-2瓶装,1,11.012979355547449,Low,High sales volatility: 7-day rolling standard deviation = 11.01,HIGH_VOLATILITY
2025-04-08,,Webber Naturals伟博维生素C1000毫克150粒/瓶（效期至25年9月）-3瓶装,75,66.12722225989478,High,High sales volatility: 7-day rolling standard deviation = 66.13,HIGH_VOLATILITY
2025-04-08,,【YY专属】Webber Naturals伟博维生素C1000毫克150粒/瓶（效期至25年9月）-1瓶装,29,67.48438972935043,High,High sales volatility: 7-day rolling standard deviation = 67.48,HIGH_VOLATILITY
2025-04-08,,【YY专属】Webber Naturals伟博维生素C1000毫克150粒/瓶（效期至25年9月）-3瓶装,10,66.22292798175108,High,High sales volatility: 7-day rolling standard deviation = 66.22,HIGH_VOLATILITY
2025-04-08,,伟博Osteo氨糖软骨素MSM 高端关节修护30粒（效期至25年7月）-1瓶装,1,65.600885592164,High,High sales volatility: 7-day rolling standard deviation = 65.6,HIGH_VOLATILITY
2025-04-09,,【官方直播】加拿大伟博Webber鱼油500mgOmega3+D3青少年 100粒/瓶-2瓶装,2,65.600885592164,High,High sales volatility: 7-day rolling standard deviation = 65.6,HIGH_VOLATILITY
2025-04-09,,【官方直播】加拿大伟博Webber儿童鱼油高DHAOmega-3甜橙味120粒/瓶-2瓶装,2,65.49736454167268,High,High sales volatility: 7-day rolling standard deviation = 65.5,HIGH_VOLATILITY
2025-04-09,,【官方直播】加拿大伟博儿童鱼油高脑力DHA无腥可嚼软胶囊120粒/瓶-2瓶装,4,65.39331551684556,High,High sales volatility: 7-day rolling standard deviation = 65.39,HIGH_VOLATILITY
2025-04-09,,【官方直播】WebberNaturals伟博深海鱼油1390mg高纯度Omega3 120粒-1瓶装,7,27.171413549642836,Medium,High sales volatility: 7-day rolling standard deviation = 27.17,HIGH_VOLATILITY
2025-04-09,,Webber Naturals伟博维生素C1000毫克150粒/瓶（效期至25年9月）-3瓶装,152,84.54133956377848,High,High sales volatility: 7-day rolling standard deviation = 84.54,HIGH_VOLATILITY
2025-04-09,,【YY专属】Webber Naturals伟博维生素C1000毫克150粒/瓶（效期至25年9月）-1瓶装,19,93.69885906709959,High,High sales volatility: 7-day rolling standard deviation = 93.7,HIGH_VOLATILITY
2025-04-09,,【YY专属】Webber Naturals伟博维生素C1000毫克150粒/瓶（效期至25年9月）-3瓶装,13,92.20964725894491,High,High sales volatility: 7-day rolling standard deviation = 92.21,HIGH_VOLATILITY
2025-04-09,,伟博Osteo氨糖软骨素MSM 高端关节修护30粒（效期至25年7月）-1瓶装,2,91.29882907505545,High,High sales volatility: 7-day rolling standard deviation = 91.3,HIGH_VOLATILITY
2025-04-09,,伟博Osteo氨糖软骨素MSM 高端关节修护30粒（效期至25年7月）-3瓶,1,91.19393254670693,High,High sales volatility: 7-day rolling standard deviation = 91.19,HIGH_VOLATILITY
2025-04-09,,伟博天然进口辅酶Q10胶囊100mg 成人心脏活力60粒（效期至26年6月）-1瓶装,1,91.19393254670693,High,High sales volatility: 7-day rolling standard deviation = 91.19,HIGH_VOLATILITY
2025-04-09,,伟博天然进口辅酶Q10胶囊100mg 成人心脏活力60粒（效期至26年6月）-3瓶装,7,91.19393254670693,High,High sales volatility: 7-day rolling standard deviation = 91.19,HIGH_VOLATILITY
2025-04-10,,【官方直播】加拿大伟博Webber鱼油500mgOmega3+D3青少年 100粒/瓶-3瓶装,1,55.16166715944619,High,High sales volatility: 7-day rolling standard deviation = 55.16,HIGH_VOLATILITY
2025-04-10,,Webber Naturals伟博维生素C1000毫克150粒/瓶（效期至25年9月）-3瓶装,111,63.234258346021804,High,High sales volatility: 7-day rolling standard deviation = 63.23,HIGH_VOLATILITY
2025-04-10,,【YY专属】Webber Naturals伟博维生素C1000毫克150粒/瓶（效期至25年9月）-1瓶装,10,68.84143270693062,High,High sales volatility: 7-day rolling standard deviation = 68.84,HIGH_VOLATILITY
2025-04-10,,【YY专属】Webber Naturals伟博维生素C1000毫克150粒/瓶（效期至25年9月）-3瓶装,4,68.19195595627725,High,High sales volatility: 7-day rolling standard deviation = 68.19,HIGH_VOLATILITY
2025-04-10,,伟博Osteo氨糖软骨素MSM 高端关节修护30粒（效期至25年7月）-1瓶装,2,68.38720292430101,High,High sales volatility: 7-day rolling standard deviation = 68.39,HIGH_VOLATILITY
2025-04-10,,伟博Osteo氨糖软骨素MSM 高端关节修护30粒（效期至25年7月）-3瓶,4,68.49018003994998,High,High sales volatility: 7-day rolling standard deviation = 68.49,HIGH_VOLATILITY
2025-04-10,,伟博天然进口辅酶Q10胶囊100mg 成人心脏活力60粒（效期至26年5月）-1瓶装,3,68.49018003994998,High,High sales volatility: 7-day rolling standard deviation = 68.49,HIGH_VOLATILITY
2025-04-10,,伟博天然进口辅酶Q10胶囊100mg 成人心脏活力60粒（效期至26年5月）-3瓶装,2,69.12962289716877,High,High sales volatility: 7-day rolling standard deviation = 69.13,HIGH_VOLATILITY
2025-04-10,,伟博天然进口辅酶Q10胶囊100mg 成人心脏活力60粒（效期至26年6月）-1瓶装,6,40.471624392311966,High,High sales volatility: 7-day rolling standard deviation = 40.47,HIGH_VOLATILITY
2025-04-11,,Webber Naturals伟博维生素C1000毫克150粒/瓶（效期至25年9月）-3瓶装,59,51.21988081278783,High,High sales volatility: 7-day rolling standard deviation = 51.22,HIGH_VOLATILITY
2025-04-11,,伟博Osteo氨糖软骨素MSM 高端关节修护30粒（效期至25年7月）-3瓶,3,52.32726686100524,High,High sales volatility: 7-day rolling standard deviation = 52.33,HIGH_VOLATILITY
2025-04-11,,伟博天然进口辅酶Q10胶囊100mg 成人心脏活力60粒（效期至26年5月）-1瓶装,3,52.24302186257351,High,High sales volatility: 7-day rolling standard deviation = 52.24,HIGH_VOLATILITY
2025-04-11,,伟博天然进口辅酶Q10胶囊100mg 成人心脏活力60粒（效期至26年5月）-3瓶装,8,52.06955055728919,High,High sales volatility: 7-day rolling standard deviation = 52.07,HIGH_VOLATILITY
2025-04-12,,【官方直播】加拿大伟博儿童鱼油高脑力DHA无腥可嚼软胶囊120粒/瓶-1瓶装,2,51.49988441965763,High,High sales volatility: 7-day rolling standard deviation = 51.5,HIGH_VOLATILITY
2025-04-12,,【官方直播】加拿大伟博儿童鱼油高脑力DHA无腥可嚼软胶囊120粒/瓶-2瓶装,4,51.4064105692962,High,High sales volatility: 7-day rolling standard deviation = 51.41,HIGH_VOLATILITY
2025-04-12,,【官方直播】WebberNaturals伟博深海鱼油1390mg高纯度Omega3 120粒-1瓶装,11,51.131948823374515,High,High sales volatility: 7-day rolling standard deviation = 51.13,HIGH_VOLATILITY
2025-04-12,,【官方直播】WebberNaturals伟博深海鱼油1390mg高纯度Omega3 120粒-3瓶装,8,20.602819964174575,Medium,High sales volatility: 7-day rolling standard deviation = 20.6,HIGH_VOLATILITY
2025-04-12,,Webber Naturals伟博维生素C1000毫克150粒/瓶（效期至25年9月）-3瓶装,108,57.859024072884836,High,High sales volatility: 7-day rolling standard deviation = 57.86,HIGH_VOLATILITY
2025-04-12,,伟博Osteo氨糖软骨素MSM 高端关节修护30粒（效期至25年7月）-1瓶装,1,63.995907607254,High,High sales volatility: 7-day rolling standard deviation = 64.0,HIGH_VOLATILITY
2025-04-12,,伟博Osteo氨糖软骨素MSM 高端关节修护30粒（效期至25年7月）-3瓶,4,64.90469203084665,High,High sales volatility: 7-day rolling standard deviation = 64.9,HIGH_VOLATILITY
2025-04-12,,伟博天然进口辅酶Q10胶囊100mg 成人心脏活力60粒（效期至26年5月）-1瓶装,2,65.25444702963053,High,High sales volatility: 7-day rolling standard deviation = 65.25,HIGH_VOLATILITY
2025-04-12,,伟博天然进口辅酶Q10胶囊100mg 成人心脏活力60粒（效期至26年5月）-3瓶装,7,65.44172252943108,High,High sales volatility: 7-day rolling standard deviation = 65.44,HIGH_VOLATILITY
2025-04-13,,【官方直播】加拿大伟博儿童鱼油高脑力DHA无腥可嚼软胶囊120粒/瓶-1瓶装,1,64.98901005994342,High,High sales volatility: 7-day rolling standard deviation = 64.99,HIGH_VOLATILITY
2025-04-13,,【官方直播】加拿大伟博儿童鱼油高脑力DHA无腥可嚼软胶囊120粒/瓶-2瓶装,2,65.088218522834,High,High sales volatility: 7-day rolling standard deviation = 65.09,HIGH_VOLATILITY
2025-04-13,,【官方直播】WebberNaturals伟博深海鱼油1390mg高纯度Omega3 120粒-1瓶装,5,39.80547940266755,High,High sales volatility: 7-day rolling standard deviation = 39.81,HIGH_VOLATILITY
2025-05-24,,【子子小琪专属】Webber Naturals伟博天然高纯度1100mg深海精粹鱼油软胶囊60粒 D-2瓶装（赠40mg叶黄素一瓶）,5,14.519281105121005,Low,High sales volatility: 7-day rolling standard deviation = 14.52,HIGH_VOLATILITY
2025-05-24,,伟博进口99%纯度1100mg成人omega3深海鱼油中老年心血管养护120粒-1瓶装（4个月的量）,12,14.314494818356739,Low,High sales volatility: 7-day rolling standard deviation = 14.31,HIGH_VOLATILITY
2025-05-24,,伟博进口99%纯度1100mg成人omega3深海鱼油中老年心血管养护120粒-2瓶装（8个月的量）,1,14.056010407346339,Low,High sales volatility: 7-day rolling standard deviation = 14.06,HIGH_VOLATILITY
2025-05-24,,【鱼油+卵磷脂组合装】1100mg鱼油120粒+大豆卵磷脂胶囊1200mg180粒-1100mg鱼油120粒/瓶+大豆卵磷脂胶囊1200mg180粒/瓶,1,14.056010407346339,Low,High sales volatility: 7-day rolling standard deviation = 14.06,HIGH_VOLATILITY
2025-05-24,,【官方直播】Webber Naturals加拿大进口鱼油+辅酶Q10鱼油搭档-1100mg高纯度深海鱼油180粒+100mg辅酶Q10 60粒,1,14.224392195567912,Low,High sales volatility: 7-day rolling standard deviation = 14.22,HIGH_VOLATILITY
2025-05-24,,【官方直播】加拿大伟博儿童鱼油高脑力DHA无腥可嚼软胶囊120粒/瓶-1瓶装,1,14.224392195567912,Low,High sales volatility: 7-day rolling standard deviation = 14.22,HIGH_VOLATILITY
2025-05-24,,【效期至26年6月30日】Webber naturals伟博500mg维生素C胶囊60粒-1瓶装,2,14.384184436552596,Low,High sales volatility: 7-day rolling standard deviation = 14.38,HIGH_VOLATILITY
2025-09-21,,【美彤专属】【儿童拍】WebberNaturals伟博小金盾小颗粒深海儿童鱼油+D3 60粒-【儿童拍】2瓶装（送一瓶40mg叶黄素）-(625273071634*2+625273070255*1),10,16.337220140059383,Low,High sales volatility: 7-day rolling standard deviation = 16.34,HIGH_VOLATILITY
2025-09-22,,伟博天然进口KSM-66 南非醉茄 降低皮质醇缓压促睡眠120粒-7200mg南非醉茄一瓶（120粒 每天1粒 可吃4个月）-(625273071597*1),3,16.337220140059383,Low,High sales volatility: 7-day rolling standard deviation = 16.34,HIGH_VOLATILITY
2025-09-22,,【官方直播】加拿大伟博儿童鱼油高脑力DHA无腥可嚼软胶囊120粒/瓶-1瓶装-(625273090185*1),3,16.19670748434179,Low,High sales volatility: 7-day rolling standard deviation = 16.2,HIGH_VOLATILITY
2025-09-22,,【美彤专属】【成人拍】WebberNaturals高纯度深海鱼油omega3成人健身鱼油120粒-【成人拍】1瓶装（送一瓶40mg叶黄素）-(625273090086*1+625273070255*1),29,16.128944700223173,Low,High sales volatility: 7-day rolling standard deviation = 16.13,HIGH_VOLATILITY
2025-09-22,,伟博加拿大进口99%纯度1100mg成人omega3深海鱼油心血管养护120粒-一瓶装（体验装）-(625273090086*1),10,17.208801734660586,Low,High sales volatility: 7-day rolling standard deviation = 17.21,HIGH_VOLATILITY
2025-09-22,,【美彤专属】【儿童拍】WebberNaturals伟博小金盾小颗粒深海儿童鱼油+D3 60粒-【儿童拍】2瓶装（送一瓶40mg叶黄素）-(625273071634*2+625273070255*1),11,16.470753300493403,Low,High sales volatility: 7-day rolling standard deviation = 16.47,HIGH_VOLATILITY
2025-09-22,,WebberNaturals伟博500mg维生素C胶囊60粒  效期到2026-06-30-3瓶装-(625273076622*3),2,15.518038658590969,Low,High sales volatility: 7-day rolling standard deviation = 15.52,HIGH_VOLATILITY
2025-10-03,,【美彤专属】【成人拍】WebberNaturals高纯度深海鱼油omega3成人健身鱼油120粒-【成人拍】1瓶装（送一瓶40mg叶黄素）-(625273090086*1+625273070255*1),338,57.29580720968615,High,High sales volatility: 7-day rolling standard deviation = 57.3,HIGH_VOLATILITY
2025-10-03,,【免疫力】进口500mg维生素C缓释胶囊60粒 效期到2026-06-30-3瓶装-(625273076622*3),6,130.040836077053,High,High sales volatility: 7-day rolling standard deviation = 130.04,HIGH_VOLATILITY
2025-10-03,,Webber Naturals伟博天然阳光小金盾小颗粒深海儿童鱼油+D3 60粒-2瓶装-(625273071634*2),2,129.867148234171,High,High sales volatility: 7-day rolling standard deviation = 129.87,HIGH_VOLATILITY
2025-10-03,,伟博加拿大进口99%纯度1100mg成人omega3深海鱼油心血管养护120粒-一瓶装【体验装】-(625273090086*1),1,129.775447087138,High,High sales volatility: 7-day rolling standard deviation = 129.78,HIGH_VOLATILITY
2025-10-03,,伟博天然进口VB番茄红素锌硒钙水果多酚55+男士全营养素 30粒z-1瓶装-(625273079968*1),1,129.867148234171,High,High sales volatility: 7-day rolling standard deviation = 129.87,HIGH_VOLATILITY
2025-10-03,,Webber Naturals伟博天然进口小分子胶原蛋白多肽粉150g z-胶原蛋白多肽粉150g*1-(625273036657*1),1,130.309156203531,High,High sales volatility: 7-day rolling standard deviation = 130.31,HIGH_VOLATILITY
2025-10-03,,【官方直播】WebberNaturals伟博深海鱼油1100mg高纯度Omega3 120粒-两瓶装【8个月的量】-(625273090086*2),3,130.399386501624,High,High sales volatility: 7-day rolling standard deviation = 130.4,HIGH_VOLATILITY
2025-10-03,,【官方直播】WebberNaturals伟博深海鱼油1100mg高纯度Omega3 120粒-一瓶装【4个月的量】-(625273090086*1),12,126.882773043617,High,High sales volatility: 7-day rolling standard deviation = 126.88,HIGH_VOLATILITY
2025-10-11,,【徐冬冬专属】WEBBER NATURALS高纯度深海鱼油omega3欧米伽3成人健身鱼油120粒-鱼油120粒*1瓶装【赠100mg辅酶60粒一瓶】-(625273090086*1+628347570705*1),1,47.35931547124348,High,High sales volatility: 7-day rolling standard deviation = 47.36,HIGH_VOLATILITY
2025-10-11,,【美彤专属】【儿童拍】WebberNaturals伟博小金盾小颗粒深海儿童鱼油+D3 60粒-【儿童拍】2瓶装（送一瓶40mg叶黄素）-(625273071634*2+625273070255*1),1,47.35931547124348,High,High sales volatility: 7-day rolling standard deviation = 47.36,HIGH_VOLATILITY
2025-10-12,,伟博加拿大进口99%纯度1100mg成人omega3深海鱼油心血管养护120粒-两瓶装（1个周期）【送一瓶价值149的60粒100mg辅酶Q10】-(625273090086*2+628347570705*1),3,47.70195164221471,High,High sales volatility: 7-day rolling standard deviation = 47.7,HIGH_VOLATILITY
2025-10-12,,伟博加拿大进口99%纯度1100mg成人omega3深海鱼油心血管养护120粒-一瓶装（体验装）-(625273090086*1),4,47.70195164221471,High,High sales volatility: 7-day rolling standard deviation = 47.7,HIGH_VOLATILITY
2025-10-12,,【官方直播】WebberNaturals伟博深海鱼油1100mg高纯度Omega3 120粒-两瓶装【8个月的量】-(625273090086*2),5,47.517415353791726,High,High sales volatility: 7-day rolling standard deviation = 47.52,HIGH_VOLATILITY
2025-10-12,,【官方直播】WebberNaturals伟博深海鱼油1100mg高纯度Omega3 120粒-三瓶装【1年的量】-(625273090086*3),1,47.461764059283,High,High sales volatility: 7-day rolling standard deviation = 47.46,HIGH_VOLATILITY
2025-10-12,,【3瓶装】webber naturals胶原蛋白与神经酰胺生物活性胶原肽120片-【3瓶装】webber naturals胶原蛋白与神经酰胺生物活性胶原肽120片-(625273036695*3),2,47.461764059283,High,High sales volatility: 7-day rolling standard deviation = 47.46,HIGH_VOLATILITY
2025-10-12,,【美彤专属】【成人拍】WebberNaturals高纯度深海鱼油omega3成人健身鱼油120粒-【成人拍】1瓶装（送一瓶40mg叶黄素）-(625273090086*1+625273070255*1),1,18.461027160196796,Low,High sales volatility: 7-day rolling standard deviation = 18.46,HIGH_VOLATILITY
2025-10-12,,【美彤专属】【儿童拍】WebberNaturals伟博小金盾小颗粒深海儿童鱼油+D3 60粒-【儿童拍】2瓶装（送一瓶40mg叶黄素）-(625273071634*2+625273070255*1),1,18.520259177452132,Low,High sales volatility: 7-day rolling standard deviation = 18.52,HIGH_VOLATILITY
2025-10-12,,【徐冬冬专属】WEBBER NATURALS高纯度深海鱼油omega3欧米伽3成人健身鱼油120粒-鱼油120粒*1瓶装【赠100mg辅酶60粒一瓶】-(625273090086*1+628347570705*1),1,18.520259177452132,Low,High sales volatility: 7-day rolling standard deviation = 18.52,HIGH_VOLATILITY
2025-10-12,,【护发美甲美肤】进口VB烟酰胺锌硒女士全能营养素30粒26-5-30-3瓶装-(625273079975*3),1,18.520259177452132,Low,High sales volatility: 7-day rolling standard deviation = 18.52,HIGH_VOLATILITY
2025-10-12,,【官方直播】加拿大伟博儿童鱼油高脑力DHA无腥可嚼软胶囊120粒/瓶-1瓶装-(625273090185*1),2,18.520259177452132,Low,High sales volatility: 7-day rolling standard deviation = 18.52,HIGH_VOLATILITY
2025-10-12,,【官方直播】加拿大伟博儿童鱼油高脑力DHA无腥可嚼软胶囊120粒/瓶-2瓶装-(625273090185*2),2,18.461027160196796,Low,High sales volatility: 7-day rolling standard deviation = 18.46,HIGH_VOLATILITY
2025-10-12,,【官方直播】WebberNaturals伟博深海鱼油1100mg高纯度Omega3 120粒-一瓶装【4个月的量】-(625273090086*1),13,18.400310556385417,Low,High sales volatility: 7-day rolling standard deviation = 18.4,HIGH_VOLATILITY
2025-10-13,,Webber Naturals伟博天然阳光小金盾小颗粒深海儿童鱼油+D3 60粒-2瓶装-(625273071634*2),1,27.060778153735978,Medium,High sales volatility: 7-day rolling standard deviation = 27.06,HIGH_VOLATILITY
2025-10-13,,伟博加拿大进口99%纯度1100mg成人omega3深海鱼油心血管养护120粒-一瓶装【体验装】-(625273090086*1),2,27.060778153735978,Medium,High sales volatility: 7-day rolling standard deviation = 27.06,HIGH_VOLATILITY
2025-10-13,,Webber Naturals伟博天然进口小分子胶原蛋白多肽粉150g z-1瓶装-(625273036657*1),2,26.986769245052553,Medium,High sales volatility: 7-day rolling standard deviation = 26.99,HIGH_VOLATILITY
2025-10-13,,WEBBER NATURALS伟博天然高纯度1390mg深海精粹鱼油软胶囊60粒/瓶-120粒*1瓶【4个月量】-(625273090086*1),1,26.986769245052553,Medium,High sales volatility: 7-day rolling standard deviation = 26.99,HIGH_VOLATILITY
2025-10-13,,【3瓶装】webber naturals胶原蛋白与神经酰胺生物活性胶原肽120片-【3瓶装】webber naturals胶原蛋白与神经酰胺生物活性胶原肽120片-(625273036695*3),2,27.060778153735978,Medium,High sales volatility: 7-day rolling standard deviation = 27.06,HIGH_VOLATILITY
2025-10-13,,【官方直播】WebberNaturals伟博深海鱼油1100mg高纯度Omega3 120粒-三瓶装【1年的量】-(625273090086*3),2,27.40698555373898,Medium,High sales volatility: 7-day rolling standard deviation = 27.41,HIGH_VOLATILITY
2025-10-13,,【官方直播】WebberNaturals伟博深海鱼油1100mg高纯度Omega3 120粒-两瓶装【8个月的量】-(625273090086*2),8,27.34349404642111,Medium,High sales volatility: 7-day rolling standard deviation = 27.34,HIGH_VOLATILITY
2025-10-13,,【官方直播】加拿大伟博儿童鱼油高脑力DHA无腥可嚼软胶囊120粒/瓶-2瓶装-(625273090185*2),2,10.162957949618521,Low,High sales volatility: 7-day rolling standard deviation = 10.16,HIGH_VOLATILITY
2025-10-13,,【官方直播】加拿大伟博儿童鱼油高脑力DHA无腥可嚼软胶囊120粒/瓶-1瓶装-(625273090185*1),5,10.162957949618521,Low,High sales volatility: 7-day rolling standard deviation = 10.16,HIGH_VOLATILITY
2025-10-13,,【官方直播】1100mg鱼油120粒+大豆卵磷脂胶囊1200mg180粒鱼油搭档-1100mg鱼油120粒/瓶+大豆卵磷脂胶囊1200mg180粒/瓶-(625273079746*1+625273090086*1),2,10.0,Low,High sales volatility: 7-day rolling standard deviation = 10.0,HIGH_VOLATILITY
2025-10-13,,伟博加拿大进口99%纯度1100mg成人omega3深海鱼油心血管养护120粒-两瓶装（1个周期）【送一瓶价值149的60粒100mg辅酶Q10】-(625273090086*2+628347570705*1),1,10.0,Low,High sales volatility: 7-day rolling standard deviation = 10.0,HIGH_VOLATILITY
2025-10-13,,伟博加拿大进口99%纯度1100mg成人omega3深海鱼油心血管养护120粒-一瓶装（体验装）-(625273090086*1),7,10.090070555230216,Low,High sales volatility: 7-day rolling standard deviation = 10.09,HIGH_VOLATILITY
2025-10-13,,【徐冬冬专属】WEBBER NATURALS高纯度深海鱼油omega3欧米伽3成人健身鱼油120粒-鱼油120粒*1瓶装【赠100mg辅酶60粒一瓶】-(625273090086*1+628347570705*1),1,10.078265156832726,Low,High sales volatility: 7-day rolling standard deviation = 10.08,HIGH_VOLATILITY
2025-10-15,,伟博天然进口儿童鱼油高脑力DHA软胶囊120粒/瓶-1瓶装-(625273090185*1),1,10.93051647801651,Low,High sales volatility: 7-day rolling standard deviation = 10.93,HIGH_VOLATILITY
2025-10-15,,【官方直播】1100mg鱼油120粒+大豆卵磷脂胶囊1200mg180粒鱼油搭档-1100mg鱼油120粒/瓶+大豆卵磷脂胶囊1200mg180粒/瓶-(625273079746*1+625273090086*1),1,11.120551545074852,Low,High sales volatility: 7-day rolling standard deviation = 11.12,HIGH_VOLATILITY
2025-10-15,,【送辅酶Q10】伟博95%高纯度深海鱼油omega3成人小颗粒健身鱼油30粒-【日常保养2瓶装】30粒*2瓶（下单送100mg辅酶Q10 60粒）-(625273070781*2+628347570705*1),1,11.120551545074852,Low,High sales volatility: 7-day rolling standard deviation = 11.12,HIGH_VOLATILITY
2025-10-15,,【3瓶装】加拿大伟博天然小分子胶原蛋白多肽粉150g/瓶-3瓶装-(625273036657*3),1,11.120551545074852,Low,High sales volatility: 7-day rolling standard deviation = 11.12,HIGH_VOLATILITY
2025-10-15,,【官方直播】加拿大伟博儿童鱼油高脑力DHA无腥可嚼软胶囊120粒/瓶-1瓶装-(625273090185*1),1,11.282097069504157,Low,High sales volatility: 7-day rolling standard deviation = 11.28,HIGH_VOLATILITY
2025-10-16,,【官方直播】WebberNaturals伟博深海鱼油1100mg高纯度Omega3 120粒-两瓶装【8个月的量】-(625273090086*2),7,11.338934190276817,Low,High sales volatility: 7-day rolling standard deviation = 11.34,HIGH_VOLATILITY
2025-10-16,,【护发美甲美肤】进口VB烟酰胺锌硒女士全能营养素30粒26-5-30-3瓶装-(625273079975*3),2,11.186726828829652,Low,High sales volatility: 7-day rolling standard deviation = 11.19,HIGH_VOLATILITY
2025-10-25,,【官方直播】WebberNaturals阳光小金盾小颗粒全家深海鱼油+D3 60粒-3瓶装-(625273071634*3),2,12.9320568835006,Low,High sales volatility: 7-day rolling standard deviation = 12.93,HIGH_VOLATILITY
2025-10-25,,【官方直播】WebberNaturals阳光小金盾小颗粒全家深海鱼油+D3 60粒-2瓶装-(625273071634*2),1,12.985339719046538,Low,High sales volatility: 7-day rolling standard deviation = 12.99,HIGH_VOLATILITY
2025-10-25,,Webber Naturals伟博天然进口小分子胶原蛋白多肽粉150g z-1瓶装-(625273036657*1),3,13.04935685333627,Low,High sales volatility: 7-day rolling standard deviation = 13.05,HIGH_VOLATILITY
2025-10-25,,【效期至2027年12月】伟博天然高纯度深海鱼油omega3成人健身120粒A-两瓶装（1个周期）【送一瓶安睡宝】-(625273090086*2+990312500179*1),2,12.9320568835006,Low,High sales volatility: 7-day rolling standard deviation = 12.93,HIGH_VOLATILITY
2025-10-25,,【官方直播】WebberNaturals 95%高纯度omega-3迷你深海鱼油30粒/瓶-2瓶周期装【送一瓶价值149元的60粒100mg辅酶Q10】-(625273070781*2+628347570705*1),1,12.863754913562,Low,High sales volatility: 7-day rolling standard deviation = 12.86,HIGH_VOLATILITY
2025-10-25,,【官方直播】WebberNaturals 95%高纯度omega-3迷你深海鱼油30粒/瓶-1瓶试用装【不推荐】-(625273070781*1),1,12.9320568835006,Low,High sales volatility: 7-day rolling standard deviation = 12.93,HIGH_VOLATILITY
2025-10-25,,【3瓶装】webber naturals胶原蛋白与神经酰胺生物活性胶原肽120片-【3瓶装】webber naturals胶原蛋白与神经酰胺生物活性胶原肽120片-(625273036695*3),1,12.998168369134975,Low,High sales volatility: 7-day rolling standard deviation = 13.0,HIGH_VOLATILITY
2025-10-27,,【官方直播】WebberNaturals阳光小金盾小颗粒全家深海鱼油+D3 60粒-1瓶装-(625273071634*1),1,11.489125293076057,Low,High sales volatility: 7-day rolling standard deviation = 11.49,HIGH_VOLATILITY
2025-10-27,,【官方直播】WebberNaturals伟博深海鱼油1100mg高纯度Omega3 120粒-两瓶装【8个月的量】-(625273090086*2),13,11.489125293076057,Low,High sales volatility: 7-day rolling standard deviation = 11.49,HIGH_VOLATILITY
2025-10-27,,伟博天然进口VB番茄红素锌硒钙水果多酚55+男士全营养素 30粒z-2瓶装-(625273079968*2),1,10.980502200328935,Low,High sales volatility: 7-day rolling standard deviation = 10.98,HIGH_VOLATILITY
2025-10-27,,伟博加拿大进口99%纯度1100mg成人omega3深海鱼油心血管养护120粒-一瓶装【体验装】-(625273090086*1),1,11.57172251243357,Low,High sales volatility: 7-day rolling standard deviation = 11.57,HIGH_VOLATILITY
2025-10-27,,伟博加拿大进口99%纯度1100mg成人omega3深海鱼油心血管养护120粒-一瓶装（体验装）-(625273090086*1),8,11.57172251243357,Low,High sales volatility: 7-day rolling standard deviation = 11.57,HIGH_VOLATILITY
2025-10-27,,伟博加拿大进口99%纯度1100mg成人omega3深海鱼油心血管养护120粒-三瓶装（1年量）【送两瓶价值149的60粒100mg辅酶Q10】-(625273090086*3+628347570705*2),1,11.441361890297934,Low,High sales volatility: 7-day rolling standard deviation = 11.44,HIGH_VOLATILITY
2025-10-27,,伟博天然进口儿童鱼油高脑力DHA软胶囊120粒/瓶-1瓶装-(625273090185*1),2,11.870331162388094,Low,High sales volatility: 7-day rolling standard deviation = 11.87,HIGH_VOLATILITY
2025-10-31,,【官方直播】WebberNaturals伟博深海鱼油1100mg高纯度Omega3 120粒-两瓶装【8个月的量】-(625273090086*2),6,13.136644494368742,Low,High sales volatility: 7-day rolling standard deviation = 13.14,HIGH_VOLATILITY
2025-11-01,,【官方直播】WebberNaturals伟博深海鱼油1100mg高纯度Omega3 120粒-两瓶装【8个月的量】-(625273090086*2),6,13.163803184707461,Low,High sales volatility: 7-day rolling standard deviation = 13.16,HIGH_VOLATILITY
2025-11-01,,【3瓶装】webber naturals胶原蛋白与神经酰胺生物活性胶原肽120片-【3瓶装】webber naturals胶原蛋白与神经酰胺生物活性胶原肽120片-(625273036695*3),3,12.815541160563422,Low,High sales volatility: 7-day rolling standard deviation = 12.82,HIGH_VOLATILITY
2025-11-01,,【效期至2027年12月】伟博天然高纯度深海鱼油omega3成人健身120粒A-一瓶装（体验装）-(625273090086*1),1,12.726051271010224,Low,High sales volatility: 7-day rolling standard deviation = 12.73,HIGH_VOLATILITY
2025-11-01,,WebberNaturals伟博进口叶黄素玉米黄素软胶囊呵护眼睛10mg60粒 z-伟博天然叶黄素玉米黄素软胶囊10mg*60粒*1-(625273033663*1),1,12.828539611796371,Low,High sales volatility: 7-day rolling standard deviation = 12.83,HIGH_VOLATILITY
2025-11-01,,【官方直播】WebberNaturals阳光小金盾小颗粒全家深海鱼油+D3 60粒-1瓶装-(625273071634*1),1,13.201731488169054,Low,High sales volatility: 7-day rolling standard deviation = 13.2,HIGH_VOLATILITY
2025-11-01,,【官方直播】WebberNaturals阳光小金盾小颗粒全家深海鱼油+D3 60粒-2瓶装-(625273071634*2),3,13.416407864998739,Low,High sales volatility: 7-day rolling standard deviation = 13.42,HIGH_VOLATILITY
2025-11-03,,【官方直播】WebberNaturals伟博深海鱼油1100mg高纯度Omega3 120粒-两瓶装【8个月的量】-(625273090086*2),10,12.22993984332828,Low,High sales volatility: 7-day rolling standard deviation = 12.23,HIGH_VOLATILITY
2025-11-03,,【官方直播】WebberNaturals伟博深海鱼油1100mg高纯度Omega3 120粒-三瓶装【1年的量】-(625273090086*3),1,11.874342087037917,Low,High sales volatility: 7-day rolling standard deviation = 11.87,HIGH_VOLATILITY
2025-11-03,,【3瓶装】webber naturals胶原蛋白与神经酰胺生物活性胶原肽120片-【3瓶装】webber naturals胶原蛋白与神经酰胺生物活性胶原肽120片-(625273036695*3),1,11.978154719162317,Low,High sales volatility: 7-day rolling standard deviation = 11.98,HIGH_VOLATILITY
2025-11-03,,WEBBER NATURALS伟博天然高纯度1390mg深海精粹鱼油软胶囊60粒/瓶-120粒*1瓶【4个月量】-(625273090086*1),1,12.342339054382412,Low,High sales volatility: 7-day rolling standard deviation = 12.34,HIGH_VOLATILITY
2025-11-03,,【官方直播】WebberNaturals 95%高纯度omega-3迷你深海鱼油30粒/瓶-1瓶试用装【不推荐】-(625273070781*1),1,12.342339054382412,Low,High sales volatility: 7-day rolling standard deviation = 12.34,HIGH_VOLATILITY
2025-11-03,,【效期至2027年12月】伟博天然高纯度深海鱼油omega3成人健身120粒A-两瓶装（1个周期）【送一瓶安睡宝】-(625273090086*2+990312500179*1),1,12.594405409508129,Low,High sales volatility: 7-day rolling standard deviation = 12.59,HIGH_VOLATILITY
2025-11-03,,【效期至2027年12月】伟博天然高纯度深海鱼油omega3成人健身120粒A-一瓶装（体验装）-(625273090086*1),2,12.733532783279632,Low,High sales volatility: 7-day rolling standard deviation = 12.73,HIGH_VOLATILITY
2025-11-04,,【官方直播】加拿大伟博儿童鱼油高脑力DHA无腥可嚼软胶囊120粒/瓶-2瓶装-(625273090185*2),2,10.838643387259795,Low,High sales volatility: 7-day rolling standard deviation = 10.84,HIGH_VOLATILITY
2025-11-04,,【官方直播】加拿大伟博儿童鱼油高脑力DHA无腥可嚼软胶囊120粒/瓶-1瓶装-(625273090185*1),6,10.754843869934453,Low,High sales volatility: 7-day rolling standard deviation = 10.75,HIGH_VOLATILITY
2025-11-04,,【3瓶装】加拿大伟博天然小分子胶原蛋白多肽粉150g/瓶-3瓶装-(625273036657*3),3,10.451702982676807,Low,High sales volatility: 7-day rolling standard deviation = 10.45,HIGH_VOLATILITY
2025-11-04,,【官方直播】1100mg鱼油120粒+大豆卵磷脂胶囊1200mg180粒鱼油搭档-1100mg鱼油120粒/瓶+大豆卵磷脂胶囊1200mg180粒/瓶-(625273079746*1+625273090086*1),3,10.263202878893768,Low,High sales volatility: 7-day rolling standard deviation = 10.26,HIGH_VOLATILITY
2025-11-04,,【子豪&琳琳】伟博天然进口儿童鱼油高脑力DHA软胶囊120粒/瓶-2瓶装-(625273090185*2),1,10.263202878893768,Low,High sales volatility: 7-day rolling standard deviation = 10.26,HIGH_VOLATILITY
2025-11-04,,【子豪&琳琳】伟博天然进口儿童鱼油高脑力DHA软胶囊120粒/瓶-1瓶装-(625273090185*1),1,10.263202878893768,Low,High sales volatility: 7-day rolling standard deviation = 10.26,HIGH_VOLATILITY
2025-11-04,,伟博加拿大进口99%纯度1100mg成人omega3深海鱼油心血管养护120粒-两瓶装（1个周期）【送一瓶价值149的60粒100mg辅酶Q10】-(625273090086*2+628347570705*1),5,10.469911538262757,Low,High sales volatility: 7-day rolling standard deviation = 10.47,HIGH_VOLATILITY
