sales_date,sku_id,product_name,daily_quantity,rolling_mean_7,spike_ratio,anomaly_type
2024-12-18,	-,【徐冬冬专属】Webber naturals伟博深海鱼油1100mg高纯度Omega3 120粒 z-1瓶装,6,2.0,3.0,SALES_SPIKE
2024-12-21,	-,Webber naturals伟博深海鱼油900mg高纯度Omega3/DHA/EPA 200粒z-伟博油900mg深海鱼油200粒*1,5,1.2857142857142858,3.8888888888888884,SALES_SPIKE
2024-12-23,	-,【官方直播】加拿大伟博Webber鱼油500mgOmega3+D3青少年 100粒/瓶-2瓶装,8,1.1428571428571428,7.0,SALES_SPIKE
2024-12-24,	-,【修贤生日场专属】webber naturals伟博天然加拿大伟博天然进口肉桂精华维稳60粒/瓶-两瓶装,8,2.0,4.0,SALES_SPIKE
2024-12-25,	-,Webber Naturals伟博天然高纯度1390mg深海精粹鱼油软胶囊60粒 z-伟博天然高纯度1390mg深海精粹鱼油60粒*1,7,1.2857142857142858,5.444444444444444,SALES_SPIKE
2024-12-26,	-,Webber Naturals伟博天然高纯度1390mg深海精粹鱼油软胶囊60粒 z-伟博天然高纯度1390mg深海精粹鱼油60粒*1,10,1.8571428571428572,5.384615384615384,SALES_SPIKE
2024-12-27,	-,【官方直播】加拿大伟博儿童鱼油高脑力DHA无腥可嚼软胶囊120粒/瓶-2瓶装,6,1.5714285714285714,3.8181818181818183,SALES_SPIKE
2024-12-29,	-,【徐冬冬专属】Webber naturals伟博深海鱼油1100mg高纯度Omega3 120粒 z-2瓶装,8,1.4285714285714286,5.6,SALES_SPIKE
2024-12-29,	-,【徐冬冬专属】Webber naturals伟博深海鱼油1100mg高纯度Omega3 120粒 z-1瓶装,28,2.4285714285714284,11.529411764705884,SALES_SPIKE
2025-01-05,	-,【鱼油+卵磷脂组合装】1100mg鱼油120粒+大豆卵磷脂胶囊1200mg180粒-1100mg鱼油120粒/瓶+大豆卵磷脂胶囊1200mg180粒/瓶,5,1.5714285714285714,3.181818181818182,SALES_SPIKE
2025-01-06,	-,【徐冬冬专属】Webber naturals伟博深海鱼油1100mg高纯度Omega3 120粒 z-1瓶装,8,2.0,4.0,SALES_SPIKE
2025-01-06,	-,【修贤生日场专属】webber naturals伟博天然加拿大伟博天然进口肉桂精华维稳60粒/瓶-两瓶装,18,2.857142857142857,6.3,SALES_SPIKE
2025-01-07,	-,【修贤生日场专属】webber naturals伟博天然加拿大伟博天然进口肉桂精华维稳60粒/瓶-两瓶装,6,1.5714285714285714,3.8181818181818183,SALES_SPIKE
2025-01-09,	-,webber伟博天然4倍高纯度健身深海鱼油1390mg成人omega3胶囊60粒q-2瓶装+辅酶,14,2.0,7.0,SALES_SPIKE
2025-01-15,	-,【官方直播】加拿大伟博深海鱼油1390mg高纯度Omega3-两瓶装组合,6,1.0,6.0,SALES_SPIKE
2025-01-26,	-,【罗凤魁专属】Webber Naturals伟博天然高纯度1390mg深海精粹鱼油软胶囊60粒 z-伟博天然高纯度1390mg深海精粹鱼油60粒*2,10,1.7142857142857142,5.833333333333334,SALES_SPIKE
2025-01-28,	-,【官方直播】WebberNaturals伟博深海鱼油1390mg高纯度Omega3 120粒-1瓶装,10,1.7142857142857142,5.833333333333334,SALES_SPIKE
2025-01-29,	-,【官方直播】WebberNaturals伟博深海鱼油1390mg高纯度Omega3 120粒-3瓶装,5,1.1428571428571428,4.375,SALES_SPIKE
2025-01-31,	-,【官方直播】WebberNaturals伟博深海鱼油1390mg高纯度Omega3 120粒-5瓶装,5,1.4285714285714286,3.5,SALES_SPIKE
2025-02-05,	-,【重启身材专属】webber naturals伟博天然加拿大伟博天然进口肉桂精华维稳60粒/瓶-两瓶装,5,1.1428571428571428,4.375,SALES_SPIKE
2025-02-18,	-,【官方直播】WebberNaturals伟博深海鱼油1390mg高纯度Omega3 120粒-1瓶装,7,1.2857142857142858,5.444444444444444,SALES_SPIKE
2025-02-19,	-,【重启身材专属】webber naturals伟博天然加拿大伟博天然进口肉桂精华维稳60粒/瓶-两瓶装,11,1.1428571428571428,9.625,SALES_SPIKE
2025-02-21,	-,【官方直播】WebberNaturals伟博深海鱼油1390mg高纯度Omega3 120粒-1瓶装,5,1.2857142857142858,3.8888888888888884,SALES_SPIKE
2025-02-26,	-,【官方直播】WebberNaturals伟博深海鱼油1390mg高纯度Omega3 120粒-1瓶装,8,1.2857142857142858,6.222222222222221,SALES_SPIKE
2025-02-28,	-,【官方直播】加拿大伟博Webber鱼油500mgOmega3+D3青少年 100粒/瓶-2瓶装,5,1.4285714285714286,3.5,SALES_SPIKE
2025-03-01,	-,Webber Naturals伟博天然进口小分子胶原蛋白多肽粉150g z-胶原蛋白多肽粉150g*1,5,1.5714285714285714,3.181818181818182,SALES_SPIKE
2025-03-02,	-,【官方直播】加拿大伟博儿童鱼油高脑力DHA无腥可嚼软胶囊120粒/瓶-2瓶装,5,1.2857142857142858,3.8888888888888884,SALES_SPIKE
2025-03-04,	-,Webber Naturals伟博天然进口小分子胶原蛋白多肽粉150g z-胶原蛋白多肽粉150g*1,5,1.5714285714285714,3.181818181818182,SALES_SPIKE
2025-03-05,	-,【官方直播】加拿大伟博儿童鱼油高脑力DHA无腥可嚼软胶囊120粒/瓶-2瓶装,7,2.0,3.5,SALES_SPIKE
2025-03-08,	-,【官方直播】加拿大伟博儿童鱼油高脑力DHA无腥可嚼软胶囊120粒/瓶-2瓶装,5,1.5714285714285714,3.181818181818182,SALES_SPIKE
2025-03-10,	-,【漂亮开春专属】webber naturals伟博天然加拿大伟博天然进口肉桂精华维稳60粒/瓶-两瓶装,8,1.7142857142857142,4.666666666666667,SALES_SPIKE
2025-03-13,	-,Webber Naturals伟博天然进口小分子胶原蛋白多肽粉150g z-胶原蛋白多肽粉150g*1,49,2.857142857142857,17.15,SALES_SPIKE
2025-03-16,	-,Webber Naturals伟博天然进口小分子胶原蛋白多肽粉150g z-胶原蛋白多肽粉150g*1,5,1.1428571428571428,4.375,SALES_SPIKE
2025-03-17,	-,Webber Naturals伟博天然进口小分子胶原蛋白多肽粉150g z-胶原蛋白多肽粉150g*3,13,1.7142857142857142,7.583333333333334,SALES_SPIKE
2025-03-17,	-,Webber Naturals伟博天然进口小分子胶原蛋白多肽粉150g z-胶原蛋白多肽粉150g*1,38,3.4285714285714284,11.083333333333334,SALES_SPIKE
2025-03-19,	-,【官方直播】加拿大伟博儿童鱼油高脑力DHA无腥可嚼软胶囊120粒/瓶-2瓶装,7,1.4285714285714286,4.8999999999999995,SALES_SPIKE
2025-03-20,	-,Webber Naturals伟博天然进口小分子胶原蛋白多肽粉150g z-胶原蛋白多肽粉150g*1,6,1.4285714285714286,4.2,SALES_SPIKE
2025-03-22,	-,【YY专属】Webber Naturals伟博维生素C1000毫克150粒/瓶（效期至25年9月）-1瓶装,9,1.7142857142857142,5.25,SALES_SPIKE
2025-03-23,	-,Webber Naturals伟博维生素C1000毫克150粒/瓶（效期至25年9月）-1瓶装,6,1.7142857142857142,3.5,SALES_SPIKE
2025-03-23,	-,【YY专属】Webber Naturals伟博维生素C1000毫克150粒/瓶（效期至25年9月）-3瓶装,14,1.8571428571428572,7.538461538461538,SALES_SPIKE
2025-03-23,	-,【YY专属】Webber Naturals伟博维生素C1000毫克150粒/瓶（效期至25年9月）-1瓶装,15,4.142857142857143,3.6206896551724133,SALES_SPIKE
2025-03-24,	-,Webber Naturals伟博维生素C1000毫克150粒/瓶（效期至25年9月）-1瓶装,9,2.857142857142857,3.15,SALES_SPIKE
2025-03-24,	-,【YY专属】Webber Naturals伟博维生素C1000毫克150粒/瓶（效期至25年9月）-1瓶装,14,4.0,3.5,SALES_SPIKE
2025-03-25,	-,Webber Naturals伟博维生素C1000毫克150粒/瓶（效期至25年9月）-3瓶装,13,2.857142857142857,4.55,SALES_SPIKE
2025-03-25,	-,【YY专属】Webber Naturals伟博维生素C1000毫克150粒/瓶（效期至25年9月）-1瓶装,25,4.285714285714286,5.833333333333334,SALES_SPIKE
2025-03-26,	-,Webber Naturals伟博维生素C1000毫克150粒/瓶（效期至25年9月）-1瓶装,47,1.1428571428571428,41.125,SALES_SPIKE
2025-03-26,	-,Webber Naturals伟博维生素C1000毫克150粒/瓶（效期至25年9月）-3瓶装,24,7.714285714285714,3.111111111111111,SALES_SPIKE
2025-03-27,	-,【YY专属】Webber Naturals伟博维生素C1000毫克150粒/瓶（效期至25年9月）-1瓶装,9,2.0,4.5,SALES_SPIKE
2025-03-27,	-,Webber Naturals伟博维生素C1000毫克150粒/瓶（效期至25年9月）-3瓶装,29,3.0,9.666666666666666,SALES_SPIKE
2025-03-27,	-,Webber Naturals伟博维生素C1000毫克150粒/瓶（效期至25年9月）-1瓶装,62,6.857142857142857,9.041666666666668,SALES_SPIKE
2025-03-28,	-,Webber Naturals伟博维生素C1000毫克150粒/瓶（效期至25年9月）-1瓶装,60,1.8571428571428572,32.30769230769231,SALES_SPIKE
2025-03-28,	-,Webber Naturals伟博维生素C1000毫克150粒/瓶（效期至25年9月）-3瓶装,45,10.571428571428571,4.256756756756757,SALES_SPIKE
2025-03-28,	-,【YY专属】Webber Naturals伟博维生素C1000毫克150粒/瓶（效期至25年9月）-1瓶装,7,2.2857142857142856,3.0625,SALES_SPIKE
2025-03-29,	-,Webber Naturals伟博维生素C1000毫克150粒/瓶（效期至25年9月）-1瓶装,45,2.4285714285714284,18.529411764705884,SALES_SPIKE
2025-03-29,	-,Webber Naturals伟博维生素C1000毫克150粒/瓶（效期至25年9月）-3瓶装,40,8.714285714285714,4.59016393442623,SALES_SPIKE
2025-03-30,	-,Webber Naturals伟博维生素C1000毫克150粒/瓶（效期至25年9月）-1瓶装,65,2.0,32.5,SALES_SPIKE
2025-03-30,	-,Webber Naturals伟博维生素C1000毫克150粒/瓶（效期至25年9月）-3瓶装,43,11.0,3.909090909090909,SALES_SPIKE
2025-03-31,	-,Webber Naturals伟博维生素C1000毫克150粒/瓶（效期至25年9月）-1瓶装,45,2.4285714285714284,18.529411764705884,SALES_SPIKE
2025-03-31,	-,Webber Naturals伟博维生素C1000毫克150粒/瓶（效期至25年9月）-3瓶装,27,2.0,13.5,SALES_SPIKE
2025-04-01,	-,Webber Naturals伟博维生素C1000毫克150粒/瓶（效期至25年9月）-1瓶装,39,2.0,19.5,SALES_SPIKE
2025-04-02,	-,Webber Naturals伟博维生素C1000毫克150粒/瓶（效期至25年9月）-3瓶装,33,1.8571428571428572,17.76923076923077,SALES_SPIKE
2025-04-02,	-,Webber Naturals伟博维生素C1000毫克150粒/瓶（效期至25年9月）-1瓶装,26,6.285714285714286,4.136363636363637,SALES_SPIKE
2025-04-03,	-,【官方直播】WebberNaturals伟博深海鱼油1390mg高纯度Omega3 120粒-1瓶装,9,2.7142857142857144,3.31578947368421,SALES_SPIKE
2025-04-03,	-,Webber Naturals伟博维生素C1000毫克150粒/瓶（效期至25年9月）-1瓶装,21,1.8571428571428572,11.307692307692307,SALES_SPIKE
2025-04-04,	-,Webber Naturals伟博维生素C1000毫克150粒/瓶（效期至25年9月）-1瓶装,13,3.142857142857143,4.136363636363637,SALES_SPIKE
2025-04-05,	-,【官方直播】WebberNaturals伟博深海鱼油1390mg高纯度Omega3 120粒-1瓶装,7,1.8571428571428572,3.769230769230769,SALES_SPIKE
2025-04-05,	-,【YY专属】Webber Naturals伟博维生素C1000毫克150粒/瓶（效期至25年9月）-3瓶装,68,2.7142857142857144,25.052631578947366,SALES_SPIKE
2025-04-05,	-,【YY专属】Webber Naturals伟博维生素C1000毫克150粒/瓶（效期至25年9月）-1瓶装,85,14.857142857142858,5.721153846153846,SALES_SPIKE
2025-04-06,	-,Webber Naturals伟博维生素C1000毫克150粒/瓶（效期至25年9月）-1瓶装,25,1.8571428571428572,13.461538461538462,SALES_SPIKE
2025-04-06,	-,Webber Naturals伟博维生素C1000毫克150粒/瓶（效期至25年9月）-3瓶装,17,2.4285714285714284,7.000000000000001,SALES_SPIKE
2025-04-06,	-,【YY专属】Webber Naturals伟博维生素C1000毫克150粒/瓶（效期至25年9月）-1瓶装,46,4.714285714285714,9.757575757575758,SALES_SPIKE
2025-04-07,	-,Webber Naturals伟博维生素C1000毫克150粒/瓶（效期至25年9月）-3瓶装,40,5.0,8.0,SALES_SPIKE
2025-04-07,	-,Webber Naturals伟博维生素C1000毫克150粒/瓶（效期至25年9月）-1瓶装,58,6.714285714285714,8.638297872340425,SALES_SPIKE
2025-04-07,	-,【YY专属】Webber Naturals伟博维生素C1000毫克150粒/瓶（效期至25年9月）-1瓶装,25,2.7142857142857144,9.210526315789473,SALES_SPIKE
2025-04-08,	-,【YY专属】Webber Naturals伟博维生素C1000毫克150粒/瓶（效期至25年9月）-1瓶装,29,8.714285714285714,3.3278688524590168,SALES_SPIKE
2025-04-08,	-,Webber Naturals伟博维生素C1000毫克150粒/瓶（效期至25年9月）-1瓶装,178,2.0,89.0,SALES_SPIKE
2025-04-09,	-,Webber Naturals伟博维生素C1000毫克150粒/瓶（效期至25年9月）-1瓶装,224,1.8571428571428572,120.61538461538461,SALES_SPIKE
2025-04-09,	-,Webber Naturals伟博维生素C1000毫克150粒/瓶（效期至25年9月）-3瓶装,151,33.142857142857146,4.55603448275862,SALES_SPIKE
2025-04-10,	-,Webber Naturals伟博维生素C1000毫克150粒/瓶（效期至25年9月）-3瓶装,110,4.142857142857143,26.551724137931032,SALES_SPIKE
2025-04-10,	-,Webber Naturals伟博维生素C1000毫克150粒/瓶（效期至25年9月）-1瓶装,172,17.857142857142858,9.632,SALES_SPIKE
2025-04-11,	-,【官方直播】WebberNaturals伟博深海鱼油1390mg高纯度Omega3 120粒-1瓶装,12,3.4285714285714284,3.5,SALES_SPIKE
2025-04-11,	-,Webber Naturals伟博维生素C1000毫克150粒/瓶（效期至25年9月）-3瓶装,59,5.142857142857143,11.472222222222221,SALES_SPIKE
2025-04-11,	-,Webber Naturals伟博维生素C1000毫克150粒/瓶（效期至25年9月）-1瓶装,137,13.857142857142858,9.88659793814433,SALES_SPIKE
2025-04-12,	-,Webber Naturals伟博维生素C1000毫克150粒/瓶（效期至25年9月）-3瓶装,105,3.4285714285714284,30.625,SALES_SPIKE
2025-04-12,	-,【官方直播】WebberNaturals伟博深海鱼油1390mg高纯度Omega3 120粒-1瓶装,11,3.2857142857142856,3.347826086956522,SALES_SPIKE
2025-04-12,	-,Webber Naturals伟博维生素C1000毫克150粒/瓶（效期至25年9月）-1瓶装,158,4.285714285714286,36.86666666666667,SALES_SPIKE
2025-04-14,	-,【官方直播】WebberNaturals伟博深海鱼油1390mg高纯度Omega3 120粒-3瓶装,6,1.4285714285714286,4.2,SALES_SPIKE
2025-04-15,	-,【官方直播】WebberNaturals伟博深海鱼油1390mg高纯度Omega3 120粒-3瓶装,9,1.4285714285714286,6.3,SALES_SPIKE
2025-04-16,	-,【官方直播】WebberNaturals伟博深海鱼油1390mg高纯度Omega3 120粒-3瓶装,13,3.142857142857143,4.136363636363637,SALES_SPIKE
2025-04-16,	-,【官方直播】加拿大伟博儿童鱼油高脑力DHA无腥可嚼软胶囊120粒/瓶-2瓶装,5,1.4285714285714286,3.5,SALES_SPIKE
2025-04-17,	-,【官方直播】WebberNaturals伟博深海鱼油1390mg高纯度Omega3 120粒-3瓶装,11,2.142857142857143,5.133333333333334,SALES_SPIKE
2025-04-17,	-,【官方直播】WebberNaturals伟博深海鱼油1390mg高纯度Omega3 120粒-1瓶装,8,2.4285714285714284,3.294117647058824,SALES_SPIKE
2025-04-18,	-,【官方直播】WebberNaturals伟博深海鱼油1390mg高纯度Omega3 120粒-3瓶装,10,2.857142857142857,3.5,SALES_SPIKE
2025-04-19,	-,【官方直播】WebberNaturals伟博深海鱼油1390mg高纯度Omega3 120粒-2瓶装,5,1.5714285714285714,3.181818181818182,SALES_SPIKE
2025-04-19,	-,【官方直播】WebberNaturals伟博深海鱼油1390mg高纯度Omega3 120粒-3瓶装,10,2.142857142857143,4.666666666666667,SALES_SPIKE
2025-04-20,	-,【官方直播】WebberNaturals伟博深海鱼油1390mg高纯度Omega3 120粒-3瓶装,9,1.1428571428571428,7.875,SALES_SPIKE
2025-04-20,	-,【官方直播】WebberNaturals伟博深海鱼油1390mg高纯度Omega3 120粒-1瓶装,8,2.4285714285714284,3.294117647058824,SALES_SPIKE
2025-04-21,	-,【官方直播】加拿大伟博儿童鱼油高脑力DHA无腥可嚼软胶囊120粒/瓶-2瓶装,7,1.2857142857142858,5.444444444444444,SALES_SPIKE
2025-04-21,	-,【官方直播】WebberNaturals伟博深海鱼油1390mg高纯度Omega3 120粒-3瓶装,11,2.7142857142857144,4.052631578947368,SALES_SPIKE
2025-04-22,	-,【官方直播】WebberNaturals伟博深海鱼油1390mg高纯度Omega3 120粒-3瓶装,6,1.2857142857142858,4.666666666666666,SALES_SPIKE
2025-04-22,	-,Webber Naturals伟博维生素C1000毫克150粒/瓶（效期至25年9月）-1瓶装,7,2.0,3.5,SALES_SPIKE
2025-04-22,	-,【官方直播】WebberNaturals伟博深海鱼油1390mg高纯度Omega3 120粒-1瓶装,9,2.5714285714285716,3.4999999999999996,SALES_SPIKE
2025-04-23,	-,【官方直播】WebberNaturals伟博深海鱼油1390mg高纯度Omega3 120粒-3瓶装,8,1.4285714285714286,5.6,SALES_SPIKE
2025-04-25,	-,【官方直播】WebberNaturals伟博深海鱼油1390mg高纯度Omega3 120粒-3瓶装,17,2.142857142857143,7.933333333333334,SALES_SPIKE
2025-04-26,	-,【官方直播】WebberNaturals伟博深海鱼油1390mg高纯度Omega3 120粒-3瓶装,13,2.142857142857143,6.066666666666666,SALES_SPIKE
2025-04-26,	-,【官方直播】加拿大伟博Webber鱼油500mgOmega3+D3青少年 100粒/瓶-2瓶装,5,1.4285714285714286,3.5,SALES_SPIKE
2025-04-26,	-,【官方直播】WebberNaturals伟博深海鱼油1390mg高纯度Omega3 120粒-1瓶装,9,2.0,4.5,SALES_SPIKE
2025-04-27,	-,【官方直播】WebberNaturals伟博深海鱼油1390mg高纯度Omega3 120粒-1瓶装,9,3.0,3.0,SALES_SPIKE
2025-04-29,	-,【官方直播】WebberNaturals伟博深海鱼油1390mg高纯度Omega3 120粒-3瓶装,14,1.4285714285714286,9.799999999999999,SALES_SPIKE
2025-04-30,	-,Webber Naturals伟博天然进口小分子胶原蛋白多肽粉150g z-胶原蛋白多肽粉150g*1,9,1.2857142857142858,6.999999999999999,SALES_SPIKE
2025-04-30,	-,【官方直播】WebberNaturals伟博深海鱼油1390mg高纯度Omega3 120粒-3瓶装,9,2.4285714285714284,3.7058823529411766,SALES_SPIKE
2025-05-01,	-,【官方直播】WebberNaturals伟博深海鱼油1390mg高纯度Omega3 120粒-1瓶装,6,1.8571428571428572,3.230769230769231,SALES_SPIKE
2025-05-02,	-,【官方直播】WebberNaturals伟博深海鱼油1390mg高纯度Omega3 120粒-1瓶装,8,1.4285714285714286,5.6,SALES_SPIKE
2025-05-03,	-,【官方直播】WebberNaturals伟博深海鱼油1390mg高纯度Omega3 120粒-1瓶装,6,1.7142857142857142,3.5,SALES_SPIKE
2025-05-06,	-,【官方直播】加拿大伟博Webber鱼油500mgOmega3+D3青少年 100粒/瓶-2瓶装,5,1.2857142857142858,3.8888888888888884,SALES_SPIKE
2025-07-11,	-,【官方直播】WebberNaturals伟博深海鱼油1100mg高纯度Omega3 120粒-一瓶装【4个月的量】,5,1.2857142857142858,3.8888888888888884,SALES_SPIKE
2025-07-18,	-,【官方直播】WebberNaturals伟博深海鱼油1100mg高纯度Omega3 120粒-一瓶装【4个月的量】,10,1.8571428571428572,5.384615384615384,SALES_SPIKE
2025-07-19,	-,【官方直播】WebberNaturals伟博深海鱼油1100mg高纯度Omega3 120粒-一瓶装【4个月的量】,12,3.142857142857143,3.8181818181818183,SALES_SPIKE
2025-07-20,	-,【官方直播】WebberNaturals伟博深海鱼油1100mg高纯度Omega3 120粒-一瓶装【4个月的量】,7,1.5714285714285714,4.454545454545455,SALES_SPIKE
2025-07-21,	-,【官方直播】WebberNaturals伟博深海鱼油1100mg高纯度Omega3 120粒-一瓶装【4个月的量】,10,2.2857142857142856,4.375,SALES_SPIKE
2025-07-22,	-,【官方直播】WebberNaturals伟博深海鱼油1100mg高纯度Omega3 120粒-一瓶装【4个月的量】,9,1.7142857142857142,5.25,SALES_SPIKE
2025-07-24,	-,【官方直播】WebberNaturals伟博深海鱼油1100mg高纯度Omega3 120粒-一瓶装【4个月的量】,8,1.4285714285714286,5.6,SALES_SPIKE
2025-07-26,	-,【官方直播】WebberNaturals伟博深海鱼油1100mg高纯度Omega3 120粒-一瓶装【4个月的量】,6,1.2857142857142858,4.666666666666666,SALES_SPIKE
2025-07-27,	-,【官方直播】WebberNaturals伟博深海鱼油1100mg高纯度Omega3 120粒-一瓶装【4个月的量】,15,2.142857142857143,7.0,SALES_SPIKE
2025-07-28,	-,【官方直播】WebberNaturals伟博深海鱼油1100mg高纯度Omega3 120粒-一瓶装【4个月的量】,6,1.7142857142857142,3.5,SALES_SPIKE
2025-07-29,	-,【官方直播】WebberNaturals伟博深海鱼油1100mg高纯度Omega3 120粒-一瓶装【4个月的量】,12,2.2857142857142856,5.25,SALES_SPIKE
2025-07-30,	-,【官方直播】WebberNaturals伟博深海鱼油1100mg高纯度Omega3 120粒-一瓶装【4个月的量】,9,1.5714285714285714,5.7272727272727275,SALES_SPIKE
2025-07-31,	-,【官方直播】WebberNaturals伟博深海鱼油1100mg高纯度Omega3 120粒-一瓶装【4个月的量】,13,2.5714285714285716,5.055555555555555,SALES_SPIKE
2025-08-01,	-,【官方直播】WebberNaturals伟博深海鱼油1100mg高纯度Omega3 120粒-一瓶装【4个月的量】,7,1.7142857142857142,4.083333333333334,SALES_SPIKE
2025-08-02,	-,【官方直播】WebberNaturals伟博深海鱼油1100mg高纯度Omega3 120粒-一瓶装【4个月的量】,7,1.1428571428571428,6.125,SALES_SPIKE
2025-08-02,	-,伟博加拿大进口99%纯度1100mg成人omega3深海鱼油心血管养护120粒-1瓶装（4个月的量）,5,1.0,5.0,SALES_SPIKE
2025-08-03,	-,【官方直播】WebberNaturals伟博深海鱼油1100mg高纯度Omega3 120粒-一瓶装【4个月的量】,6,1.4285714285714286,4.2,SALES_SPIKE
2025-08-04,	-,【官方直播】WebberNaturals伟博深海鱼油1100mg高纯度Omega3 120粒-一瓶装【4个月的量】,6,1.8571428571428572,3.230769230769231,SALES_SPIKE
2025-08-04,	-,Webber Naturals伟博天然进口小分子胶原蛋白多肽粉150g z-胶原蛋白多肽粉150g*1,8,1.8571428571428572,4.3076923076923075,SALES_SPIKE
2025-08-06,	-,【官方直播】WebberNaturals伟博深海鱼油1100mg高纯度Omega3 120粒-一瓶装【4个月的量】,6,1.5714285714285714,3.8181818181818183,SALES_SPIKE
2025-08-10,	-,【官方直播】WebberNaturals伟博深海鱼油1100mg高纯度Omega3 120粒-一瓶装【4个月的量】-(625273090086*1),5,1.0,5.0,SALES_SPIKE
2025-08-11,	-,【官方直播】WebberNaturals伟博深海鱼油1100mg高纯度Omega3 120粒-一瓶装【4个月的量】,7,1.0,7.0,SALES_SPIKE
2025-08-13,	-,【官方直播】WebberNaturals伟博深海鱼油1100mg高纯度Omega3 120粒-一瓶装【4个月的量】-(625273090086*1),9,2.5714285714285716,3.4999999999999996,SALES_SPIKE
2025-08-14,	-,【官方直播】WebberNaturals伟博深海鱼油1100mg高纯度Omega3 120粒-一瓶装【4个月的量】-(625273090086*1),9,1.7142857142857142,5.25,SALES_SPIKE
2025-08-15,	-,【官方直播】WebberNaturals伟博深海鱼油1100mg高纯度Omega3 120粒-一瓶装【4个月的量】-(625273090086*1),14,2.142857142857143,6.533333333333333,SALES_SPIKE
2025-08-16,	-,【官方直播】WebberNaturals伟博深海鱼油1100mg高纯度Omega3 120粒-一瓶装【4个月的量】-(625273090086*1),15,1.0,15.0,SALES_SPIKE
2025-08-16,	-,Webber Naturals伟博天然高纯度1100mg深海精粹鱼油软胶囊60粒 D-1瓶装-(625273090420*1),11,2.0,5.5,SALES_SPIKE
2025-08-17,	-,Webber Naturals伟博天然高纯度1100mg深海精粹鱼油软胶囊60粒 D-1瓶装-(625273090420*1),18,3.142857142857143,5.7272727272727275,SALES_SPIKE
2025-08-17,	-,【官方直播】WebberNaturals伟博深海鱼油1100mg高纯度Omega3 120粒-一瓶装【4个月的量】-(625273090086*1),17,4.571428571428571,3.71875,SALES_SPIKE
2025-08-18,	-,伟博加拿大进口99%纯度1100mg成人omega3深海鱼油心血管养护120粒-一瓶装（体验装）-(625273090086*1),5,1.1428571428571428,4.375,SALES_SPIKE
2025-08-19,	-,Webber Naturals伟博天然高纯度1100mg深海精粹鱼油软胶囊60粒 D-1瓶装-(625273090420*1),8,2.5714285714285716,3.1111111111111107,SALES_SPIKE
2025-08-19,	-,【官方直播】WebberNaturals伟博深海鱼油1100mg高纯度Omega3 120粒-一瓶装【4个月的量】-(625273090086*1),16,2.857142857142857,5.6,SALES_SPIKE
2025-08-20,	-,Webber Naturals伟博天然高纯度1100mg深海精粹鱼油软胶囊60粒 D-1瓶装-(625273090420*1),9,1.7142857142857142,5.25,SALES_SPIKE
2025-08-20,	-,【官方直播】WebberNaturals伟博深海鱼油1100mg高纯度Omega3 120粒-一瓶装【4个月的量】-(625273090086*1),12,2.7142857142857144,4.421052631578947,SALES_SPIKE
2025-08-20,	-,伟博加拿大进口99%纯度1100mg成人omega3深海鱼油心血管养护120粒-1瓶装（4个月的量）-(625273090086*1),5,1.4285714285714286,3.5,SALES_SPIKE
2025-08-21,	-,【官方直播】WebberNaturals伟博深海鱼油1100mg高纯度Omega3 120粒-一瓶装【4个月的量】-(625273090086*1),15,2.4285714285714284,6.176470588235294,SALES_SPIKE
2025-08-23,	-,【官方直播】WebberNaturals伟博深海鱼油1100mg高纯度Omega3 120粒-一瓶装【4个月的量】-(625273090086*1),9,2.142857142857143,4.2,SALES_SPIKE
2025-08-23,	-,伟博加拿大进口99%纯度1100mg成人omega3深海鱼油心血管养护120粒-一瓶装（体验装）-(625273090086*1),13,2.5714285714285716,5.055555555555555,SALES_SPIKE
2025-08-24,	-,【官方直播】WebberNaturals伟博深海鱼油1100mg高纯度Omega3 120粒-一瓶装【4个月的量】-(625273090086*1),12,1.8571428571428572,6.461538461538462,SALES_SPIKE
2025-08-25,	-,伟博加拿大进口99%纯度1100mg成人omega3深海鱼油心血管养护120粒-一瓶装（体验装）-(625273090086*1),8,1.1428571428571428,7.0,SALES_SPIKE
2025-08-25,	-,【官方直播】WebberNaturals伟博深海鱼油1100mg高纯度Omega3 120粒-一瓶装【4个月的量】-(625273090086*1),12,2.857142857142857,4.2,SALES_SPIKE
2025-08-26,	-,【官方直播】WebberNaturals伟博深海鱼油1100mg高纯度Omega3 120粒-一瓶装【4个月的量】-(625273090086*1),11,3.4285714285714284,3.2083333333333335,SALES_SPIKE
2025-08-27,	-,【官方直播】WebberNaturals伟博深海鱼油1100mg高纯度Omega3 120粒-一瓶装【4个月的量】-(625273090086*1),12,1.4285714285714286,8.4,SALES_SPIKE
2025-08-28,	-,【官方直播】WebberNaturals伟博深海鱼油1100mg高纯度Omega3 120粒-一瓶装【4个月的量】-(625273090086*1),9,2.7142857142857144,3.31578947368421,SALES_SPIKE
2025-08-29,	-,【官方直播】WebberNaturals伟博深海鱼油1100mg高纯度Omega3 120粒-一瓶装【4个月的量】-(625273090086*1),20,3.2857142857142856,6.086956521739131,SALES_SPIKE
2025-08-29,	-,伟博加拿大进口99%纯度1100mg成人omega3深海鱼油心血管养护120粒-一瓶装（体验装）-(625273090086*1),14,4.285714285714286,3.2666666666666666,SALES_SPIKE
2025-08-31,	-,【官方直播】WebberNaturals伟博深海鱼油1100mg高纯度Omega3 120粒-一瓶装【4个月的量】-(625273090086*1),10,1.4285714285714286,7.0,SALES_SPIKE
2025-09-01,	-,【官方直播】WebberNaturals伟博深海鱼油1100mg高纯度Omega3 120粒-一瓶装【4个月的量】-(625273090086*1),13,2.857142857142857,4.55,SALES_SPIKE
2025-09-02,	-,【官方直播】WebberNaturals伟博深海鱼油1100mg高纯度Omega3 120粒-一瓶装【4个月的量】-(625273090086*1),12,1.0,12.0,SALES_SPIKE
2025-09-03,	-,【官方直播】WebberNaturals伟博深海鱼油1100mg高纯度Omega3 120粒-一瓶装【4个月的量】-(625273090086*1),7,1.4285714285714286,4.8999999999999995,SALES_SPIKE
2025-09-04,	-,伟博加拿大进口99%纯度1100mg成人omega3深海鱼油心血管养护120粒-一瓶装（体验装）-(625273090086*1),13,3.2857142857142856,3.956521739130435,SALES_SPIKE
2025-09-05,	-,【官方直播】WebberNaturals伟博深海鱼油1100mg高纯度Omega3 120粒-一瓶装【4个月的量】-(625273090086*1),13,2.5714285714285716,5.055555555555555,SALES_SPIKE
2025-09-05,	-,伟博加拿大进口99%纯度1100mg成人omega3深海鱼油心血管养护120粒-一瓶装（体验装）-(625273090086*1),10,1.5714285714285714,6.363636363636364,SALES_SPIKE
2025-09-06,	-,【韩大宝专属】WebberNaturals伟博500mg维生素C胶囊60粒  效期到2026-06-30-3瓶装-(625273076622*3),14,3.0,4.666666666666667,SALES_SPIKE
2025-09-06,	-,【官方直播】WebberNaturals伟博深海鱼油1100mg高纯度Omega3 120粒-一瓶装【4个月的量】-(625273090086*1),17,4.0,4.25,SALES_SPIKE
2025-09-07,	-,【官方直播】WebberNaturals伟博深海鱼油1100mg高纯度Omega3 120粒-一瓶装【4个月的量】-(625273090086*1),12,2.2857142857142856,5.25,SALES_SPIKE
2025-09-09,	-,伟博加拿大进口99%纯度1100mg成人omega3深海鱼油心血管养护120粒-一瓶装（体验装）-(625273090086*1),17,2.857142857142857,5.95,SALES_SPIKE
2025-09-09,	-,【官方直播】WebberNaturals伟博深海鱼油1100mg高纯度Omega3 120粒-一瓶装【4个月的量】-(625273090086*1),14,3.4285714285714284,4.083333333333334,SALES_SPIKE
2025-09-10,	-,【官方直播】WebberNaturals伟博深海鱼油1100mg高纯度Omega3 120粒-一瓶装【4个月的量】-(625273090086*1),17,3.7142857142857144,4.576923076923077,SALES_SPIKE
2025-09-10,	-,伟博加拿大进口99%纯度1100mg成人omega3深海鱼油心血管养护120粒-一瓶装（体验装）-(625273090086*1),12,2.142857142857143,5.6000000000000005,SALES_SPIKE
2025-09-11,	-,【官方直播】WebberNaturals伟博深海鱼油1100mg高纯度Omega3 120粒-一瓶装【4个月的量】-(625273090086*1),15,3.4285714285714284,4.375,SALES_SPIKE
2025-09-12,	-,【官方直播】WebberNaturals伟博深海鱼油1100mg高纯度Omega3 120粒-一瓶装【4个月的量】-(625273090086*1),10,2.0,5.0,SALES_SPIKE
2025-09-13,	-,【官方直播】WebberNaturals伟博深海鱼油1100mg高纯度Omega3 120粒-一瓶装【4个月的量】-(625273090086*1),10,1.5714285714285714,6.363636363636364,SALES_SPIKE
2025-09-14,	-,【官方直播】WebberNaturals伟博深海鱼油1100mg高纯度Omega3 120粒-一瓶装【4个月的量】-(625273090086*1),13,1.4285714285714286,9.1,SALES_SPIKE
2025-09-14,	-,伟博加拿大进口99%纯度1100mg成人omega3深海鱼油心血管养护120粒-一瓶装（体验装）-(625273090086*1),16,3.7142857142857144,4.3076923076923075,SALES_SPIKE
2025-09-15,	-,【官方直播】WebberNaturals伟博深海鱼油1100mg高纯度Omega3 120粒-一瓶装【4个月的量】-(625273090086*1),10,2.2857142857142856,4.375,SALES_SPIKE
2025-09-16,	-,【官方直播】WebberNaturals伟博深海鱼油1100mg高纯度Omega3 120粒-一瓶装【4个月的量】-(625273090086*1),15,3.5714285714285716,4.2,SALES_SPIKE
2025-09-17,	-,【官方直播】WebberNaturals伟博深海鱼油1100mg高纯度Omega3 120粒-一瓶装【4个月的量】-(625273090086*1),6,1.7142857142857142,3.5,SALES_SPIKE
2025-09-17,	-,伟博加拿大进口99%纯度1100mg成人omega3深海鱼油心血管养护120粒-一瓶装（体验装）-(625273090086*1),8,1.8571428571428572,4.3076923076923075,SALES_SPIKE
2025-09-18,	-,伟博加拿大进口99%纯度1100mg成人omega3深海鱼油心血管养护120粒-一瓶装（体验装）-(625273090086*1),9,2.4285714285714284,3.7058823529411766,SALES_SPIKE
2025-09-18,	-,【官方直播】WebberNaturals伟博深海鱼油1100mg高纯度Omega3 120粒-一瓶装【4个月的量】-(625273090086*1),12,2.7142857142857144,4.421052631578947,SALES_SPIKE
2025-09-19,	-,【官方直播】加拿大伟博儿童鱼油高脑力DHA无腥可嚼软胶囊120粒/瓶-1瓶装-(625273090185*1),12,1.8571428571428572,6.461538461538462,SALES_SPIKE
2025-09-19,	-,【美彤专属】【成人拍】WebberNaturals高纯度深海鱼油omega3成人健身鱼油120粒-【成人拍】1瓶装（送一瓶40mg叶黄素）-(625273090086*1+625273070255*1),13,3.7142857142857144,3.5,SALES_SPIKE
2025-09-20,	-,伟博加拿大进口99%纯度1100mg成人omega3深海鱼油心血管养护120粒-一瓶装（体验装）-(625273090086*1),19,5.142857142857143,3.694444444444444,SALES_SPIKE
2025-09-20,	-,【美彤专属】【成人拍】WebberNaturals高纯度深海鱼油omega3成人健身鱼油120粒-【成人拍】1瓶装（送一瓶40mg叶黄素）-(625273090086*1+625273070255*1),27,4.142857142857143,6.517241379310344,SALES_SPIKE
2025-09-21,	-,【美彤专属】【成人拍】WebberNaturals高纯度深海鱼油omega3成人健身鱼油120粒-【成人拍】1瓶装（送一瓶40mg叶黄素）-(625273090086*1+625273070255*1),45,7.142857142857143,6.3,SALES_SPIKE
2025-09-21,	-,伟博加拿大进口99%纯度1100mg成人omega3深海鱼油心血管养护120粒-一瓶装（体验装）-(625273090086*1),11,2.7142857142857144,4.052631578947368,SALES_SPIKE
2025-09-22,	-,【美彤专属】【成人拍】WebberNaturals高纯度深海鱼油omega3成人健身鱼油120粒-【成人拍】1瓶装（送一瓶40mg叶黄素）-(625273090086*1+625273070255*1),29,5.428571428571429,5.342105263157895,SALES_SPIKE
2025-09-23,	-,【官方直播】WebberNaturals伟博深海鱼油1100mg高纯度Omega3 120粒-一瓶装【4个月的量】-(625273090086*1),15,1.7142857142857142,8.75,SALES_SPIKE
2025-09-24,	-,【官方直播】WebberNaturals伟博深海鱼油1100mg高纯度Omega3 120粒-一瓶装【4个月的量】-(625273090086*1),13,3.857142857142857,3.3703703703703702,SALES_SPIKE
2025-09-25,	-,伟博加拿大进口99%纯度1100mg成人omega3深海鱼油心血管养护120粒-一瓶装（体验装）-(625273090086*1),10,1.5714285714285714,6.363636363636364,SALES_SPIKE
2025-09-25,	-,【美彤专属】【成人拍】WebberNaturals高纯度深海鱼油omega3成人健身鱼油120粒-【成人拍】1瓶装（送一瓶40mg叶黄素）-(625273090086*1+625273070255*1),11,2.857142857142857,3.85,SALES_SPIKE
2025-09-25,	-,【官方直播】WebberNaturals伟博深海鱼油1100mg高纯度Omega3 120粒-一瓶装【4个月的量】-(625273090086*1),13,1.7142857142857142,7.583333333333334,SALES_SPIKE
2025-09-26,	-,【官方直播】WebberNaturals伟博深海鱼油1100mg高纯度Omega3 120粒-一瓶装【4个月的量】-(625273090086*1),15,1.2857142857142858,11.666666666666666,SALES_SPIKE
2025-09-27,	-,【官方直播】WebberNaturals伟博深海鱼油1100mg高纯度Omega3 120粒-一瓶装【4个月的量】-(625273090086*1),13,2.857142857142857,4.55,SALES_SPIKE
2025-09-27,	-,【护发美甲美肤】进口VB烟酰胺锌硒女士全能营养素30粒26-5-30-3瓶装-(625273079975*3),12,1.7142857142857142,7.0,SALES_SPIKE
2025-09-28,	-,【官方直播】WebberNaturals伟博深海鱼油1100mg高纯度Omega3 120粒-一瓶装【4个月的量】-(625273090086*1),10,1.4285714285714286,7.0,SALES_SPIKE
2025-09-28,	-,【护发美甲美肤】进口VB烟酰胺锌硒女士全能营养素30粒26-5-30-3瓶装-(625273079975*3),21,4.142857142857143,5.068965517241379,SALES_SPIKE
2025-09-29,	-,【官方直播】WebberNaturals伟博深海鱼油1100mg高纯度Omega3 120粒-一瓶装【4个月的量】-(625273090086*1),19,2.0,9.5,SALES_SPIKE
2025-09-30,	-,【免疫力】进口500mg维生素C缓释胶囊60粒 效期到2026-06-30-3瓶装-(625273076622*3),22,5.428571428571429,4.052631578947368,SALES_SPIKE
2025-10-01,	-,【官方直播】WebberNaturals伟博深海鱼油1100mg高纯度Omega3 120粒-一瓶装【4个月的量】-(625273090086*1),14,3.857142857142857,3.6296296296296298,SALES_SPIKE
2025-10-01,	-,【免疫力】进口500mg维生素C缓释胶囊60粒 效期到2026-06-30-3瓶装-(625273076622*3),14,3.857142857142857,3.6296296296296298,SALES_SPIKE
2025-10-02,	-,【官方直播】WebberNaturals伟博深海鱼油1100mg高纯度Omega3 120粒-一瓶装【4个月的量】-(625273090086*1),10,2.5714285714285716,3.8888888888888884,SALES_SPIKE
2025-10-03,	-,【官方直播】WebberNaturals伟博深海鱼油1100mg高纯度Omega3 120粒-一瓶装【4个月的量】-(625273090086*1),12,2.4285714285714284,4.9411764705882355,SALES_SPIKE
2025-10-03,	-,【美彤专属】【成人拍】WebberNaturals高纯度深海鱼油omega3成人健身鱼油120粒-【成人拍】1瓶装（送一瓶40mg叶黄素）-(625273090086*1+625273070255*1),338,3.4285714285714284,98.58333333333334,SALES_SPIKE
2025-10-04,	-,【美彤专属】【成人拍】WebberNaturals高纯度深海鱼油omega3成人健身鱼油120粒-【成人拍】1瓶装（送一瓶40mg叶黄素）-(625273090086*1+625273070255*1),16,3.5714285714285716,4.4799999999999995,SALES_SPIKE
2025-10-06,	-,【官方直播】WebberNaturals伟博深海鱼油1100mg高纯度Omega3 120粒-一瓶装【4个月的量】-(625273090086*1),8,2.142857142857143,3.7333333333333334,SALES_SPIKE
2025-10-07,	-,【官方直播】WebberNaturals伟博深海鱼油1100mg高纯度Omega3 120粒-一瓶装【4个月的量】-(625273090086*1),9,1.8571428571428572,4.846153846153846,SALES_SPIKE
2025-10-08,	-,【官方直播】WebberNaturals伟博深海鱼油1100mg高纯度Omega3 120粒-一瓶装【4个月的量】-(625273090086*1),12,2.0,6.0,SALES_SPIKE
2025-10-08,	-,【美彤专属】【成人拍】WebberNaturals高纯度深海鱼油omega3成人健身鱼油120粒-【成人拍】1瓶装（送一瓶40mg叶黄素）-(625273090086*1+625273070255*1),6,2.0,3.0,SALES_SPIKE
2025-10-09,	-,【官方直播】加拿大伟博儿童鱼油高脑力DHA无腥可嚼软胶囊120粒/瓶-1瓶装-(625273090185*1),9,1.7142857142857142,5.25,SALES_SPIKE
2025-10-09,	-,【官方直播】WebberNaturals伟博深海鱼油1100mg高纯度Omega3 120粒-一瓶装【4个月的量】-(625273090086*1),11,2.142857142857143,5.133333333333334,SALES_SPIKE
2025-10-10,	-,伟博加拿大进口99%纯度1100mg成人omega3深海鱼油心血管养护120粒-一瓶装（体验装）-(625273090086*1),8,2.5714285714285716,3.1111111111111107,SALES_SPIKE
2025-10-10,	-,【官方直播】WebberNaturals伟博深海鱼油1100mg高纯度Omega3 120粒-一瓶装【4个月的量】-(625273090086*1),20,1.7142857142857142,11.666666666666668,SALES_SPIKE
2025-10-11,	-,【护发美甲美肤】进口VB烟酰胺锌硒女士全能营养素30粒26-5-30-3瓶装-(625273079975*3),128,1.1428571428571428,112.0,SALES_SPIKE
2025-10-12,	-,【官方直播】WebberNaturals伟博深海鱼油1100mg高纯度Omega3 120粒-一瓶装【4个月的量】-(625273090086*1),12,2.0,6.0,SALES_SPIKE
2025-10-13,	-,【官方直播】WebberNaturals伟博深海鱼油1100mg高纯度Omega3 120粒-一瓶装【4个月的量】-(625273090086*1),18,1.1428571428571428,15.75,SALES_SPIKE
2025-10-13,	-,伟博加拿大进口99%纯度1100mg成人omega3深海鱼油心血管养护120粒-一瓶装（体验装）-(625273090086*1),7,2.142857142857143,3.2666666666666666,SALES_SPIKE
2025-10-13,	-,【免疫力】进口500mg维生素C缓释胶囊60粒 效期到2026-06-30-3瓶装-(625273076622*3),74,2.7142857142857144,27.263157894736842,SALES_SPIKE
2025-10-15,	-,【官方直播】WebberNaturals伟博深海鱼油1100mg高纯度Omega3 120粒-一瓶装【4个月的量】-(625273090086*1),8,1.7142857142857142,4.666666666666667,SALES_SPIKE
2025-10-15,	-,【免疫力】进口500mg维生素C缓释胶囊60粒 效期到2026-06-30-3瓶装-(625273076622*3),31,2.142857142857143,14.466666666666667,SALES_SPIKE
2025-10-16,	-,伟博加拿大进口99%纯度1100mg成人omega3深海鱼油心血管养护120粒-一瓶装（体验装）-(625273090086*1),9,1.4285714285714286,6.3,SALES_SPIKE
2025-10-16,	-,【免疫力】进口500mg维生素C缓释胶囊60粒 效期到2026-06-30-3瓶装-(625273076622*3),9,2.7142857142857144,3.31578947368421,SALES_SPIKE
2025-10-17,	-,伟博加拿大进口99%纯度1100mg成人omega3深海鱼油心血管养护120粒-一瓶装（体验装）-(625273090086*1),6,1.2857142857142858,4.666666666666666,SALES_SPIKE
2025-10-17,	-,【免疫力】进口500mg维生素C缓释胶囊60粒 效期到2026-06-30-3瓶装-(625273076622*3),20,2.142857142857143,9.333333333333334,SALES_SPIKE
2025-10-20,	-,【官方直播】加拿大伟博儿童鱼油高脑力DHA无腥可嚼软胶囊120粒/瓶-1瓶装-(625273090185*1),7,1.2857142857142858,5.444444444444444,SALES_SPIKE
2025-10-20,	-,【官方直播】WebberNaturals伟博深海鱼油1100mg高纯度Omega3 120粒-一瓶装【4个月的量】-(625273090086*1),12,2.142857142857143,5.6000000000000005,SALES_SPIKE
2025-10-20,	-,伟博加拿大进口99%纯度1100mg成人omega3深海鱼油心血管养护120粒-一瓶装（体验装）-(625273090086*1),5,1.4285714285714286,3.5,SALES_SPIKE
2025-10-21,	-,【官方直播】WebberNaturals伟博深海鱼油1100mg高纯度Omega3 120粒-一瓶装【4个月的量】-(625273090086*1),8,1.8571428571428572,4.3076923076923075,SALES_SPIKE
2025-10-22,	-,伟博加拿大进口99%纯度1100mg成人omega3深海鱼油心血管养护120粒-一瓶装（体验装）-(625273090086*1),5,1.5714285714285714,3.181818181818182,SALES_SPIKE
2025-10-23,	-,伟博加拿大进口99%纯度1100mg成人omega3深海鱼油心血管养护120粒-一瓶装（体验装）-(625273090086*1),9,2.0,4.5,SALES_SPIKE
2025-10-24,	-,【官方直播】WebberNaturals伟博深海鱼油1100mg高纯度Omega3 120粒-一瓶装【4个月的量】-(625273090086*1),12,1.7142857142857142,7.0,SALES_SPIKE
2025-10-25,	-,【免疫力】进口500mg维生素C缓释胶囊60粒 效期到2026-06-30-3瓶装-(625273076622*3),36,3.142857142857143,11.454545454545455,SALES_SPIKE
2025-10-26,	-,伟博加拿大进口99%纯度1100mg成人omega3深海鱼油心血管养护120粒-一瓶装（体验装）-(625273090086*1),5,1.4285714285714286,3.5,SALES_SPIKE
2025-10-26,	-,【免疫力】进口500mg维生素C缓释胶囊60粒 效期到2026-06-30-3瓶装-(625273076622*3),14,2.142857142857143,6.533333333333333,SALES_SPIKE
2025-10-29,	-,伟博加拿大进口99%纯度1100mg成人omega3深海鱼油心血管养护120粒-一瓶装（体验装）-(625273090086*1),15,1.5714285714285714,9.545454545454545,SALES_SPIKE
2025-10-30,	-,伟博加拿大进口99%纯度1100mg成人omega3深海鱼油心血管养护120粒-一瓶装（体验装）-(625273090086*1),10,3.142857142857143,3.181818181818182,SALES_SPIKE
2025-10-31,	-,【官方直播】加拿大伟博儿童鱼油高脑力DHA无腥可嚼软胶囊120粒/瓶-1瓶装-(625273090185*1),7,1.0,7.0,SALES_SPIKE
2025-10-31,	-,伟博加拿大进口99%纯度1100mg成人omega3深海鱼油心血管养护120粒-一瓶装（体验装）-(625273090086*1),7,2.2857142857142856,3.0625,SALES_SPIKE
2025-11-03,	-,伟博加拿大进口99%纯度1100mg成人omega3深海鱼油心血管养护120粒-一瓶装（体验装）-(625273090086*1),13,1.7142857142857142,7.583333333333334,SALES_SPIKE
2025-11-04,	-,伟博加拿大进口99%纯度1100mg成人omega3深海鱼油心血管养护120粒-两瓶装（1个周期）【送一瓶价值149的60粒100mg辅酶Q10】-(625273090086*2+628347570705*1),5,1.4285714285714286,3.5,SALES_SPIKE
2025-11-05,	-,伟博加拿大进口99%纯度1100mg成人omega3深海鱼油心血管养护120粒-一瓶装（体验装）-(625273090086*1),8,1.5714285714285714,5.090909090909091,SALES_SPIKE
2025-11-05,	-,【官方直播】加拿大伟博儿童鱼油高脑力DHA无腥可嚼软胶囊120粒/瓶-1瓶装-(625273090185*1),9,2.5714285714285716,3.4999999999999996,SALES_SPIKE
2025-03-05,	7054785415521403139,webber naturals伟博深海鱼油Omega3 80粒/瓶-默认-(DYWEB625273033953),6,1.0,6.0,SALES_SPIKE
2024-12-18,	7054785415521419523,webbernaturals进口儿童鱼油高DHA青少年Omega-3甜橙味120粒/瓶-默认-(DYWEB625273033496),15,4.142857142857143,3.6206896551724133,SALES_SPIKE
2025-01-02,	7054785415521419523,伟博天然儿童鱼油150mg高DHA香橙味omega3IVO认证脑黄金120粒6岁+-默认-(DYWEB625273033496),7,1.8571428571428572,3.769230769230769,SALES_SPIKE
2025-01-03,	7054785415521419523,伟博天然儿童鱼油150mg高DHA香橙味omega3IVO认证脑黄金120粒6岁+-默认-(DYWEB625273033496),9,2.7142857142857144,3.31578947368421,SALES_SPIKE
2025-01-10,	7054785415521419523,伟博天然儿童鱼油150mg高DHA香橙味omega3IVO认证脑黄金120粒6岁+-默认-(DYWEB625273033496),11,3.4285714285714284,3.2083333333333335,SALES_SPIKE
2025-01-27,	7054785415521419523,伟博天然儿童鱼油150mg高DHA香橙味omega3IVO认证脑黄金120粒6岁+-默认-(DYWEB625273033496),17,3.4285714285714284,4.958333333333334,SALES_SPIKE
2025-01-29,	7054785415521419523,伟博天然儿童鱼油150mg高DHA香橙味omega3IVO认证脑黄金120粒6岁+-默认-(DYWEB625273033496),14,4.571428571428571,3.0625,SALES_SPIKE
2025-02-20,	7054785415521419523,Webber Naturals儿童鱼油150mg高DHA香橙味omega3脑黄金120粒6岁+-默认-(DYWEB625273033496),48,14.0,3.4285714285714284,SALES_SPIKE
2025-03-20,	7054785415521419523,Webber Naturals儿童鱼油150mg高DHA香橙味omega3脑黄金120粒6岁+-默认-(DYWEB625273033496),45,9.714285714285714,4.632352941176471,SALES_SPIKE
2025-07-12,	7054785415521419523,WEBBER NATURALS6岁+儿童鱼油高DHA香橙味欧米伽3眼脑同步120粒-默认-(DYWEB625273033496),6,1.8571428571428572,3.230769230769231,SALES_SPIKE
2025-07-16,	7054785415521419523,Webber Naturals儿童鱼油150mg高DHA香橙味omega3脑黄金120粒6岁+-默认-(DYWEB625273033496),14,1.8571428571428572,7.538461538461538,SALES_SPIKE
2025-07-19,	7054785415521419523,Webber Naturals儿童鱼油150mg高DHA香橙味omega3脑黄金120粒6岁+-默认-(DYWEB625273033496),11,2.2857142857142856,4.8125,SALES_SPIKE
2025-07-20,	7054785415521419523,Webber Naturals儿童鱼油150mg高DHA香橙味omega3脑黄金120粒6岁+-默认-(DYWEB625273033496),11,3.2857142857142856,3.347826086956522,SALES_SPIKE
2025-07-21,	7054785415521419523,Webber Naturals儿童鱼油150mg高DHA香橙味omega3脑黄金120粒6岁+-默认-(DYWEB625273033496),13,4.285714285714286,3.033333333333333,SALES_SPIKE
2025-07-25,	7054785415521419523,WEBBER NATURALS6岁+儿童鱼油高DHA香橙味欧米伽3眼脑同步120粒-默认-(DYWEB625273033496),11,2.5714285714285716,4.277777777777778,SALES_SPIKE
2025-07-26,	7054785415521419523,WEBBER NATURALS6岁+儿童鱼油高DHA香橙味欧米伽3眼脑同步120粒-默认-(DYWEB625273033496),15,3.142857142857143,4.7727272727272725,SALES_SPIKE
2025-07-29,	7054785415521419523,WEBBER NATURALS6岁+儿童鱼油高DHA香橙味欧米伽3眼脑同步120粒-默认-(DYWEB625273033496),11,3.0,3.6666666666666665,SALES_SPIKE
2025-07-30,	7054785415521419523,WEBBER NATURALS6岁+儿童鱼油高DHA香橙味欧米伽3眼脑同步120粒-默认-(DYWEB625273033496),16,4.571428571428571,3.5,SALES_SPIKE
2025-07-31,	7054785415521419523,WEBBER NATURALS6岁+儿童鱼油高DHA香橙味欧米伽3眼脑同步120粒-默认-(DYWEB625273033496),16,5.0,3.2,SALES_SPIKE
2025-08-07,	7054785415521419523,WEBBER NATURALS6岁+儿童鱼油高DHA香橙味欧米伽3眼脑同步120粒-默认-(DYWEB625273033496),22,5.142857142857143,4.277777777777778,SALES_SPIKE
2025-08-10,	7054785415521419523,WEBBER NATURALS6岁+儿童鱼油高DHA香橙味欧米伽3眼脑同步120粒-默认-(DYWEB625273033496),14,4.571428571428571,3.0625,SALES_SPIKE
2025-08-17,	7054785415521419523,WEBBER NATURALS6岁+儿童鱼油高DHA香橙味欧米伽3眼脑同步120粒-默认-(DYWEB625273033496),17,5.571428571428571,3.0512820512820515,SALES_SPIKE
2025-08-20,	7054785415521419523,WEBBER NATURALS6岁+儿童鱼油高DHA香橙味欧米伽3眼脑同步120粒-默认-(DYWEB625273033496),14,4.428571428571429,3.161290322580645,SALES_SPIKE
2025-08-22,	7054785415521419523,WEBBER NATURALS6岁+儿童鱼油高DHA香橙味欧米伽3眼脑同步120粒-默认-(DYWEB625273033496),18,4.428571428571429,4.064516129032258,SALES_SPIKE
2025-08-27,	7054785415521419523,WEBBER NATURALS6岁+儿童鱼油高DHA香橙味欧米伽3眼脑同步120粒-默认-(DYWEB625273033496),13,3.5714285714285716,3.6399999999999997,SALES_SPIKE
2025-08-28,	7054785415521419523,WEBBER NATURALS6岁+儿童鱼油高DHA香橙味欧米伽3眼脑同步120粒-默认-(DYWEB625273033496),18,4.571428571428571,3.9375,SALES_SPIKE
2025-08-29,	7054785415521419523,WEBBER NATURALS6岁+儿童鱼油高DHA香橙味欧米伽3眼脑同步120粒-默认-(DYWEB625273033496),42,6.285714285714286,6.681818181818182,SALES_SPIKE
2025-10-07,	7054785415521419523,WEBBER NATURALS6岁+儿童鱼油高DHA香橙味欧米伽3眼脑同步120粒-默认-(DYWEB625273033496),27,8.857142857142858,3.0483870967741935,SALES_SPIKE
2025-10-08,	7054785415521419523,WEBBER NATURALS6岁+儿童鱼油高DHA香橙味欧米伽3眼脑同步120粒-默认-(DYWEB625273033496),41,10.285714285714286,3.9861111111111107,SALES_SPIKE
2025-01-08,	7054785415630438688,webber naturals伟博天然进口肉桂精华维稳60粒/瓶-默认-(DYWEB625273034370),6,1.6,3.75,SALES_SPIKE
2025-10-27,	7054785415630438688,【官方直播】WebberNaturals伟博深海鱼油1100mg高纯度Omega3 120粒-两瓶装【8个月的量】-(625273090086*2);WEBBER NATURALS高浓缩肉桂精华植物维稳糖值150mg呵护健康60粒-默认-(DYWEB625273034370),8,1.4285714285714286,5.6,SALES_SPIKE
2025-11-04,	7054785415630438688,【官方直播】WebberNaturals伟博深海鱼油1100mg高纯度Omega3 120粒-两瓶装【8个月的量】-(625273090086*2);WEBBER NATURALS高浓缩肉桂精华植物维稳糖值150mg呵护健康60粒-默认-(DYWEB625273034370),10,3.2857142857142856,3.0434782608695654,SALES_SPIKE
2025-10-13,	7054785415630536992,【官方直播】WebberNaturals伟博深海鱼油1100mg高纯度Omega3 120粒-两瓶装【8个月的量】-(625273090086*2);WEBBER NATURALS奶蓟草护肝片姜黄硫辛酸熬夜加班养护65粒护肝片-默认-(DYWEB625273034523),8,2.0,4.0,SALES_SPIKE
2025-10-14,	7054785415630536992,【官方直播】WebberNaturals伟博深海鱼油1100mg高纯度Omega3 120粒-两瓶装【8个月的量】-(625273090086*2);WEBBER NATURALS奶蓟草护肝片姜黄硫辛酸熬夜加班养护65粒护肝片-默认-(DYWEB625273034523),10,3.142857142857143,3.181818181818182,SALES_SPIKE
2025-10-26,	7054785415630536992,【官方直播】WebberNaturals伟博深海鱼油1100mg高纯度Omega3 120粒-两瓶装【8个月的量】-(625273090086*2);WEBBER NATURALS奶蓟草护肝片姜黄硫辛酸熬夜加班养护65粒护肝片-默认-(DYWEB625273034523),22,3.2857142857142856,6.695652173913044,SALES_SPIKE
2025-10-27,	7054785415630536992,【官方直播】WebberNaturals伟博深海鱼油1100mg高纯度Omega3 120粒-两瓶装【8个月的量】-(625273090086*2);WEBBER NATURALS奶蓟草护肝片姜黄硫辛酸熬夜加班养护65粒护肝片-默认-(DYWEB625273034523),18,5.857142857142857,3.073170731707317,SALES_SPIKE
2025-10-30,	7054785415630536992,【官方直播】WebberNaturals伟博深海鱼油1100mg高纯度Omega3 120粒-两瓶装【8个月的量】-(625273090086*2);WEBBER NATURALS奶蓟草护肝片姜黄硫辛酸熬夜加班养护65粒护肝片-默认-(DYWEB625273034523),24,4.0,6.0,SALES_SPIKE
2024-12-11,	7077809856803225896,WebberNaturals伟博深海鱼油900mg高纯度Omega3 DHA/EPA鱼油200粒-默认-(DYWEB625273052985),12,3.2857142857142856,3.6521739130434785,SALES_SPIKE
2024-12-17,	7077809856803225896,Webber naturals伟博深海鱼油900mg高纯度Omega3/DHA/EPA200粒/瓶-默认-(DYWEB625273052985),14,2.142857142857143,6.533333333333333,SALES_SPIKE
2024-12-18,	7077809856803225896,Webber naturals伟博深海鱼油900mg高纯度Omega3/DHA/EPA200粒/瓶-默认-(DYWEB625273052985),22,3.857142857142857,5.703703703703703,SALES_SPIKE
2024-12-19,	7077809856803225896,WebberNaturals伟博深海鱼油900mg高纯度Omega3 DHA/EPA鱼油200粒-默认-(DYWEB625273052985),25,7.0,3.5714285714285716,SALES_SPIKE
2025-03-07,	7077809856803225896,WebberNaturals伟博深海鱼油900mg高纯度Omega3 DHA/EPA鱼油200粒-默认-(DYWEB625273052985),44,12.714285714285714,3.460674157303371,SALES_SPIKE
2025-03-13,	7077809856803225896;7054785415630520608,WebberNaturals伟博深海鱼油900mg高纯度Omega3 DHA/EPA鱼油200粒-默认-(DYWEB625273052985);伟博天然进口α硫辛酸胶囊100mg*60粒/瓶-默认-(DYWEB625273031287),12,4.0,3.0,SALES_SPIKE
2025-03-26,	7077809856803225896;7054785415630520608,WebberNaturals伟博深海鱼油900mg高纯度Omega3 DHA/EPA鱼油200粒-默认-(DYWEB625273052985);伟博天然进口α硫辛酸胶囊100mg*60粒/瓶-默认-(DYWEB625273031287),52,5.142857142857143,10.11111111111111,SALES_SPIKE
2025-03-27,	7077809856803225896;7054785415630520608,WebberNaturals伟博深海鱼油900mg高纯度Omega3 DHA/EPA鱼油200粒-默认-(DYWEB625273052985);伟博天然进口α硫辛酸胶囊100mg*60粒/瓶-默认-(DYWEB625273031287),36,10.857142857142858,3.31578947368421,SALES_SPIKE
2025-03-22,	7077809856803225896;7081274293186969897,WebberNaturals伟博深海鱼油900mg高纯度Omega3 DHA/EPA鱼油200粒-默认-(DYWEB625273052985);【效期至25年8月】伟博复合氨糖维骨素胶囊三倍营养骨骼120粒/瓶-默认-(DYWEB625273050363),38,8.8,4.3181818181818175,SALES_SPIKE
2025-02-15,	7077809856803225896;7110032684650660136,WebberNaturals伟博深海鱼油900mg高纯度Omega3 DHA/EPA鱼油200粒-默认-(DYWEB625273052985);【效期至25年6月】webbernaturals伟博500mg维生素C胶囊60粒-默认-(625273076622),18,2.0,9.0,SALES_SPIKE
2025-02-27,	7077809856803225896;7110032684650660136,WebberNaturals伟博深海鱼油900mg高纯度Omega3 DHA/EPA鱼油200粒-默认-(DYWEB625273052985);【效期至25年6月】webbernaturals伟博500mg维生素C胶囊60粒-默认-(625273076622),28,7.142857142857143,3.92,SALES_SPIKE
2025-02-28,	7077809856803225896;7110032684650660136,WebberNaturals伟博深海鱼油900mg高纯度Omega3 DHA/EPA鱼油200粒-默认-(DYWEB625273052985);【效期至25年6月】webbernaturals伟博500mg维生素C胶囊60粒-默认-(625273076622),42,9.142857142857142,4.59375,SALES_SPIKE
2024-12-08,	7081192833746780446,【官方直播】加拿大伟博深海鱼油1100mg高纯度Omega3-两瓶装组合;webbernaturals辅酶Q10天然发酵免疫软胶囊60粒/瓶100mg营养-默认-(DYWEB625273038552),16,2.3333333333333335,6.857142857142857,SALES_SPIKE
2024-12-20,	7081192833746780446,【官方直播】加拿大伟博深海鱼油1100mg高纯度Omega3-两瓶装组合;webbernaturals辅酶Q10天然发酵免疫软胶囊60粒/瓶100mg营养-默认-(DYWEB625273038552),28,8.714285714285714,3.213114754098361,SALES_SPIKE
2025-01-06,	7081192833746780446,【官方直播】加拿大伟博深海鱼油1100mg高纯度Omega3-两瓶装组合;webbernaturals辅酶Q10天然发酵免疫软胶囊60粒/瓶100mg营养-默认-(DYWEB625273038552),12,4.0,3.0,SALES_SPIKE
2025-01-12,	7081192833746780446,【官方直播】加拿大伟博深海鱼油1390mg高纯度Omega3-两瓶装组合;webbernaturals辅酶Q10天然发酵免疫软胶囊60粒/瓶100mg营养-默认-(DYWEB625273038552),24,4.714285714285714,5.090909090909091,SALES_SPIKE
2025-01-14,	7081192833746780446,【官方直播】加拿大伟博深海鱼油1390mg高纯度Omega3-两瓶装组合;webbernaturals辅酶Q10天然发酵免疫软胶囊60粒/瓶100mg营养-默认-(DYWEB625273038552),24,7.857142857142857,3.0545454545454547,SALES_SPIKE
2025-02-16,	7081192833746780446,webbernaturals辅酶Q10天然发酵免疫软胶囊60粒/瓶100mg营养-默认-(DYWEB625273038552),5,1.5714285714285714,3.181818181818182,SALES_SPIKE
2025-03-05,	7081192833746780446,【官方直播】加拿大伟博深海鱼油1390mg高纯度Omega3-两瓶装组合;webbernaturals辅酶Q10天然发酵免疫软胶囊60粒/瓶100mg营养-默认-(DYWEB625273038552),10,2.7142857142857144,3.6842105263157894,SALES_SPIKE
2025-03-11,	7081192833746780446,【官方直播】加拿大伟博深海鱼油1390mg高纯度Omega3-两瓶装组合;webbernaturals辅酶Q10天然发酵免疫软胶囊60粒/瓶100mg营养-默认-(DYWEB625273038552),16,3.4285714285714284,4.666666666666667,SALES_SPIKE
2025-03-18,	7081192833746780446,【官方直播】加拿大伟博深海鱼油1390mg高纯度Omega3-两瓶装组合;webbernaturals辅酶Q10天然发酵免疫软胶囊60粒/瓶100mg营养-默认-(DYWEB625273038552),12,3.5714285714285716,3.36,SALES_SPIKE
2025-03-27,	7081192833746780446,webbernaturals辅酶Q10天然发酵免疫软胶囊60粒/瓶100mg营养-默认-(DYWEB625273038552),5,1.5714285714285714,3.181818181818182,SALES_SPIKE
2025-09-06,	7081192833746780446,WEBBER NATURALS心脏辅酶Q10天然发酵胶囊100mg呵护心肌健康60粒-默认-(DYWEB625273038552),5,1.2857142857142858,3.8888888888888884,SALES_SPIKE
2025-10-27,	7081192833746780446,WEBBER NATURALS心脏辅酶Q10天然发酵胶囊100mg呵护心肌健康60粒-默认-(DYWEB625273038552),8,1.4285714285714286,5.6,SALES_SPIKE
2025-10-01,	7081274294365618467,WEBBER NATURALS硫酸氨糖骨关节灵15种草本营养配方OSTEO 80粒/瓶-默认-(DYWEB625273033755),5,1.2857142857142858,3.8888888888888884,SALES_SPIKE
2024-12-09,	7081540798906548493, webber naturals天然大豆卵磷脂胶囊鱼油搭档1200mg 180粒/瓶-默认-(DYWEB625273079746),6,1.0,6.0,SALES_SPIKE
2025-02-07,	7081540798906548493, webber naturals天然大豆卵磷脂胶囊鱼油搭档1200mg 180粒/瓶-默认-(DYWEB625273079746),7,2.0,3.5,SALES_SPIKE
2025-04-28,	7081540798906548493, webber naturals天然大豆卵磷脂胶囊鱼油搭档1200mg 180粒/瓶-默认-(DYWEB625273079746),6,1.2857142857142858,4.666666666666666,SALES_SPIKE
2025-04-17,	7083426159177990432,webber naturals进口PGX纤维胶囊健康膳食150粒/瓶-默认-(DYWEB625273037517),6,1.3333333333333333,4.5,SALES_SPIKE
2025-08-11,	7083426159177990432,伟博加拿大进口99%纯度1100mg成人omega3深海鱼油心血管养护120粒-1瓶装（4个月的量）;webber naturals进口PGX纤维胶囊健康膳食150粒/瓶-默认-(DYWEB625273037517),12,2.2857142857142856,5.25,SALES_SPIKE
2025-01-05,	7085276593567990030,WebberNaturals伟博天然高含量叶黄素玉米黄素40mg中老年护眼60粒-默认-(DYWEB625273034561),5,1.5714285714285714,3.181818181818182,SALES_SPIKE
2025-02-13,	7085276593567990030,【春蚕专属】WebberNaturals伟博天然高含量叶黄素玉米黄素40mg中老年护眼60粒-默认-(DYWEB625273034561),9,2.0,4.5,SALES_SPIKE
2025-07-16,	7085276593567990030,WebberNaturals伟博天然高含量叶黄素玉米黄素40mg中老年护眼60粒-默认-(DYWEB625273034561),5,1.5714285714285714,3.181818181818182,SALES_SPIKE
2025-10-20,	7085276593567990030,WEBBER NATURALS高含量叶黄素玉米黄素40mg成人护眼疲劳干涩60粒-默认-(DYWEB625273034561),6,1.5714285714285714,3.8181818181818183,SALES_SPIKE
2025-01-17,	7086274688812433667, webber naturals伟博胶原蛋白与神经酰胺生物活性胶原肽120片/瓶-默认-(DYWEB625273036695),7,1.8571428571428572,3.769230769230769,SALES_SPIKE
2025-01-23,	7086274688812433667,Webber Naturals伟博胶原蛋白与神经酰胺生物活性胶原肽120片/瓶-默认-(DYWEB625273036695),16,2.142857142857143,7.466666666666667,SALES_SPIKE
2025-01-30,	7086274688812433667, webber naturals伟博胶原蛋白与神经酰胺生物活性胶原肽120片/瓶-默认-(DYWEB625273036695),11,2.7142857142857144,4.052631578947368,SALES_SPIKE
2025-02-05,	7086274688812433667,Webber Naturals伟博胶原蛋白与神经酰胺生物活性胶原肽120片/瓶-默认-(DYWEB625273036695),31,6.571428571428571,4.717391304347826,SALES_SPIKE
2025-02-28,	7086274688812433667,Webber Naturals伟博胶原蛋白与神经酰胺生物活性胶原肽120片/瓶-默认-(DYWEB625273036695),17,4.714285714285714,3.606060606060606,SALES_SPIKE
2025-03-13,	7086274688812433667,Webber Naturals伟博胶原蛋白与神经酰胺生物活性胶原肽120片/瓶-默认-(DYWEB625273036695),97,5.285714285714286,18.35135135135135,SALES_SPIKE
2025-04-07,	7086274688812433667,Webber Naturals伟博胶原蛋白与神经酰胺生物活性胶原肽120片/瓶-默认-(DYWEB625273036695),20,2.5714285714285716,7.777777777777777,SALES_SPIKE
2025-10-06,	7086274688812433667,WEBBER NATURALS伟博胶原蛋白与神经酰胺生物活性胶原肽120片/瓶-默认-(DYWEB625273036695),9,2.7142857142857144,3.31578947368421,SALES_SPIKE
2025-10-25,	7086274688812433667;7481121574674874687,WEBBER NATURALS伟博胶原蛋白与神经酰胺生物活性胶原肽120片/瓶-默认-(DYWEB625273036695);伟博天然辅酶Q10胶囊100mg 成人心脏活力60粒 效期至26年5月30日-默认-(DYWEB628347570705),10,2.4285714285714284,4.11764705882353,SALES_SPIKE
2025-02-02,	7091865529023217957,Webber Naturals伟博天然进口小分子胶原蛋白多肽粉150g/瓶-默认-(DYWEB625273036657),7,2.142857142857143,3.2666666666666666,SALES_SPIKE
2025-02-09,	7091865529023217957,Webber Naturals伟博天然进口小分子胶原蛋白多肽粉150g/瓶-默认-(DYWEB625273036657),10,2.7142857142857144,3.6842105263157894,SALES_SPIKE
2025-01-03,	7110032684650660136,【效期至25年6月】webbernaturals伟博500mg维生素C胶囊60粒-默认-(625273076622),5,1.0,5.0,SALES_SPIKE
2024-12-08,	7124611154185519400,Webber naturals伟博深海鱼油500mgOmega3+D3青少年补脑 100粒/瓶-默认-(DYWEB625273090291),7,1.0,7.0,SALES_SPIKE
2024-12-19,	7124611154185519400,Webber naturals伟博深海鱼油500mgOmega3+D3青少年补脑 100粒/瓶-默认-(DYWEB625273090291),14,4.142857142857143,3.379310344827586,SALES_SPIKE
2025-01-01,	7124611154185519400,Webber naturals伟博深海鱼油500mgOmega3+D3青少年补脑 100粒/瓶-默认-(DYWEB625273090291),33,9.142857142857142,3.609375,SALES_SPIKE
2025-01-11,	7124611154185519400,Webber naturals伟博深海鱼油500mgOmega3+D3青少年补脑 100粒/瓶-默认-(DYWEB625273090291),28,7.714285714285714,3.6296296296296298,SALES_SPIKE
2025-02-17,	7124611154185519400,Webber naturals伟博深海鱼油500mgOmega3+D3青少年补脑 100粒/瓶-默认-(DYWEB625273090291),46,5.714285714285714,8.049999999999999,SALES_SPIKE
2025-02-26,	7124611154185519400,Webber naturals伟博深海鱼油500mgOmega3+D3青少年补脑 100粒/瓶-默认-(DYWEB625273090291),42,5.857142857142857,7.170731707317073,SALES_SPIKE
2025-04-18,	7124611154185519400,Webber naturals伟博深海鱼油500mgOmega3+D3青少年补脑 100粒/瓶-默认-(DYWEB625273090291),23,2.5714285714285716,8.944444444444445,SALES_SPIKE
2025-04-20,	7124611154185519400,Webber naturals伟博深海鱼油500mgOmega3+D3青少年补脑 100粒/瓶-默认-(DYWEB625273090291),18,5.571428571428571,3.230769230769231,SALES_SPIKE
2025-07-20,	7124611154185519400,Webber naturals伟博深海鱼油500mgOmega3+D3青少年补脑 100粒/瓶-默认-(DYWEB625273090291),6,1.5714285714285714,3.8181818181818183,SALES_SPIKE
2025-07-22,	7124611154185519400,Webber naturals伟博深海鱼油500mgOmega3+D3青少年补脑 100粒/瓶-默认-(DYWEB625273090291),34,2.857142857142857,11.9,SALES_SPIKE
2025-08-17,	7124611154185519400,WEBBER NATURALS500mg Omega-3深海鱼油添加D3青少年鱼油100粒/瓶-默认-(DYWEB625273090291),8,2.5714285714285716,3.1111111111111107,SALES_SPIKE
2025-08-20,	7124611154185519400,WEBBER NATURALS500mg Omega-3深海鱼油添加D3青少年鱼油100粒/瓶-默认-(DYWEB625273090291),18,3.7142857142857144,4.846153846153846,SALES_SPIKE
2025-09-03,	7124611154185519400,WEBBER NATURALS500mg Omega-3深海鱼油添加D3青少年鱼油100粒/瓶-默认-(DYWEB625273090291),15,4.285714285714286,3.5,SALES_SPIKE
2025-09-14,	7124611154185519400,WEBBER NATURALS500mg Omega-3深海鱼油添加D3青少年鱼油100粒/瓶-默认-(DYWEB625273090291),79,3.0,26.333333333333332,SALES_SPIKE
2025-09-16,	7124611154185519400,WEBBER NATURALS500mg Omega-3深海鱼油添加D3青少年鱼油100粒/瓶-默认-(DYWEB625273090291),55,17.0,3.235294117647059,SALES_SPIKE
2024-12-11,	7142731245833732390, webber naturals进口儿童鱼油高脑力DHA软胶囊120粒/瓶-默认-(DYWEB625273090185),8,2.6,3.0769230769230766,SALES_SPIKE
2025-01-07,	7142731245833732390, webber naturals进口儿童鱼油高脑力DHA软胶囊120粒/瓶-默认-(DYWEB625273090185),26,3.2857142857142856,7.91304347826087,SALES_SPIKE
2025-01-09,	7142731245833732390, webber naturals进口儿童鱼油高脑力DHA软胶囊120粒/瓶-默认-(DYWEB625273090185),90,6.571428571428571,13.695652173913045,SALES_SPIKE
2025-01-27,	7142731245833732390,webbernaturals进口儿童鱼油欧米伽3高DHA爆浆深海鱼油120粒 1岁+-默认-(DYWEB625273090185),8,2.2857142857142856,3.5,SALES_SPIKE
2025-04-30,	7142731245833732390,WebberNaturals进口儿童鱼油欧米伽3高DHA爆浆深海鱼油120粒 1岁+-默认-(DYWEB625273090185),99,19.571428571428573,5.0583941605839415,SALES_SPIKE
2025-07-14,	7142731245833732390,WEBBER NATURALS进口儿童鱼油欧米伽3高DHA爆浆深海鱼油120粒1岁+-默认-(DYWEB625273090185),5,1.5714285714285714,3.181818181818182,SALES_SPIKE
2025-07-16,	7142731245833732390,WebberNaturals进口儿童鱼油欧米伽3高DHA爆浆深海鱼油120粒 1岁+-默认-(DYWEB625273090185),11,2.0,5.5,SALES_SPIKE
2025-07-25,	7142731245833732390,WEBBER NATURALS进口儿童鱼油欧米伽3高DHA爆浆深海鱼油120粒1岁+-默认-(DYWEB625273090185),14,3.2857142857142856,4.260869565217392,SALES_SPIKE
2025-08-11,	7142731245833732390,WEBBER NATURALS进口儿童鱼油欧米伽3高DHA爆浆深海鱼油120粒1岁+-默认-(DYWEB625273090185),16,3.857142857142857,4.148148148148148,SALES_SPIKE
2024-12-18,	7144930821143691527,伟博天然进口KSM66南非醉茄印度人参精华3600mg*120粒缓压促睡眠-默认-(DYWEB625273052640),14,2.4285714285714284,5.764705882352942,SALES_SPIKE
2025-02-06,	7144930821143691527,伟博天然进口KSM66南非醉茄印度人参精华3600mg*120粒降低皮质醇-默认-(DYWEB625273052640),16,4.142857142857143,3.862068965517241,SALES_SPIKE
2025-02-13,	7144930821143691527,伟博天然进口KSM66南非醉茄印度人参精华3600mg*120粒降低皮质醇-默认-(DYWEB625273052640),6,1.8571428571428572,3.230769230769231,SALES_SPIKE
2025-02-14,	7144930821143691527,伟博天然进口KSM66南非醉茄印度人参精华3600mg*120粒降低皮质醇-默认-(DYWEB625273052640),7,2.2857142857142856,3.0625,SALES_SPIKE
2025-03-02,	7144930821143691527,伟博天然进口KSM66南非醉茄印度人参精华3600mg*120粒降低皮质醇-默认-(DYWEB625273052640),13,4.142857142857143,3.1379310344827585,SALES_SPIKE
2025-03-15,	7144930821143691527,伟博天然进口KSM66南非醉茄印度人参精华3600mg*120粒降低皮质醇-默认-(DYWEB625273052640),9,3.0,3.0,SALES_SPIKE
2025-03-17,	7144930821143691527,伟博天然进口KSM66南非醉茄印度人参精华3600mg*120粒降低皮质醇-默认-(DYWEB625273052640),11,3.2857142857142856,3.347826086956522,SALES_SPIKE
2025-03-25,	7144930821143691527,伟博天然进口KSM66南非醉茄印度人参精华3600mg*120粒降低皮质醇-默认-(DYWEB625273052640),12,3.7142857142857144,3.230769230769231,SALES_SPIKE
2025-03-31,	7144930821143691527,伟博天然进口KSM66南非醉茄印度人参精华3600mg*120粒降低皮质醇-默认-(DYWEB625273052640),12,3.7142857142857144,3.230769230769231,SALES_SPIKE
2025-04-07,	7144930821143691527,伟博天然进口KSM66南非醉茄印度人参精华3600mg*120粒降低皮质醇-默认-(DYWEB625273052640),13,4.285714285714286,3.033333333333333,SALES_SPIKE
2025-07-14,	7144930821143691527,WEBBER NATURALS南非醉茄KSM66 3600mg降低皮质醇缓压促睡眠120粒-默认-(DYWEB625273052640),5,1.4285714285714286,3.5,SALES_SPIKE
2025-07-16,	7144930821143691527,伟博天然进口KSM66南非醉茄印度人参精华3600mg*120粒降低皮质醇-默认-(DYWEB625273052640),10,1.5714285714285714,6.363636363636364,SALES_SPIKE
2025-07-23,	7144930821143691527,WEBBER NATURALS南非醉茄KSM66 3600mg降低皮质醇缓压促睡眠120粒-默认-(DYWEB625273052640),14,2.4285714285714284,5.764705882352942,SALES_SPIKE
2025-08-07,	7144930821143691527,WEBBER NATURALS南非醉茄KSM66 3600mg降低皮质醇缓压促睡眠120粒-默认-(DYWEB625273052640),22,6.142857142857143,3.581395348837209,SALES_SPIKE
2025-08-21,	7144930821143691527,WEBBER NATURALS南非醉茄KSM66 3600mg降低皮质醇缓压促睡眠120粒-默认-(DYWEB625273052640),24,6.0,4.0,SALES_SPIKE
2025-09-05,	7144930821143691527,WEBBER NATURALS南非醉茄KSM66 3600mg降低皮质醇缓压促睡眠120粒-默认-(DYWEB625273052640),48,12.571428571428571,3.8181818181818183,SALES_SPIKE
2025-02-16,	7146439734645260555,WebberNaturals伟博进口VB烟酰胺锌硒55+女士全能综合营养素 30粒-默认-(DYWEB625273079975),6,1.5714285714285714,3.8181818181818183,SALES_SPIKE
2024-12-06,	7146569951686672673,Webber naturals伟博深海鱼油1100mg高纯度Omega3-默认-(DYWEB625273090086),6,1.5,4.0,SALES_SPIKE
2024-12-16,	7146569951686672673,Webber naturals伟博深海鱼油1100mg高纯度Omega3-默认-(DYWEB625273090086),10,3.142857142857143,3.181818181818182,SALES_SPIKE
2024-12-17,	7146569951686672673,Webber naturals伟博深海鱼油1100mg高纯度Omega3-默认-(DYWEB625273090086),16,4.285714285714286,3.7333333333333334,SALES_SPIKE
2024-12-26,	7146569951686672673,Webber naturals伟博深海鱼油1100mg高纯度Omega3-默认-(DYWEB625273090086),16,5.0,3.2,SALES_SPIKE
2025-03-11,	7146569951686672673,伟博精粹金CO2提纯1100mg4倍含量omega3成人心脑欧米伽3鱼油120粒-默认-(DYWEB625273090086),11,2.857142857142857,3.85,SALES_SPIKE
2025-04-05,	7146569951686672673,伟博精粹金CO2提纯1100mg4倍含量omega3成人心脑欧米伽3鱼油120粒-默认-(DYWEB625273090086),12,3.142857142857143,3.8181818181818183,SALES_SPIKE
2025-04-08,	7146569951686672673,伟博精粹金CO2提纯1100mg4倍含量omega3成人心脑欧米伽3鱼油120粒-默认-(DYWEB625273090086),22,6.714285714285714,3.276595744680851,SALES_SPIKE
2025-04-10,	7146569951686672673,伟博精粹金CO2提纯1100mg4倍含量omega3成人心脑欧鱼油120粒 S-默认-(DYWEB625273090086),37,8.142857142857142,4.543859649122807,SALES_SPIKE
2025-04-30,	7146569951686672673,伟博精粹金CO2提纯1100mg4倍含量omega3成人心脑欧米伽3鱼油120粒-默认-(DYWEB625273090086),25,7.428571428571429,3.3653846153846154,SALES_SPIKE
2025-07-21,	7146569951686672673,伟博加拿大进口99%纯度1100mg成人omega3鱼油心血管养护120粒 DB-默认-(DYWEB625273090086),7,1.8571428571428572,3.769230769230769,SALES_SPIKE
2025-07-23,	7146569951686672673,WEBBER NATURALS高纯度深海鱼油omega3欧米伽3成人健身鱼油120粒-默认-(DYWEB625273090086),10,3.0,3.3333333333333335,SALES_SPIKE
2025-08-08,	7146569951686672673,WEBBER NATURALS高纯度深海鱼油omega3欧米伽3成人健身鱼油120粒-默认-(DYWEB625273090086),13,4.0,3.25,SALES_SPIKE
2025-08-26,	7146569951686672673,WEBBER NATURALS高纯度深海鱼油omega3欧米伽3成人健身鱼油120粒-默认-(DYWEB625273090086),12,3.142857142857143,3.8181818181818183,SALES_SPIKE
2025-08-28,	7146569951686672673,【徐冬冬专属】WEBBER NATURALS高纯度深海鱼油omega3欧米伽3成人健身鱼油120粒D-默认-(DYWEB625273090086),88,3.5714285714285716,24.639999999999997,SALES_SPIKE
2025-09-01,	7146569951686672673,【徐冬冬专属】WEBBER NATURALS高纯度深海鱼油omega3欧米伽3成人健身鱼油120粒D-默认-(DYWEB625273090086),40,4.142857142857143,9.655172413793103,SALES_SPIKE
2025-09-09,	7146569951686672673,WEBBER NATURALS高纯度深海鱼油omega3欧米伽3成人健身鱼油120粒-默认-(DYWEB625273090086),13,2.857142857142857,4.55,SALES_SPIKE
2025-09-19,	7146569951686672673,WEBBER NATURALS高纯度深海鱼油omega3欧米伽3成人健身鱼油120粒-默认-(DYWEB625273090086),23,7.285714285714286,3.156862745098039,SALES_SPIKE
2025-10-09,	7146569951686672673,WEBBER NATURALS高纯度深海鱼油omega3欧米伽3成人健身鱼油120粒-默认-(DYWEB625273090086),18,5.857142857142857,3.073170731707317,SALES_SPIKE
2025-10-25,	7146569951686672673,WEBBER NATURALS高纯度深海鱼油omega3欧米伽3成人健身鱼油120粒-默认-(DYWEB625273090086),49,9.714285714285714,5.044117647058824,SALES_SPIKE
2025-03-22,	7146569951686672673;7199138110997872936,伟博精粹金CO2提纯1100mg4倍含量omega3成人心脑欧鱼油120粒 S-默认-(DYWEB625273090086);Webber   Naturals伟博维生素C1000毫克150粒/瓶（效期至25年9月）-默认-(DYWEB625273032727),20,3.4285714285714284,5.833333333333334,SALES_SPIKE
2025-08-26,	7146569951686672673;7481121574674874687,WEBBER NATURALS高纯度深海鱼油omega3欧米伽3成人健身鱼油120粒-默认-(DYWEB625273090086);伟博天然进口辅酶Q10胶囊100mg 成人心脏活力60粒（效期至26年6月）-默认-(DYWEB628347570705),12,3.857142857142857,3.111111111111111,SALES_SPIKE
2025-08-27,	7146569951686672673;7481121574674874687,【董先生专属】WEBBER NATURALS高纯度深海鱼油omega3欧米伽3成人健身鱼油120粒-默认-(DYWEB625273090086);伟博天然进口辅酶Q10胶囊100mg 成人心脏活力60粒（效期至26年6月）-默认-(DYWEB628347570705),16,5.285714285714286,3.027027027027027,SALES_SPIKE
2025-08-29,	7146569951686672673;7481121574674874687,【徐冬冬专属】WEBBER NATURALS高纯度深海鱼油omega3欧米伽3成人健身鱼油120粒D-默认-(DYWEB625273090086);伟博天然进口辅酶Q10胶囊100mg 成人心脏活力60粒（效期至26年6月）-默认-(DYWEB628347570705),16,4.857142857142857,3.294117647058824,SALES_SPIKE
2025-09-04,	7146569951686672673;7481121574674874687,【董先生专属】WEBBER NATURALS高纯度深海鱼油omega3欧米伽3成人健身鱼油120粒-默认-(DYWEB625273090086);伟博天然进口辅酶Q10胶囊100mg 成人心脏活力60粒（效期至26年6月）-默认-(DYWEB628347570705),10,3.0,3.3333333333333335,SALES_SPIKE
2025-09-04,	7146569951686672673;7481121574674874687,【徐冬冬专属】WEBBER NATURALS高纯度深海鱼油omega3欧米伽3成人健身鱼油120粒D-默认-(DYWEB625273090086);伟博天然辅酶Q10胶囊100mg 成人心脏活力60粒 效期至26年5月30日-默认-(DYWEB628347570705),12,3.857142857142857,3.111111111111111,SALES_SPIKE
2025-09-07,	7146569951686672673;7481121574674874687,【董先生专属】WEBBER NATURALS高纯度深海鱼油omega3欧米伽3成人健身鱼油120粒-默认-(DYWEB625273090086);伟博天然进口辅酶Q10胶囊100mg 成人心脏活力60粒（效期至26年6月）-默认-(DYWEB628347570705),14,2.7142857142857144,5.157894736842105,SALES_SPIKE
2025-09-09,	7146569951686672673;7481121574674874687,【徐冬冬专属】WEBBER NATURALS高纯度深海鱼油omega3欧米伽3成人健身鱼油120粒D-默认-(DYWEB625273090086);伟博天然进口辅酶Q10胶囊100mg 成人心脏活力60粒（效期至26年6月）-默认-(DYWEB628347570705),60,5.714285714285714,10.5,SALES_SPIKE
2025-09-10,	7146569951686672673;7481121574674874687,【徐冬冬专属】WEBBER NATURALS高纯度深海鱼油omega3欧米伽3成人健身鱼油120粒D-默认-(DYWEB625273090086);伟博天然进口辅酶Q10胶囊100mg 成人心脏活力60粒（效期至26年6月）-默认-(DYWEB628347570705),48,7.571428571428571,6.339622641509434,SALES_SPIKE
2025-09-13,	7146569951686672673;7481121574674874687,【徐冬冬专属】WEBBER NATURALS高纯度深海鱼油omega3欧米伽3成人健身鱼油120粒D-默认-(DYWEB625273090086);伟博天然辅酶Q10胶囊100mg 成人心脏活力60粒 效期至26年5月30日-默认-(DYWEB628347570705),108,11.285714285714286,9.569620253164556,SALES_SPIKE
2025-09-19,	7146569951686672673;7481121574674874687,WEBBER NATURALS高纯度深海鱼油omega3欧米伽3成人健身鱼油120粒-默认-(DYWEB625273090086);伟博天然辅酶Q10胶囊100mg 成人心脏活力60粒 效期至26年5月30日-默认-(DYWEB628347570705),15,4.571428571428571,3.28125,SALES_SPIKE
2025-10-11,	7146569951686672673;7481121574674874687,WEBBER NATURALS高纯度深海鱼油omega3欧米伽3成人健身鱼油120粒-默认-(DYWEB625273090086);伟博天然辅酶Q10胶囊100mg 成人心脏活力60粒 效期至26年5月30日-默认-(DYWEB628347570705),26,6.0,4.333333333333333,SALES_SPIKE
2025-10-24,	7146569951686672673;7481121574674874687,WEBBER NATURALS高纯度深海鱼油omega3欧米伽3成人健身鱼油120粒-默认-(DYWEB625273090086);伟博天然辅酶Q10胶囊100mg 成人心脏活力60粒 效期至26年5月30日-默认-(DYWEB628347570705),60,17.0,3.5294117647058822,SALES_SPIKE
2025-10-25,	7146569951686672673;7481121574674874687,WEBBER NATURALS高纯度深海鱼油omega3欧米伽3成人健身鱼油120粒-默认-(DYWEB625273090086);伟博天然辅酶Q10胶囊100mg 成人心脏活力60粒 效期至26年5月30日-默认-(DYWEB628347570705),119,22.571428571428573,5.272151898734177,SALES_SPIKE
2025-11-03,	7146569951686672673;7481121574674874687,WEBBER NATURALS高纯度深海鱼油omega3欧米伽3成人健身鱼油120粒-默认-(DYWEB625273090086);伟博天然辅酶Q10胶囊100mg 成人心脏活力60粒 效期至26年5月30日-默认-(DYWEB628347570705),89,27.428571428571427,3.244791666666667,SALES_SPIKE
2024-12-12,	7168643947345035558,伟博天然进口VB番茄红素锌硒钙水果多酚55+男士全营养素 30粒-默认-(DYWEB625273079968),5,1.6666666666666667,3.0,SALES_SPIKE
2024-12-13,	7168643947345035558,伟博天然进口VB番茄红素锌硒钙水果多酚55+男士全营养素 30粒-默认-(DYWEB625273079968),7,2.142857142857143,3.2666666666666666,SALES_SPIKE
2025-04-24,	7168643947345035558,伟博天然进口VB番茄红素锌硒钙水果多酚55+男士全营养素 30粒-默认-(DYWEB625273079968),10,2.5714285714285716,3.8888888888888884,SALES_SPIKE
2025-04-30,	7168643947345035558,伟博天然进口VB番茄红素锌硒钙水果多酚55+男士全营养素 30粒-默认-(DYWEB625273079968),10,2.7142857142857144,3.6842105263157894,SALES_SPIKE
2025-07-20,	7168643947345035558,伟博天然进口VB番茄红素锌硒钙水果多酚55+男士全营养素 30粒-默认-(DYWEB625273079968),9,3.0,3.0,SALES_SPIKE
2025-07-30,	7168643947345035558,伟博天然进口VB番茄红素锌硒钙水果多酚55+男士全营养素 30粒-默认-(DYWEB625273079968),11,3.4285714285714284,3.2083333333333335,SALES_SPIKE
2025-08-15,	7168643947345035558,伟博天然进口VB番茄红素锌硒钙水果多酚55+男士全营养素 30粒-默认-(DYWEB625273079968),8,2.142857142857143,3.7333333333333334,SALES_SPIKE
2025-10-17,	7198069483125195011,【官方直播】WebberNaturals伟博深海鱼油1100mg高纯度Omega3 120粒-六瓶装【2年的量】-(625273090086*6);WEBBER NATURALS伟博天然加拿大进口天然发酵好气色苹果醋240粒-默认-(DYWEB625273050547),6,2.0,3.0,SALES_SPIKE
2025-03-13,	7199138110997872936,Webber   Naturals伟博维生素C1000毫克150粒/瓶（效期至25年9月）-默认-(DYWEB625273032727),23,1.7142857142857142,13.416666666666668,SALES_SPIKE
2025-03-14,	7199138110997872936,Webber   Naturals伟博维生素C1000毫克150粒/瓶（效期至25年9月）-默认-(DYWEB625273032727),17,4.857142857142857,3.5000000000000004,SALES_SPIKE
2025-03-15,	7199138110997872936,Webber   Naturals伟博维生素C1000毫克150粒/瓶（效期至25年9月）-默认-(DYWEB625273032727),45,7.428571428571429,6.0576923076923075,SALES_SPIKE
2025-03-25,	7199138110997872936,Webber   Naturals伟博维生素C1000毫克150粒/瓶（效期至25年9月）-默认-(DYWEB625273032727),25,2.5714285714285716,9.722222222222221,SALES_SPIKE
2025-03-26,	7199138110997872936,Webber   Naturals伟博维生素C1000毫克150粒/瓶（效期至25年9月）-默认-(DYWEB625273032727),75,5.428571428571429,13.81578947368421,SALES_SPIKE
2025-03-28,	7199138110997872936,Webber   Naturals伟博维生素C1000毫克150粒/瓶（效期至25年9月）-默认-(DYWEB625273032727),180,18.857142857142858,9.545454545454545,SALES_SPIKE
2025-01-03,	7217793915817132323,Webber naturals伟博进口叶黄素玉米黄质防蓝光缓解眼部疲劳40粒-默认-(DYWEB625273030426),5,1.3333333333333333,3.75,SALES_SPIKE
2025-10-24,	7220679778930622735,WEBBER NATURALS伟博加拿大伟博天然安睡宝 茶氨酸褪黑素45粒/瓶-默认-(DYWEB625273090338),5,1.4285714285714286,3.5,SALES_SPIKE
2025-01-16,	7222948241891918135, 【效期至25年5月】webbernaturals光之自然白藜芦醇葡萄籽精华60粒-默认-(DYWEB625273090352),9,1.5,6.0,SALES_SPIKE
2025-03-10,	7223222612581990715,【官方直播】WebberNaturals伟博深海鱼油1390mg高纯度Omega3 120粒-1瓶装;【效期至25年7月】伟博天然高浓度奶蓟草熬夜养肝胶囊250mg护肝片-默认-(DYWEB625273090178),12,2.857142857142857,4.2,SALES_SPIKE
2025-03-23,	7223222612581990715,【官方直播】WebberNaturals伟博深海鱼油1390mg高纯度Omega3 120粒-1瓶装;【效期至25年7月】伟博天然高浓度奶蓟草熬夜养肝胶囊250mg护肝片-默认-(DYWEB625273090178),32,9.285714285714286,3.446153846153846,SALES_SPIKE
2025-03-28,	7223222612581990715,【官方直播】WebberNaturals伟博深海鱼油1390mg高纯度Omega3 120粒-1瓶装;【效期至25年7月】伟博天然高浓度奶蓟草熬夜养肝胶囊250mg护肝片-默认-(DYWEB625273090178),20,6.428571428571429,3.111111111111111,SALES_SPIKE
2024-12-16,	7242231858778341689,webber naturals褪黑素片10毫克72粒/瓶-默认-(DYWEB625273038279),6,1.4285714285714286,4.2,SALES_SPIKE
2024-12-18,	7242231858778341689,webber naturals褪黑素片10毫克72粒/瓶-默认-(DYWEB625273038279),7,2.142857142857143,3.2666666666666666,SALES_SPIKE
2025-04-10,	7242231858778341689,webber naturals褪黑素片10毫克72粒/瓶-默认-(DYWEB625273038279),10,2.857142857142857,3.5,SALES_SPIKE
2025-07-17,	7242231858778341689,webber naturals褪黑素片10毫克72粒/瓶-默认-(DYWEB625273038279),7,1.1428571428571428,6.125,SALES_SPIKE
2025-07-18,	7242231858778341689,webber naturals褪黑素片10毫克72粒/瓶-默认-(DYWEB625273038279),7,2.0,3.5,SALES_SPIKE
2025-07-17,	7295616354202386723,伟博天然进口KSM66南非醉茄印度人参精华7200mg*120粒降低皮质醇-默认-(625273071597),5,1.2857142857142858,3.8888888888888884,SALES_SPIKE
2025-09-15,	7295616354202386723,WEBBER NATURALS南非醉茄KSM66 7200mg降低皮质醇缓压促睡眠120粒-默认-(625273071597),7,2.142857142857143,3.2666666666666666,SALES_SPIKE
2025-10-02,	7295616354202386723,WEBBER NATURALS南非醉茄KSM66 7200mg降低皮质醇缓压促睡眠120粒-默认-(625273071597),6,2.0,3.0,SALES_SPIKE
2025-10-12,	7295616354202386723,WEBBER NATURALS南非醉茄KSM66 7200mg降低皮质醇缓压促睡眠120粒-默认-(625273071597),5,1.5714285714285714,3.181818181818182,SALES_SPIKE
2025-10-28,	7295616354202386723;7054785415630536992,WEBBER NATURALS南非醉茄KSM66 7200mg降低皮质醇缓压促睡眠120粒-默认-(625273071597);WEBBER NATURALS奶蓟草护肝片姜黄硫辛酸熬夜加班养护65粒护肝片-默认-(DYWEB625273034523),8,2.0,4.0,SALES_SPIKE
2025-11-04,	7295616354202386723;7481121574674874687,WEBBER NATURALS南非醉茄KSM66 7200mg降低皮质醇缓压促睡眠120粒-默认-(625273071597);伟博天然辅酶Q10胶囊100mg 成人心脏活力60粒 效期至26年5月30日-默认-(DYWEB628347570705),6,2.0,3.0,SALES_SPIKE
2024-12-12,	7329414437553848576,Webber Naturals伟博天然高纯度1390mg深海精粹鱼油软胶囊60粒/瓶-默认-(DYWEB625273090420),5,1.5714285714285714,3.181818181818182,SALES_SPIKE
2024-12-19,	7329414437553848576,【春蚕专属】Webber Naturals伟博天然高纯度1390mg深海精粹鱼油软胶囊60粒/瓶-默认-(DYWEB625273090420),9,2.142857142857143,4.2,SALES_SPIKE
2024-12-22,	7329414437553848576,【兰姐专属】Webber Naturals伟博天然高纯度1390mg深海精粹鱼油软胶囊60粒/瓶-默认-(DYWEB625273090420),7,1.8571428571428572,3.769230769230769,SALES_SPIKE
2024-12-25,	7329414437553848576,Webber Naturals伟博天然高纯度1390mg深海精粹鱼油软胶囊60粒/瓶-默认-(DYWEB625273090420),16,2.5714285714285716,6.222222222222221,SALES_SPIKE
2025-02-18,	7329414437553848576,Webber Naturals伟博天然高纯度1390mg深海精粹鱼油软胶囊60粒/瓶-默认-(DYWEB625273090420),9,2.5714285714285716,3.4999999999999996,SALES_SPIKE
2025-02-21,	7329414437553848576,Webber Naturals伟博天然高纯度1390mg深海精粹鱼油软胶囊60粒/瓶-默认-(DYWEB625273090420),48,2.142857142857143,22.400000000000002,SALES_SPIKE
2025-02-25,	7329414437553848576,Webber Naturals伟博天然高纯度1390mg深海精粹鱼油软胶囊60粒/瓶-默认-(DYWEB625273090420),31,2.2857142857142856,13.5625,SALES_SPIKE
2025-03-16,	7329414437553848576,Webber Naturals伟博天然高纯度1390mg深海精粹鱼油软胶囊60粒/瓶-默认-(DYWEB625273090420),8,1.2857142857142858,6.222222222222221,SALES_SPIKE
2025-03-18,	7329414437553848576,Webber Naturals伟博天然高纯度1390mg深海精粹鱼油软胶囊60粒/瓶-默认-(DYWEB625273090420),19,2.2857142857142856,8.3125,SALES_SPIKE
2025-07-17,	7329414437553848576,Webber Naturals伟博天然高纯度1390mg深海精粹鱼油软胶囊60粒/瓶-默认-(DYWEB625273090420),5,1.5714285714285714,3.181818181818182,SALES_SPIKE
2025-07-24,	7329414437553848576,WEBBER NATURALS高纯度深海鱼油omega-3欧米伽3成人健身鱼油60粒-默认-(DYWEB625273090420),6,2.0,3.0,SALES_SPIKE
2025-07-30,	7329414437553848576,WEBBER NATURALS高纯度深海鱼油omega-3欧米伽3成人健身鱼油60粒-默认-(DYWEB625273090420),9,1.8571428571428572,4.846153846153846,SALES_SPIKE
2025-08-12,	7329414437553848576,WEBBER NATURALS高纯度深海鱼油omega-3欧米伽3成人健身鱼油60粒-默认-(DYWEB625273090420),17,3.142857142857143,5.409090909090909,SALES_SPIKE
2025-08-17,	7329414437553848576,WEBBER NATURALS高纯度深海鱼油omega-3欧米伽3成人健身鱼油60粒-默认-(DYWEB625273090420),13,1.7142857142857142,7.583333333333334,SALES_SPIKE
2025-08-19,	7329414437553848576,WEBBER NATURALS高纯度深海鱼油omega-3欧米伽3成人健身鱼油60粒-默认-(DYWEB625273090420),17,3.7142857142857144,4.576923076923077,SALES_SPIKE
2025-08-20,	7329414437553848576,WEBBER NATURALS高纯度深海鱼油omega-3欧米伽3成人健身鱼油60粒-默认-(DYWEB625273090420),28,5.714285714285714,4.8999999999999995,SALES_SPIKE
2025-02-26,	7329414437553848576;7110032684650660136,Webber Naturals伟博天然高纯度1390mg深海精粹鱼油软胶囊60粒/瓶-默认-(DYWEB625273090420);【效期至25年6月】webbernaturals伟博500mg维生素C胶囊60粒-默认-(625273076622),10,2.0,5.0,SALES_SPIKE
2025-03-06,	7329414437553848576;7110032684650660136,Webber Naturals伟博天然高纯度1390mg深海精粹鱼油软胶囊60粒/瓶-默认-(DYWEB625273090420);【效期至25年6月】webbernaturals伟博500mg维生素C胶囊60粒-默认-(625273076622),48,4.0,12.0,SALES_SPIKE
2025-03-11,	7329414437553848576;7110032684650660136,Webber Naturals伟博天然高纯度1390mg深海精粹鱼油软胶囊60粒/瓶-默认-(DYWEB625273090420);【效期至25年6月】webbernaturals伟博500mg维生素C胶囊60粒-默认-(625273076622),144,9.714285714285714,14.823529411764707,SALES_SPIKE
2025-03-21,	7329414437553848576;7427011616899940648,Webber Naturals伟博天然高纯度1390mg深海精粹鱼油软胶囊60粒/瓶-默认-(DYWEB625273090420);Webber伟博 Osteo氨糖软骨素MSM添加乳香姜黄素高端关节修护30粒-默认-(625273090321),86,4.0,21.5,SALES_SPIKE
2025-03-04,	7427011616899940648,【官方直播】WebberNaturals伟博深海鱼油1390mg高纯度Omega3 120粒-1瓶装;Webber伟博 Osteo氨糖软骨素MSM添加乳香姜黄素高端关节修护30粒-默认-(625273090321),44,12.714285714285714,3.460674157303371,SALES_SPIKE
2025-03-08,	7427011616899940648,【官方直播】WebberNaturals伟博深海鱼油1390mg高纯度Omega3 120粒-5瓶装;Webber伟博 Osteo氨糖软骨素MSM添加乳香姜黄素高端关节修护30粒-默认-(625273090321),54,16.857142857142858,3.2033898305084745,SALES_SPIKE
2025-08-17,	7444447155950960911,WEBBER NATURALS进口叶黄素玉米黄素成人25mg囤货装护眼胶囊175粒-默认-(DYWEB625273055566),6,1.1428571428571428,5.25,SALES_SPIKE
2025-09-08,	7444452411308704054,Webber伟博天然1200mg高效能深海鱼油Omega3-6-9+GLA+ALA 180粒-默认-(DYWEB625273034776),7,1.2857142857142858,5.444444444444444,SALES_SPIKE
2025-01-07,	7446970035580698914;7454032906437558543,【年货送礼】Webber伟博天然高纯度Omega3精粹金鱼油120粒2瓶装礼盒-默认-(625273090086*2);枫叶围巾-默认-(20241230001),12,3.0,4.0,SALES_SPIKE
2025-01-20,	7446970035580698914;7454032906437558543,【年货送礼】Webber伟博天然高纯度Omega3精粹金鱼油120粒2瓶装礼盒-默认-(625273090086*2);枫叶围巾-默认-(20241230001),32,9.714285714285714,3.294117647058824,SALES_SPIKE
2025-03-07,	7446970035580698914;7454032906437558543,【年货送礼】Webber伟博天然高纯度Omega3精粹金鱼油120粒2瓶装礼盒-默认-(625273090086*2);枫叶围巾-默认-(20241230001),10,3.142857142857143,3.181818181818182,SALES_SPIKE
2025-03-20,	7448836024085741839,Webber Naturals伟博天然阳光小金盾小颗粒深海儿童鱼油+D3 60粒-默认-(DYWEB625273071634),11,1.3333333333333333,8.25,SALES_SPIKE
2025-03-24,	7448836024085741839,Webber Naturals伟博天然阳光小金盾小颗粒深海儿童鱼油+D3 60粒-默认-(DYWEB625273071634),10,2.4285714285714284,4.11764705882353,SALES_SPIKE
2025-09-11,	7448836024085741839,Webber Naturals伟博天然阳光小金盾小颗粒深海儿童鱼油+D3 60粒-默认-(DYWEB625273071634),17,2.0,8.5,SALES_SPIKE
2025-09-22,	7448836024085741839,Webber Naturals伟博天然阳光小金盾小颗粒深海儿童鱼油+D3 60粒-默认-(DYWEB625273071634),20,3.5714285714285716,5.6,SALES_SPIKE
2025-09-27,	7448836024085741839,Webber Naturals伟博天然阳光小金盾小颗粒深海儿童鱼油+D3 60粒-默认-(DYWEB625273071634),40,7.285714285714286,5.490196078431373,SALES_SPIKE
2025-10-13,	7448836024085741839,Webber Naturals伟博天然阳光小金盾小颗粒深海儿童鱼油+D3 60粒-默认-(DYWEB625273071634),15,3.4285714285714284,4.375,SALES_SPIKE
2025-10-20,	7448836024085741839,Webber Naturals伟博天然阳光小金盾小颗粒深海儿童鱼油+D3 60粒-默认-(DYWEB625273071634),18,6.0,3.0,SALES_SPIKE
2025-11-03,	7448836024085741839,Webber Naturals伟博天然阳光小金盾小颗粒深海儿童鱼油+D3 60粒-默认-(DYWEB625273071634),26,7.285714285714286,3.5686274509803924,SALES_SPIKE
2025-07-25,	7481121574674874687,【官方直播】WebberNaturals 95%高纯度omega-3迷你深海鱼油30粒/瓶-2瓶;伟博天然进口辅酶Q10胶囊100mg 成人心脏活力60粒（效期至26年6月）-默认-(DYWEB628347570705),10,3.0,3.3333333333333335,SALES_SPIKE
2025-08-21,	7481121574674874687,【官方直播】WebberNaturals伟博深海鱼油1100mg高纯度Omega3 120粒-三瓶装【1年的量】-(625273090086*3);伟博天然进口辅酶Q10胶囊100mg 成人心脏活力60粒（效期至26年6月）-默认-(DYWEB628347570705),9,2.4285714285714284,3.7058823529411766,SALES_SPIKE
2025-09-13,	7481121574674874687,【官方直播】WebberNaturals伟博深海鱼油1100mg高纯度Omega3 120粒-三瓶装【1年的量】-(625273090086*3);伟博天然辅酶Q10胶囊100mg 成人心脏活力60粒 效期至26年5月30日-默认-(DYWEB628347570705),9,2.857142857142857,3.15,SALES_SPIKE
2025-10-13,	7481121574674874687,【官方直播】WebberNaturals伟博深海鱼油1100mg高纯度Omega3 120粒-一瓶装【4个月的量】-(625273090086*1);伟博天然辅酶Q10胶囊100mg 成人心脏活力60粒 效期至26年5月30日-默认-(DYWEB628347570705),18,2.2857142857142856,7.875,SALES_SPIKE
2025-10-18,	7481121574674874687,【官方直播】WebberNaturals伟博深海鱼油1100mg高纯度Omega3 120粒-一瓶装【4个月的量】-(625273090086*1);伟博天然辅酶Q10胶囊100mg 成人心脏活力60粒 效期至26年5月30日-默认-(DYWEB628347570705),16,4.571428571428571,3.5,SALES_SPIKE
2025-10-19,	7481121574674874687,【官方直播】WebberNaturals伟博深海鱼油1100mg高纯度Omega3 120粒-一瓶装【4个月的量】-(625273090086*1);伟博天然辅酶Q10胶囊100mg 成人心脏活力60粒 效期至26年5月30日-默认-(DYWEB628347570705),24,4.285714285714286,5.6000000000000005,SALES_SPIKE
2025-10-20,	7481121574674874687,【官方直播】WebberNaturals伟博深海鱼油1100mg高纯度Omega3 120粒-一瓶装【4个月的量】-(625273090086*1);伟博天然辅酶Q10胶囊100mg 成人心脏活力60粒 效期至26年5月30日-默认-(DYWEB628347570705),28,7.142857142857143,3.92,SALES_SPIKE
2025-10-25,	7481121574674874687,【官方直播】WebberNaturals伟博深海鱼油1100mg高纯度Omega3 120粒-一瓶装【4个月的量】-(625273090086*1);伟博天然辅酶Q10胶囊100mg 成人心脏活力60粒 效期至26年5月30日-默认-(DYWEB628347570705),18,3.5714285714285716,5.04,SALES_SPIKE
2025-10-26,	7481121574674874687,【官方直播】WebberNaturals伟博深海鱼油1100mg高纯度Omega3 120粒-一瓶装【4个月的量】-(625273090086*1);伟博天然辅酶Q10胶囊100mg 成人心脏活力60粒 效期至26年5月30日-默认-(DYWEB628347570705),54,4.571428571428571,11.8125,SALES_SPIKE
2025-10-29,	7481121574674874687,【官方直播】WebberNaturals伟博深海鱼油1100mg高纯度Omega3 120粒-一瓶装【4个月的量】-(625273090086*1);伟博天然辅酶Q10胶囊100mg 成人心脏活力60粒 效期至26年5月30日-默认-(DYWEB628347570705),30,7.428571428571429,4.038461538461538,SALES_SPIKE
2025-10-30,	7481121574674874687,【官方直播】WebberNaturals伟博深海鱼油1100mg高纯度Omega3 120粒-一瓶装【4个月的量】-(625273090086*1);伟博天然辅酶Q10胶囊100mg 成人心脏活力60粒 效期至26年5月30日-默认-(DYWEB628347570705),42,10.571428571428571,3.9729729729729732,SALES_SPIKE
2025-10-31,	7481121574674874687,【官方直播】WebberNaturals伟博深海鱼油1100mg高纯度Omega3 120粒-一瓶装【4个月的量】-(625273090086*1);伟博天然辅酶Q10胶囊100mg 成人心脏活力60粒 效期至26年5月30日-默认-(DYWEB628347570705),46,12.285714285714286,3.744186046511628,SALES_SPIKE
2025-11-03,	7481121574674874687,【官方直播】WebberNaturals伟博深海鱼油1100mg高纯度Omega3 120粒-一瓶装【4个月的量】-(625273090086*1);伟博天然辅酶Q10胶囊100mg 成人心脏活力60粒 效期至26年5月30日-默认-(DYWEB628347570705),46,9.571428571428571,4.8059701492537314,SALES_SPIKE
2025-11-04,	7481121574674874687,【官方直播】WebberNaturals伟博深海鱼油1100mg高纯度Omega3 120粒-一瓶装【4个月的量】-(625273090086*1);伟博天然辅酶Q10胶囊100mg 成人心脏活力60粒 效期至26年5月30日-默认-(DYWEB628347570705),42,10.142857142857142,4.140845070422535,SALES_SPIKE
2025-10-24,	7503765776017555739,【官方直播】WebberNaturals伟博深海鱼油1100mg高纯度Omega3 120粒-一瓶装【4个月的量】-(625273090086*1);WEBBER NATURALS茶氨酸加纳籽褪黑素香蜂草草本5重配方安睡宝10粒-默认-(DYWEB990312500179),10,2.0,5.0,SALES_SPIKE
2025-10-31,	7503765776017555739,【官方直播】WebberNaturals伟博深海鱼油1100mg高纯度Omega3 120粒-一瓶装【4个月的量】-(625273090086*1);WEBBER NATURALS茶氨酸加纳籽褪黑素香蜂草草本5重配方安睡宝10粒-默认-(DYWEB990312500179),20,5.714285714285714,3.5,SALES_SPIKE
2025-11-05,	7503765776017555739,【官方直播】WebberNaturals伟博深海鱼油1100mg高纯度Omega3 120粒-一瓶装【4个月的量】-(625273090086*1);WEBBER NATURALS茶氨酸加纳籽褪黑素香蜂草草本5重配方安睡宝10粒-默认-(DYWEB990312500179),34,7.714285714285714,4.407407407407407,SALES_SPIKE
2025-07-21,	7510043339572445477,webber伟博天然3倍深海鱼油欧米伽3成人保健无鱼腥DNA鱼油200粒-默认-(625273072433),11,3.5714285714285716,3.0799999999999996,SALES_SPIKE
2025-10-08,	7510043339572445477,WEBBER NATURALS3倍深海鱼油欧米伽3成人健身无鱼腥DNA鱼油200粒-默认-(625273072433),12,2.5714285714285716,4.666666666666666,SALES_SPIKE
2025-10-17,	7510043339572445477;7481121574674874687,WEBBER NATURALS3倍深海鱼油欧米伽3成人健身无鱼腥DNA鱼油200粒-默认-(625273072433);伟博天然辅酶Q10胶囊100mg 成人心脏活力60粒 效期至26年5月30日-默认-(DYWEB628347570705),16,3.3333333333333335,4.8,SALES_SPIKE
2025-11-05,	7510043339572445477;7503765776017555739,WEBBER NATURALS3倍深海鱼油欧米伽3成人健身无鱼腥DNA鱼油200粒-默认-(625273072433);WEBBER NATURALS茶氨酸加纳籽褪黑素香蜂草草本5重配方安睡宝10粒-默认-(DYWEB990312500179),12,4.0,3.0,SALES_SPIKE
2025-09-01,	7527938665289761070,WEBBER NATURALS伟博天然守护前列番茄红素南瓜籽油锯棕榈60粒/瓶-默认-(625273039344),8,2.4285714285714284,3.294117647058824,SALES_SPIKE
2025-10-17,	7527938665289761070;7481121574674874687,WEBBER NATURALS伟博天然守护前列番茄红素南瓜籽油锯棕榈60粒/瓶-默认-(625273039344);伟博天然辅酶Q10胶囊100mg 成人心脏活力60粒 效期至26年5月30日-默认-(DYWEB628347570705),8,2.0,4.0,SALES_SPIKE
2025-10-26,	7527938665289761070;7481121574674874687,WEBBER NATURALS伟博天然守护前列番茄红素南瓜籽油锯棕榈60粒/瓶-默认-(625273039344);伟博天然辅酶Q10胶囊100mg 成人心脏活力60粒 效期至26年5月30日-默认-(DYWEB628347570705),18,3.5714285714285716,5.04,SALES_SPIKE
2025-03-05,7.054785415521403e+18,webber naturals伟博深海鱼油Omega3 80粒/瓶-默认-(DYWEB625273033953),6,1.1428571428571428,5.25,SALES_SPIKE
2025-07-28,7.054785415521419e+18,WEBBER NATURALS6岁+儿童鱼油高DHA香橙味欧米伽3眼脑同步120粒-默认-(DYWEB625273033496),5,1.2857142857142858,3.8888888888888884,SALES_SPIKE
2025-07-30,7.054785415521419e+18,WEBBER NATURALS6岁+儿童鱼油高DHA香橙味欧米伽3眼脑同步120粒-默认-(DYWEB625273033496),7,2.2857142857142856,3.0625,SALES_SPIKE
2025-08-07,7.054785415521419e+18,WEBBER NATURALS6岁+儿童鱼油高DHA香橙味欧米伽3眼脑同步120粒-默认-(DYWEB625273033496),22,3.7142857142857144,5.9230769230769225,SALES_SPIKE
2025-08-10,7.054785415521419e+18,WEBBER NATURALS6岁+儿童鱼油高DHA香橙味欧米伽3眼脑同步120粒-默认-(DYWEB625273033496),14,4.571428571428571,3.0625,SALES_SPIKE
2025-08-17,7.054785415521419e+18,WEBBER NATURALS6岁+儿童鱼油高DHA香橙味欧米伽3眼脑同步120粒-默认-(DYWEB625273033496),17,5.428571428571429,3.131578947368421,SALES_SPIKE
2025-08-22,7.054785415521419e+18,WEBBER NATURALS6岁+儿童鱼油高DHA香橙味欧米伽3眼脑同步120粒-默认-(DYWEB625273033496),18,4.714285714285714,3.818181818181818,SALES_SPIKE
2025-08-27,7.054785415521419e+18,WEBBER NATURALS6岁+儿童鱼油高DHA香橙味欧米伽3眼脑同步120粒-默认-(DYWEB625273033496),15,3.142857142857143,4.7727272727272725,SALES_SPIKE
2025-08-28,7.054785415521419e+18,WEBBER NATURALS6岁+儿童鱼油高DHA香橙味欧米伽3眼脑同步120粒-默认-(DYWEB625273033496),18,5.0,3.6,SALES_SPIKE
2025-08-29,7.054785415521419e+18,WEBBER NATURALS6岁+儿童鱼油高DHA香橙味欧米伽3眼脑同步120粒-默认-(DYWEB625273033496),43,7.428571428571429,5.788461538461538,SALES_SPIKE
2025-10-07,7.054785415521419e+18,WEBBER NATURALS6岁+儿童鱼油高DHA香橙味欧米伽3眼脑同步120粒-默认-(DYWEB625273033496),27,8.714285714285714,3.098360655737705,SALES_SPIKE
2025-10-08,7.054785415521419e+18,WEBBER NATURALS6岁+儿童鱼油高DHA香橙味欧米伽3眼脑同步120粒-默认-(DYWEB625273033496),41,10.285714285714286,3.9861111111111107,SALES_SPIKE
2025-11-07,7.054785415521419e+18,WEBBER NATURALS6岁+儿童鱼油高DHA香橙味欧米伽3眼脑同步120粒-默认-(DYWEB625273033496),30,6.857142857142857,4.375,SALES_SPIKE
2025-11-11,7.054785415521419e+18,WEBBER NATURALS6岁+儿童鱼油高DHA香橙味欧米伽3眼脑同步120粒-默认-(DYWEB625273033496),25,7.714285714285714,3.2407407407407405,SALES_SPIKE
2025-11-16,7.054785415521419e+18,WEBBER NATURALS6岁+儿童鱼油高DHA香橙味欧米伽3眼脑同步120粒-默认-(DYWEB625273033496),17,5.428571428571429,3.131578947368421,SALES_SPIKE
2025-11-17,7.054785415521419e+18,WEBBER NATURALS6岁+儿童鱼油高DHA香橙味欧米伽3眼脑同步120粒-默认-(DYWEB625273033496),22,4.857142857142857,4.529411764705883,SALES_SPIKE
2025-11-22,7.054785415521419e+18,WEBBER NATURALS6岁+儿童鱼油高DHA香橙味欧米伽3眼脑同步120粒-默认-(DYWEB625273033496),31,7.857142857142857,3.9454545454545458,SALES_SPIKE
2025-11-26,7.054785415521419e+18,WEBBER NATURALS6岁+儿童鱼油高DHA香橙味欧米伽3眼脑同步120粒-默认-(DYWEB625273033496),30,7.571428571428571,3.9622641509433962,SALES_SPIKE
2025-12-02,7.054785415521419e+18,WEBBER NATURALS6岁+儿童鱼油高DHA香橙味欧米伽3眼脑同步120粒-默认-(DYWEB625273033496),29,9.142857142857142,3.171875,SALES_SPIKE
2025-12-10,7.054785415521419e+18,	【子豪专属】WEBBER NATURALS6岁+儿童鱼油高DHA香橙味欧米伽3眼脑同步120粒,6,1.8571428571428572,3.230769230769231,SALES_SPIKE
2025-12-20,7.054785415521419e+18,	【达人专属】WEBBER NATURALS6岁+儿童鱼油高DHA香橙味欧米伽3眼脑同步120粒,14,2.7142857142857144,5.157894736842105,SALES_SPIKE
2025-12-22,7.054785415521419e+18,	【子豪专属】WEBBER NATURALS6岁+儿童鱼油高DHA香橙味欧米伽3眼脑同步120粒,44,3.857142857142857,11.407407407407407,SALES_SPIKE
2025-12-30,7.054785415521419e+18,	【子豪专属】WEBBER NATURALS6岁+儿童鱼油高DHA香橙味欧米伽3眼脑同步120粒,35,2.857142857142857,12.25,SALES_SPIKE
2026-01-07,7.054785415521419e+18,	【达人专属】WEBBER NATURALS6岁+儿童鱼油高DHA香橙味欧米伽3眼脑同步120粒,10,3.2857142857142856,3.0434782608695654,SALES_SPIKE
2025-01-12,7.05478541552142e+18,伟博天然儿童鱼油150mg高DHA香橙味omega3IVO认证脑黄金120粒6岁+-默认-(DYWEB625273033496),15,4.857142857142857,3.088235294117647,SALES_SPIKE
2025-01-27,7.05478541552142e+18,伟博天然儿童鱼油150mg高DHA香橙味omega3IVO认证脑黄金120粒6岁+-默认-(DYWEB625273033496),17,3.142857142857143,5.409090909090909,SALES_SPIKE
2025-02-20,7.05478541552142e+18,Webber Naturals儿童鱼油150mg高DHA香橙味omega3脑黄金120粒6岁+-默认-(DYWEB625273033496),50,14.142857142857142,3.5353535353535355,SALES_SPIKE
2025-03-20,7.05478541552142e+18,Webber Naturals儿童鱼油150mg高DHA香橙味omega3脑黄金120粒6岁+-默认-(DYWEB625273033496),46,9.714285714285714,4.735294117647059,SALES_SPIKE
2025-05-13,7.05478541552142e+18,Webber Naturals儿童鱼油150mg高DHA香橙味omega3脑黄金120粒6岁+-默认-(DYWEB625273033496),7,1.8571428571428572,3.769230769230769,SALES_SPIKE
2025-05-14,7.05478541552142e+18,Webber Naturals儿童鱼油150mg高DHA香橙味omega3脑黄金120粒6岁+-默认-(DYWEB625273033496),14,2.5714285714285716,5.444444444444444,SALES_SPIKE
2025-06-09,7.05478541552142e+18,Webber Naturals儿童鱼油150mg高DHA香橙味omega3脑黄金120粒6岁+-默认-(DYWEB625273033496),8,2.4285714285714284,3.294117647058824,SALES_SPIKE
2025-06-23,7.05478541552142e+18,Webber Naturals儿童鱼油150mg高DHA香橙味omega3脑黄金120粒6岁+-默认-(DYWEB625273033496),21,6.714285714285714,3.127659574468085,SALES_SPIKE
2025-06-29,7.05478541552142e+18,【子豪专属】Webber Naturals儿童鱼油150mg高DHA香橙味omega3脑黄金120粒6岁+-默认-(DYWEB625273033496),50,9.142857142857142,5.46875,SALES_SPIKE
2025-07-01,7.05478541552142e+18,【子豪专属】Webber Naturals儿童鱼油150mg高DHA香橙味omega3脑黄金120粒6岁+-默认-(DYWEB625273033496),51,14.571428571428571,3.5,SALES_SPIKE
2025-07-09,7.05478541552142e+18,Webber Naturals儿童鱼油150mg高DHA香橙味omega3脑黄金120粒6岁+-默认-(DYWEB625273033496),13,3.0,4.333333333333333,SALES_SPIKE
2025-07-16,7.05478541552142e+18,Webber Naturals儿童鱼油150mg高DHA香橙味omega3脑黄金120粒6岁+-默认-(DYWEB625273033496),16,4.571428571428571,3.5,SALES_SPIKE
2025-10-27,7.054785415521436e+18,WEBBER NATURALS伟博天然进口钙镁维生素D3复合片200粒/瓶-默认-(DYWEB625273038668),5,1.4285714285714286,3.5,SALES_SPIKE
2025-11-18,7.054785415521436e+18,WEBBER NATURALS伟博天然进口钙镁维生素D3复合片200粒/瓶-默认-(DYWEB625273038668),6,2.0,3.0,SALES_SPIKE
2025-11-20,7.054785415521436e+18,WEBBER NATURALS伟博天然进口钙镁维生素D3复合片200粒/瓶-默认-(DYWEB625273038668),10,3.142857142857143,3.181818181818182,SALES_SPIKE
2025-12-28,7.054785415521436e+18,	【达人专属】WEBBER NATURALS伟博天然进口钙镁维生素D3复合片200粒/瓶,5,1.1428571428571428,4.375,SALES_SPIKE
2025-03-03,7.054785415521452e+18,webber naturals伟博青中老年补钙650mg+VD3促吸收钙片100片/瓶-默认-(DYWEB625273031591),6,1.6,3.75,SALES_SPIKE
2025-05-10,7.054785415521452e+18,webber naturals伟博青中老年补钙650mg+VD3促吸收钙片100片/瓶-默认-(DYWEB625273031591),5,1.4285714285714286,3.5,SALES_SPIKE
2025-10-27,7.054785415630438e+18,WEBBER NATURALS高浓缩肉桂精华植物维稳糖值150mg呵护健康60粒-默认-(DYWEB625273034370),8,1.1428571428571428,7.0,SALES_SPIKE
2025-11-14,7.054785415630471e+18,WEBBER NATURALS氨基葡萄糖软骨素添加D3双倍关节氨糖维骨力300粒-默认-(DYWEB625273052558),7,1.7142857142857142,4.083333333333334,SALES_SPIKE
2025-11-24,7.054785415630471e+18,WEBBER NATURALS氨基葡萄糖软骨素添加D3双倍关节氨糖维骨力300粒-默认-(DYWEB625273052558),12,2.142857142857143,5.6000000000000005,SALES_SPIKE
2025-12-03,7.054785415630504e+18,WEBBER NATURALS进口3倍浓缩Omega3深海鱼油100mg辅酶q10胶囊80粒-默认-(DYWEB625273033779),6,2.0,3.0,SALES_SPIKE
2025-03-13,7.05478541563052e+18,伟博天然进口α硫辛酸胶囊100mg*60粒/瓶-默认-(DYWEB625273031287),7,1.5,4.666666666666667,SALES_SPIKE
2025-03-26,7.05478541563052e+18,伟博天然进口α硫辛酸胶囊100mg*60粒/瓶-默认-(DYWEB625273031287),28,2.5714285714285716,10.888888888888888,SALES_SPIKE
2025-03-27,7.05478541563052e+18,伟博天然进口α硫辛酸胶囊100mg*60粒/瓶-默认-(DYWEB625273031287),19,5.714285714285714,3.3249999999999997,SALES_SPIKE
2025-10-13,7.054785415630537e+18,WEBBER NATURALS奶蓟草护肝片姜黄硫辛酸熬夜加班养护65粒护肝片-默认-(DYWEB625273034523),9,1.1428571428571428,7.875,SALES_SPIKE
2025-10-14,7.054785415630537e+18,WEBBER NATURALS奶蓟草护肝片姜黄硫辛酸熬夜加班养护65粒护肝片-默认-(DYWEB625273034523),7,2.142857142857143,3.2666666666666666,SALES_SPIKE
2024-12-31,7.077809856803226e+18,WebberNaturals伟博深海鱼油900mg高纯度Omega3 DHA/EPA鱼油200粒-默认-(DYWEB625273052985),5,1.0,5.0,SALES_SPIKE
2025-01-12,7.081192833746781e+18,webbernaturals辅酶Q10天然发酵免疫软胶囊60粒/瓶100mg营养-默认-(DYWEB625273038552),13,2.5714285714285716,5.055555555555555,SALES_SPIKE
2025-02-16,7.081192833746781e+18,webbernaturals辅酶Q10天然发酵免疫软胶囊60粒/瓶100mg营养-默认-(DYWEB625273038552),5,1.5714285714285714,3.181818181818182,SALES_SPIKE
2025-02-20,7.081192833746781e+18,webbernaturals辅酶Q10天然发酵免疫软胶囊60粒/瓶100mg营养-默认-(DYWEB625273038552),11,3.5714285714285716,3.0799999999999996,SALES_SPIKE
2025-08-25,7.08119283374678e+18,WEBBER NATURALS心脏辅酶Q10天然发酵胶囊100mg呵护心肌健康60粒-默认-(DYWEB625273038552),5,1.1428571428571428,4.375,SALES_SPIKE
2025-09-06,7.08119283374678e+18,WEBBER NATURALS心脏辅酶Q10天然发酵胶囊100mg呵护心肌健康60粒-默认-(DYWEB625273038552),5,1.2857142857142858,3.8888888888888884,SALES_SPIKE
2025-10-27,7.08119283374678e+18,WEBBER NATURALS心脏辅酶Q10天然发酵胶囊100mg呵护心肌健康60粒-默认-(DYWEB625273038552),8,1.4285714285714286,5.6,SALES_SPIKE
2025-11-25,7.08119283374678e+18,WEBBER NATURALS心脏辅酶Q10天然发酵胶囊100mg呵护心肌健康60粒-默认-(DYWEB625273038552),9,1.5714285714285714,5.7272727272727275,SALES_SPIKE
2025-12-16,7.081273337766478e+18,	WEBBER NATURALS进口Verisol小分子多肽胶原蛋白加生物素120粒/瓶,12,2.2857142857142856,5.25,SALES_SPIKE
2025-03-09,7.08127429318697e+18,【效期至25年8月】伟博复合氨糖维骨素胶囊三倍营养骨骼120粒/瓶-默认-(DYWEB625273050363),5,1.0,5.0,SALES_SPIKE
2025-03-10,7.08127429318697e+18,【效期至25年8月】伟博复合氨糖维骨素胶囊三倍营养骨骼120粒/瓶-默认-(DYWEB625273050363),6,1.8,3.333333333333333,SALES_SPIKE
2025-03-21,7.08127429318697e+18,【效期至25年8月】伟博复合氨糖维骨素胶囊三倍营养骨骼120粒/瓶-默认-(DYWEB625273050363),8,2.4285714285714284,3.294117647058824,SALES_SPIKE
2025-03-22,7.08127429318697e+18,【效期至25年8月】伟博复合氨糖维骨素胶囊三倍营养骨骼120粒/瓶-默认-(DYWEB625273050363),19,3.4285714285714284,5.541666666666667,SALES_SPIKE
2025-10-01,7.081274294365618e+18,WEBBER NATURALS硫酸氨糖骨关节灵15种草本营养配方OSTEO 80粒/瓶-默认-(DYWEB625273033755),5,1.1428571428571428,4.375,SALES_SPIKE
2025-11-10,7.081540798906548e+18,WEBBER NATURALS天然大豆卵磷脂胶囊鱼油搭档1200mg 180粒/瓶-默认-(DYWEB625273079746),6,1.2857142857142858,4.666666666666666,SALES_SPIKE
2025-01-17,7.081540798906549e+18, webber naturals天然大豆卵磷脂胶囊鱼油搭档1200mg 180粒/瓶-默认-(DYWEB625273079746),6,1.8571428571428572,3.230769230769231,SALES_SPIKE
2025-02-07,7.081540798906549e+18, webber naturals天然大豆卵磷脂胶囊鱼油搭档1200mg 180粒/瓶-默认-(DYWEB625273079746),7,2.0,3.5,SALES_SPIKE
2025-04-28,7.081540798906549e+18, webber naturals天然大豆卵磷脂胶囊鱼油搭档1200mg 180粒/瓶-默认-(DYWEB625273079746),6,1.4285714285714286,4.2,SALES_SPIKE
2025-04-17,7.08342615917799e+18,webber naturals进口PGX纤维胶囊健康膳食150粒/瓶-默认-(DYWEB625273037517),7,1.0,7.0,SALES_SPIKE
2025-08-11,7.08342615917799e+18,webber naturals进口PGX纤维胶囊健康膳食150粒/瓶-默认-(DYWEB625273037517),6,1.2857142857142858,4.666666666666666,SALES_SPIKE
2025-01-11,7.085276593567991e+18,WebberNaturals伟博天然高含量叶黄素玉米黄素40mg中老年护眼60粒-默认-(DYWEB625273034561),5,1.6666666666666667,3.0,SALES_SPIKE
2025-02-13,7.085276593567991e+18,【春蚕专属】WebberNaturals伟博天然高含量叶黄素玉米黄素40mg中老年护眼60粒-默认-(DYWEB625273034561),9,2.0,4.5,SALES_SPIKE
2025-06-09,7.085276593567991e+18,WebberNaturals伟博天然高含量叶黄素玉米黄素40mg中老年护眼60粒-默认-(DYWEB625273034561),8,2.5714285714285716,3.1111111111111107,SALES_SPIKE
2025-07-03,7.085276593567991e+18,WebberNaturals伟博天然高含量叶黄素玉米黄素40mg中老年护眼60粒-默认-(DYWEB625273034561),8,2.0,4.0,SALES_SPIKE
2025-10-20,7.08527659356799e+18,WEBBER NATURALS高含量叶黄素玉米黄素40mg成人护眼疲劳干涩60粒-默认-(DYWEB625273034561),6,1.5714285714285714,3.8181818181818183,SALES_SPIKE
2025-01-17,7.086274688812433e+18, webber naturals伟博胶原蛋白与神经酰胺生物活性胶原肽120片/瓶-默认-(DYWEB625273036695),7,2.25,3.111111111111111,SALES_SPIKE
2025-01-23,7.086274688812433e+18,Webber Naturals伟博胶原蛋白与神经酰胺生物活性胶原肽120片/瓶-默认-(DYWEB625273036695),16,2.5714285714285716,6.222222222222221,SALES_SPIKE
2025-01-30,7.086274688812433e+18, webber naturals伟博胶原蛋白与神经酰胺生物活性胶原肽120片/瓶-默认-(DYWEB625273036695),11,2.5714285714285716,4.277777777777778,SALES_SPIKE
2025-02-05,7.086274688812433e+18,Webber Naturals伟博胶原蛋白与神经酰胺生物活性胶原肽120片/瓶-默认-(DYWEB625273036695),31,8.142857142857142,3.8070175438596494,SALES_SPIKE
2025-02-28,7.086274688812433e+18,Webber Naturals伟博胶原蛋白与神经酰胺生物活性胶原肽120片/瓶-默认-(DYWEB625273036695),17,4.714285714285714,3.606060606060606,SALES_SPIKE
2025-03-13,7.086274688812433e+18,Webber Naturals伟博胶原蛋白与神经酰胺生物活性胶原肽120片/瓶-默认-(DYWEB625273036695),97,5.285714285714286,18.35135135135135,SALES_SPIKE
2025-04-07,7.086274688812433e+18,Webber Naturals伟博胶原蛋白与神经酰胺生物活性胶原肽120片/瓶-默认-(DYWEB625273036695),20,3.5714285714285716,5.6,SALES_SPIKE
2025-05-07,7.086274688812433e+18,Webber Naturals伟博胶原蛋白与神经酰胺生物活性胶原肽120片/瓶-默认-(DYWEB625273036695),8,2.2857142857142856,3.5,SALES_SPIKE
2025-05-25,7.086274688812433e+18,Webber Naturals伟博胶原蛋白与神经酰胺生物活性胶原肽120片/瓶-默认-(DYWEB625273036695),20,4.285714285714286,4.666666666666667,SALES_SPIKE
2025-06-25,7.086274688812433e+18,Webber Naturals伟博胶原蛋白与神经酰胺生物活性胶原肽120片/瓶-默认-(DYWEB625273036695),8,2.142857142857143,3.7333333333333334,SALES_SPIKE
2025-06-26,7.086274688812433e+18,Webber Naturals伟博胶原蛋白与神经酰胺生物活性胶原肽120片/瓶-默认-(DYWEB625273036695),12,3.142857142857143,3.8181818181818183,SALES_SPIKE
2025-10-06,7.086274688812433e+18,WEBBER NATURALS伟博胶原蛋白与神经酰胺生物活性胶原肽120片/瓶-默认-(DYWEB625273036695),9,2.7142857142857144,3.31578947368421,SALES_SPIKE
2025-11-24,7.086274688812433e+18,WEBBER NATURALS伟博胶原蛋白与神经酰胺生物活性胶原肽120片/瓶-默认-(DYWEB625273036695),7,2.2857142857142856,3.0625,SALES_SPIKE
2025-12-21,7.086274688812433e+18,	【达人专属】WEBBER NATURALS伟博胶原蛋白与神经酰胺生物活性胶原肽120片/瓶,6,1.7142857142857142,3.5,SALES_SPIKE
2025-01-15,7.091865529023218e+18,Webber Naturals伟博天然进口小分子胶原蛋白多肽粉150g/瓶-默认-(DYWEB625273036657),5,1.4,3.5714285714285716,SALES_SPIKE
2025-02-02,7.091865529023218e+18,Webber Naturals伟博天然进口小分子胶原蛋白多肽粉150g/瓶-默认-(DYWEB625273036657),7,2.142857142857143,3.2666666666666666,SALES_SPIKE
2025-02-09,7.091865529023218e+18,Webber Naturals伟博天然进口小分子胶原蛋白多肽粉150g/瓶-默认-(DYWEB625273036657),10,2.857142857142857,3.5,SALES_SPIKE
2026-01-05,7.091865529023218e+18,	【达人专属】Webber Naturals伟博天然进口小分子胶原蛋白多肽粉150g/瓶,6,1.0,6.0,SALES_SPIKE
2025-02-15,7.11003268465066e+18,【效期至25年6月】webbernaturals伟博500mg维生素C胶囊60粒-默认-(625273076622),9,1.5714285714285714,5.7272727272727275,SALES_SPIKE
2025-02-17,7.11003268465066e+18,【效期至25年6月】webbernaturals伟博500mg维生素C胶囊60粒-默认-(625273076622),10,3.142857142857143,3.181818181818182,SALES_SPIKE
2025-02-27,7.11003268465066e+18,【效期至25年6月】webbernaturals伟博500mg维生素C胶囊60粒-默认-(625273076622),16,4.714285714285714,3.393939393939394,SALES_SPIKE
2025-02-28,7.11003268465066e+18,【效期至25年6月】webbernaturals伟博500mg维生素C胶囊60粒-默认-(625273076622),22,5.857142857142857,3.75609756097561,SALES_SPIKE
2025-03-11,7.11003268465066e+18,【效期至25年6月】webbernaturals伟博500mg维生素C胶囊60粒-默认-(625273076622),74,12.714285714285714,5.820224719101124,SALES_SPIKE
2025-11-09,7.11003268465066e+18,WebberNaturals伟博天然500mg维生素C胶囊60粒-默认-(625273076622),16,3.4285714285714284,4.666666666666667,SALES_SPIKE
2025-11-10,7.11003268465066e+18,WebberNaturals伟博天然500mg维生素C胶囊60粒-默认-(625273076622),20,5.285714285714286,3.7837837837837838,SALES_SPIKE
2025-08-02,7.124611154185519e+18,WEBBER NATURALS500mg Omega-3深海鱼油添加D3青少年鱼油100粒/瓶-默认-(DYWEB625273090291),7,1.75,4.0,SALES_SPIKE
2025-08-17,7.124611154185519e+18,WEBBER NATURALS500mg Omega-3深海鱼油添加D3青少年鱼油100粒/瓶-默认-(DYWEB625273090291),8,2.5714285714285716,3.1111111111111107,SALES_SPIKE
2025-08-20,7.124611154185519e+18,WEBBER NATURALS500mg Omega-3深海鱼油添加D3青少年鱼油100粒/瓶-默认-(DYWEB625273090291),18,3.7142857142857144,4.846153846153846,SALES_SPIKE
2025-09-03,7.124611154185519e+18,WEBBER NATURALS500mg Omega-3深海鱼油添加D3青少年鱼油100粒/瓶-默认-(DYWEB625273090291),15,4.285714285714286,3.5,SALES_SPIKE
2025-09-14,7.124611154185519e+18,WEBBER NATURALS500mg Omega-3深海鱼油添加D3青少年鱼油100粒/瓶-默认-(DYWEB625273090291),79,3.0,26.333333333333332,SALES_SPIKE
2025-09-16,7.124611154185519e+18,WEBBER NATURALS500mg Omega-3深海鱼油添加D3青少年鱼油100粒/瓶-默认-(DYWEB625273090291),55,17.0,3.235294117647059,SALES_SPIKE
2025-01-12,7.12461115418552e+18,Webber naturals伟博深海鱼油500mgOmega3+D3青少年补脑 100粒/瓶-默认-(DYWEB625273090291),11,3.4285714285714284,3.2083333333333335,SALES_SPIKE
2025-02-17,7.12461115418552e+18,Webber naturals伟博深海鱼油500mgOmega3+D3青少年补脑 100粒/瓶-默认-(DYWEB625273090291),46,5.714285714285714,8.049999999999999,SALES_SPIKE
2025-02-26,7.12461115418552e+18,Webber naturals伟博深海鱼油500mgOmega3+D3青少年补脑 100粒/瓶-默认-(DYWEB625273090291),43,5.857142857142857,7.341463414634147,SALES_SPIKE
2025-04-18,7.12461115418552e+18,Webber naturals伟博深海鱼油500mgOmega3+D3青少年补脑 100粒/瓶-默认-(DYWEB625273090291),23,2.857142857142857,8.049999999999999,SALES_SPIKE
2025-04-20,7.12461115418552e+18,Webber naturals伟博深海鱼油500mgOmega3+D3青少年补脑 100粒/瓶-默认-(DYWEB625273090291),20,6.142857142857143,3.255813953488372,SALES_SPIKE
2025-01-11,7.142731245833732e+18,webbernaturals进口儿童鱼油欧米伽3高DHA爆浆深海鱼油120粒 1岁+-默认-(DYWEB625273090185),11,2.142857142857143,5.133333333333334,SALES_SPIKE
2025-01-27,7.142731245833732e+18,webbernaturals进口儿童鱼油欧米伽3高DHA爆浆深海鱼油120粒 1岁+-默认-(DYWEB625273090185),8,2.142857142857143,3.7333333333333334,SALES_SPIKE
2025-04-30,7.142731245833732e+18,WebberNaturals进口儿童鱼油欧米伽3高DHA爆浆深海鱼油120粒 1岁+-默认-(DYWEB625273090185),99,20.142857142857142,4.914893617021277,SALES_SPIKE
2025-05-15,7.142731245833732e+18,WebberNaturals进口儿童鱼油欧米伽3高DHA爆浆深海鱼油120粒 1岁+-默认-(DYWEB625273090185),90,22.142857142857142,4.064516129032258,SALES_SPIKE
2025-05-30,7.142731245833732e+18,WebberNaturals进口儿童鱼油欧米伽3高DHA爆浆深海鱼油120粒 1岁+-默认-(DYWEB625273090185),132,31.714285714285715,4.162162162162162,SALES_SPIKE
2025-07-16,7.142731245833732e+18,WebberNaturals进口儿童鱼油欧米伽3高DHA爆浆深海鱼油120粒 1岁+-默认-(DYWEB625273090185),15,4.428571428571429,3.387096774193548,SALES_SPIKE
2025-08-01,7.142731245833732e+18,WEBBER NATURALS进口儿童鱼油欧米伽3高DHA爆浆深海鱼油120粒1岁+-默认-(DYWEB625273090185),7,1.2857142857142858,5.444444444444444,SALES_SPIKE
2025-08-02,7.142731245833732e+18,WEBBER NATURALS进口儿童鱼油欧米伽3高DHA爆浆深海鱼油120粒1岁+-默认-(DYWEB625273090185),9,2.0,4.5,SALES_SPIKE
2025-08-11,7.142731245833732e+18,WEBBER NATURALS进口儿童鱼油欧米伽3高DHA爆浆深海鱼油120粒1岁+-默认-(DYWEB625273090185),16,3.857142857142857,4.148148148148148,SALES_SPIKE
2025-07-26,7.144930821143691e+18,WEBBER NATURALS南非醉茄KSM66 3600mg降低皮质醇缓压促睡眠120粒-默认-(DYWEB625273052640),8,2.0,4.0,SALES_SPIKE
2025-08-01,7.144930821143691e+18,WEBBER NATURALS南非醉茄KSM66 3600mg降低皮质醇缓压促睡眠120粒-默认-(DYWEB625273052640),14,2.5714285714285716,5.444444444444444,SALES_SPIKE
2025-08-07,7.144930821143691e+18,WEBBER NATURALS南非醉茄KSM66 3600mg降低皮质醇缓压促睡眠120粒-默认-(DYWEB625273052640),22,6.142857142857143,3.581395348837209,SALES_SPIKE
2025-08-16,7.144930821143691e+18,WEBBER NATURALS南非醉茄KSM66 3600mg降低皮质醇缓压促睡眠120粒-默认-(DYWEB625273052640),23,7.571428571428571,3.0377358490566038,SALES_SPIKE
2025-09-05,7.144930821143691e+18,WEBBER NATURALS南非醉茄KSM66 3600mg降低皮质醇缓压促睡眠120粒-默认-(DYWEB625273052640),50,12.714285714285714,3.9325842696629216,SALES_SPIKE
2025-01-02,7.144930821143692e+18,伟博天然进口KSM66南非醉茄印度人参精华3600mg*120粒降低皮质醇-默认-(DYWEB625273052640),5,1.3333333333333333,3.75,SALES_SPIKE
2025-02-06,7.144930821143692e+18,伟博天然进口KSM66南非醉茄印度人参精华3600mg*120粒降低皮质醇-默认-(DYWEB625273052640),16,4.285714285714286,3.7333333333333334,SALES_SPIKE
2025-02-13,7.144930821143692e+18,伟博天然进口KSM66南非醉茄印度人参精华3600mg*120粒降低皮质醇-默认-(DYWEB625273052640),6,1.8571428571428572,3.230769230769231,SALES_SPIKE
2025-02-14,7.144930821143692e+18,伟博天然进口KSM66南非醉茄印度人参精华3600mg*120粒降低皮质醇-默认-(DYWEB625273052640),7,2.2857142857142856,3.0625,SALES_SPIKE
2025-03-02,7.144930821143692e+18,伟博天然进口KSM66南非醉茄印度人参精华3600mg*120粒降低皮质醇-默认-(DYWEB625273052640),13,4.142857142857143,3.1379310344827585,SALES_SPIKE
2025-03-15,7.144930821143692e+18,伟博天然进口KSM66南非醉茄印度人参精华3600mg*120粒降低皮质醇-默认-(DYWEB625273052640),9,3.0,3.0,SALES_SPIKE
2025-03-17,7.144930821143692e+18,伟博天然进口KSM66南非醉茄印度人参精华3600mg*120粒降低皮质醇-默认-(DYWEB625273052640),12,3.2857142857142856,3.6521739130434785,SALES_SPIKE
2025-03-25,7.144930821143692e+18,伟博天然进口KSM66南非醉茄印度人参精华3600mg*120粒降低皮质醇-默认-(DYWEB625273052640),12,4.0,3.0,SALES_SPIKE
2025-03-31,7.144930821143692e+18,伟博天然进口KSM66南非醉茄印度人参精华3600mg*120粒降低皮质醇-默认-(DYWEB625273052640),12,3.857142857142857,3.111111111111111,SALES_SPIKE
2025-04-07,7.144930821143692e+18,伟博天然进口KSM66南非醉茄印度人参精华3600mg*120粒降低皮质醇-默认-(DYWEB625273052640),13,4.285714285714286,3.033333333333333,SALES_SPIKE
2025-05-20,7.144930821143692e+18,伟博天然进口KSM66南非醉茄印度人参精华3600mg*120粒降低皮质醇-默认-(DYWEB625273052640),11,3.4285714285714284,3.2083333333333335,SALES_SPIKE
2025-05-22,7.144930821143692e+18,伟博天然进口KSM66南非醉茄印度人参精华3600mg*120粒降低皮质醇-默认-(DYWEB625273052640),28,5.857142857142857,4.7804878048780495,SALES_SPIKE
2025-05-30,7.144930821143692e+18,伟博天然进口KSM66南非醉茄印度人参精华3600mg*120粒降低皮质醇-默认-(DYWEB625273052640),15,4.0,3.75,SALES_SPIKE
2025-06-03,7.144930821143692e+18,伟博天然进口KSM66南非醉茄印度人参精华3600mg*120粒降低皮质醇-默认-(DYWEB625273052640),12,3.7142857142857144,3.230769230769231,SALES_SPIKE
2025-06-10,7.144930821143692e+18,伟博天然进口KSM66南非醉茄印度人参精华3600mg*120粒降低皮质醇-默认-(DYWEB625273052640),8,2.0,4.0,SALES_SPIKE
2025-07-10,7.144930821143692e+18,伟博天然进口KSM66南非醉茄印度人参精华3600mg*120粒降低皮质醇-默认-(DYWEB625273052640),13,3.0,4.333333333333333,SALES_SPIKE
2025-07-15,7.144930821143692e+18,伟博天然进口KSM66南非醉茄印度人参精华3600mg*120粒降低皮质醇-默认-(DYWEB625273052640),10,3.142857142857143,3.181818181818182,SALES_SPIKE
2025-02-16,7.14643973464526e+18,WebberNaturals伟博进口VB烟酰胺锌硒55+女士全能综合营养素 30粒-默认-(DYWEB625273079975),6,1.5714285714285714,3.8181818181818183,SALES_SPIKE
2025-01-06,7.146569951686672e+18,伟博精粹金CO2提纯1100mg4倍含量omega3成人心脑欧米伽3鱼油120粒-默认-(DYWEB625273090086),10,3.2857142857142856,3.0434782608695654,SALES_SPIKE
2025-01-11,7.146569951686672e+18,【官方直播】WebberNaturals伟博深海鱼油1390mg高纯度Omega3 120粒-默认-(DYWEB625273090086),9,2.142857142857143,4.2,SALES_SPIKE
2025-01-11,7.146569951686672e+18,伟博精粹金CO2提纯1100mg4倍含量omega3成人心脑欧米伽3鱼油120粒-默认-(DYWEB625273090086),11,3.2857142857142856,3.347826086956522,SALES_SPIKE
2025-01-12,7.146569951686672e+18,伟博精粹金CO2提纯1100mg4倍含量omega3成人心脑欧米伽3鱼油120粒-默认-(DYWEB625273090086),17,4.714285714285714,3.606060606060606,SALES_SPIKE
2025-01-22,7.146569951686672e+18,伟博精粹金CO2提纯1100mg4倍含量omega3成人心脑欧米伽3鱼油120粒-默认-(DYWEB625273090086),14,4.571428571428571,3.0625,SALES_SPIKE
2025-03-11,7.146569951686672e+18,伟博精粹金CO2提纯1100mg4倍含量omega3成人心脑欧米伽3鱼油120粒-默认-(DYWEB625273090086),14,3.4285714285714284,4.083333333333334,SALES_SPIKE
2025-04-08,7.146569951686672e+18,伟博精粹金CO2提纯1100mg4倍含量omega3成人心脑欧米伽3鱼油120粒-默认-(DYWEB625273090086),23,7.571428571428571,3.0377358490566038,SALES_SPIKE
2025-04-10,7.146569951686672e+18,伟博精粹金CO2提纯1100mg4倍含量omega3成人心脑欧鱼油120粒 S-默认-(DYWEB625273090086),37,8.285714285714286,4.46551724137931,SALES_SPIKE
2025-04-30,7.146569951686672e+18,伟博精粹金CO2提纯1100mg4倍含量omega3成人心脑欧米伽3鱼油120粒-默认-(DYWEB625273090086),25,7.571428571428571,3.30188679245283,SALES_SPIKE
2025-05-23,7.146569951686672e+18,伟博精粹金CO2提纯1100mg4倍含量omega3成人心脑欧米伽3鱼油120粒-默认-(DYWEB625273090086),14,4.285714285714286,3.2666666666666666,SALES_SPIKE
2025-05-24,7.146569951686672e+18,伟博精粹金CO2提纯1100mg4倍含量omega3成人心脑欧米伽3鱼油120粒-默认-(DYWEB625273090086),14,4.428571428571429,3.161290322580645,SALES_SPIKE
2025-07-01,7.146569951686672e+18,伟博精粹金CO2提纯1100mg4倍含量omega3成人心脑欧米伽3鱼油120粒-默认-(DYWEB625273090086),12,3.2857142857142856,3.6521739130434785,SALES_SPIKE
2025-07-03,7.146569951686672e+18,伟博精粹金CO2提纯1100mg4倍含量omega3成人心脑欧米伽3鱼油120粒-默认-(DYWEB625273090086),15,4.285714285714286,3.5,SALES_SPIKE
2025-07-16,7.146569951686672e+18,伟博精粹金CO2提纯1100mg4倍含量omega3成人心脑欧米伽3鱼油120粒-默认-(DYWEB625273090086),9,2.4285714285714284,3.7058823529411766,SALES_SPIKE
2025-07-25,7.146569951686672e+18,WEBBER NATURALS高纯度深海鱼油omega3欧米伽3成人健身鱼油120粒-默认-(DYWEB625273090086),5,1.5714285714285714,3.181818181818182,SALES_SPIKE
2025-07-27,7.146569951686672e+18,WEBBER NATURALS高纯度深海鱼油omega3欧米伽3成人健身鱼油120粒-默认-(DYWEB625273090086),7,2.0,3.5,SALES_SPIKE
2025-08-01,7.146569951686672e+18,WEBBER NATURALS高纯度深海鱼油omega3欧米伽3成人健身鱼油120粒-默认-(DYWEB625273090086),9,2.5714285714285716,3.4999999999999996,SALES_SPIKE
2025-08-03,7.146569951686672e+18,WEBBER NATURALS高纯度深海鱼油omega3欧米伽3成人健身鱼油120粒-默认-(DYWEB625273090086),11,3.4285714285714284,3.2083333333333335,SALES_SPIKE
2025-08-08,7.146569951686672e+18,WEBBER NATURALS高纯度深海鱼油omega3欧米伽3成人健身鱼油120粒-默认-(DYWEB625273090086),14,4.0,3.5,SALES_SPIKE
2025-08-26,7.146569951686672e+18,WEBBER NATURALS高纯度深海鱼油omega3欧米伽3成人健身鱼油120粒-默认-(DYWEB625273090086),20,2.0,10.0,SALES_SPIKE
2025-08-28,7.146569951686672e+18,【徐冬冬专属】WEBBER NATURALS高纯度深海鱼油omega3欧米伽3成人健身鱼油120粒D-默认-(DYWEB625273090086),94,7.142857142857143,13.16,SALES_SPIKE
2025-09-01,7.146569951686672e+18,【徐冬冬专属】WEBBER NATURALS高纯度深海鱼油omega3欧米伽3成人健身鱼油120粒D-默认-(DYWEB625273090086),46,14.0,3.2857142857142856,SALES_SPIKE
2025-09-09,7.146569951686672e+18,【徐冬冬专属】WEBBER NATURALS高纯度深海鱼油omega3欧米伽3成人健身鱼油120粒D-默认-(DYWEB625273090086),33,5.428571428571429,6.078947368421052,SALES_SPIKE
2025-09-12,7.146569951686672e+18,WEBBER NATURALS高纯度深海鱼油omega3欧米伽3成人健身鱼油120粒-默认-(DYWEB625273090086),19,5.0,3.8,SALES_SPIKE
2025-09-13,7.146569951686672e+18,【徐冬冬专属】WEBBER NATURALS高纯度深海鱼油omega3欧米伽3成人健身鱼油120粒D-默认-(DYWEB625273090086),54,5.857142857142857,9.219512195121952,SALES_SPIKE
2025-09-19,7.146569951686672e+18,WEBBER NATURALS高纯度深海鱼油omega3欧米伽3成人健身鱼油120粒-默认-(DYWEB625273090086),34,10.285714285714286,3.3055555555555554,SALES_SPIKE
2025-10-25,7.146569951686672e+18,WEBBER NATURALS高纯度深海鱼油omega3欧米伽3成人健身鱼油120粒-默认-(DYWEB625273090086),123,24.142857142857142,5.094674556213018,SALES_SPIKE
2025-11-14,7.146569951686672e+18,WEBBER NATURALS高纯度深海鱼油omega3欧米伽3成人健身鱼油120粒-默认-(DYWEB625273090086),65,17.142857142857142,3.791666666666667,SALES_SPIKE
2025-11-18,7.146569951686672e+18,WEBBER NATURALS高纯度深海鱼油omega3欧米伽3成人健身鱼油120粒-默认-(DYWEB625273090086),61,19.285714285714285,3.162962962962963,SALES_SPIKE
2025-11-24,7.146569951686672e+18,WEBBER NATURALS高纯度深海鱼油omega3欧米伽3成人健身鱼油120粒-默认-(DYWEB625273090086),45,12.857142857142858,3.5,SALES_SPIKE
2025-12-20,7.146569951686672e+18,	WEBBER NATURALS高纯度深海鱼油omega3欧米伽3成人健身鱼油120粒,21,4.285714285714286,4.9,SALES_SPIKE
2025-12-21,7.146569951686672e+18,	WEBBER NATURALS高纯度深海鱼油omega3欧米伽3成人健身鱼油120粒,28,7.142857142857143,3.92,SALES_SPIKE
2025-12-28,7.146569951686672e+18,	WEBBER NATURALS高纯度深海鱼油omega3欧米伽3成人健身鱼油120粒,17,5.571428571428571,3.0512820512820515,SALES_SPIKE
2026-01-04,7.146569951686672e+18,	WEBBER NATURALS高纯度深海鱼油omega3欧米伽3成人健身鱼油120粒,21,5.428571428571429,3.8684210526315788,SALES_SPIKE
2026-01-09,7.146569951686672e+18,	WEBBER NATURALS高纯度深海鱼油omega3欧米伽3成人健身鱼油120粒,13,3.7142857142857144,3.5,SALES_SPIKE
2026-01-10,7.146569951686672e+18,	WEBBER NATURALS高纯度深海鱼油omega3欧米伽3成人健身鱼油120粒,23,3.7142857142857144,6.1923076923076925,SALES_SPIKE
2026-01-13,7.146569951686672e+18,	WEBBER NATURALS高纯度深海鱼油omega3欧米伽3成人健身鱼油120粒,11,2.4285714285714284,4.529411764705883,SALES_SPIKE
2026-01-14,7.146569951686672e+18,	WEBBER NATURALS高纯度深海鱼油omega3欧米伽3成人健身鱼油120粒,13,3.4285714285714284,3.791666666666667,SALES_SPIKE
2025-07-30,7.168643947345035e+18,伟博天然进口VB番茄红素锌硒钙水果多酚55+男士全营养素 30粒-默认-(DYWEB625273079968),6,2.0,3.0,SALES_SPIKE
2025-08-15,7.168643947345035e+18,伟博天然进口VB番茄红素锌硒钙水果多酚55+男士全营养素 30粒-默认-(DYWEB625273079968),10,2.142857142857143,4.666666666666667,SALES_SPIKE
2025-11-24,7.168643947345035e+18,伟博天然进口VB番茄红素锌硒钙水果多酚55+男士全营养素 30粒-默认-(DYWEB625273079968),7,2.2857142857142856,3.0625,SALES_SPIKE
2025-02-20,7.168643947345036e+18,伟博天然进口VB番茄红素锌硒钙水果多酚55+男士全营养素 30粒-默认-(DYWEB625273079968),17,5.285714285714286,3.2162162162162162,SALES_SPIKE
2025-04-24,7.168643947345036e+18,伟博天然进口VB番茄红素锌硒钙水果多酚55+男士全营养素 30粒-默认-(DYWEB625273079968),10,2.5714285714285716,3.8888888888888884,SALES_SPIKE
2025-04-30,7.168643947345036e+18,伟博天然进口VB番茄红素锌硒钙水果多酚55+男士全营养素 30粒-默认-(DYWEB625273079968),10,3.142857142857143,3.181818181818182,SALES_SPIKE
2025-06-25,7.168643947345036e+18,伟博天然进口VB番茄红素锌硒钙水果多酚55+男士全营养素 30粒-默认-(DYWEB625273079968),11,3.4285714285714284,3.2083333333333335,SALES_SPIKE
2025-03-12,7.199138110997873e+18,Webber   Naturals伟博维生素C1000毫克150粒/瓶（效期至25年9月）-默认-(DYWEB625273032727),6,1.4285714285714286,4.2,SALES_SPIKE
2025-03-13,7.199138110997873e+18,Webber   Naturals伟博维生素C1000毫克150粒/瓶（效期至25年9月）-默认-(DYWEB625273032727),28,2.142857142857143,13.066666666666666,SALES_SPIKE
2025-03-14,7.199138110997873e+18,Webber   Naturals伟博维生素C1000毫克150粒/瓶（效期至25年9月）-默认-(DYWEB625273032727),21,6.142857142857143,3.4186046511627906,SALES_SPIKE
2025-03-15,7.199138110997873e+18,Webber   Naturals伟博维生素C1000毫克150粒/瓶（效期至25年9月）-默认-(DYWEB625273032727),46,8.857142857142858,5.193548387096774,SALES_SPIKE
2025-03-25,7.199138110997873e+18,Webber   Naturals伟博维生素C1000毫克150粒/瓶（效期至25年9月）-默认-(DYWEB625273032727),30,5.0,6.0,SALES_SPIKE
2025-03-26,7.199138110997873e+18,Webber   Naturals伟博维生素C1000毫克150粒/瓶（效期至25年9月）-默认-(DYWEB625273032727),78,9.142857142857142,8.53125,SALES_SPIKE
2025-03-28,7.199138110997873e+18,Webber   Naturals伟博维生素C1000毫克150粒/瓶（效期至25年9月）-默认-(DYWEB625273032727),180,24.285714285714285,7.411764705882353,SALES_SPIKE
2025-10-24,7.220679778930622e+18,WEBBER NATURALS伟博加拿大伟博天然安睡宝 茶氨酸褪黑素45粒/瓶-默认-(DYWEB625273090338),5,1.5714285714285714,3.181818181818182,SALES_SPIKE
2025-01-16,7.222948241891919e+18, 【效期至25年5月】webbernaturals光之自然白藜芦醇葡萄籽精华60粒-默认-(DYWEB625273090352),9,1.5,6.0,SALES_SPIKE
2025-03-10,7.22322261258199e+18,【效期至25年7月】伟博天然高浓度奶蓟草熬夜养肝胶囊250mg护肝片-默认-(DYWEB625273090178),8,2.4285714285714284,3.294117647058824,SALES_SPIKE
2025-03-12,7.22322261258199e+18,【效期至25年7月】伟博天然高浓度奶蓟草熬夜养肝胶囊250mg护肝片-默认-(DYWEB625273090178),12,4.0,3.0,SALES_SPIKE
2025-03-20,7.22322261258199e+18,【效期至25年7月】伟博天然高浓度奶蓟草熬夜养肝胶囊250mg护肝片-默认-(DYWEB625273090178),24,7.142857142857143,3.36,SALES_SPIKE
2025-12-28,7.239906506278453e+18,	WEBBER NATURALS升级款双倍硫酸氨糖软骨素+D3+K2关节维骨力300粒,6,1.7142857142857142,3.5,SALES_SPIKE
2025-11-25,7.242231858778341e+18,WEBBER NATURALS褪黑素片10mg快速入睡深度睡眠薄荷味72粒-默认-(DYWEB625273038279),8,2.2857142857142856,3.5,SALES_SPIKE
2025-01-14,7.24223185877834e+18,webber naturals褪黑素片10毫克72粒/瓶-默认-(DYWEB625273038279),7,2.142857142857143,3.2666666666666666,SALES_SPIKE
2025-04-10,7.24223185877834e+18,webber naturals褪黑素片10毫克72粒/瓶-默认-(DYWEB625273038279),10,2.5714285714285716,3.8888888888888884,SALES_SPIKE
2025-05-19,7.24223185877834e+18,webber naturals褪黑素片10毫克72粒/瓶-默认-(DYWEB625273038279),6,2.0,3.0,SALES_SPIKE
2025-05-22,7.295616354202385e+18,伟博天然进口KSM66南非醉茄印度人参精华7200mg*120粒降低皮质醇-默认-(625273071597),7,1.1428571428571428,6.125,SALES_SPIKE
2025-09-15,7.295616354202386e+18,WEBBER NATURALS南非醉茄KSM66 7200mg降低皮质醇缓压促睡眠120粒-默认-(625273071597),7,2.142857142857143,3.2666666666666666,SALES_SPIKE
2025-10-02,7.295616354202386e+18,WEBBER NATURALS南非醉茄KSM66 7200mg降低皮质醇缓压促睡眠120粒-默认-(625273071597),7,2.0,3.5,SALES_SPIKE
2025-10-12,7.295616354202386e+18,WEBBER NATURALS南非醉茄KSM66 7200mg降低皮质醇缓压促睡眠120粒-默认-(625273071597),5,1.5714285714285714,3.181818181818182,SALES_SPIKE
2025-10-28,7.295616354202386e+18,WEBBER NATURALS南非醉茄KSM66 7200mg降低皮质醇缓压促睡眠120粒-默认-(625273071597),5,1.4285714285714286,3.5,SALES_SPIKE
2025-02-18,7.329414437553848e+18,Webber Naturals伟博天然高纯度1390mg深海精粹鱼油软胶囊60粒/瓶-默认-(DYWEB625273090420),9,2.2857142857142856,3.9375,SALES_SPIKE
2025-02-21,7.329414437553848e+18,Webber Naturals伟博天然高纯度1390mg深海精粹鱼油软胶囊60粒/瓶-默认-(DYWEB625273090420),49,2.2857142857142856,21.4375,SALES_SPIKE
2025-02-25,7.329414437553848e+18,Webber Naturals伟博天然高纯度1390mg深海精粹鱼油软胶囊60粒/瓶-默认-(DYWEB625273090420),32,2.0,16.0,SALES_SPIKE
2025-03-06,7.329414437553848e+18,Webber Naturals伟博天然高纯度1390mg深海精粹鱼油软胶囊60粒/瓶-默认-(DYWEB625273090420),25,2.4285714285714284,10.294117647058824,SALES_SPIKE
2025-03-11,7.329414437553848e+18,Webber Naturals伟博天然高纯度1390mg深海精粹鱼油软胶囊60粒/瓶-默认-(DYWEB625273090420),74,2.2857142857142856,32.375,SALES_SPIKE
2025-03-18,7.329414437553848e+18,Webber Naturals伟博天然高纯度1390mg深海精粹鱼油软胶囊60粒/瓶-默认-(DYWEB625273090420),20,4.571428571428571,4.375,SALES_SPIKE
2025-03-21,7.329414437553848e+18,Webber Naturals伟博天然高纯度1390mg深海精粹鱼油软胶囊60粒/瓶-默认-(DYWEB625273090420),44,5.428571428571429,8.105263157894736,SALES_SPIKE
2025-03-29,7.329414437553848e+18,Webber Naturals伟博天然高纯度1390mg深海精粹鱼油软胶囊60粒/瓶-默认-(DYWEB625273090420),32,7.714285714285714,4.148148148148148,SALES_SPIKE
2025-06-25,7.329414437553848e+18,Webber Naturals伟博天然高纯度1390mg深海精粹鱼油软胶囊60粒/瓶-默认-(DYWEB625273090420),7,1.4285714285714286,4.8999999999999995,SALES_SPIKE
2025-08-12,7.329414437553848e+18,WEBBER NATURALS高纯度深海鱼油omega-3欧米伽3成人健身鱼油60粒-默认-(DYWEB625273090420),17,3.142857142857143,5.409090909090909,SALES_SPIKE
2025-08-17,7.329414437553848e+18,WEBBER NATURALS高纯度深海鱼油omega-3欧米伽3成人健身鱼油60粒-默认-(DYWEB625273090420),13,1.7142857142857142,7.583333333333334,SALES_SPIKE
2025-08-19,7.329414437553848e+18,WEBBER NATURALS高纯度深海鱼油omega-3欧米伽3成人健身鱼油60粒-默认-(DYWEB625273090420),17,3.4285714285714284,4.958333333333334,SALES_SPIKE
2025-08-20,7.329414437553848e+18,WEBBER NATURALS高纯度深海鱼油omega-3欧米伽3成人健身鱼油60粒-默认-(DYWEB625273090420),28,5.714285714285714,4.8999999999999995,SALES_SPIKE
2025-02-16,7.427011616899939e+18,Webber伟博 Osteo氨糖软骨素MSM添加乳香姜黄素高端关节修护30粒-默认-(625273090321),9,3.0,3.0,SALES_SPIKE
2025-02-23,7.427011616899939e+18,Webber伟博 Osteo氨糖软骨素MSM添加乳香姜黄素高端关节修护30粒-默认-(625273090321),34,10.142857142857142,3.352112676056338,SALES_SPIKE
2025-08-17,7.444447155950961e+18,WEBBER NATURALS进口叶黄素玉米黄素成人25mg囤货装护眼胶囊175粒-默认-(DYWEB625273055566),6,1.1666666666666667,5.142857142857142,SALES_SPIKE
2025-09-08,7.444452411308704e+18,Webber伟博天然1200mg高效能深海鱼油Omega3-6-9+GLA+ALA 180粒-默认-(DYWEB625273034776),7,1.2857142857142858,5.444444444444444,SALES_SPIKE
2025-01-07,7.4469700355807e+18,【年货送礼】Webber伟博天然高纯度Omega3精粹金鱼油120粒2瓶装礼盒-默认-(625273090086*2),6,1.6666666666666667,3.5999999999999996,SALES_SPIKE
2025-01-20,7.4469700355807e+18,【年货送礼】Webber伟博天然高纯度Omega3精粹金鱼油120粒2瓶装礼盒-默认-(625273090086*2),16,4.857142857142857,3.294117647058824,SALES_SPIKE
2025-03-07,7.4469700355807e+18,【年货送礼】Webber伟博天然高纯度Omega3精粹金鱼油120粒2瓶装礼盒-默认-(625273090086*2),5,1.4285714285714286,3.5,SALES_SPIKE
2025-03-20,7.448836024085741e+18,Webber Naturals伟博天然阳光小金盾小颗粒深海儿童鱼油+D3 60粒-默认-(DYWEB625273071634),11,1.3333333333333333,8.25,SALES_SPIKE
2025-03-24,7.448836024085741e+18,Webber Naturals伟博天然阳光小金盾小颗粒深海儿童鱼油+D3 60粒-默认-(DYWEB625273071634),10,2.4285714285714284,4.11764705882353,SALES_SPIKE
2025-07-04,7.448836024085741e+18,Webber Naturals伟博天然阳光小金盾小颗粒深海儿童鱼油+D3 60粒-默认-(DYWEB625273071634),5,1.0,5.0,SALES_SPIKE
2025-09-11,7.448836024085742e+18,Webber Naturals伟博天然阳光小金盾小颗粒深海儿童鱼油+D3 60粒-默认-(DYWEB625273071634),17,2.0,8.5,SALES_SPIKE
2025-09-22,7.448836024085742e+18,Webber Naturals伟博天然阳光小金盾小颗粒深海儿童鱼油+D3 60粒-默认-(DYWEB625273071634),20,3.5714285714285716,5.6,SALES_SPIKE
2025-09-27,7.448836024085742e+18,Webber Naturals伟博天然阳光小金盾小颗粒深海儿童鱼油+D3 60粒-默认-(DYWEB625273071634),40,7.285714285714286,5.490196078431373,SALES_SPIKE
2025-10-20,7.448836024085742e+18,Webber Naturals伟博天然阳光小金盾小颗粒深海儿童鱼油+D3 60粒-默认-(DYWEB625273071634),18,5.0,3.6,SALES_SPIKE
2025-11-03,7.448836024085742e+18,Webber Naturals伟博天然阳光小金盾小颗粒深海儿童鱼油+D3 60粒-默认-(DYWEB625273071634),26,7.285714285714286,3.5686274509803924,SALES_SPIKE
2026-01-10,7.448836024085742e+18,	【达人专属】Webber Naturals伟博天然阳光小金盾小颗粒深海儿童鱼油+D3 60粒,10,2.7142857142857144,3.6842105263157894,SALES_SPIKE
2025-05-18,7.448837780370702e+18,Webber Naturals伟博天然叶黄素40毫克 30粒 呵护眼睛-默认-(DYWEB625273070255),6,2.0,3.0,SALES_SPIKE
2025-05-21,7.448837780370702e+18,Webber Naturals伟博天然叶黄素40毫克 30粒 呵护眼睛-默认-(DYWEB625273070255),12,3.7142857142857144,3.230769230769231,SALES_SPIKE
2025-07-03,7.448837780370702e+18,Webber Naturals伟博天然叶黄素40毫克 30粒 呵护眼睛-默认-(DYWEB625273070255),5,1.2857142857142858,3.8888888888888884,SALES_SPIKE
2026-01-10,7.448837780370702e+18,	【达人专属】Webber Naturals伟博天然叶黄素40毫克 30粒 呵护眼睛,13,1.8571428571428572,7.0,SALES_SPIKE
2025-01-07,7.454032906437558e+18,枫叶围巾-默认-(20241230001),6,1.5,4.0,SALES_SPIKE
2025-01-20,7.454032906437558e+18,枫叶围巾-默认-(20241230001),16,4.857142857142857,3.294117647058824,SALES_SPIKE
2025-08-21,7.481121574674874e+18,伟博天然进口辅酶Q10胶囊100mg 成人心脏活力60粒（效期至26年6月）-默认-(DYWEB628347570705),8,2.2857142857142856,3.5,SALES_SPIKE
2025-08-22,7.481121574674874e+18,伟博天然进口辅酶Q10胶囊100mg 成人心脏活力60粒（效期至26年6月）-默认-(DYWEB628347570705),10,3.2857142857142856,3.0434782608695654,SALES_SPIKE
2025-08-26,7.481121574674874e+18,伟博天然进口辅酶Q10胶囊100mg 成人心脏活力60粒（效期至26年6月）-默认-(DYWEB628347570705),18,5.0,3.6,SALES_SPIKE
2025-09-09,7.481121574674874e+18,伟博天然进口辅酶Q10胶囊100mg 成人心脏活力60粒（效期至26年6月）-默认-(DYWEB628347570705),37,5.571428571428571,6.641025641025641,SALES_SPIKE
2025-09-10,7.481121574674874e+18,伟博天然进口辅酶Q10胶囊100mg 成人心脏活力60粒（效期至26年6月）-默认-(DYWEB628347570705),34,11.285714285714286,3.012658227848101,SALES_SPIKE
2025-09-13,7.481121574674874e+18,伟博天然辅酶Q10胶囊100mg 成人心脏活力60粒 效期至26年5月30日-默认-(DYWEB628347570705),64,14.571428571428571,4.392156862745098,SALES_SPIKE
2025-10-11,7.481121574674874e+18,伟博天然辅酶Q10胶囊100mg 成人心脏活力60粒 效期至26年5月30日-默认-(DYWEB628347570705),17,4.857142857142857,3.5000000000000004,SALES_SPIKE
2025-11-14,7.481121574674874e+18,伟博天然辅酶Q10胶囊100mg 成人心脏活力60粒 效期至26年5月30日-默认-(DYWEB628347570705),23,6.142857142857143,3.744186046511628,SALES_SPIKE
2025-11-05,7.503765776017555e+18,WEBBER NATURALS茶氨酸加纳籽褪黑素香蜂草草本5重配方安睡宝10粒-默认-(DYWEB990312500179),35,10.428571428571429,3.356164383561644,SALES_SPIKE
2025-06-30,7.510043339572445e+18,webber伟博天然3倍深海鱼油欧米伽3成人保健无鱼腥DNA鱼油200粒-默认-(625273072433),10,3.2857142857142856,3.0434782608695654,SALES_SPIKE
2025-08-03,7.510043339572445e+18,WEBBER NATURALS3倍深海鱼油欧米伽3成人健身无鱼腥DNA鱼油200粒-默认-(625273072433),9,2.2857142857142856,3.9375,SALES_SPIKE
2025-10-08,7.510043339572445e+18,WEBBER NATURALS3倍深海鱼油欧米伽3成人健身无鱼腥DNA鱼油200粒-默认-(625273072433),12,2.5714285714285716,4.666666666666666,SALES_SPIKE
2025-09-01,7.527938665289761e+18,WEBBER NATURALS伟博天然守护前列番茄红素南瓜籽油锯棕榈60粒/瓶-默认-(625273039344),8,2.4285714285714284,3.294117647058824,SALES_SPIKE
2025-11-12,7.532330906892419e+18,【进博会专属】伟博天然骨胶原氨糖软骨素姜黄舒缓关节养护 60粒-默认-(625273072426),6,1.0,6.0,SALES_SPIKE
2025-01-02,,【官方直播】加拿大伟博深海鱼油1390mg高纯度Omega3-两瓶装组合,5,1.4285714285714286,3.5,SALES_SPIKE
2025-01-03,,【官方直播】加拿大伟博深海鱼油1390mg高纯度Omega3-两瓶装组合,5,1.1428571428571428,4.375,SALES_SPIKE
2025-01-12,,【官方直播】加拿大伟博深海鱼油1390mg高纯度Omega3-两瓶装组合,13,1.4285714285714286,9.1,SALES_SPIKE
2025-01-13,,【官方直播】加拿大伟博深海鱼油1390mg高纯度Omega3-两瓶装组合,5,1.0,5.0,SALES_SPIKE
2025-01-14,,【官方直播】加拿大伟博深海鱼油1390mg高纯度Omega3-两瓶装组合,12,2.142857142857143,5.6000000000000005,SALES_SPIKE
2025-01-15,,【官方直播】加拿大伟博深海鱼油1390mg高纯度Omega3-两瓶装组合,9,1.0,9.0,SALES_SPIKE
2025-01-26,,【罗凤魁专属】Webber Naturals伟博天然高纯度1390mg深海精粹鱼油软胶囊60粒 z-伟博天然高纯度1390mg深海精粹鱼油60粒*2,10,1.7142857142857142,5.833333333333334,SALES_SPIKE
2025-01-28,,【官方直播】WebberNaturals伟博深海鱼油1390mg高纯度Omega3 120粒-1瓶装,10,1.4285714285714286,7.0,SALES_SPIKE
2025-01-29,,【官方直播】WebberNaturals伟博深海鱼油1390mg高纯度Omega3 120粒-3瓶装,5,1.4285714285714286,3.5,SALES_SPIKE
2025-01-31,,【官方直播】WebberNaturals伟博深海鱼油1390mg高纯度Omega3 120粒-5瓶装,5,1.5714285714285714,3.181818181818182,SALES_SPIKE
2025-02-05,,【重启身材专属】webber naturals伟博天然加拿大伟博天然进口肉桂精华维稳60粒/瓶-两瓶装,5,1.4285714285714286,3.5,SALES_SPIKE
2025-02-11,,【官方直播】WebberNaturals伟博深海鱼油1390mg高纯度Omega3 120粒-1瓶装,5,1.4285714285714286,3.5,SALES_SPIKE
2025-02-16,,【官方直播】WebberNaturals伟博深海鱼油1390mg高纯度Omega3 120粒-1瓶装,7,1.0,7.0,SALES_SPIKE
2025-02-17,,【官方直播】WebberNaturals伟博深海鱼油1390mg高纯度Omega3 120粒-5瓶装,5,1.2857142857142858,3.8888888888888884,SALES_SPIKE
2025-02-18,,【官方直播】WebberNaturals伟博深海鱼油1390mg高纯度Omega3 120粒-1瓶装,7,1.8571428571428572,3.769230769230769,SALES_SPIKE
2025-02-19,,【重启身材专属】webber naturals伟博天然加拿大伟博天然进口肉桂精华维稳60粒/瓶-两瓶装,11,1.4285714285714286,7.7,SALES_SPIKE
2025-02-20,,【官方直播】加拿大伟博深海鱼油1390mg高纯度Omega3-两瓶装组合,6,1.2857142857142858,4.666666666666666,SALES_SPIKE
2025-02-20,,【官方直播】WebberNaturals伟博深海鱼油1390mg高纯度Omega3 120粒-1瓶装,8,1.7142857142857142,4.666666666666667,SALES_SPIKE
2025-02-21,,【官方直播】WebberNaturals伟博深海鱼油1390mg高纯度Omega3 120粒-1瓶装,11,1.4285714285714286,7.7,SALES_SPIKE
2025-02-22,,【官方直播】WebberNaturals伟博深海鱼油1390mg高纯度Omega3 120粒-1瓶装,9,1.0,9.0,SALES_SPIKE
2025-02-23,,【官方直播】WebberNaturals伟博深海鱼油1390mg高纯度Omega3 120粒-1瓶装,12,2.0,6.0,SALES_SPIKE
2025-02-24,,【官方直播】WebberNaturals伟博深海鱼油1390mg高纯度Omega3 120粒-1瓶装,12,3.142857142857143,3.8181818181818183,SALES_SPIKE
2025-02-25,,【官方直播】WebberNaturals伟博深海鱼油1390mg高纯度Omega3 120粒-1瓶装,15,3.4285714285714284,4.375,SALES_SPIKE
2025-02-26,,【官方直播】WebberNaturals伟博深海鱼油1390mg高纯度Omega3 120粒-1瓶装,11,1.7142857142857142,6.416666666666667,SALES_SPIKE
2025-02-27,,【官方直播】WebberNaturals伟博深海鱼油1390mg高纯度Omega3 120粒-1瓶装,8,1.2857142857142858,6.222222222222221,SALES_SPIKE
2025-02-28,,【官方直播】WebberNaturals伟博深海鱼油1390mg高纯度Omega3 120粒-1瓶装,10,2.7142857142857144,3.6842105263157894,SALES_SPIKE
2025-03-01,,【官方直播】WebberNaturals伟博深海鱼油1390mg高纯度Omega3 120粒-1瓶装,17,1.8571428571428572,9.153846153846153,SALES_SPIKE
2025-03-02,,【官方直播】加拿大伟博儿童鱼油高脑力DHA无腥可嚼软胶囊120粒/瓶-2瓶装,5,1.4285714285714286,3.5,SALES_SPIKE
2025-03-02,,【官方直播】WebberNaturals伟博深海鱼油1390mg高纯度Omega3 120粒-1瓶装,14,1.7142857142857142,8.166666666666668,SALES_SPIKE
2025-03-03,,【官方直播】WebberNaturals伟博深海鱼油1390mg高纯度Omega3 120粒-1瓶装,14,1.8571428571428572,7.538461538461538,SALES_SPIKE
2025-03-04,,【官方直播】WebberNaturals伟博深海鱼油1390mg高纯度Omega3 120粒-1瓶装,22,1.5714285714285714,14.0,SALES_SPIKE
2025-03-05,,【官方直播】WebberNaturals伟博深海鱼油1390mg高纯度Omega3 120粒-1瓶装,9,2.0,4.5,SALES_SPIKE
2025-03-06,,【官方直播】WebberNaturals伟博深海鱼油1390mg高纯度Omega3 120粒-1瓶装,12,2.2857142857142856,5.25,SALES_SPIKE
2025-03-07,,【官方直播】WebberNaturals伟博深海鱼油1390mg高纯度Omega3 120粒-1瓶装,11,2.4285714285714284,4.529411764705883,SALES_SPIKE
2025-03-08,,【官方直播】WebberNaturals伟博深海鱼油1390mg高纯度Omega3 120粒-1瓶装,13,1.4285714285714286,9.1,SALES_SPIKE
2025-03-09,,【官方直播】WebberNaturals伟博深海鱼油1390mg高纯度Omega3 120粒-1瓶装,7,2.2857142857142856,3.0625,SALES_SPIKE
2025-03-09,,【官方直播】WebberNaturals伟博深海鱼油1390mg高纯度Omega3 120粒-5瓶装,9,2.5714285714285716,3.4999999999999996,SALES_SPIKE
2025-03-10,,【官方直播】WebberNaturals伟博深海鱼油1390mg高纯度Omega3 120粒-1瓶装,19,3.142857142857143,6.045454545454546,SALES_SPIKE
2025-03-11,,【官方直播】加拿大伟博深海鱼油1390mg高纯度Omega3-两瓶装组合,9,2.0,4.5,SALES_SPIKE
2025-03-11,,【官方直播】WebberNaturals伟博深海鱼油1390mg高纯度Omega3 120粒-1瓶装,11,2.2857142857142856,4.8125,SALES_SPIKE
2025-03-12,,【官方直播】WebberNaturals伟博深海鱼油1390mg高纯度Omega3 120粒-1瓶装,14,4.0,3.5,SALES_SPIKE
2025-03-13,,Webber Naturals伟博天然进口小分子胶原蛋白多肽粉150g z-胶原蛋白多肽粉150g*3,13,2.2857142857142856,5.6875,SALES_SPIKE
2025-03-13,,Webber Naturals伟博天然进口小分子胶原蛋白多肽粉150g z-胶原蛋白多肽粉150g*1,49,3.7142857142857144,13.192307692307692,SALES_SPIKE
2025-03-15,,Webber Naturals伟博天然进口小分子胶原蛋白多肽粉150g z-胶原蛋白多肽粉150g*1,7,1.5714285714285714,4.454545454545455,SALES_SPIKE
2025-03-15,,【官方直播】WebberNaturals伟博深海鱼油1390mg高纯度Omega3 120粒-1瓶装,15,2.5714285714285716,5.833333333333333,SALES_SPIKE
2025-03-16,,【官方直播】WebberNaturals伟博深海鱼油1390mg高纯度Omega3 120粒-1瓶装,12,3.7142857142857144,3.230769230769231,SALES_SPIKE
2025-03-17,,Webber Naturals伟博天然进口小分子胶原蛋白多肽粉150g z-胶原蛋白多肽粉150g*3,13,3.2857142857142856,3.956521739130435,SALES_SPIKE
2025-03-17,,Webber Naturals伟博天然进口小分子胶原蛋白多肽粉150g z-胶原蛋白多肽粉150g*1,38,3.4285714285714284,11.083333333333334,SALES_SPIKE
2025-03-18,,Webber Naturals伟博天然进口小分子胶原蛋白多肽粉150g z-胶原蛋白多肽粉150g*1,7,1.4285714285714286,4.8999999999999995,SALES_SPIKE
2025-03-19,,【官方直播】WebberNaturals伟博深海鱼油1390mg高纯度Omega3 120粒-1瓶装,8,1.7142857142857142,4.666666666666667,SALES_SPIKE
2025-03-21,,【官方直播】WebberNaturals伟博深海鱼油1390mg高纯度Omega3 120粒-1瓶装,6,2.0,3.0,SALES_SPIKE
2025-03-22,,【YY专属】Webber Naturals伟博维生素C1000毫克150粒/瓶（效期至25年9月）-1瓶装,9,2.857142857142857,3.15,SALES_SPIKE
2025-03-22,,【官方直播】WebberNaturals伟博深海鱼油1390mg高纯度Omega3 120粒-1瓶装,10,3.0,3.3333333333333335,SALES_SPIKE
2025-03-23,,【YY专属】Webber Naturals伟博维生素C1000毫克150粒/瓶（效期至25年9月）-1瓶装,15,1.8571428571428572,8.076923076923077,SALES_SPIKE
2025-03-23,,【YY专属】Webber Naturals伟博维生素C1000毫克150粒/瓶（效期至25年9月）-3瓶装,14,2.4285714285714284,5.764705882352942,SALES_SPIKE
2025-03-23,,【官方直播】WebberNaturals伟博深海鱼油1390mg高纯度Omega3 120粒-1瓶装,19,4.714285714285714,4.03030303030303,SALES_SPIKE
2025-03-25,,Webber Naturals伟博维生素C1000毫克150粒/瓶（效期至25年9月）-3瓶装,13,3.0,4.333333333333333,SALES_SPIKE
2025-03-25,,【YY专属】Webber Naturals伟博维生素C1000毫克150粒/瓶（效期至25年9月）-1瓶装,25,4.142857142857143,6.0344827586206895,SALES_SPIKE
2025-03-26,,【官方直播】WebberNaturals伟博深海鱼油1390mg高纯度Omega3 120粒-1瓶装,9,1.4285714285714286,6.3,SALES_SPIKE
2025-03-26,,【YY专属】Webber Naturals伟博维生素C1000毫克150粒/瓶（效期至25年9月）-3瓶装,12,2.5714285714285716,4.666666666666666,SALES_SPIKE
2025-03-26,,Webber Naturals伟博维生素C1000毫克150粒/瓶（效期至25年9月）-3瓶装,24,5.714285714285714,4.2,SALES_SPIKE
2025-03-26,,Webber Naturals伟博维生素C1000毫克150粒/瓶（效期至25年9月）-1瓶装,48,1.2857142857142858,37.33333333333333,SALES_SPIKE
2025-03-27,,Webber Naturals伟博维生素C1000毫克150粒/瓶（效期至25年9月）-1瓶装,62,8.142857142857142,7.614035087719299,SALES_SPIKE
2025-03-27,,Webber Naturals伟博天然进口小分子胶原蛋白多肽粉150g z-胶原蛋白多肽粉150g*1,27,2.2857142857142856,11.8125,SALES_SPIKE
2025-03-28,,Webber Naturals伟博维生素C1000毫克150粒/瓶（效期至25年9月）-3瓶装,45,5.857142857142857,7.682926829268293,SALES_SPIKE
2025-03-28,,Webber Naturals伟博维生素C1000毫克150粒/瓶（效期至25年9月）-1瓶装,60,11.714285714285714,5.121951219512195,SALES_SPIKE
2025-03-29,,【YY专属】Webber Naturals伟博维生素C1000毫克150粒/瓶（效期至25年9月）-3瓶装,7,1.8571428571428572,3.769230769230769,SALES_SPIKE
2025-03-29,,【YY专属】Webber Naturals伟博维生素C1000毫克150粒/瓶（效期至25年9月）-1瓶装,9,2.7142857142857144,3.31578947368421,SALES_SPIKE
2025-03-29,,Webber Naturals伟博维生素C1000毫克150粒/瓶（效期至25年9月）-3瓶装,40,3.857142857142857,10.37037037037037,SALES_SPIKE
2025-03-29,,Webber Naturals伟博维生素C1000毫克150粒/瓶（效期至25年9月）-1瓶装,46,9.142857142857142,5.03125,SALES_SPIKE
2025-03-30,,Webber Naturals伟博维生素C1000毫克150粒/瓶（效期至25年9月）-3瓶装,43,8.714285714285714,4.9344262295081975,SALES_SPIKE
2025-03-30,,Webber Naturals伟博维生素C1000毫克150粒/瓶（效期至25年9月）-1瓶装,65,8.285714285714286,7.844827586206896,SALES_SPIKE
2025-03-30,,【官方直播】WebberNaturals伟博深海鱼油1390mg高纯度Omega3 120粒-3瓶装,7,1.7142857142857142,4.083333333333334,SALES_SPIKE
2025-03-30,,【官方直播】WebberNaturals伟博深海鱼油1390mg高纯度Omega3 120粒-1瓶装,13,2.2857142857142856,5.6875,SALES_SPIKE
2025-03-31,,【官方直播】WebberNaturals伟博深海鱼油1390mg高纯度Omega3 120粒-1瓶装,11,3.4285714285714284,3.2083333333333335,SALES_SPIKE
2025-03-31,,Webber Naturals伟博维生素C1000毫克150粒/瓶（效期至25年9月）-3瓶装,27,2.4285714285714284,11.11764705882353,SALES_SPIKE
2025-03-31,,Webber Naturals伟博维生素C1000毫克150粒/瓶（效期至25年9月）-1瓶装,45,5.857142857142857,7.682926829268293,SALES_SPIKE
2025-04-01,,【官方直播】WebberNaturals伟博深海鱼油1390mg高纯度Omega3 120粒-1瓶装,8,1.8571428571428572,4.3076923076923075,SALES_SPIKE
2025-04-01,,Webber Naturals伟博维生素C1000毫克150粒/瓶（效期至25年9月）-1瓶装,40,2.0,20.0,SALES_SPIKE
2025-04-02,,Webber Naturals伟博维生素C1000毫克150粒/瓶（效期至25年9月）-3瓶装,33,9.0,3.6666666666666665,SALES_SPIKE
2025-04-02,,Webber Naturals伟博维生素C1000毫克150粒/瓶（效期至25年9月）-1瓶装,27,5.714285714285714,4.725,SALES_SPIKE
2025-04-03,,Webber Naturals伟博维生素C1000毫克150粒/瓶（效期至25年9月）-1瓶装,21,1.1428571428571428,18.375,SALES_SPIKE
2025-04-03,,Webber Naturals伟博维生素C1000毫克150粒/瓶（效期至25年9月）-3瓶装,18,3.857142857142857,4.666666666666667,SALES_SPIKE
2025-04-03,,【官方直播】加拿大伟博儿童鱼油高脑力DHA无腥可嚼软胶囊120粒/瓶-2瓶装,5,1.2857142857142858,3.8888888888888884,SALES_SPIKE
2025-04-03,,【官方直播】WebberNaturals伟博深海鱼油1390mg高纯度Omega3 120粒-1瓶装,9,1.8571428571428572,4.846153846153846,SALES_SPIKE
2025-04-04,,【官方直播】WebberNaturals伟博深海鱼油1390mg高纯度Omega3 120粒-1瓶装,7,2.142857142857143,3.2666666666666666,SALES_SPIKE
2025-04-04,,【官方直播】WebberNaturals伟博深海鱼油1390mg高纯度Omega3 120粒-3瓶装,10,2.7142857142857144,3.6842105263157894,SALES_SPIKE
2025-04-04,,Webber Naturals伟博维生素C1000毫克150粒/瓶（效期至25年9月）-1瓶装,13,3.2857142857142856,3.956521739130435,SALES_SPIKE
2025-04-05,,【官方直播】WebberNaturals伟博深海鱼油1390mg高纯度Omega3 120粒-1瓶装,7,1.7142857142857142,4.083333333333334,SALES_SPIKE
2025-04-05,,Webber Naturals伟博维生素C1000毫克150粒/瓶（效期至25年9月）-1瓶装,12,3.5714285714285716,3.36,SALES_SPIKE
2025-04-05,,【YY专属】Webber Naturals伟博维生素C1000毫克150粒/瓶（效期至25年9月）-1瓶装,85,5.857142857142857,14.51219512195122,SALES_SPIKE
2025-04-05,,【YY专属】Webber Naturals伟博维生素C1000毫克150粒/瓶（效期至25年9月）-3瓶装,68,17.0,4.0,SALES_SPIKE
2025-04-06,,Webber Naturals伟博维生素C1000毫克150粒/瓶（效期至25年9月）-1瓶装,25,2.5714285714285716,9.722222222222221,SALES_SPIKE
2025-04-06,,【YY专属】Webber Naturals伟博维生素C1000毫克150粒/瓶（效期至25年9月）-1瓶装,46,7.285714285714286,6.313725490196078,SALES_SPIKE
2025-04-07,,【官方直播】WebberNaturals伟博深海鱼油1390mg高纯度Omega3 120粒-3瓶装,11,2.7142857142857144,4.052631578947368,SALES_SPIKE
2025-04-07,,Webber Naturals伟博维生素C1000毫克150粒/瓶（效期至25年9月）-1瓶装,59,4.142857142857143,14.241379310344826,SALES_SPIKE
2025-04-07,,Webber Naturals伟博维生素C1000毫克150粒/瓶（效期至25年9月）-3瓶装,40,12.428571428571429,3.218390804597701,SALES_SPIKE
2025-04-08,,【官方直播】加拿大伟博儿童鱼油高脑力DHA无腥可嚼软胶囊120粒/瓶-2瓶装,7,1.2857142857142858,5.444444444444444,SALES_SPIKE
2025-04-08,,Webber Naturals伟博维生素C1000毫克150粒/瓶（效期至25年9月）-1瓶装,178,3.142857142857143,56.63636363636364,SALES_SPIKE
2025-04-09,,Webber Naturals伟博维生素C1000毫克150粒/瓶（效期至25年9月）-1瓶装,225,1.8571428571428572,121.15384615384615,SALES_SPIKE
2025-04-09,,Webber Naturals伟博维生素C1000毫克150粒/瓶（效期至25年9月）-3瓶装,152,33.285714285714285,4.5665236051502145,SALES_SPIKE
2025-04-10,,Webber Naturals伟博天然进口小分子胶原蛋白多肽粉150g z-胶原蛋白多肽粉150g*1,10,3.0,3.3333333333333335,SALES_SPIKE
2025-04-10,,Webber Naturals伟博维生素C1000毫克150粒/瓶（效期至25年9月）-1瓶装,172,4.285714285714286,40.13333333333333,SALES_SPIKE
2025-04-10,,Webber Naturals伟博维生素C1000毫克150粒/瓶（效期至25年9月）-3瓶装,111,28.714285714285715,3.8656716417910446,SALES_SPIKE
2025-04-11,,【官方直播】WebberNaturals伟博深海鱼油1390mg高纯度Omega3 120粒-1瓶装,12,4.0,3.0,SALES_SPIKE
2025-04-11,,Webber Naturals伟博维生素C1000毫克150粒/瓶（效期至25年9月）-1瓶装,137,1.4285714285714286,95.89999999999999,SALES_SPIKE
2025-04-12,,Webber Naturals伟博维生素C1000毫克150粒/瓶（效期至25年9月）-1瓶装,158,4.714285714285714,33.515151515151516,SALES_SPIKE
2025-04-12,,Webber Naturals伟博维生素C1000毫克150粒/瓶（效期至25年9月）-3瓶装,108,27.0,4.0,SALES_SPIKE
2025-04-15,,【官方直播】WebberNaturals伟博深海鱼油1390mg高纯度Omega3 120粒-1瓶装,6,1.7142857142857142,3.5,SALES_SPIKE
2025-04-15,,【官方直播】WebberNaturals伟博深海鱼油1390mg高纯度Omega3 120粒-3瓶装,9,2.2857142857142856,3.9375,SALES_SPIKE
2025-04-16,,【官方直播】加拿大伟博儿童鱼油高脑力DHA无腥可嚼软胶囊120粒/瓶-2瓶装,5,1.1428571428571428,4.375,SALES_SPIKE
2025-04-16,,【官方直播】WebberNaturals伟博深海鱼油1390mg高纯度Omega3 120粒-1瓶装,10,1.7142857142857142,5.833333333333334,SALES_SPIKE
2025-04-16,,【官方直播】WebberNaturals伟博深海鱼油1390mg高纯度Omega3 120粒-3瓶装,13,3.142857142857143,4.136363636363637,SALES_SPIKE
2025-04-17,,【官方直播】加拿大伟博Webber鱼油500mgOmega3+D3青少年 100粒/瓶-2瓶装,5,1.4285714285714286,3.5,SALES_SPIKE
2025-04-17,,【官方直播】WebberNaturals伟博深海鱼油1390mg高纯度Omega3 120粒-1瓶装,9,2.4285714285714284,3.7058823529411766,SALES_SPIKE
2025-04-17,,【官方直播】WebberNaturals伟博深海鱼油1390mg高纯度Omega3 120粒-3瓶装,12,3.857142857142857,3.111111111111111,SALES_SPIKE
2025-04-18,,【官方直播】WebberNaturals伟博深海鱼油1390mg高纯度Omega3 120粒-1瓶装,8,2.2857142857142856,3.5,SALES_SPIKE
2025-04-18,,【官方直播】WebberNaturals伟博深海鱼油1390mg高纯度Omega3 120粒-3瓶装,11,3.2857142857142856,3.347826086956522,SALES_SPIKE
2025-04-19,,【官方直播】WebberNaturals伟博深海鱼油1390mg高纯度Omega3 120粒-1瓶装,8,1.5714285714285714,5.090909090909091,SALES_SPIKE
2025-04-19,,【官方直播】WebberNaturals伟博深海鱼油1390mg高纯度Omega3 120粒-3瓶装,11,3.142857142857143,3.5,SALES_SPIKE
2025-04-20,,【官方直播】加拿大伟博儿童鱼油高脑力DHA无腥可嚼软胶囊120粒/瓶-2瓶装,5,1.2857142857142858,3.8888888888888884,SALES_SPIKE
2025-04-20,,【官方直播】WebberNaturals伟博深海鱼油1390mg高纯度Omega3 120粒-1瓶装,9,1.8571428571428572,4.846153846153846,SALES_SPIKE
2025-04-21,,【官方直播】WebberNaturals伟博深海鱼油1390mg高纯度Omega3 120粒-3瓶装,11,1.2857142857142858,8.555555555555555,SALES_SPIKE
2025-04-22,,【官方直播】WebberNaturals伟博深海鱼油1390mg高纯度Omega3 120粒-1瓶装,9,2.7142857142857144,3.31578947368421,SALES_SPIKE
2025-04-23,,【官方直播】WebberNaturals伟博深海鱼油1390mg高纯度Omega3 120粒-3瓶装,8,1.4285714285714286,5.6,SALES_SPIKE
2025-04-24,,【官方直播】加拿大伟博儿童鱼油高脑力DHA无腥可嚼软胶囊120粒/瓶-2瓶装,6,1.2857142857142858,4.666666666666666,SALES_SPIKE
2025-04-25,,【官方直播】WebberNaturals伟博深海鱼油1390mg高纯度Omega3 120粒-1瓶装,10,3.0,3.3333333333333335,SALES_SPIKE
2025-04-25,,【官方直播】WebberNaturals伟博深海鱼油1390mg高纯度Omega3 120粒-3瓶装,18,3.4285714285714284,5.25,SALES_SPIKE
2025-04-26,,【官方直播】WebberNaturals伟博深海鱼油1390mg高纯度Omega3 120粒-3瓶装,13,3.7142857142857144,3.5,SALES_SPIKE
2025-04-27,,【官方直播】WebberNaturals伟博深海鱼油1390mg高纯度Omega3 120粒-3瓶装,7,1.7142857142857142,4.083333333333334,SALES_SPIKE
2025-04-29,,【官方直播】加拿大伟博Webber鱼油500mgOmega3+D3青少年 100粒/瓶-3瓶装,5,1.4285714285714286,3.5,SALES_SPIKE
2025-04-29,,【官方直播】加拿大伟博儿童鱼油高脑力DHA无腥可嚼软胶囊120粒/瓶-2瓶装,8,2.5714285714285716,3.1111111111111107,SALES_SPIKE
2025-04-29,,【官方直播】WebberNaturals伟博深海鱼油1390mg高纯度Omega3 120粒-3瓶装,14,3.5714285714285716,3.92,SALES_SPIKE
2025-04-30,,【官方直播】WebberNaturals伟博深海鱼油1390mg高纯度Omega3 120粒-1瓶装,10,3.2857142857142856,3.0434782608695654,SALES_SPIKE
2025-05-01,,Webber Naturals伟博天然进口小分子胶原蛋白多肽粉150g z-胶原蛋白多肽粉150g*1,6,1.2857142857142858,4.666666666666666,SALES_SPIKE
2025-05-02,,【官方直播】WebberNaturals伟博深海鱼油1390mg高纯度Omega3 120粒-1瓶装,8,2.5714285714285716,3.1111111111111107,SALES_SPIKE
2025-05-03,,【官方直播】WebberNaturals伟博深海鱼油1100mg高纯度Omega3 120粒-一瓶装【4个月的量】,5,1.2857142857142858,3.8888888888888884,SALES_SPIKE
2025-05-03,,【官方直播】WebberNaturals伟博深海鱼油1390mg高纯度Omega3 120粒-3瓶装,6,1.8571428571428572,3.230769230769231,SALES_SPIKE
2025-05-05,,伟博进口99%纯度1100mg成人omega3深海鱼油中老年心血管养护120粒-1瓶装（4个月的量）,5,1.4285714285714286,3.5,SALES_SPIKE
2025-05-05,,【官方直播】WebberNaturals伟博深海鱼油1100mg高纯度Omega3 120粒-一瓶装【4个月的量】,6,2.0,3.0,SALES_SPIKE
2025-05-06,,【官方直播】WebberNaturals伟博深海鱼油1100mg高纯度Omega3 120粒-一瓶装【4个月的量】,7,1.5714285714285714,4.454545454545455,SALES_SPIKE
2025-05-06,,伟博进口99%纯度1100mg成人omega3深海鱼油中老年心血管养护120粒-1瓶装（4个月的量）,7,1.7142857142857142,4.083333333333334,SALES_SPIKE
2025-05-07,,【官方直播】WebberNaturals伟博深海鱼油1390mg高纯度Omega3 120粒-1瓶装,9,2.7142857142857144,3.31578947368421,SALES_SPIKE
2025-05-09,,【官方直播】WebberNaturals伟博深海鱼油1100mg高纯度Omega3 120粒-一瓶装【4个月的量】,9,1.4285714285714286,6.3,SALES_SPIKE
2025-05-10,,【官方直播】WebberNaturals伟博深海鱼油1100mg高纯度Omega3 120粒-一瓶装【4个月的量】,7,2.142857142857143,3.2666666666666666,SALES_SPIKE
2025-05-11,,【官方直播】WebberNaturals伟博深海鱼油1100mg高纯度Omega3 120粒-一瓶装【4个月的量】,8,2.0,4.0,SALES_SPIKE
2025-05-11,,【子子小琪专属】Webber Naturals伟博天然高纯度1100mg深海精粹鱼油软胶囊60粒 D-1瓶装（赠500mgVC一瓶）,8,2.2857142857142856,3.5,SALES_SPIKE
2025-05-12,,【官方直播】WebberNaturals伟博深海鱼油1100mg高纯度Omega3 120粒-一瓶装【4个月的量】,11,3.2857142857142856,3.347826086956522,SALES_SPIKE
2025-05-13,,【官方直播】WebberNaturals伟博深海鱼油1100mg高纯度Omega3 120粒-一瓶装【4个月的量】,10,2.2857142857142856,4.375,SALES_SPIKE
2025-05-14,,伟博进口99%纯度1100mg成人omega3深海鱼油中老年心血管养护120粒-1瓶装（4个月的量）,11,1.1428571428571428,9.625,SALES_SPIKE
2025-05-15,,【官方直播】WebberNaturals伟博深海鱼油1100mg高纯度Omega3 120粒-一瓶装【4个月的量】,19,3.0,6.333333333333333,SALES_SPIKE
2025-05-16,,伟博进口99%纯度1100mg成人omega3深海鱼油中老年心血管养护120粒-1瓶装（4个月的量）,9,2.142857142857143,4.2,SALES_SPIKE
2025-05-16,,Webber naturals伟博500mg维生素C胶囊60粒-3瓶装,10,2.0,5.0,SALES_SPIKE
2025-05-16,,【官方直播】WebberNaturals伟博深海鱼油1100mg高纯度Omega3 120粒-一瓶装【4个月的量】,11,2.7142857142857144,4.052631578947368,SALES_SPIKE
2025-05-17,,Webber naturals伟博深海鱼油1100mg高纯度Omega3 120粒 z-3瓶装,22,4.142857142857143,5.310344827586206,SALES_SPIKE
2025-05-17,,Webber naturals伟博500mg维生素C胶囊60粒-3瓶装,5,1.5714285714285714,3.181818181818182,SALES_SPIKE
2025-05-17,,【官方直播】WebberNaturals伟博深海鱼油1100mg高纯度Omega3 120粒-一瓶装【4个月的量】,9,2.0,4.5,SALES_SPIKE
2025-05-18,,伟博进口99%纯度1100mg成人omega3深海鱼油中老年心血管养护120粒-1瓶装（4个月的量）,13,2.7142857142857144,4.789473684210526,SALES_SPIKE
2025-05-18,,Webber naturals伟博深海鱼油1100mg高纯度Omega3 120粒 z-3瓶装,8,1.8571428571428572,4.3076923076923075,SALES_SPIKE
2025-05-19,,伟博进口99%纯度1100mg成人omega3深海鱼油中老年心血管养护120粒-1瓶装（4个月的量）,17,3.142857142857143,5.409090909090909,SALES_SPIKE
2025-05-20,,伟博进口99%纯度1100mg成人omega3深海鱼油中老年心血管养护120粒-1瓶装（4个月的量）,13,2.7142857142857144,4.789473684210526,SALES_SPIKE
2025-05-20,,【官方直播】WebberNaturals伟博深海鱼油1100mg高纯度Omega3 120粒-一瓶装【4个月的量】,16,4.571428571428571,3.5,SALES_SPIKE
2025-05-21,,Webber Naturals伟博天然高纯度1100mg深海精粹鱼油软胶囊60粒 D-1瓶装（赠500mgVC一瓶）,7,1.4285714285714286,4.8999999999999995,SALES_SPIKE
2025-05-21,,伟博进口99%纯度1100mg成人omega3深海鱼油中老年心血管养护120粒-1瓶装（4个月的量）,15,2.4285714285714284,6.176470588235294,SALES_SPIKE
2025-05-21,,【官方直播】WebberNaturals伟博深海鱼油1100mg高纯度Omega3 120粒-一瓶装【4个月的量】,13,3.5714285714285716,3.6399999999999997,SALES_SPIKE
2025-05-21,,Webber Naturals伟博天然进口小分子胶原蛋白多肽粉150g z-胶原蛋白多肽粉150g*1,10,1.8571428571428572,5.384615384615384,SALES_SPIKE
2025-05-22,,【官方直播】WebberNaturals伟博深海鱼油1100mg高纯度Omega3 120粒-一瓶装【4个月的量】,13,1.8571428571428572,7.0,SALES_SPIKE
2025-05-22,,伟博进口99%纯度1100mg成人omega3深海鱼油中老年心血管养护120粒-1瓶装（4个月的量）,17,3.5714285714285716,4.76,SALES_SPIKE
2025-05-24,,Webber naturals伟博500mg维生素C胶囊60粒-3瓶装,8,1.5714285714285714,5.090909090909091,SALES_SPIKE
2025-05-24,,【子子小琪专属】Webber Naturals伟博天然高纯度1100mg深海精粹鱼油软胶囊60粒 D-1瓶装（赠500mgVC一瓶）,40,2.5714285714285716,15.555555555555554,SALES_SPIKE
2025-05-24,,【官方直播】WebberNaturals伟博深海鱼油1100mg高纯度Omega3 120粒-一瓶装【4个月的量】,15,3.2857142857142856,4.565217391304348,SALES_SPIKE
2025-05-25,,【官方直播】WebberNaturals伟博深海鱼油1100mg高纯度Omega3 120粒-一瓶装【4个月的量】,28,3.5714285714285716,7.84,SALES_SPIKE
2025-05-26,,【官方直播】WebberNaturals伟博深海鱼油1100mg高纯度Omega3 120粒-一瓶装【4个月的量】,15,2.7142857142857144,5.526315789473684,SALES_SPIKE
2025-05-26,,伟博进口99%纯度1100mg成人omega3深海鱼油中老年心血管养护120粒-1瓶装（4个月的量）,14,2.0,7.0,SALES_SPIKE
2025-05-27,,伟博进口99%纯度1100mg成人omega3深海鱼油中老年心血管养护120粒-1瓶装（4个月的量）,15,2.5714285714285716,5.833333333333333,SALES_SPIKE
2025-05-27,,【子子小琪专属】Webber Naturals伟博天然高纯度1100mg深海精粹鱼油软胶囊60粒 D-1瓶装（赠500mgVC一瓶）,13,3.0,4.333333333333333,SALES_SPIKE
2025-05-28,,Webber Naturals伟博天然高纯度1100mg深海精粹鱼油软胶囊60粒 D-1瓶装（赠500mgVC一瓶）,9,2.7142857142857144,3.31578947368421,SALES_SPIKE
2025-05-28,,【官方直播】WebberNaturals伟博深海鱼油1100mg高纯度Omega3 120粒-一瓶装【4个月的量】,10,2.0,5.0,SALES_SPIKE
2025-05-28,,伟博进口99%纯度1100mg成人omega3深海鱼油中老年心血管养护120粒-1瓶装（4个月的量）,12,3.7142857142857144,3.230769230769231,SALES_SPIKE
2025-05-29,,伟博进口99%纯度1100mg成人omega3深海鱼油中老年心血管养护120粒-1瓶装（4个月的量）,25,1.1428571428571428,21.875,SALES_SPIKE
2025-05-30,,Webber Naturals伟博天然高纯度1100mg深海精粹鱼油软胶囊60粒 D-1瓶装（赠500mgVC一瓶）,15,1.7142857142857142,8.75,SALES_SPIKE
2025-06-01,,伟博进口99%纯度1100mg成人omega3深海鱼油中老年心血管养护120粒-1瓶装（4个月的量）,24,2.5714285714285716,9.333333333333332,SALES_SPIKE
2025-06-01,,Webber Naturals伟博天然高纯度1100mg深海精粹鱼油软胶囊60粒 D-1瓶装（赠500mgVC一瓶）,10,2.7142857142857144,3.6842105263157894,SALES_SPIKE
2025-06-02,,Webber Naturals伟博天然高纯度1100mg深海精粹鱼油软胶囊60粒 D-1瓶装（赠500mgVC一瓶）,16,2.2857142857142856,7.0,SALES_SPIKE
2025-06-03,,伟博进口99%纯度1100mg成人omega3深海鱼油中老年心血管养护120粒-1瓶装（4个月的量）,18,3.857142857142857,4.666666666666667,SALES_SPIKE
2025-06-03,,Webber Naturals伟博天然高纯度1100mg深海精粹鱼油软胶囊60粒 D-1瓶装（赠500mgVC一瓶）,10,3.0,3.3333333333333335,SALES_SPIKE
2025-06-04,,Webber Naturals伟博天然进口小分子胶原蛋白多肽粉150g z-胶原蛋白多肽粉150g*1,16,1.5714285714285714,10.181818181818182,SALES_SPIKE
2025-06-04,,伟博进口99%纯度1100mg成人omega3深海鱼油中老年心血管养护120粒-1瓶装（4个月的量）,15,3.5714285714285716,4.2,SALES_SPIKE
2025-06-04,,Webber Naturals伟博天然高纯度1100mg深海精粹鱼油软胶囊60粒 D-1瓶装（赠500mgVC一瓶）,13,3.2857142857142856,3.956521739130435,SALES_SPIKE
2025-06-05,,伟博进口99%纯度1100mg成人omega3深海鱼油中老年心血管养护120粒-1瓶装（4个月的量）,19,1.4285714285714286,13.299999999999999,SALES_SPIKE
2025-06-07,,【3瓶装】加拿大伟博天然小分子胶原蛋白多肽粉150g/瓶-3瓶装,12,2.0,6.0,SALES_SPIKE
2025-06-07,,伟博进口99%纯度1100mg成人omega3深海鱼油中老年心血管养护120粒-1瓶装（4个月的量）,13,2.142857142857143,6.066666666666666,SALES_SPIKE
2025-06-07,,Webber Naturals伟博天然进口小分子胶原蛋白多肽粉150g z-胶原蛋白多肽粉150g*1,9,1.8571428571428572,4.846153846153846,SALES_SPIKE
2025-06-08,,伟博进口99%纯度1100mg成人omega3深海鱼油中老年心血管养护120粒-1瓶装（4个月的量）,14,3.142857142857143,4.454545454545455,SALES_SPIKE
2025-06-08,,Webber Naturals伟博天然高纯度1100mg深海精粹鱼油软胶囊60粒 D-1瓶装（赠500mgVC一瓶）,20,3.857142857142857,5.185185185185185,SALES_SPIKE
2025-06-09,,伟博进口99%纯度1100mg成人omega3深海鱼油中老年心血管养护120粒-1瓶装（4个月的量）,11,2.0,5.5,SALES_SPIKE
2025-06-09,,【官方直播】WebberNaturals伟博深海鱼油1100mg高纯度Omega3 120粒-一瓶装【4个月的量】,7,1.7142857142857142,4.083333333333334,SALES_SPIKE
2025-06-11,,Webber Naturals伟博天然高纯度1100mg深海精粹鱼油软胶囊60粒 D-1瓶装（赠500mgVC一瓶）,10,2.4285714285714284,4.11764705882353,SALES_SPIKE
2025-06-11,,伟博加拿大进口99%纯度1100mg成人omega3深海鱼油心血管养护120粒-1瓶装（4个月的量）,20,5.285714285714286,3.7837837837837838,SALES_SPIKE
2025-06-13,,【官方直播】WebberNaturals伟博深海鱼油1100mg高纯度Omega3 120粒-三瓶装【一年的量送一瓶叶黄素】,10,1.5714285714285714,6.363636363636364,SALES_SPIKE
2025-06-13,,伟博加拿大进口99%纯度1100mg成人omega3深海鱼油心血管养护120粒-1瓶装（4个月的量）,12,2.7142857142857144,4.421052631578947,SALES_SPIKE
2025-06-14,,Webber Naturals伟博天然高纯度1100mg深海精粹鱼油软胶囊60粒 D-1瓶装（赠500mgVC一瓶）,16,3.2857142857142856,4.869565217391305,SALES_SPIKE
2025-06-14,,伟博加拿大进口99%纯度1100mg成人omega3深海鱼油心血管养护120粒-1瓶装（4个月的量）,12,3.2857142857142856,3.6521739130434785,SALES_SPIKE
2025-06-16,,【官方直播】WebberNaturals伟博深海鱼油1100mg高纯度Omega3 120粒-三瓶装【一年的量送一瓶叶黄素】,6,1.4285714285714286,4.2,SALES_SPIKE
2025-06-16,,Webber Naturals伟博天然高纯度1100mg深海精粹鱼油软胶囊60粒 D-1瓶装（赠500mgVC一瓶）,9,2.2857142857142856,3.9375,SALES_SPIKE
2025-06-16,,伟博加拿大进口99%纯度1100mg成人omega3深海鱼油心血管养护120粒-1瓶装（4个月的量）,13,3.7142857142857144,3.5,SALES_SPIKE
2025-06-17,,伟博加拿大进口99%纯度1100mg成人omega3深海鱼油心血管养护120粒-1瓶装（4个月的量）,16,1.8571428571428572,8.615384615384615,SALES_SPIKE
2025-06-18,,【官方直播】WebberNaturals伟博深海鱼油1100mg高纯度Omega3 120粒-三瓶装【一年的量送一瓶叶黄素】,10,2.857142857142857,3.5,SALES_SPIKE
2025-06-18,,伟博加拿大进口99%纯度1100mg成人omega3深海鱼油心血管养护120粒-1瓶装（4个月的量）,11,3.2857142857142856,3.347826086956522,SALES_SPIKE
2025-06-19,,伟博加拿大进口99%纯度1100mg成人omega3深海鱼油心血管养护120粒-1瓶装（4个月的量）,15,2.7142857142857144,5.526315789473684,SALES_SPIKE
2025-06-21,,【官方直播】WebberNaturals伟博深海鱼油1100mg高纯度Omega3 120粒-一瓶装【4个月的量】,10,2.2857142857142856,4.375,SALES_SPIKE
2025-06-21,,伟博加拿大进口99%纯度1100mg成人omega3深海鱼油心血管养护120粒-1瓶装（4个月的量）,10,1.2857142857142858,7.777777777777777,SALES_SPIKE
2025-06-22,,【官方直播】WebberNaturals伟博深海鱼油1100mg高纯度Omega3 120粒-三瓶装【一年的量送一瓶叶黄素】,12,1.2857142857142858,9.333333333333332,SALES_SPIKE
2025-06-22,,伟博加拿大进口99%纯度1100mg成人omega3深海鱼油心血管养护120粒-1瓶装（4个月的量）,11,2.2857142857142856,4.8125,SALES_SPIKE
2025-06-23,,伟博加拿大进口99%纯度1100mg成人omega3深海鱼油心血管养护120粒-1瓶装（4个月的量）,9,2.857142857142857,3.15,SALES_SPIKE
2025-06-23,,WebberNaturals伟博500mg维生素C胶囊60粒-3瓶装,20,4.428571428571429,4.516129032258064,SALES_SPIKE
2025-06-24,,【官方直播】WebberNaturals伟博深海鱼油1100mg高纯度Omega3 120粒-一瓶装【4个月的量】,13,3.142857142857143,4.136363636363637,SALES_SPIKE
2025-06-24,,伟博加拿大进口99%纯度1100mg成人omega3深海鱼油心血管养护120粒-1瓶装（4个月的量）,8,2.5714285714285716,3.1111111111111107,SALES_SPIKE
2025-06-26,,【官方直播】WebberNaturals伟博深海鱼油1100mg高纯度Omega3 120粒-一瓶装【4个月的量】,8,2.142857142857143,3.7333333333333334,SALES_SPIKE
2025-06-26,,Webber Naturals伟博天然进口小分子胶原蛋白多肽粉150g z-胶原蛋白多肽粉150g*1,11,3.2857142857142856,3.347826086956522,SALES_SPIKE
2025-06-26,,WebberNaturals伟博500mg维生素C胶囊60粒-3瓶装,14,3.7142857142857144,3.769230769230769,SALES_SPIKE
2025-06-28,,【官方直播】WebberNaturals伟博深海鱼油1100mg高纯度Omega3 120粒-一瓶装【4个月的量】,13,2.142857142857143,6.066666666666666,SALES_SPIKE
2025-06-30,,【官方直播】WebberNaturals伟博深海鱼油1100mg高纯度Omega3 120粒-三瓶装【一年的量送一瓶叶黄素】,10,1.5714285714285714,6.363636363636364,SALES_SPIKE
2025-06-30,,【官方直播】WebberNaturals伟博深海鱼油1100mg高纯度Omega3 120粒-一瓶装【4个月的量】,10,2.857142857142857,3.5,SALES_SPIKE
2025-07-01,,【官方直播】WebberNaturals伟博深海鱼油1100mg高纯度Omega3 120粒-一瓶装【4个月的量】,12,1.8571428571428572,6.461538461538462,SALES_SPIKE
2025-07-01,,【官方直播】WebberNaturals伟博深海鱼油1100mg高纯度Omega3 120粒-三瓶装【一年的量送一瓶叶黄素】,10,3.0,3.3333333333333335,SALES_SPIKE
2025-07-02,,【官方直播】WebberNaturals伟博深海鱼油1100mg高纯度Omega3 120粒-一瓶装【4个月的量】,5,1.5714285714285714,3.181818181818182,SALES_SPIKE
2025-07-02,,【官方直播】WebberNaturals伟博深海鱼油1100mg高纯度Omega3 120粒-三瓶装【一年的量送一瓶叶黄素】,8,2.142857142857143,3.7333333333333334,SALES_SPIKE
2025-07-03,,【官方直播】WebberNaturals伟博深海鱼油1100mg高纯度Omega3 120粒-三瓶装【一年的量送一瓶叶黄素】,16,3.857142857142857,4.148148148148148,SALES_SPIKE
2025-07-04,,【官方直播】WebberNaturals伟博深海鱼油1100mg高纯度Omega3 120粒-一瓶装【4个月的量】,26,2.7142857142857144,9.578947368421051,SALES_SPIKE
2025-07-05,,伟博加拿大进口99%纯度1100mg成人omega3深海鱼油心血管养护120粒-2瓶装（8个月的量）,6,1.1428571428571428,5.25,SALES_SPIKE
2025-07-06,,【官方直播】WebberNaturals伟博深海鱼油1100mg高纯度Omega3 120粒-一瓶装【4个月的量】,11,1.8571428571428572,5.9230769230769225,SALES_SPIKE
2025-07-07,,【官方直播】WebberNaturals伟博深海鱼油1100mg高纯度Omega3 120粒-一瓶装【4个月的量】,9,3.0,3.0,SALES_SPIKE
2025-07-08,,【官方直播】WebberNaturals伟博深海鱼油1100mg高纯度Omega3 120粒-一瓶装【4个月的量】,10,2.0,5.0,SALES_SPIKE
2025-07-11,,【官方直播】WebberNaturals伟博深海鱼油1100mg高纯度Omega3 120粒-一瓶装【4个月的量】,8,1.5714285714285714,5.090909090909091,SALES_SPIKE
2025-07-12,,【官方直播】WebberNaturals伟博深海鱼油1100mg高纯度Omega3 120粒-一瓶装【4个月的量】,6,1.7142857142857142,3.5,SALES_SPIKE
2025-07-13,,【官方直播】WebberNaturals伟博深海鱼油1100mg高纯度Omega3 120粒-一瓶装【4个月的量】,7,2.0,3.5,SALES_SPIKE
2025-07-16,,【官方直播】WebberNaturals伟博深海鱼油1100mg高纯度Omega3 120粒-一瓶装【4个月的量】,9,1.8571428571428572,4.846153846153846,SALES_SPIKE
2025-07-27,,【官方直播】WebberNaturals伟博深海鱼油1100mg高纯度Omega3 120粒-一瓶装【4个月的量】,5,1.1428571428571428,4.375,SALES_SPIKE
2025-07-29,,【官方直播】WebberNaturals伟博深海鱼油1100mg高纯度Omega3 120粒-一瓶装【4个月的量】,5,1.1428571428571428,4.375,SALES_SPIKE
2025-08-01,,【官方直播】WebberNaturals伟博深海鱼油1100mg高纯度Omega3 120粒-一瓶装【4个月的量】,7,1.2857142857142858,5.444444444444444,SALES_SPIKE
2025-08-02,,伟博加拿大进口99%纯度1100mg成人omega3深海鱼油心血管养护120粒-1瓶装（4个月的量）,5,1.0,5.0,SALES_SPIKE
2025-08-02,,【官方直播】WebberNaturals伟博深海鱼油1100mg高纯度Omega3 120粒-一瓶装【4个月的量】,6,1.7142857142857142,3.5,SALES_SPIKE
2025-08-03,,【官方直播】WebberNaturals伟博深海鱼油1100mg高纯度Omega3 120粒-一瓶装【4个月的量】,6,1.5714285714285714,3.8181818181818183,SALES_SPIKE
2025-08-04,,Webber Naturals伟博天然进口小分子胶原蛋白多肽粉150g z-胶原蛋白多肽粉150g*1,8,1.4285714285714286,5.6,SALES_SPIKE
2025-08-05,,【官方直播】WebberNaturals伟博深海鱼油1100mg高纯度Omega3 120粒-一瓶装【4个月的量】,6,2.0,3.0,SALES_SPIKE
2025-08-06,,【官方直播】WebberNaturals伟博深海鱼油1100mg高纯度Omega3 120粒-一瓶装【4个月的量】,6,1.8571428571428572,3.230769230769231,SALES_SPIKE
2025-08-08,,【官方直播】WebberNaturals伟博深海鱼油1100mg高纯度Omega3 120粒-一瓶装【4个月的量】,6,1.7142857142857142,3.5,SALES_SPIKE
2025-08-08,,伟博加拿大进口99%纯度1100mg成人omega3深海鱼油心血管养护120粒-1瓶装（4个月的量）,8,2.0,4.0,SALES_SPIKE
2025-08-09,,【官方直播】WebberNaturals伟博深海鱼油1100mg高纯度Omega3 120粒-一瓶装【4个月的量】,5,1.0,5.0,SALES_SPIKE
2025-08-09,,【官方直播】WebberNaturals伟博深海鱼油1100mg高纯度Omega3 120粒-一瓶装【4个月的量】-(625273090086*1),5,1.5714285714285714,3.181818181818182,SALES_SPIKE
2025-08-10,,【官方直播】WebberNaturals伟博深海鱼油1100mg高纯度Omega3 120粒-一瓶装【4个月的量】-(625273090086*1),5,1.5714285714285714,3.181818181818182,SALES_SPIKE
2025-08-11,,【官方直播】WebberNaturals伟博深海鱼油1100mg高纯度Omega3 120粒-一瓶装【4个月的量】,7,1.1428571428571428,6.125,SALES_SPIKE
2025-08-11,,【官方直播】WebberNaturals伟博深海鱼油1100mg高纯度Omega3 120粒-一瓶装【4个月的量】-(625273090086*1),6,2.0,3.0,SALES_SPIKE
2025-08-13,,伟博加拿大进口99%纯度1100mg成人omega3深海鱼油心血管养护120粒-1瓶装（4个月的量）-(625273090086*1),5,1.5714285714285714,3.181818181818182,SALES_SPIKE
2025-08-13,,【官方直播】WebberNaturals伟博深海鱼油1100mg高纯度Omega3 120粒-一瓶装【4个月的量】-(625273090086*1),9,1.8571428571428572,4.846153846153846,SALES_SPIKE
2025-08-14,,【官方直播】WebberNaturals伟博深海鱼油1100mg高纯度Omega3 120粒-一瓶装【4个月的量】-(625273090086*1),9,1.5714285714285714,5.7272727272727275,SALES_SPIKE
2025-08-15,,【官方直播】WebberNaturals伟博深海鱼油1100mg高纯度Omega3 120粒-一瓶装【4个月的量】-(625273090086*1),16,2.0,8.0,SALES_SPIKE
2025-08-16,,【官方直播】加拿大伟博儿童鱼油高脑力DHA无腥可嚼软胶囊120粒/瓶-1瓶装-(625273090185*1),7,1.5714285714285714,4.454545454545455,SALES_SPIKE
2025-08-16,,【官方直播】WebberNaturals伟博深海鱼油1100mg高纯度Omega3 120粒-一瓶装【4个月的量】-(625273090086*1),15,2.857142857142857,5.25,SALES_SPIKE
2025-08-17,,Webber Naturals伟博天然高纯度1100mg深海精粹鱼油软胶囊60粒 D-1瓶装-(625273090420*1),18,3.142857142857143,5.7272727272727275,SALES_SPIKE
2025-08-17,,【官方直播】WebberNaturals伟博深海鱼油1100mg高纯度Omega3 120粒-一瓶装【4个月的量】-(625273090086*1),18,4.285714285714286,4.2,SALES_SPIKE
2025-08-18,,【官方直播】WebberNaturals伟博深海鱼油1100mg高纯度Omega3 120粒-一瓶装【4个月的量】-(625273090086*1),10,2.7142857142857144,3.6842105263157894,SALES_SPIKE
2025-08-19,,伟博加拿大进口99%纯度1100mg成人omega3深海鱼油心血管养护120粒-1瓶装（4个月的量）-(625273090086*1),12,1.7142857142857142,7.0,SALES_SPIKE
2025-08-19,,【官方直播】WebberNaturals伟博深海鱼油1100mg高纯度Omega3 120粒-一瓶装【4个月的量】-(625273090086*1),16,3.857142857142857,4.148148148148148,SALES_SPIKE
2025-08-20,,【官方直播】WebberNaturals伟博深海鱼油1100mg高纯度Omega3 120粒-一瓶装【4个月的量】-(625273090086*1),12,1.2857142857142858,9.333333333333332,SALES_SPIKE
2025-08-20,,Webber Naturals伟博天然高纯度1100mg深海精粹鱼油软胶囊60粒 D-1瓶装-(625273090420*1),9,1.4285714285714286,6.3,SALES_SPIKE
2025-08-21,,【官方直播】WebberNaturals伟博深海鱼油1100mg高纯度Omega3 120粒-一瓶装【4个月的量】-(625273090086*1),15,2.5714285714285716,5.833333333333333,SALES_SPIKE
2025-08-23,,【官方直播】WebberNaturals伟博深海鱼油1100mg高纯度Omega3 120粒-一瓶装【4个月的量】-(625273090086*1),9,2.857142857142857,3.15,SALES_SPIKE
2025-08-23,,伟博加拿大进口99%纯度1100mg成人omega3深海鱼油心血管养护120粒-一瓶装（体验装）-(625273090086*1),15,2.857142857142857,5.25,SALES_SPIKE
2025-08-24,,【官方直播】WebberNaturals伟博深海鱼油1100mg高纯度Omega3 120粒-一瓶装【4个月的量】-(625273090086*1),12,3.5714285714285716,3.36,SALES_SPIKE
2025-08-24,,伟博加拿大进口99%纯度1100mg成人omega3深海鱼油心血管养护120粒-一瓶装（体验装）-(625273090086*1),7,1.7142857142857142,4.083333333333334,SALES_SPIKE
2025-08-25,,伟博加拿大进口99%纯度1100mg成人omega3深海鱼油心血管养护120粒-一瓶装（体验装）-(625273090086*1),8,2.5714285714285716,3.1111111111111107,SALES_SPIKE
2025-08-25,,【官方直播】WebberNaturals伟博深海鱼油1100mg高纯度Omega3 120粒-一瓶装【4个月的量】-(625273090086*1),12,2.142857142857143,5.6000000000000005,SALES_SPIKE
2025-08-26,,伟博加拿大进口99%纯度1100mg成人omega3深海鱼油心血管养护120粒-一瓶装（体验装）-(625273090086*1),11,2.7142857142857144,4.052631578947368,SALES_SPIKE
2025-08-26,,【官方直播】WebberNaturals伟博深海鱼油1100mg高纯度Omega3 120粒-一瓶装【4个月的量】-(625273090086*1),11,3.142857142857143,3.5,SALES_SPIKE
2025-08-27,,【官方直播】WebberNaturals伟博深海鱼油1100mg高纯度Omega3 120粒-一瓶装【4个月的量】-(625273090086*1),12,1.4285714285714286,8.4,SALES_SPIKE
2025-08-27,,伟博加拿大进口99%纯度1100mg成人omega3深海鱼油心血管养护120粒-一瓶装（体验装）-(625273090086*1),5,1.5714285714285714,3.181818181818182,SALES_SPIKE
2025-08-28,,【官方直播】WebberNaturals伟博深海鱼油1100mg高纯度Omega3 120粒-一瓶装【4个月的量】-(625273090086*1),9,2.7142857142857144,3.31578947368421,SALES_SPIKE
2025-08-29,,伟博加拿大进口99%纯度1100mg成人omega3深海鱼油心血管养护120粒-一瓶装（体验装）-(625273090086*1),14,3.4285714285714284,4.083333333333334,SALES_SPIKE
2025-08-29,,【官方直播】WebberNaturals伟博深海鱼油1100mg高纯度Omega3 120粒-一瓶装【4个月的量】-(625273090086*1),20,2.5714285714285716,7.777777777777777,SALES_SPIKE
2025-08-30,,伟博加拿大进口99%纯度1100mg成人omega3深海鱼油心血管养护120粒-一瓶装（体验装）-(625273090086*1),9,2.4285714285714284,3.7058823529411766,SALES_SPIKE
2025-08-31,,【官方直播】WebberNaturals伟博深海鱼油1100mg高纯度Omega3 120粒-一瓶装【4个月的量】-(625273090086*1),10,2.857142857142857,3.5,SALES_SPIKE
2025-09-01,,伟博加拿大进口99%纯度1100mg成人omega3深海鱼油心血管养护120粒-一瓶装（体验装）-(625273090086*1),5,1.4285714285714286,3.5,SALES_SPIKE
2025-09-01,,【官方直播】WebberNaturals伟博深海鱼油1100mg高纯度Omega3 120粒-一瓶装【4个月的量】-(625273090086*1),13,2.0,6.5,SALES_SPIKE
2025-09-02,,伟博加拿大进口99%纯度1100mg成人omega3深海鱼油心血管养护120粒-一瓶装（体验装）-(625273090086*1),6,1.2857142857142858,4.666666666666666,SALES_SPIKE
2025-09-02,,【官方直播】WebberNaturals伟博深海鱼油1100mg高纯度Omega3 120粒-一瓶装【4个月的量】-(625273090086*1),12,1.2857142857142858,9.333333333333332,SALES_SPIKE
2025-09-04,,Webber Naturals伟博天然进口小分子胶原蛋白多肽粉150g z-胶原蛋白多肽粉150g*3-(625273036657*3),5,1.4285714285714286,3.5,SALES_SPIKE
2025-09-04,,【官方直播】WebberNaturals伟博深海鱼油1100mg高纯度Omega3 120粒-一瓶装【4个月的量】-(625273090086*1),12,2.0,6.0,SALES_SPIKE
2025-09-04,,伟博加拿大进口99%纯度1100mg成人omega3深海鱼油心血管养护120粒-一瓶装（体验装）-(625273090086*1),13,3.4285714285714284,3.791666666666667,SALES_SPIKE
2025-09-06,,【官方直播】WebberNaturals伟博深海鱼油1100mg高纯度Omega3 120粒-一瓶装【4个月的量】-(625273090086*1),19,2.0,9.5,SALES_SPIKE
2025-09-07,,【官方直播】WebberNaturals伟博深海鱼油1100mg高纯度Omega3 120粒-一瓶装【4个月的量】-(625273090086*1),12,2.5714285714285716,4.666666666666666,SALES_SPIKE
2025-09-08,,伟博加拿大进口99%纯度1100mg成人omega3深海鱼油心血管养护120粒-一瓶装（体验装）-(625273090086*1),9,2.857142857142857,3.15,SALES_SPIKE
2025-09-08,,【官方直播】WebberNaturals伟博深海鱼油1100mg高纯度Omega3 120粒-一瓶装【4个月的量】-(625273090086*1),10,2.2857142857142856,4.375,SALES_SPIKE
2025-09-09,,伟博加拿大进口99%纯度1100mg成人omega3深海鱼油心血管养护120粒-一瓶装（体验装）-(625273090086*1),17,3.142857142857143,5.409090909090909,SALES_SPIKE
2025-09-09,,【官方直播】WebberNaturals伟博深海鱼油1100mg高纯度Omega3 120粒-一瓶装【4个月的量】-(625273090086*1),14,3.4285714285714284,4.083333333333334,SALES_SPIKE
2025-09-10,,【官方直播】WebberNaturals伟博深海鱼油1100mg高纯度Omega3 120粒-一瓶装【4个月的量】-(625273090086*1),17,1.7142857142857142,9.916666666666668,SALES_SPIKE
2025-09-10,,伟博加拿大进口99%纯度1100mg成人omega3深海鱼油心血管养护120粒-一瓶装（体验装）-(625273090086*1),12,3.857142857142857,3.111111111111111,SALES_SPIKE
2025-09-11,,【官方直播】WebberNaturals伟博深海鱼油1100mg高纯度Omega3 120粒-一瓶装【4个月的量】-(625273090086*1),17,3.0,5.666666666666667,SALES_SPIKE
2025-09-12,,【官方直播】WebberNaturals伟博深海鱼油1100mg高纯度Omega3 120粒-一瓶装【4个月的量】-(625273090086*1),10,2.0,5.0,SALES_SPIKE
2025-09-12,,伟博加拿大进口99%纯度1100mg成人omega3深海鱼油心血管养护120粒-一瓶装（体验装）-(625273090086*1),8,2.5714285714285716,3.1111111111111107,SALES_SPIKE
2025-09-14,,【官方直播】WebberNaturals伟博深海鱼油1100mg高纯度Omega3 120粒-一瓶装【4个月的量】-(625273090086*1),15,4.142857142857143,3.6206896551724133,SALES_SPIKE
2025-09-14,,伟博加拿大进口99%纯度1100mg成人omega3深海鱼油心血管养护120粒-一瓶装（体验装）-(625273090086*1),16,5.0,3.2,SALES_SPIKE
2025-09-15,,【官方直播】WebberNaturals伟博深海鱼油1100mg高纯度Omega3 120粒-一瓶装【4个月的量】-(625273090086*1),10,2.142857142857143,4.666666666666667,SALES_SPIKE
2025-09-16,,伟博加拿大进口99%纯度1100mg成人omega3深海鱼油心血管养护120粒-一瓶装（体验装）-(625273090086*1),7,2.142857142857143,3.2666666666666666,SALES_SPIKE
2025-09-16,,【官方直播】WebberNaturals伟博深海鱼油1100mg高纯度Omega3 120粒-一瓶装【4个月的量】-(625273090086*1),15,2.4285714285714284,6.176470588235294,SALES_SPIKE
2025-09-17,,伟博加拿大进口99%纯度1100mg成人omega3深海鱼油心血管养护120粒-一瓶装（体验装）-(625273090086*1),8,1.5714285714285714,5.090909090909091,SALES_SPIKE
2025-09-18,,伟博加拿大进口99%纯度1100mg成人omega3深海鱼油心血管养护120粒-一瓶装（体验装）-(625273090086*1),9,2.0,4.5,SALES_SPIKE
2025-09-18,,【官方直播】WebberNaturals伟博深海鱼油1100mg高纯度Omega3 120粒-一瓶装【4个月的量】-(625273090086*1),12,3.142857142857143,3.8181818181818183,SALES_SPIKE
2025-09-19,,伟博加拿大进口99%纯度1100mg成人omega3深海鱼油心血管养护120粒-一瓶装（体验装）-(625273090086*1),13,4.142857142857143,3.1379310344827585,SALES_SPIKE
2025-09-19,,【官方直播】加拿大伟博儿童鱼油高脑力DHA无腥可嚼软胶囊120粒/瓶-1瓶装-(625273090185*1),12,3.857142857142857,3.111111111111111,SALES_SPIKE
2025-09-19,,【官方直播】WebberNaturals伟博深海鱼油1100mg高纯度Omega3 120粒-一瓶装【4个月的量】-(625273090086*1),13,3.142857142857143,4.136363636363637,SALES_SPIKE
2025-09-20,,【美彤专属】【儿童拍】WebberNaturals伟博小金盾小颗粒深海儿童鱼油+D3 60粒-【儿童拍】2瓶装（送一瓶40mg叶黄素）-(625273071634*2+625273070255*1),10,3.2857142857142856,3.0434782608695654,SALES_SPIKE
2025-09-20,,【美彤专属】【成人拍】WebberNaturals高纯度深海鱼油omega3成人健身鱼油120粒-【成人拍】1瓶装（送一瓶40mg叶黄素）-(625273090086*1+625273070255*1),27,4.571428571428571,5.90625,SALES_SPIKE
2025-09-20,,伟博加拿大进口99%纯度1100mg成人omega3深海鱼油心血管养护120粒-一瓶装（体验装）-(625273090086*1),19,1.7142857142857142,11.083333333333334,SALES_SPIKE
2025-09-20,,【官方直播】WebberNaturals伟博深海鱼油1100mg高纯度Omega3 120粒-一瓶装【4个月的量】-(625273090086*1),16,4.285714285714286,3.7333333333333334,SALES_SPIKE
2025-09-21,,【美彤专属】【成人拍】WebberNaturals高纯度深海鱼油omega3成人健身鱼油120粒-【成人拍】1瓶装（送一瓶40mg叶黄素）-(625273090086*1+625273070255*1),45,2.4285714285714284,18.529411764705884,SALES_SPIKE
2025-09-22,,【美彤专属】【成人拍】WebberNaturals高纯度深海鱼油omega3成人健身鱼油120粒-【成人拍】1瓶装（送一瓶40mg叶黄素）-(625273090086*1+625273070255*1),29,9.142857142857142,3.171875,SALES_SPIKE
2025-09-23,,【官方直播】WebberNaturals伟博深海鱼油1100mg高纯度Omega3 120粒-一瓶装【4个月的量】-(625273090086*1),15,2.2857142857142856,6.5625,SALES_SPIKE
2025-09-24,,【官方直播】WebberNaturals伟博深海鱼油1100mg高纯度Omega3 120粒-一瓶装【4个月的量】-(625273090086*1),13,3.0,4.333333333333333,SALES_SPIKE
2025-09-25,,【官方直播】WebberNaturals伟博深海鱼油1100mg高纯度Omega3 120粒-一瓶装【4个月的量】-(625273090086*1),13,3.0,4.333333333333333,SALES_SPIKE
2025-09-25,,伟博加拿大进口99%纯度1100mg成人omega3深海鱼油心血管养护120粒-一瓶装（体验装）-(625273090086*1),10,1.7142857142857142,5.833333333333334,SALES_SPIKE
2025-09-25,,【美彤专属】【成人拍】WebberNaturals高纯度深海鱼油omega3成人健身鱼油120粒-【成人拍】1瓶装（送一瓶40mg叶黄素）-(625273090086*1+625273070255*1),11,2.7142857142857144,4.052631578947368,SALES_SPIKE
2025-09-26,,【官方直播】WebberNaturals伟博深海鱼油1100mg高纯度Omega3 120粒-一瓶装【4个月的量】-(625273090086*1),15,1.8571428571428572,8.076923076923077,SALES_SPIKE
2025-09-27,,【护发美甲美肤】进口VB烟酰胺锌硒女士全能营养素30粒26-5-30-3瓶装-(625273079975*3),12,2.0,6.0,SALES_SPIKE
2025-09-27,,【官方直播】WebberNaturals伟博深海鱼油1100mg高纯度Omega3 120粒-一瓶装【4个月的量】-(625273090086*1),13,3.5714285714285716,3.6399999999999997,SALES_SPIKE
2025-09-28,,【护发美甲美肤】进口VB烟酰胺锌硒女士全能营养素30粒26-5-30-3瓶装-(625273079975*3),21,2.2857142857142856,9.1875,SALES_SPIKE
2025-09-29,,【免疫力】进口500mg维生素C缓释胶囊60粒 效期到2026-06-30-3瓶装-(625273076622*3),5,1.4285714285714286,3.5,SALES_SPIKE
2025-09-29,,【护发美甲美肤】进口VB烟酰胺锌硒女士全能营养素30粒26-5-30-3瓶装-(625273079975*3),11,2.142857142857143,5.133333333333334,SALES_SPIKE
2025-09-29,,【官方直播】WebberNaturals伟博深海鱼油1100mg高纯度Omega3 120粒-一瓶装【4个月的量】-(625273090086*1),19,4.714285714285714,4.03030303030303,SALES_SPIKE
2025-09-30,,【免疫力】进口500mg维生素C缓释胶囊60粒 效期到2026-06-30-3瓶装-(625273076622*3),22,5.285714285714286,4.162162162162162,SALES_SPIKE
2025-10-01,,【免疫力】进口500mg维生素C缓释胶囊60粒 效期到2026-06-30-3瓶装-(625273076622*3),14,4.428571428571429,3.161290322580645,SALES_SPIKE
2025-10-01,,【官方直播】WebberNaturals伟博深海鱼油1100mg高纯度Omega3 120粒-一瓶装【4个月的量】-(625273090086*1),15,3.857142857142857,3.888888888888889,SALES_SPIKE
2025-10-02,,伟博加拿大进口99%纯度1100mg成人omega3深海鱼油心血管养护120粒-一瓶装（体验装）-(625273090086*1),9,2.7142857142857144,3.31578947368421,SALES_SPIKE
2025-10-02,,【官方直播】WebberNaturals伟博深海鱼油1100mg高纯度Omega3 120粒-一瓶装【4个月的量】-(625273090086*1),10,2.7142857142857144,3.6842105263157894,SALES_SPIKE
2025-10-03,,【美彤专属】【儿童拍】WebberNaturals伟博小金盾小颗粒深海儿童鱼油+D3 60粒-【儿童拍】2瓶装（送一瓶40mg叶黄素）-(625273071634*2+625273070255*1),155,4.428571428571429,35.0,SALES_SPIKE
2025-10-03,,【美彤专属】【成人拍】WebberNaturals高纯度深海鱼油omega3成人健身鱼油120粒-【成人拍】1瓶装（送一瓶40mg叶黄素）-(625273090086*1+625273070255*1),338,25.142857142857142,13.443181818181818,SALES_SPIKE
2025-10-04,,【官方直播】WebberNaturals伟博深海鱼油1100mg高纯度Omega3 120粒-一瓶装【4个月的量】-(625273090086*1),8,2.142857142857143,3.7333333333333334,SALES_SPIKE
2025-10-04,,【免疫力】进口500mg维生素C缓释胶囊60粒 效期到2026-06-30-3瓶装-(625273076622*3),8,2.5714285714285716,3.1111111111111107,SALES_SPIKE
2025-10-04,,【美彤专属】【成人拍】WebberNaturals高纯度深海鱼油omega3成人健身鱼油120粒-【成人拍】1瓶装（送一瓶40mg叶黄素）-(625273090086*1+625273070255*1),16,3.4285714285714284,4.666666666666667,SALES_SPIKE
2025-10-07,,【官方直播】WebberNaturals伟博深海鱼油1100mg高纯度Omega3 120粒-一瓶装【4个月的量】-(625273090086*1),9,2.4285714285714284,3.7058823529411766,SALES_SPIKE
2025-10-08,,【官方直播】WebberNaturals伟博深海鱼油1100mg高纯度Omega3 120粒-一瓶装【4个月的量】-(625273090086*1),12,2.4285714285714284,4.9411764705882355,SALES_SPIKE
2025-10-08,,【美彤专属】【成人拍】WebberNaturals高纯度深海鱼油omega3成人健身鱼油120粒-【成人拍】1瓶装（送一瓶40mg叶黄素）-(625273090086*1+625273070255*1),6,1.5714285714285714,3.8181818181818183,SALES_SPIKE
2025-10-09,,【官方直播】加拿大伟博儿童鱼油高脑力DHA无腥可嚼软胶囊120粒/瓶-1瓶装-(625273090185*1),10,1.7142857142857142,5.833333333333334,SALES_SPIKE
2025-10-09,,【官方直播】WebberNaturals伟博深海鱼油1100mg高纯度Omega3 120粒-一瓶装【4个月的量】-(625273090086*1),11,2.2857142857142856,4.8125,SALES_SPIKE
2025-10-10,,【官方直播】WebberNaturals伟博深海鱼油1100mg高纯度Omega3 120粒-一瓶装【4个月的量】-(625273090086*1),21,3.0,7.0,SALES_SPIKE
2025-10-11,,【官方直播】WebberNaturals伟博深海鱼油1100mg高纯度Omega3 120粒-一瓶装【4个月的量】-(625273090086*1),12,3.4285714285714284,3.5,SALES_SPIKE
2025-10-11,,【护发美甲美肤】进口VB烟酰胺锌硒女士全能营养素30粒26-5-30-3瓶装-(625273079975*3),128,2.5714285714285716,49.77777777777777,SALES_SPIKE
2025-10-12,,【免疫力】进口500mg维生素C缓释胶囊60粒 效期到2026-06-30-3瓶装-(625273076622*3),50,1.1428571428571428,43.75,SALES_SPIKE
2025-10-13,,【免疫力】进口500mg维生素C缓释胶囊60粒 效期到2026-06-30-3瓶装-(625273076622*3),74,3.0,24.666666666666668,SALES_SPIKE
2025-10-13,,【官方直播】WebberNaturals伟博深海鱼油1100mg高纯度Omega3 120粒-一瓶装【4个月的量】-(625273090086*1),29,2.5714285714285716,11.277777777777777,SALES_SPIKE
2025-10-14,,【免疫力】进口500mg维生素C缓释胶囊60粒 效期到2026-06-30-3瓶装-(625273076622*3),25,2.7142857142857144,9.210526315789473,SALES_SPIKE
2025-10-14,,【官方直播】WebberNaturals伟博深海鱼油1100mg高纯度Omega3 120粒-一瓶装【4个月的量】-(625273090086*1),16,1.8571428571428572,8.615384615384615,SALES_SPIKE
2025-10-15,,【官方直播】WebberNaturals伟博深海鱼油1100mg高纯度Omega3 120粒-一瓶装【4个月的量】-(625273090086*1),15,4.142857142857143,3.6206896551724133,SALES_SPIKE
2025-10-15,,【免疫力】进口500mg维生素C缓释胶囊60粒 效期到2026-06-30-3瓶装-(625273076622*3),31,2.857142857142857,10.85,SALES_SPIKE
2025-10-16,,【免疫力】进口500mg维生素C缓释胶囊60粒 效期到2026-06-30-3瓶装-(625273076622*3),9,2.142857142857143,4.2,SALES_SPIKE
2025-10-16,,【官方直播】WebberNaturals伟博深海鱼油1100mg高纯度Omega3 120粒-一瓶装【4个月的量】-(625273090086*1),10,2.4285714285714284,4.11764705882353,SALES_SPIKE
2025-10-16,,伟博加拿大进口99%纯度1100mg成人omega3深海鱼油心血管养护120粒-一瓶装（体验装）-(625273090086*1),11,2.857142857142857,3.85,SALES_SPIKE
2025-10-17,,【官方直播】WebberNaturals伟博深海鱼油1100mg高纯度Omega3 120粒-一瓶装【4个月的量】-(625273090086*1),9,2.857142857142857,3.15,SALES_SPIKE
2025-10-17,,【免疫力】进口500mg维生素C缓释胶囊60粒 效期到2026-06-30-3瓶装-(625273076622*3),20,4.0,5.0,SALES_SPIKE
2025-10-18,,【官方直播】WebberNaturals伟博深海鱼油1100mg高纯度Omega3 120粒-一瓶装【4个月的量】-(625273090086*1),16,3.0,5.333333333333333,SALES_SPIKE
2025-10-19,,【官方直播】WebberNaturals伟博深海鱼油1100mg高纯度Omega3 120粒-一瓶装【4个月的量】-(625273090086*1),14,1.2857142857142858,10.888888888888888,SALES_SPIKE
2025-10-20,,伟博加拿大进口99%纯度1100mg成人omega3深海鱼油心血管养护120粒-一瓶装（体验装）-(625273090086*1),5,1.4285714285714286,3.5,SALES_SPIKE
2025-10-20,,【官方直播】WebberNaturals伟博深海鱼油1100mg高纯度Omega3 120粒-一瓶装【4个月的量】-(625273090086*1),26,1.5714285714285714,16.545454545454547,SALES_SPIKE
2025-10-21,,【官方直播】WebberNaturals伟博深海鱼油1100mg高纯度Omega3 120粒-一瓶装【4个月的量】-(625273090086*1),18,1.4285714285714286,12.6,SALES_SPIKE
2025-10-22,,【官方直播】WebberNaturals伟博深海鱼油1100mg高纯度Omega3 120粒-一瓶装【4个月的量】-(625273090086*1),16,2.5714285714285716,6.222222222222221,SALES_SPIKE
2025-10-23,,【官方直播】WebberNaturals伟博深海鱼油1100mg高纯度Omega3 120粒-一瓶装【4个月的量】-(625273090086*1),17,1.8571428571428572,9.153846153846153,SALES_SPIKE
2025-10-24,,伟博加拿大进口99%纯度1100mg成人omega3深海鱼油心血管养护120粒-一瓶装（体验装）-(625273090086*1),10,1.7142857142857142,5.833333333333334,SALES_SPIKE
2025-10-24,,【官方直播】WebberNaturals伟博深海鱼油1100mg高纯度Omega3 120粒-一瓶装【4个月的量】-(625273090086*1),23,3.7142857142857144,6.1923076923076925,SALES_SPIKE
2025-10-25,,【免疫力】进口500mg维生素C缓释胶囊60粒 效期到2026-06-30-3瓶装-(625273076622*3),36,1.8571428571428572,19.384615384615383,SALES_SPIKE
2025-10-25,,【官方直播】WebberNaturals伟博深海鱼油1100mg高纯度Omega3 120粒-两瓶装【8个月的量】-(625273090086*2),9,1.4285714285714286,6.3,SALES_SPIKE
2025-10-25,,【官方直播】WebberNaturals伟博深海鱼油1100mg高纯度Omega3 120粒-一瓶装【4个月的量】-(625273090086*1),18,2.5714285714285716,6.999999999999999,SALES_SPIKE
2025-10-26,,【免疫力】进口500mg维生素C缓释胶囊60粒 效期到2026-06-30-3瓶装-(625273076622*3),14,2.7142857142857144,5.157894736842105,SALES_SPIKE
2025-10-26,,【官方直播】加拿大伟博儿童鱼油高脑力DHA无腥可嚼软胶囊120粒/瓶-1瓶装-(625273090185*1),11,1.0,11.0,SALES_SPIKE
2025-10-26,,【官方直播】WebberNaturals伟博深海鱼油1100mg高纯度Omega3 120粒-两瓶装【8个月的量】-(625273090086*2),11,3.0,3.6666666666666665,SALES_SPIKE
2025-10-26,,【官方直播】WebberNaturals伟博深海鱼油1100mg高纯度Omega3 120粒-一瓶装【4个月的量】-(625273090086*1),33,4.428571428571429,7.451612903225806,SALES_SPIKE
2025-10-27,,【官方直播】WebberNaturals伟博深海鱼油1100mg高纯度Omega3 120粒-一瓶装【4个月的量】-(625273090086*1),22,3.2857142857142856,6.695652173913044,SALES_SPIKE
2025-10-28,,【官方直播】WebberNaturals伟博深海鱼油1100mg高纯度Omega3 120粒-一瓶装【4个月的量】-(625273090086*1),20,2.4285714285714284,8.23529411764706,SALES_SPIKE
2025-10-28,,【免疫力】进口500mg维生素C缓释胶囊60粒 效期到2026-06-30-3瓶装-(625273076622*3),8,2.0,4.0,SALES_SPIKE
2025-10-29,,【官方直播】WebberNaturals伟博深海鱼油1100mg高纯度Omega3 120粒-一瓶装【4个月的量】-(625273090086*1),21,3.4285714285714284,6.125,SALES_SPIKE
2025-10-29,,伟博加拿大进口99%纯度1100mg成人omega3深海鱼油心血管养护120粒-一瓶装（体验装）-(625273090086*1),15,5.0,3.0,SALES_SPIKE
2025-10-30,,【官方直播】WebberNaturals伟博深海鱼油1100mg高纯度Omega3 120粒-两瓶装【8个月的量】-(625273090086*2),14,2.142857142857143,6.533333333333333,SALES_SPIKE
2025-10-30,,【官方直播】WebberNaturals伟博深海鱼油1100mg高纯度Omega3 120粒-一瓶装【4个月的量】-(625273090086*1),21,2.0,10.5,SALES_SPIKE
2025-10-31,,【官方直播】WebberNaturals伟博深海鱼油1100mg高纯度Omega3 120粒-一瓶装【4个月的量】-(625273090086*1),38,3.7142857142857144,10.23076923076923,SALES_SPIKE
2025-11-01,,【免疫力】进口500mg维生素C缓释胶囊60粒 效期到2026-06-30-3瓶装-(625273076622*3),7,2.2857142857142856,3.0625,SALES_SPIKE
2025-11-01,,伟博加拿大进口99%纯度1100mg成人omega3深海鱼油心血管养护120粒-一瓶装（体验装）-(625273090086*1),8,2.2857142857142856,3.5,SALES_SPIKE
2025-11-01,,【官方直播】加拿大伟博儿童鱼油高脑力DHA无腥可嚼软胶囊120粒/瓶-1瓶装-(625273090185*1),11,3.5714285714285716,3.0799999999999996,SALES_SPIKE
2025-11-01,,【官方直播】WebberNaturals伟博深海鱼油1100mg高纯度Omega3 120粒-一瓶装【4个月的量】-(625273090086*1),25,4.714285714285714,5.303030303030303,SALES_SPIKE
2025-11-02,,【官方直播】WebberNaturals伟博深海鱼油1100mg高纯度Omega3 120粒-一瓶装【4个月的量】-(625273090086*1),15,2.142857142857143,7.0,SALES_SPIKE
2025-11-03,,【官方直播】WebberNaturals伟博深海鱼油1100mg高纯度Omega3 120粒-一瓶装【4个月的量】-(625273090086*1),35,3.142857142857143,11.136363636363637,SALES_SPIKE
2025-11-03,,伟博加拿大进口99%纯度1100mg成人omega3深海鱼油心血管养护120粒-一瓶装（体验装）-(625273090086*1),13,2.142857142857143,6.066666666666666,SALES_SPIKE
2025-11-04,,【官方直播】WebberNaturals伟博深海鱼油1100mg高纯度Omega3 120粒-两瓶装【8个月的量】-(625273090086*2),11,1.4285714285714286,7.7,SALES_SPIKE
2025-11-04,,【官方直播】WebberNaturals伟博深海鱼油1100mg高纯度Omega3 120粒-一瓶装【4个月的量】-(625273090086*1),30,2.857142857142857,10.5,SALES_SPIKE
2025-11-05,,【官方直播】WebberNaturals伟博深海鱼油1100mg高纯度Omega3 120粒-两瓶装【8个月的量】-(625273090086*2),15,2.5714285714285716,5.833333333333333,SALES_SPIKE
2025-11-05,,【官方直播】WebberNaturals伟博深海鱼油1100mg高纯度Omega3 120粒-一瓶装【4个月的量】-(625273090086*1),18,5.285714285714286,3.4054054054054057,SALES_SPIKE
2025-11-06,,【官方直播】WebberNaturals伟博深海鱼油1100mg高纯度Omega3 120粒-一瓶装【4个月的量】-(625273090086*1),20,2.2857142857142856,8.75,SALES_SPIKE
2025-11-07,,【官方直播】WebberNaturals伟博深海鱼油1100mg高纯度Omega3 120粒-一瓶装【4个月的量】-(625273090086*1),21,5.285714285714286,3.9729729729729732,SALES_SPIKE
2025-11-08,,【官方直播】WebberNaturals伟博深海鱼油1100mg高纯度Omega3 120粒-一瓶装【4个月的量】-(625273090086*1),21,2.5714285714285716,8.166666666666666,SALES_SPIKE
2025-11-09,,【官方直播】WebberNaturals伟博深海鱼油1100mg高纯度Omega3 120粒-一瓶装【4个月的量】-(625273090086*1),19,2.2857142857142856,8.3125,SALES_SPIKE
2025-11-10,,【官方直播】WebberNaturals伟博深海鱼油1100mg高纯度Omega3 120粒-一瓶装【4个月的量】-(625273090086*1),8,2.142857142857143,3.7333333333333334,SALES_SPIKE
2025-11-10,,【进博会专属】伟博天然进口深海鱼油1100mg高纯度Omega3 120粒-一瓶装【4个月的量】-(625273090086*1),10,3.0,3.3333333333333335,SALES_SPIKE
2025-11-11,,【官方直播】WebberNaturals伟博深海鱼油1100mg高纯度Omega3 120粒-一瓶装【4个月的量】-(625273090086*1),17,2.142857142857143,7.933333333333334,SALES_SPIKE
2025-11-11,,【进博会专属】伟博天然进口深海鱼油1100mg高纯度Omega3 120粒-一瓶装【4个月的量】-(625273090086*1),14,4.285714285714286,3.2666666666666666,SALES_SPIKE
2025-11-13,,【官方直播】WebberNaturals伟博深海鱼油1100mg高纯度Omega3 120粒-两瓶装【8个月的量】-(625273090086*2),7,1.2857142857142858,5.444444444444444,SALES_SPIKE
2025-11-13,,【进博会专属】伟博天然进口深海鱼油1100mg高纯度Omega3 120粒-一瓶装【4个月的量】-(625273090086*1),11,2.142857142857143,5.133333333333334,SALES_SPIKE
2025-11-13,,【官方直播】WebberNaturals伟博深海鱼油1100mg高纯度Omega3 120粒-一瓶装【4个月的量】-(625273090086*1),17,4.0,4.25,SALES_SPIKE
2025-11-13,,伟博加拿大进口99%纯度1100mg成人omega3深海鱼油心血管养护120粒-一瓶装（体验装）-(625273090086*1),10,2.5714285714285716,3.8888888888888884,SALES_SPIKE
2025-11-14,,【官方直播】WebberNaturals伟博深海鱼油1100mg高纯度Omega3 120粒-一瓶装【4个月的量】-(625273090086*1),13,2.7142857142857144,4.789473684210526,SALES_SPIKE
2025-11-15,,【官方直播】WebberNaturals伟博深海鱼油1100mg高纯度Omega3 120粒-两瓶装【8个月的量】-(625273090086*2),8,1.7142857142857142,4.666666666666667,SALES_SPIKE
2025-11-15,,【官方直播】WebberNaturals伟博深海鱼油1100mg高纯度Omega3 120粒-一瓶装【4个月的量】-(625273090086*1),16,1.8571428571428572,8.615384615384615,SALES_SPIKE
2025-11-16,,【官方直播】WebberNaturals伟博深海鱼油1100mg高纯度Omega3 120粒-两瓶装【8个月的量】-(625273090086*2),5,1.4285714285714286,3.5,SALES_SPIKE
2025-11-16,,【官方直播】WebberNaturals伟博深海鱼油1100mg高纯度Omega3 120粒-一瓶装【4个月的量】-(625273090086*1),15,2.142857142857143,7.0,SALES_SPIKE
2025-11-18,,【官方直播】加拿大伟博儿童鱼油高脑力DHA无腥可嚼软胶囊120粒/瓶-1瓶装-(625273090185*1),9,1.5714285714285714,5.7272727272727275,SALES_SPIKE
2025-11-18,,【官方直播】WebberNaturals伟博深海鱼油1100mg高纯度Omega3 120粒-一瓶装【4个月的量】-(625273090086*1),14,2.142857142857143,6.533333333333333,SALES_SPIKE
2025-11-20,,【进博会专属】伟博天然进口深海鱼油1100mg高纯度Omega3 120粒-一瓶装【4个月的量】-(625273090086*1),13,1.8571428571428572,7.0,SALES_SPIKE
2025-11-21,,【进博会专属】伟博天然进口深海鱼油1100mg高纯度Omega3 120粒-两瓶装【8个月的量】-(625273090086*2),9,1.5714285714285714,5.7272727272727275,SALES_SPIKE
2025-11-21,,【进博会专属】伟博天然进口深海鱼油1100mg高纯度Omega3 120粒-一瓶装【4个月的量】-(625273090086*1),15,2.857142857142857,5.25,SALES_SPIKE
2025-11-22,,【进博会专属】伟博天然进口深海鱼油1100mg高纯度Omega3 120粒-一瓶装【4个月的量】-(625273090086*1),22,2.0,11.0,SALES_SPIKE
2025-11-22,,伟博加拿大进口99%纯度1100mg成人omega3深海鱼油心血管养护120粒-一瓶装（体验装）-(625273090086*1),5,1.5714285714285714,3.181818181818182,SALES_SPIKE
2025-11-23,,伟博加拿大进口99%纯度1100mg成人omega3深海鱼油心血管养护120粒-一瓶装（体验装）-(625273090086*1),7,1.7142857142857142,4.083333333333334,SALES_SPIKE
2025-11-23,,【进博会专属】伟博天然进口深海鱼油1100mg高纯度Omega3 120粒-一瓶装【4个月的量】-(625273090086*1),17,1.5714285714285714,10.818181818181818,SALES_SPIKE
2025-11-23,,【进博会专属】伟博天然进口深海鱼油1100mg高纯度Omega3 120粒-两瓶装【8个月的量】-(625273090086*2),11,3.5714285714285716,3.0799999999999996,SALES_SPIKE
2025-11-24,,【进博会专属】伟博天然进口深海鱼油1100mg高纯度Omega3 120粒-一瓶装【4个月的量】-(625273090086*1),23,1.8571428571428572,12.384615384615385,SALES_SPIKE
2025-11-24,,【进博会专属】伟博天然阳光小金盾小颗粒全家深海鱼油+D3 60粒-2瓶装-(625273071634*2),5,1.4285714285714286,3.5,SALES_SPIKE
2025-11-24,,【进博会专属】伟博天然进口深海鱼油1100mg高纯度Omega3 120粒-两瓶装【8个月的量】-(625273090086*2),11,2.2857142857142856,4.8125,SALES_SPIKE
2025-11-25,,【进博会专属】伟博天然进口深海鱼油1100mg高纯度Omega3 120粒-一瓶装【4个月的量】-(625273090086*1),20,3.4285714285714284,5.833333333333334,SALES_SPIKE
2025-11-26,,【官方直播】伟博天然进口深海鱼油1100mg高纯度Omega3 120粒-一瓶装【4个月的量】-(625273090086*1),23,5.0,4.6,SALES_SPIKE
2025-11-27,,Webber Naturals伟博天然进口小分子胶原蛋白多肽粉150g z-3瓶装-(625273036657*3),5,1.1428571428571428,4.375,SALES_SPIKE
2025-11-27,,【官方直播】伟博天然进口深海鱼油1100mg高纯度Omega3 120粒-一瓶装【4个月的量】-(625273090086*1),21,2.5714285714285716,8.166666666666666,SALES_SPIKE
2025-11-27,,伟博加拿大进口99%纯度1100mg成人omega3深海鱼油心血管养护120粒-一瓶装（体验装）-(625273090086*1),10,1.2857142857142858,7.777777777777777,SALES_SPIKE
2025-11-28,,【官方直播】伟博天然进口深海鱼油1100mg高纯度Omega3 120粒-一瓶装【4个月的量】-(625273090086*1),16,1.8571428571428572,8.615384615384615,SALES_SPIKE
2025-11-29,,【官方直播】伟博天然进口深海鱼油1100mg高纯度Omega3 120粒-一瓶装【4个月的量】-(625273090086*1),10,1.5714285714285714,6.363636363636364,SALES_SPIKE
2025-11-30,,【官方直播】伟博天然进口深海鱼油1100mg高纯度Omega3 120粒-一瓶装【4个月的量】-(625273090086*1),10,1.8571428571428572,5.384615384615384,SALES_SPIKE
2025-12-01,,【官方直播】伟博天然进口深海鱼油1100mg高纯度Omega3 120粒-一瓶装【4个月的量】-(625273090086*1),8,2.0,4.0,SALES_SPIKE
2025-12-02,,【官方直播】伟博天然进口深海鱼油1100mg高纯度Omega3 120粒-一瓶装【4个月的量】-(625273090086*1),19,2.2857142857142856,8.3125,SALES_SPIKE
2025-12-03,,【官方直播】伟博天然进口深海鱼油1100mg高纯度Omega3 120粒-一瓶装【4个月的量】-(625273090086*1),7,1.0,7.0,SALES_SPIKE
2025-12-12,,	【官方直播】伟博天然进口深海鱼油1100mg高纯度Omega3 120粒,7,1.7142857142857142,4.083333333333334,SALES_SPIKE
2025-12-13,,	【官方直播】伟博天然进口深海鱼油1100mg高纯度Omega3 120粒,5,1.2857142857142858,3.8888888888888884,SALES_SPIKE
2025-12-16,,	【官方直播】伟博天然进口深海鱼油1100mg高纯度Omega3 120粒,9,2.7142857142857144,3.31578947368421,SALES_SPIKE
2025-12-19,,	【官方直播】伟博天然进口深海鱼油1100mg高纯度Omega3 120粒,12,1.4285714285714286,8.4,SALES_SPIKE
2025-12-21,,	【达人专属】伟博加拿大进口99%纯度1100mg成人omega3深海鱼油心血管养护120粒,7,2.0,3.5,SALES_SPIKE
2025-12-22,,	【子豪专属】伟博天然进口儿童鱼油高脑力DHA软胶囊120粒/瓶,14,2.142857142857143,6.533333333333333,SALES_SPIKE
2025-12-23,,	【达人专属】Webber Naturals伟博天然进口小分子胶原蛋白多肽粉150g z,9,1.5714285714285714,5.7272727272727275,SALES_SPIKE
2025-12-24,,	【达人专属】伟博加拿大进口99%纯度1100mg成人omega3深海鱼油心血管养护120粒,6,1.1428571428571428,5.25,SALES_SPIKE
2025-12-24,,	【官方直播】伟博天然进口深海鱼油1100mg高纯度Omega3 120粒,19,2.142857142857143,8.866666666666667,SALES_SPIKE
2025-12-25,,	【官方直播】伟博天然进口深海鱼油1100mg高纯度Omega3 120粒,26,2.857142857142857,9.1,SALES_SPIKE
2025-12-26,,	【达人专属】伟博加拿大进口99%纯度1100mg成人omega3深海鱼油心血管养护120粒,7,1.8571428571428572,3.769230769230769,SALES_SPIKE
2025-12-26,,	【官方直播】伟博天然进口深海鱼油1100mg高纯度Omega3 120粒,21,2.4285714285714284,8.647058823529413,SALES_SPIKE
2025-12-27,,	【官方直播】伟博天然1岁+儿童鱼油高脑力DHA可嚼软胶囊120粒,6,2.0,3.0,SALES_SPIKE
2025-12-27,,	【官方直播】伟博天然进口深海鱼油1100mg高纯度Omega3 120粒,18,2.142857142857143,8.4,SALES_SPIKE
2025-12-28,,	【达人专属】伟博加拿大进口99%纯度1100mg成人omega3深海鱼油心血管养护120粒,6,1.1428571428571428,5.25,SALES_SPIKE
2025-12-28,,	【官方直播】伟博天然进口深海鱼油1100mg高纯度Omega3 120粒,22,2.4285714285714284,9.058823529411766,SALES_SPIKE
2025-12-29,,	【官方直播】伟博天然1岁+儿童鱼油高脑力DHA可嚼软胶囊120粒,5,1.2857142857142858,3.8888888888888884,SALES_SPIKE
2025-12-29,,	【官方直播】伟博天然进口深海鱼油1100mg高纯度Omega3 120粒,11,1.8571428571428572,5.9230769230769225,SALES_SPIKE
2025-12-30,,	【子豪专属】伟博天然进口儿童鱼油高脑力DHA软胶囊120粒/瓶,12,2.0,6.0,SALES_SPIKE
2025-12-30,,	【官方直播】伟博天然进口深海鱼油1100mg高纯度Omega3 120粒,15,3.5714285714285716,4.2,SALES_SPIKE
2025-12-31,,	【官方直播】伟博天然进口深海鱼油1100mg高纯度Omega3 120粒,10,2.4285714285714284,4.11764705882353,SALES_SPIKE
2026-01-01,,	【官方直播】伟博天然进口深海鱼油1100mg高纯度Omega3 120粒,14,1.5714285714285714,8.90909090909091,SALES_SPIKE
2026-01-02,,	【官方直播】伟博天然进口深海鱼油1100mg高纯度Omega3 120粒,14,1.7142857142857142,8.166666666666668,SALES_SPIKE
2026-01-03,,	【官方直播】伟博天然进口深海鱼油1100mg高纯度Omega3 120粒,15,1.4285714285714286,10.5,SALES_SPIKE
2026-01-04,,	【官方直播】伟博天然进口深海鱼油1100mg高纯度Omega3 120粒,15,1.2857142857142858,11.666666666666666,SALES_SPIKE
2026-01-06,,	【官方直播】伟博天然进口深海鱼油1100mg高纯度Omega3 120粒,17,2.5714285714285716,6.611111111111111,SALES_SPIKE
2026-01-07,,	【官方直播】伟博天然进口深海鱼油1100mg高纯度Omega3 120粒,13,4.285714285714286,3.033333333333333,SALES_SPIKE
2026-01-08,,	【官方直播】伟博天然进口深海鱼油1100mg高纯度Omega3 120粒,5,1.0,5.0,SALES_SPIKE
2026-01-08,,	【官方直播】伟博天然进口深海鱼油1100mg高纯度Omega3 120粒,14,1.5714285714285714,8.90909090909091,SALES_SPIKE
2026-01-09,,	【子豪专属】伟博天然进口儿童鱼油高脑力DHA软胶囊120粒/瓶,6,1.8571428571428572,3.230769230769231,SALES_SPIKE
2026-01-09,,	【官方直播】伟博天然进口深海鱼油1100mg高纯度Omega3 120粒,18,1.8571428571428572,9.692307692307692,SALES_SPIKE
2026-01-11,,	【官方直播】伟博天然进口深海鱼油1100mg高纯度Omega3 120粒,12,1.1428571428571428,10.5,SALES_SPIKE
2026-01-12,,	【官方直播】伟博天然进口深海鱼油1100mg高纯度Omega3 120粒,14,1.2857142857142858,10.888888888888888,SALES_SPIKE
2026-01-13,,	伟博加拿大进口99%纯度1100mg成人omega3深海鱼油心血管养护120粒,7,1.4285714285714286,4.8999999999999995,SALES_SPIKE
2026-01-14,,	【官方直播】伟博天然进口深海鱼油1100mg高纯度Omega3 120粒,13,1.2857142857142858,10.11111111111111,SALES_SPIKE
