sales_date,sku_id,product_name,daily_quantity,rolling_mean_7,drop_ratio,anomaly_type
2025-10-03,,伟博加拿大进口99%纯度1100mg成人omega3深海鱼油心血管养护120粒-一瓶装【体验装】-(625273090086*1),1,73.0,0.0136986301369863,SALES_DROP
2025-10-03,,伟博天然进口VB番茄红素锌硒钙水果多酚55+男士全营养素 30粒z-1瓶装-(625273079968*1),1,72.85714285714286,0.013725490196078431,SALES_DROP
2025-10-04,	-,【3瓶装】加拿大伟博天然小分子胶原蛋白多肽粉150g/瓶-3瓶装-(625273036657*3),1,72.57142857142857,0.013779527559055118,SALES_DROP
2025-10-03,,Webber Naturals伟博天然进口小分子胶原蛋白多肽粉150g z-胶原蛋白多肽粉150g*1-(625273036657*1),1,72.14285714285714,0.013861386138613862,SALES_DROP
2025-04-09,,伟博天然进口辅酶Q10胶囊100mg 成人心脏活力60粒（效期至26年6月）-1瓶装,1,59.0,0.01694915254237288,SALES_DROP
2025-04-09,,伟博Osteo氨糖软骨素MSM 高端关节修护30粒（效期至25年7月）-3瓶,1,59.0,0.01694915254237288,SALES_DROP
2025-04-09,	-,伟博Osteo氨糖软骨素MSM 高端关节修护30粒（效期至25年7月）-3瓶,1,58.857142857142854,0.01699029126213592,SALES_DROP
2025-04-09,	-,伟博天然进口辅酶Q10胶囊100mg 成人心脏活力60粒（效期至26年6月）-1瓶装,1,58.857142857142854,0.01699029126213592,SALES_DROP
2025-04-02,	7199138110997872936,Webber   Naturals伟博维生素C1000毫克150粒/瓶（效期至25年9月）-默认-(DYWEB625273032727),1,43.857142857142854,0.022801302931596094,SALES_DROP
2025-04-10,	7199138110997872936,Webber   Naturals伟博维生素C1000毫克150粒/瓶（效期至25年9月）-默认-(DYWEB625273032727),1,43.42857142857143,0.023026315789473683,SALES_DROP
2025-04-08,,伟博Osteo氨糖软骨素MSM 高端关节修护30粒（效期至25年7月）-1瓶装,1,42.142857142857146,0.02372881355932203,SALES_DROP
2025-04-12,,伟博Osteo氨糖软骨素MSM 高端关节修护30粒（效期至25年7月）-1瓶装,1,41.857142857142854,0.023890784982935155,SALES_DROP
2025-11-05,7.146569951686672e+18,WEBBER NATURALS高纯度深海鱼油omega3欧米伽3成人健身鱼油120粒D-默认-(DYWEB625273090086),1,41.285714285714285,0.02422145328719723,SALES_DROP
2025-04-13,,【官方直播】加拿大伟博儿童鱼油高脑力DHA无腥可嚼软胶囊120粒/瓶-1瓶装,1,40.285714285714285,0.024822695035460994,SALES_DROP
2025-10-28,7.146569951686672e+18,WEBBER NATURALS高纯度深海鱼油omega3欧米伽3成人健身鱼油120粒D-默认-(DYWEB625273090086),1,38.857142857142854,0.02573529411764706,SALES_DROP
2025-04-08,	-,Webber naturals伟博深海鱼油900mg高纯度Omega3/DHA/EPA 200粒z-伟博油900mg深海鱼油200粒*2,1,37.857142857142854,0.026415094339622643,SALES_DROP
2025-10-03,,Webber Naturals伟博天然阳光小金盾小颗粒深海儿童鱼油+D3 60粒-2瓶装-(625273071634*2),2,72.85714285714286,0.027450980392156862,SALES_DROP
2025-10-04,	-,伟博加拿大进口99%纯度1100mg成人omega3深海鱼油心血管养护120粒-一瓶装（体验装）-(625273090086*1),2,72.42857142857143,0.027613412228796843,SALES_DROP
2025-10-04,	-,【官方直播】加拿大伟博儿童鱼油高脑力DHA无腥可嚼软胶囊120粒/瓶-1瓶装-(625273090185*1),2,72.42857142857143,0.027613412228796843,SALES_DROP
2025-10-03,	-,【护发美甲美肤】进口VB烟酰胺锌硒女士全能营养素30粒26-5-30-3瓶装-(625273079975*3),2,72.28571428571429,0.027667984189723317,SALES_DROP
2025-10-04,	-,【官方直播】加拿大伟博儿童鱼油高脑力DHA无腥可嚼软胶囊120粒/瓶-2瓶装-(625273090185*2),2,71.85714285714286,0.02783300198807157,SALES_DROP
2025-10-26,7.146569951686672e+18,WEBBER NATURALS高纯度深海鱼油omega3欧米伽3成人健身鱼油120粒D-默认-(DYWEB625273090086),1,35.857142857142854,0.027888446215139445,SALES_DROP
2025-11-07,7.146569951686672e+18,WEBBER NATURALS高纯度深海鱼油omega3欧米伽3成人健身鱼油120粒D-默认-(DYWEB625273090086),1,33.714285714285715,0.029661016949152543,SALES_DROP
2025-04-02,7.199138110997873e+18,Webber   Naturals伟博维生素C1000毫克150粒/瓶（效期至25年9月）-默认-(DYWEB625273032727),1,33.142857142857146,0.030172413793103446,SALES_DROP
2025-04-11,	-,伟博天然进口VB番茄红素锌硒钙水果多酚55+男士全营养素 30粒z-2瓶装,1,32.285714285714285,0.030973451327433628,SALES_DROP
2025-04-10,7.199138110997873e+18,Webber   Naturals伟博维生素C1000毫克150粒/瓶（效期至25年9月）-默认-(DYWEB625273032727),1,32.142857142857146,0.031111111111111107,SALES_DROP
2025-04-04,7.142731245833732e+18,伟博天然进口儿童鱼油高脑力DHA软胶囊120粒/瓶-默认-(DYWEB625273090185),1,30.714285714285715,0.03255813953488372,SALES_DROP
2025-04-11,	-,伟博天然进口VB番茄红素锌硒钙水果多酚55+男士全营养素 30粒z-1瓶装,1,30.0,0.03333333333333333,SALES_DROP
2025-04-11,	-, webber naturals伟博胶原蛋白与神经酰胺生物活性胶原肽120片z-抗皱胶原蛋白+神经酰胺120粒*2,1,29.857142857142858,0.03349282296650718,SALES_DROP
2025-04-04,	7142731245833732390,伟博天然进口儿童鱼油高脑力DHA软胶囊120粒/瓶-默认-(DYWEB625273090185),1,29.857142857142858,0.03349282296650718,SALES_DROP
2025-04-11,	-, webber naturals伟博胶原蛋白与神经酰胺生物活性胶原肽120片z-抗皱胶原蛋白+神经酰胺120粒*1,1,29.571428571428573,0.033816425120772944,SALES_DROP
2025-04-09,,伟博Osteo氨糖软骨素MSM 高端关节修护30粒（效期至25年7月）-1瓶装,2,58.857142857142854,0.03398058252427184,SALES_DROP
2025-04-09,	-,伟博Osteo氨糖软骨素MSM 高端关节修护30粒（效期至25年7月）-1瓶装,2,58.714285714285715,0.0340632603406326,SALES_DROP
2025-04-09,	-,Webber Naturals伟博维生素C1000毫克150粒/瓶（效期至25年9月）-3瓶装;伟博天然进口辅酶Q10胶囊100mg 成人心脏活力60粒（效期至26年6月）-3瓶装,2,58.57142857142857,0.03414634146341464,SALES_DROP
2025-11-18,7.146569951686672e+18,WEBBER NATURALS高纯度深海鱼油omega3欧米伽3成人健身鱼油120粒D-默认-(DYWEB625273090086),1,28.428571428571427,0.035175879396984924,SALES_DROP
2025-09-26,7.124611154185519e+18,WEBBER NATURALS500mg Omega-3深海鱼油添加D3青少年鱼油100粒/瓶-默认-(DYWEB625273090291),1,28.428571428571427,0.035175879396984924,SALES_DROP
2025-09-26,	7124611154185519400,WEBBER NATURALS500mg Omega-3深海鱼油添加D3青少年鱼油100粒/瓶-默认-(DYWEB625273090291),1,28.428571428571427,0.035175879396984924,SALES_DROP
2025-09-19,7.124611154185519e+18,WEBBER NATURALS500mg Omega-3深海鱼油添加D3青少年鱼油100粒/瓶-默认-(DYWEB625273090291),1,28.285714285714285,0.03535353535353535,SALES_DROP
2025-09-19,	7124611154185519400,WEBBER NATURALS500mg Omega-3深海鱼油添加D3青少年鱼油100粒/瓶-默认-(DYWEB625273090291),1,28.285714285714285,0.03535353535353535,SALES_DROP
2025-04-10,,【官方直播】加拿大伟博Webber鱼油500mgOmega3+D3青少年 100粒/瓶-3瓶装,1,27.857142857142858,0.035897435897435895,SALES_DROP
2025-10-12,	-,伟博天然进口VB番茄红素锌硒钙水果多酚55+男士全营养素 30粒z-1瓶装-(625273079968*1),1,26.428571428571427,0.03783783783783784,SALES_DROP
2025-10-12,	-,【3瓶装】伟博精粹金CO2提纯1100mg4倍含量omega3成人心脑鱼油120粒-三瓶装（1年量）【送两瓶价值149的60粒100mg辅酶Q10】-(625273090086*3+628347570705*2),1,26.428571428571427,0.03783783783783784,SALES_DROP
2025-10-12,	-,Webber Naturals伟博天然阳光小金盾小颗粒深海儿童鱼油+D3 60粒-2瓶装-(625273071634*2),1,26.428571428571427,0.03783783783783784,SALES_DROP
2025-04-13,	-,伟博Osteo氨糖软骨素MSM 高端关节修护30粒（效期至25年7月）-1瓶装,1,26.428571428571427,0.03783783783783784,SALES_DROP
2025-04-06,,【官方直播】加拿大伟博Webber鱼油500mgOmega3+D3青少年 100粒/瓶-2瓶装,1,26.285714285714285,0.03804347826086957,SALES_DROP
2025-04-06,,【官方直播】加拿大伟博Webber儿童鱼油高DHAOmega-3甜橙味120粒/瓶-2瓶装,1,26.285714285714285,0.03804347826086957,SALES_DROP
2025-10-24,7.146569951686672e+18,WEBBER NATURALS高纯度深海鱼油omega3欧米伽3成人健身鱼油120粒D-默认-(DYWEB625273090086),1,26.142857142857142,0.03825136612021858,SALES_DROP
2025-07-04,	7142731245833732390,WebberNaturals进口儿童鱼油欧米伽3高DHA爆浆深海鱼油120粒 1岁+-默认-(DYWEB625273090185),1,26.0,0.038461538461538464,SALES_DROP
2025-04-06,,【官方直播】加拿大伟博儿童鱼油高脑力DHA无腥可嚼软胶囊120粒/瓶-1瓶装,1,25.857142857142858,0.03867403314917127,SALES_DROP
2025-04-13,	-,【官方直播】加拿大伟博儿童鱼油高脑力DHA无腥可嚼软胶囊120粒/瓶-1瓶装,1,25.714285714285715,0.03888888888888889,SALES_DROP
2025-04-18,	7054785415521419523,Webber Naturals儿童鱼油150mg高DHA香橙味omega3脑黄金120粒6岁+-默认-(DYWEB625273033496),1,24.285714285714285,0.041176470588235294,SALES_DROP
2025-03-29,7.199138110997873e+18,Webber   Naturals伟博维生素C1000毫克150粒/瓶（效期至25年9月）-默认-(DYWEB625273032727),2,48.285714285714285,0.04142011834319527,SALES_DROP
2025-10-03,,【官方直播】WebberNaturals伟博深海鱼油1100mg高纯度Omega3 120粒-两瓶装【8个月的量】-(625273090086*2),3,72.0,0.041666666666666664,SALES_DROP
2025-10-21,7.146569951686672e+18,WEBBER NATURALS高纯度深海鱼油omega3欧米伽3成人健身鱼油120粒D-默认-(DYWEB625273090086),1,24.0,0.041666666666666664,SALES_DROP
2025-08-29,	7146569951686672673,【董先生专属】WEBBER NATURALS高纯度深海鱼油omega3欧米伽3成人健身鱼油120粒-默认-(DYWEB625273090086),1,23.571428571428573,0.04242424242424242,SALES_DROP
2025-11-08,7.146569951686672e+18,WEBBER NATURALS高纯度深海鱼油omega3欧米伽3成人健身鱼油120粒D-默认-(DYWEB625273090086),1,23.571428571428573,0.04242424242424242,SALES_DROP
2025-04-01,	7199138110997872936,Webber   Naturals伟博维生素C1000毫克150粒/瓶（效期至25年9月）-默认-(DYWEB625273032727),2,47.142857142857146,0.04242424242424242,SALES_DROP
2025-08-30,	7146569951686672673,【董先生专属】WEBBER NATURALS高纯度深海鱼油omega3欧米伽3成人健身鱼油120粒-默认-(DYWEB625273090086),1,23.0,0.043478260869565216,SALES_DROP
2025-11-26,7.503765776017555e+18,WEBBER NATURALS茶氨酸加纳籽褪黑素香蜂草草本5重配方安睡宝10粒-默认-(DYWEB990312500179),1,22.857142857142858,0.04375,SALES_DROP
2025-04-07,,伟博Osteo氨糖软骨素MSM 高端关节修护30粒（效期至25年7月）-1瓶装,1,22.857142857142858,0.04375,SALES_DROP
2025-04-19,7.05478541552142e+18,Webber Naturals儿童鱼油150mg高DHA香橙味omega3脑黄金120粒6岁+-默认-(DYWEB625273033496),1,22.571428571428573,0.04430379746835443,SALES_DROP
2025-04-18,7.05478541552142e+18,Webber Naturals儿童鱼油150mg高DHA香橙味omega3脑黄金120粒6岁+-默认-(DYWEB625273033496),1,22.428571428571427,0.0445859872611465,SALES_DROP
2025-04-10,,伟博Osteo氨糖软骨素MSM 高端关节修护30粒（效期至25年7月）-1瓶装,2,44.857142857142854,0.0445859872611465,SALES_DROP
2025-09-14,7.481121574674874e+18,伟博天然进口辅酶Q10胶囊100mg 成人心脏活力60粒（效期至26年6月）-默认-(DYWEB628347570705),1,22.428571428571427,0.0445859872611465,SALES_DROP
2025-03-30,7.199138110997873e+18,Webber   Naturals伟博维生素C1000毫克150粒/瓶（效期至25年9月）-默认-(DYWEB625273032727),2,44.285714285714285,0.04516129032258065,SALES_DROP
2025-10-28,	7146569951686672673,WEBBER NATURALS高纯度深海鱼油omega3欧米伽3成人健身鱼油120粒D-默认-(DYWEB625273090086),1,22.142857142857142,0.04516129032258065,SALES_DROP
2025-03-27,7.142731245833732e+18, webber naturals伟博天然进口儿童鱼油高脑力DHA软胶囊120粒 d-默认-(DYWEB625273090185),1,22.0,0.045454545454545456,SALES_DROP
2025-04-10,,伟博天然进口辅酶Q10胶囊100mg 成人心脏活力60粒（效期至26年5月）-3瓶装,2,43.714285714285715,0.0457516339869281,SALES_DROP
2025-03-27,,伟博天然进口辅酶Q10胶囊100mg 成人心脏活力60粒（效期至26年6月）-1瓶装,1,21.857142857142858,0.0457516339869281,SALES_DROP
2025-03-27,	7142731245833732390, webber naturals伟博天然进口儿童鱼油高脑力DHA软胶囊120粒 d-默认-(DYWEB625273090185),1,21.428571428571427,0.04666666666666667,SALES_DROP
2025-04-07,,伟博Osteo氨糖软骨素MSM 高端关节修护30粒（效期至25年7月）-3瓶,1,21.428571428571427,0.04666666666666667,SALES_DROP
2025-04-07,,伟博天然进口辅酶Q10胶囊100mg 成人心脏活力60粒（效期至26年6月）-1瓶装,1,21.285714285714285,0.04697986577181208,SALES_DROP
2025-04-07,,伟博精粹金CO2提纯1100mg4倍含量omega3成人心脑欧米伽3鱼油120粒-3瓶装,1,21.285714285714285,0.04697986577181208,SALES_DROP
2025-04-09,,【官方直播】加拿大伟博Webber儿童鱼油高DHAOmega-3甜橙味120粒/瓶-2瓶装,2,42.285714285714285,0.0472972972972973,SALES_DROP
2025-07-01,7.05478541552142e+18,Webber Naturals儿童鱼油150mg高DHA香橙味omega3脑黄金120粒6岁+-默认-(DYWEB625273033496),1,21.142857142857142,0.0472972972972973,SALES_DROP
2025-04-09,,【官方直播】加拿大伟博Webber鱼油500mgOmega3+D3青少年 100粒/瓶-2瓶装,2,42.142857142857146,0.04745762711864406,SALES_DROP
2025-04-10,	-,伟博Osteo氨糖软骨素MSM 高端关节修护30粒（效期至25年7月）-1瓶装,2,41.857142857142854,0.04778156996587031,SALES_DROP
2025-10-11,,【徐冬冬专属】WEBBER NATURALS高纯度深海鱼油omega3欧米伽3成人健身鱼油120粒-鱼油120粒*1瓶装【赠100mg辅酶60粒一瓶】-(625273090086*1+628347570705*1),1,20.714285714285715,0.04827586206896552,SALES_DROP
2025-10-11,,【美彤专属】【儿童拍】WebberNaturals伟博小金盾小颗粒深海儿童鱼油+D3 60粒-【儿童拍】2瓶装（送一瓶40mg叶黄素）-(625273071634*2+625273070255*1),1,20.714285714285715,0.04827586206896552,SALES_DROP
2025-01-11,	7142731245833732390,伟博天然进口儿童鱼油高脑力DHA软胶囊120粒/瓶-默认-(DYWEB625273090185),1,20.428571428571427,0.04895104895104895,SALES_DROP
2025-10-12,,【官方直播】WebberNaturals伟博深海鱼油1100mg高纯度Omega3 120粒-三瓶装【1年的量】-(625273090086*3),1,20.428571428571427,0.04895104895104895,SALES_DROP
2025-04-13,,【官方直播】加拿大伟博儿童鱼油高脑力DHA无腥可嚼软胶囊120粒/瓶-2瓶装,2,40.142857142857146,0.0498220640569395,SALES_DROP
2025-04-12,,伟博天然进口辅酶Q10胶囊100mg 成人心脏活力60粒（效期至26年5月）-1瓶装,2,39.857142857142854,0.05017921146953405,SALES_DROP
2025-07-03,	7142731245833732390,WebberNaturals进口儿童鱼油欧米伽3高DHA爆浆深海鱼油120粒 1岁+-默认-(DYWEB625273090185),2,39.857142857142854,0.05017921146953405,SALES_DROP
2025-11-09,7.146569951686672e+18,WEBBER NATURALS高纯度深海鱼油omega3欧米伽3成人健身鱼油120粒D-默认-(DYWEB625273090086),1,19.571428571428573,0.0510948905109489,SALES_DROP
2025-10-11,	-,伟博天然进口儿童鱼油高脑力DHA软胶囊120粒/瓶-2瓶装-(625273090185*2),1,19.571428571428573,0.0510948905109489,SALES_DROP
2025-09-07,7.144930821143691e+18,WEBBER NATURALS南非醉茄KSM66 3600mg降低皮质醇缓压促睡眠120粒-默认-(DYWEB625273052640),1,19.428571428571427,0.05147058823529412,SALES_DROP
2025-04-10,	-,【官方直播】加拿大伟博Webber鱼油500mgOmega3+D3青少年 100粒/瓶-3瓶装,1,19.142857142857142,0.05223880597014925,SALES_DROP
2025-09-15,7.146569951686672e+18,WEBBER NATURALS高纯度深海鱼油omega3欧米伽3成人健身鱼油120粒D-默认-(DYWEB625273090086),1,19.0,0.05263157894736842,SALES_DROP
2025-04-19,	7054785415521419523,Webber Naturals儿童鱼油150mg高DHA香橙味omega3脑黄金120粒6岁+-默认-(DYWEB625273033496),1,19.0,0.05263157894736842,SALES_DROP
2025-04-09,	-,【官方直播】加拿大伟博Webber鱼油500mgOmega3+D3青少年 100粒/瓶-2瓶装,2,38.0,0.05263157894736842,SALES_DROP
2025-04-09,	-,伟博天然进口辅酶Q10胶囊100mg 成人心脏活力60粒（效期至26年6月）-3瓶装;Webber Naturals伟博维生素C1000毫克150粒/瓶（效期至25年9月）-1瓶装,2,37.857142857142854,0.052830188679245285,SALES_DROP
2025-03-27,	-,WebberNaturals伟博进口叶黄素玉米黄素软胶囊呵护眼睛10mg60粒 z-伟博天然叶黄素玉米黄素软胶囊10mg*60粒*1,1,18.857142857142858,0.05303030303030303,SALES_DROP
2025-03-27,	-, webber naturals进口儿童鱼油高脑力DHA软胶囊120粒z-儿童鱼油高脑力DHA软胶囊120粒*1,1,18.857142857142858,0.05303030303030303,SALES_DROP
2025-04-09,	-,【官方直播】加拿大伟博Webber儿童鱼油高DHAOmega-3甜橙味120粒/瓶-2瓶装,2,37.42857142857143,0.05343511450381679,SALES_DROP
2025-04-12,	-,伟博Osteo氨糖软骨素MSM 高端关节修护30粒（效期至25年7月）-1瓶装,1,18.714285714285715,0.05343511450381679,SALES_DROP
2026-01-14,7.503765776017555e+18,	WEBBER NATURALS茶氨酸加纳籽褪黑素香蜂草草本5重配方安睡宝10粒,1,18.428571428571427,0.054263565891472874,SALES_DROP
2025-08-25,7.144930821143691e+18,WEBBER NATURALS南非醉茄KSM66 3600mg降低皮质醇缓压促睡眠120粒-默认-(DYWEB625273052640),1,18.285714285714285,0.0546875,SALES_DROP
2025-03-26,7.22322261258199e+18,伟博天然高浓度奶蓟草熬夜养肝胶囊250mg(效期至25年7月)-默认-(DYWEB625273090178),1,18.0,0.05555555555555555,SALES_DROP
2025-11-05,	7146569951686672673,WEBBER NATURALS高纯度深海鱼油omega3欧米伽3成人健身鱼油120粒D-默认-(DYWEB625273090086),1,18.0,0.05555555555555555,SALES_DROP
2025-04-07,	-,伟博Osteo氨糖软骨素MSM 高端关节修护30粒（效期至25年7月）-1瓶装,1,17.857142857142858,0.056,SALES_DROP
2025-04-07,	-,伟博Osteo氨糖软骨素MSM 高端关节修护30粒（效期至25年7月）-3瓶,1,17.857142857142858,0.056,SALES_DROP
2025-04-07,	-, webber naturals伟博胶原蛋白与神经酰胺生物活性胶原肽120片z-抗皱胶原蛋白+神经酰胺120粒*1,1,17.857142857142858,0.056,SALES_DROP
2025-03-27,	-,【官方直播】WebberNaturals伟博深海鱼油1390mg高纯度Omega3 120粒-3瓶装,1,17.714285714285715,0.056451612903225805,SALES_DROP
2025-04-07,,【3瓶装】加拿大伟博天然小分子胶原蛋白多肽粉150g/瓶-【3瓶组合装】,1,17.285714285714285,0.05785123966942149,SALES_DROP
2025-03-30,	-,伟博天然进口辅酶Q10胶囊100mg 成人心脏活力60粒（效期至26年6月）-3瓶装,1,17.285714285714285,0.05785123966942149,SALES_DROP
2025-10-01,	7124611154185519400,WEBBER NATURALS500mg Omega-3深海鱼油添加D3青少年鱼油100粒/瓶-默认-(DYWEB625273090291),1,17.285714285714285,0.05785123966942149,SALES_DROP
2025-10-21,	7146569951686672673,WEBBER NATURALS高纯度深海鱼油omega3欧米伽3成人健身鱼油120粒D-默认-(DYWEB625273090086),1,17.285714285714285,0.05785123966942149,SALES_DROP
2025-10-01,7.124611154185519e+18,WEBBER NATURALS500mg Omega-3深海鱼油添加D3青少年鱼油100粒/瓶-默认-(DYWEB625273090291),1,17.285714285714285,0.05785123966942149,SALES_DROP
2025-07-03,7.05478541552142e+18,Webber Naturals儿童鱼油150mg高DHA香橙味omega3脑黄金120粒6岁+-默认-(DYWEB625273033496),1,17.285714285714285,0.05785123966942149,SALES_DROP
2025-03-30,,【官方直播】加拿大伟博儿童鱼油高脑力DHA无腥可嚼软胶囊120粒/瓶-1瓶装,1,17.285714285714285,0.05785123966942149,SALES_DROP
2025-03-30,,【官方直播】加拿大伟博深海鱼油1390mg高纯度Omega3-两瓶装组合,1,17.285714285714285,0.05785123966942149,SALES_DROP
2025-03-30,	-,【YY专属】Webber Naturals伟博维生素C1000毫克150粒/瓶（效期至25年9月）-3瓶装,1,17.285714285714285,0.05785123966942149,SALES_DROP
2025-04-07,,【官方直播】加拿大伟博Webber鱼油500mgOmega3+D3青少年 100粒/瓶-2瓶装,1,17.142857142857142,0.058333333333333334,SALES_DROP
2025-04-05,	-,【官方直播】加拿大伟博Webber儿童鱼油高DHAOmega-3甜橙味120粒/瓶-2瓶装,1,17.142857142857142,0.058333333333333334,SALES_DROP
2025-03-27,	7142731245833732390,伟博天然进口儿童鱼油高脑力DHA软胶囊120粒/瓶-默认-(DYWEB625273090185),1,17.142857142857142,0.058333333333333334,SALES_DROP
2025-03-30,,Webber naturals伟博深海鱼油1100mg高纯度Omega3 120粒 z-1瓶装,1,17.142857142857142,0.058333333333333334,SALES_DROP
2025-03-30,,【2瓶】Webber Naturals伟博维生素C1000毫克150粒（效期至25年9月） -2瓶装,1,17.142857142857142,0.058333333333333334,SALES_DROP
2025-04-05,	-,【官方直播】加拿大伟博Webber儿童鱼油高DHAOmega-3甜橙味120粒/瓶-3瓶装,1,17.142857142857142,0.058333333333333334,SALES_DROP
2025-06-25,7.142731245833732e+18,【子豪专属】WebberNaturals进口儿童鱼油欧米伽3高DHA爆浆深海鱼油120粒 1岁+-默认-(DYWEB625273090185),1,17.142857142857142,0.058333333333333334,SALES_DROP
2025-03-30,	-,【官方直播】加拿大伟博儿童鱼油高脑力DHA无腥可嚼软胶囊120粒/瓶-1瓶装,1,17.0,0.058823529411764705,SALES_DROP
2025-10-26,	7146569951686672673,WEBBER NATURALS高纯度深海鱼油omega3欧米伽3成人健身鱼油120粒D-默认-(DYWEB625273090086),1,16.857142857142858,0.059322033898305086,SALES_DROP
2025-04-05,	-,【官方直播】加拿大伟博Webber鱼油500mgOmega3+D3青少年 100粒/瓶-3瓶装,1,16.714285714285715,0.059829059829059825,SALES_DROP
2025-04-01,7.199138110997873e+18,Webber   Naturals伟博维生素C1000毫克150粒/瓶（效期至25年9月）-默认-(DYWEB625273032727),2,33.42857142857143,0.059829059829059825,SALES_DROP
2025-06-18,7.142731245833732e+18,【子豪专属】WebberNaturals进口儿童鱼油欧米伽3高DHA爆浆深海鱼油120粒 1岁+-默认-(DYWEB625273090185),1,16.571428571428573,0.06034482758620689,SALES_DROP
2025-03-10,7.11003268465066e+18,【效期至25年6月】webbernaturals伟博500mg维生素C胶囊60粒-默认-(625273076622),1,16.428571428571427,0.06086956521739131,SALES_DROP
2025-08-25,	7144930821143691527,WEBBER NATURALS南非醉茄KSM66 3600mg降低皮质醇缓压促睡眠120粒-默认-(DYWEB625273052640),1,16.285714285714285,0.06140350877192983,SALES_DROP
2025-11-03,7.146569951686672e+18,WEBBER NATURALS高纯度深海鱼油omega3欧米伽3成人健身鱼油120粒D-默认-(DYWEB625273090086),2,32.57142857142857,0.06140350877192983,SALES_DROP
2025-08-26,7.144930821143691e+18,WEBBER NATURALS南非醉茄KSM66 3600mg降低皮质醇缓压促睡眠120粒-默认-(DYWEB625273052640),1,16.285714285714285,0.06140350877192983,SALES_DROP
2025-03-13,7.142731245833732e+18,伟博天然进口儿童鱼油高脑力DHA软胶囊120粒/瓶-默认-(DYWEB625273090185),1,16.142857142857142,0.061946902654867256,SALES_DROP
2024-12-30,	7142731245833732390,伟博天然进口儿童鱼油高脑力DHA软胶囊120粒/瓶-默认-(DYWEB625273090185),1,16.0,0.0625,SALES_DROP
2025-04-16,7.146569951686672e+18,伟博精粹金CO2提纯1100mg4倍含量omega3成人心脑欧鱼油120粒 S-默认-(DYWEB625273090086),1,16.0,0.0625,SALES_DROP
2025-03-19,	7142731245833732390,伟博天然进口儿童鱼油高脑力DHA软胶囊120粒/瓶-默认-(DYWEB625273090185),1,15.857142857142858,0.06306306306306306,SALES_DROP
2025-11-16,7.146569951686672e+18,WEBBER NATURALS高纯度深海鱼油omega3欧米伽3成人健身鱼油120粒D-默认-(DYWEB625273090086),2,31.714285714285715,0.06306306306306306,SALES_DROP
2025-03-27,7.142731245833732e+18,伟博天然进口儿童鱼油高脑力DHA软胶囊120粒/瓶-默认-(DYWEB625273090185),1,15.714285714285714,0.06363636363636364,SALES_DROP
2025-04-16,	7146569951686672673,伟博精粹金CO2提纯1100mg4倍含量omega3成人心脑欧鱼油120粒 S-默认-(DYWEB625273090086),1,15.714285714285714,0.06363636363636364,SALES_DROP
2025-11-17,7.146569951686672e+18,WEBBER NATURALS高纯度深海鱼油omega3欧米伽3成人健身鱼油120粒D-默认-(DYWEB625273090086),2,31.285714285714285,0.0639269406392694,SALES_DROP
2025-03-13,	7142731245833732390,伟博天然进口儿童鱼油高脑力DHA软胶囊120粒/瓶-默认-(DYWEB625273090185),1,15.571428571428571,0.06422018348623854,SALES_DROP
2025-03-27,,伟博Osteo氨糖软骨素MSM 高端关节修护30粒（效期至25年7月）-1瓶装,1,15.571428571428571,0.06422018348623854,SALES_DROP
2025-03-29,,Webber naturals伟博深海鱼油1100mg高纯度Omega3 120粒 z-1瓶装,1,15.428571428571429,0.06481481481481481,SALES_DROP
2025-04-22,	7054785415521419523,Webber Naturals儿童鱼油150mg高DHA香橙味omega3脑黄金120粒6岁+-默认-(DYWEB625273033496),1,15.428571428571429,0.06481481481481481,SALES_DROP
2025-09-12,7.481121574674874e+18,伟博天然进口辅酶Q10胶囊100mg 成人心脏活力60粒（效期至26年6月）-默认-(DYWEB628347570705),1,15.428571428571429,0.06481481481481481,SALES_DROP
2025-03-27,,【官方直播】加拿大伟博深海鱼油1390mg高纯度Omega3-两瓶装组合,1,15.428571428571429,0.06481481481481481,SALES_DROP
2024-12-25,	7081192833746780446,webbernaturals辅酶Q10天然发酵免疫软胶囊60粒/瓶100mg营养-默认-(DYWEB625273038552),1,15.428571428571429,0.06481481481481481,SALES_DROP
2025-04-05,	-,【鱼油+卵磷脂组合装】1100mg鱼油120粒+大豆卵磷脂胶囊1200mg180粒-1100mg鱼油120粒/瓶+大豆卵磷脂胶囊1200mg180粒/瓶,1,15.142857142857142,0.0660377358490566,SALES_DROP
2025-04-12,,【官方直播】加拿大伟博儿童鱼油高脑力DHA无腥可嚼软胶囊120粒/瓶-1瓶装,2,30.285714285714285,0.0660377358490566,SALES_DROP
2025-03-29,	-,伟博天然进口辅酶Q10胶囊100mg 成人心脏活力60粒（效期至26年6月）-3瓶装,1,15.0,0.06666666666666667,SALES_DROP
2025-09-01,7.054785415521419e+18,WEBBER NATURALS儿童6岁+鱼油高DHA香橙味欧米伽3眼脑同步120粒-默认-(DYWEB625273033496),1,15.0,0.06666666666666667,SALES_DROP
2025-03-29,	-,伟博Osteo氨糖软骨素MSM 高端关节修护30粒（效期至25年7月）-1瓶装,1,15.0,0.06666666666666667,SALES_DROP
2025-04-10,,伟博天然进口辅酶Q10胶囊100mg 成人心脏活力60粒（效期至26年5月）-1瓶装,3,44.714285714285715,0.0670926517571885,SALES_DROP
2025-03-30,,【YY专属】Webber Naturals伟博维生素C1000毫克150粒/瓶（效期至25年9月）-3瓶装,1,14.857142857142858,0.0673076923076923,SALES_DROP
2025-04-07,	-,【3瓶装】加拿大伟博天然小分子胶原蛋白多肽粉150g/瓶-【3瓶组合装】,1,14.857142857142858,0.0673076923076923,SALES_DROP
2026-01-07,7.077809856803226e+18,	WEBBER NATURALS3倍深海鱼油欧米伽3成人健身无鱼腥DNA鱼油200粒,1,14.857142857142858,0.0673076923076923,SALES_DROP
2025-04-13,7.142731245833732e+18,伟博天然进口儿童鱼油高脑力DHA软胶囊120粒/瓶-默认-(DYWEB625273090185),2,29.571428571428573,0.06763285024154589,SALES_DROP
2025-04-22,7.05478541552142e+18,Webber Naturals儿童鱼油150mg高DHA香橙味omega3脑黄金120粒6岁+-默认-(DYWEB625273033496),1,14.714285714285714,0.06796116504854369,SALES_DROP
2025-10-05,	7146569951686672673,WEBBER NATURALS高纯度深海鱼油omega3欧米伽3成人健身鱼油120粒D-默认-(DYWEB625273090086),1,14.714285714285714,0.06796116504854369,SALES_DROP
2025-04-13,	7142731245833732390,伟博天然进口儿童鱼油高脑力DHA软胶囊120粒/瓶-默认-(DYWEB625273090185),2,29.142857142857142,0.06862745098039216,SALES_DROP
2025-09-14,7.146569951686672e+18,WEBBER NATURALS高纯度深海鱼油omega3欧米伽3成人健身鱼油120粒D-默认-(DYWEB625273090086),1,14.571428571428571,0.06862745098039216,SALES_DROP
2025-03-27,7.22322261258199e+18,伟博天然高浓度奶蓟草熬夜养肝胶囊250mg(效期至25年7月)-默认-(DYWEB625273090178),1,14.428571428571429,0.0693069306930693,SALES_DROP
2025-12-01,7.054785415521419e+18,【达人专属】WEBBER NATURALS6岁+儿童鱼油高DHA香橙味欧米伽3眼脑同步120粒-默认-(DYWEB625273033496),1,14.285714285714286,0.06999999999999999,SALES_DROP
2025-03-04,	7427011616899940648,Webber伟博 Osteo氨糖软骨素MSM添加乳香姜黄素高端关节修护30粒-默认-(625273090321),1,14.285714285714286,0.06999999999999999,SALES_DROP
2025-03-26,7.329414437553848e+18,【春蚕专属】Webber Naturals伟博天然高纯度1390mg深海精粹鱼油软胶囊60粒/瓶-默认-(DYWEB625273090420),1,14.285714285714286,0.06999999999999999,SALES_DROP
2025-11-27,7.146569951686672e+18,WEBBER NATURALS高纯度深海鱼油omega3欧米伽3成人健身鱼油120粒D-默认-(DYWEB625273090086),1,14.142857142857142,0.0707070707070707,SALES_DROP
2025-03-31,,WebberNaturals伟博天然高纯度1390mg深海精粹鱼油软胶囊60粒/瓶s-60粒*1瓶【2个月量】,1,14.142857142857142,0.0707070707070707,SALES_DROP
2025-09-23,	7124611154185519400,WEBBER NATURALS500mg Omega-3深海鱼油添加D3青少年鱼油100粒/瓶-默认-(DYWEB625273090291),2,28.285714285714285,0.0707070707070707,SALES_DROP
2025-09-23,7.124611154185519e+18,WEBBER NATURALS500mg Omega-3深海鱼油添加D3青少年鱼油100粒/瓶-默认-(DYWEB625273090291),2,28.285714285714285,0.0707070707070707,SALES_DROP
2025-03-26,	-,webber naturals伟博天然褪黑素片10毫克72粒z-褪黑素片10毫克72粒*1,1,14.142857142857142,0.0707070707070707,SALES_DROP
2025-03-14,7.142731245833732e+18,伟博天然进口儿童鱼油高脑力DHA软胶囊120粒/瓶-默认-(DYWEB625273090185),1,14.0,0.07142857142857142,SALES_DROP
2025-01-17,	7077809856803225896;7054785415630487840,WebberNaturals伟博深海鱼油900mg高纯度Omega3 DHA/EPA鱼油200粒-默认-(DYWEB625273052985);webber naturals宝宝儿童婴童维生素d3滴液D3滴剂120滴 3.6ml/瓶-默认-(DYWEB625273079319),2,28.0,0.07142857142857142,SALES_DROP
2025-03-27,7.329414437553848e+18,【春蚕专属】Webber Naturals伟博天然高纯度1390mg深海精粹鱼油软胶囊60粒/瓶-默认-(DYWEB625273090420),1,14.0,0.07142857142857142,SALES_DROP
2025-04-06,	-, webber naturals伟博胶原蛋白与神经酰胺生物活性胶原肽120片z-抗皱胶原蛋白+神经酰胺120粒*2,1,14.0,0.07142857142857142,SALES_DROP
2024-12-26,	7054785415521419523,webbernaturals进口儿童鱼油高DHA青少年Omega-3甜橙味120粒/瓶-默认-(DYWEB625273033496),1,14.0,0.07142857142857142,SALES_DROP
2025-03-31,,WebberNaturals伟博天然高纯度1390mg深海精粹鱼油软胶囊60粒/瓶s-120粒*2瓶【8个月量】,1,14.0,0.07142857142857142,SALES_DROP
2025-04-07,	-,伟博精粹金CO2提纯1100mg4倍含量omega3成人心脑欧米伽3鱼油120粒-3瓶装,1,13.857142857142858,0.07216494845360824,SALES_DROP
2025-04-06,	-,【官方直播】加拿大伟博Webber鱼油500mgOmega3+D3青少年 100粒/瓶-2瓶装,1,13.857142857142858,0.07216494845360824,SALES_DROP
2025-04-07,,【官方直播】加拿大伟博儿童鱼油高脑力DHA无腥可嚼软胶囊120粒/瓶-1瓶装,1,13.857142857142858,0.07216494845360824,SALES_DROP
2025-03-19,7.142731245833732e+18,伟博天然进口儿童鱼油高脑力DHA软胶囊120粒/瓶-默认-(DYWEB625273090185),1,13.857142857142858,0.07216494845360824,SALES_DROP
2025-11-19,7.146569951686672e+18,WEBBER NATURALS高纯度深海鱼油omega3欧米伽3成人健身鱼油120粒D-默认-(DYWEB625273090086),2,27.428571428571427,0.07291666666666667,SALES_DROP
2025-04-07,	-,【官方直播】加拿大伟博儿童鱼油高脑力DHA无腥可嚼软胶囊120粒/瓶-1瓶装,1,13.714285714285714,0.07291666666666667,SALES_DROP
2025-09-01,7.144930821143691e+18,WEBBER NATURALS南非醉茄KSM66 3600mg降低皮质醇缓压促睡眠120粒-默认-(DYWEB625273052640),1,13.714285714285714,0.07291666666666667,SALES_DROP
2025-06-19,7.448837780370702e+18,Webber Naturals伟博天然叶黄素40毫克 30粒 呵护眼睛-默认-(DYWEB625273070255),1,13.714285714285714,0.07291666666666667,SALES_DROP
2025-09-27,	7144930821143691527,WEBBER NATURALS南非醉茄KSM66 3600mg降低皮质醇缓压促睡眠120粒-默认-(DYWEB625273052640),1,13.571428571428571,0.0736842105263158,SALES_DROP
2025-07-03,	7124611154185519400,Webber naturals伟博深海鱼油500mgOmega3+D3青少年补脑 100粒/瓶-默认-(DYWEB625273090291),1,13.571428571428571,0.0736842105263158,SALES_DROP
2025-09-27,7.144930821143691e+18,WEBBER NATURALS南非醉茄KSM66 3600mg降低皮质醇缓压促睡眠120粒-默认-(DYWEB625273052640),1,13.571428571428571,0.0736842105263158,SALES_DROP
2025-10-13,,WEBBER NATURALS伟博天然高纯度1390mg深海精粹鱼油软胶囊60粒/瓶-120粒*1瓶【4个月量】-(625273090086*1),1,13.571428571428571,0.0736842105263158,SALES_DROP
2025-10-04,7.054785415521419e+18,WEBBER NATURALS儿童6岁+鱼油高DHA香橙味欧米伽3眼脑同步120粒-默认-(DYWEB625273033496),1,13.571428571428571,0.0736842105263158,SALES_DROP
2025-04-12,	-,【官方直播】加拿大伟博儿童鱼油高脑力DHA无腥可嚼软胶囊120粒/瓶-1瓶装,2,27.0,0.07407407407407407,SALES_DROP
2025-10-13,	-,Webber Naturals伟博天然阳光小金盾小颗粒深海儿童鱼油+D3 60粒-2瓶装-(625273071634*2),1,13.428571428571429,0.07446808510638298,SALES_DROP
2025-09-01,	7054785415521419523,WEBBER NATURALS儿童6岁+鱼油高DHA香橙味欧米伽3眼脑同步120粒-默认-(DYWEB625273033496),1,13.428571428571429,0.07446808510638298,SALES_DROP
2025-10-13,,Webber Naturals伟博天然阳光小金盾小颗粒深海儿童鱼油+D3 60粒-2瓶装-(625273071634*2),1,13.428571428571429,0.07446808510638298,SALES_DROP
2025-03-02,7.12461115418552e+18,Webber naturals伟博深海鱼油500mgOmega3+D3青少年补脑 100粒/瓶-默认-(DYWEB625273090291),1,13.428571428571429,0.07446808510638298,SALES_DROP
2025-03-14,	7142731245833732390,伟博天然进口儿童鱼油高脑力DHA软胶囊120粒/瓶-默认-(DYWEB625273090185),1,13.285714285714286,0.07526881720430108,SALES_DROP
2025-11-13,7.054785415521419e+18,【进博会专属 】伟博天然6岁+儿童鱼油高DHA欧米伽3香橙味120粒-默认-(DYWEB625273033496),1,13.285714285714286,0.07526881720430108,SALES_DROP
2025-10-05,7.146569951686672e+18,WEBBER NATURALS高纯度深海鱼油omega3欧米伽3成人健身鱼油120粒D-默认-(DYWEB625273090086),1,13.142857142857142,0.07608695652173914,SALES_DROP
2025-06-24,7.11003268465066e+18,WebberNaturals伟博天然500mg维生素C胶囊60粒 -默认-(625273076622),1,13.142857142857142,0.07608695652173914,SALES_DROP
2025-03-26,	7329414437553848576;7427011616899940648,Webber Naturals伟博天然高纯度1390mg深海精粹鱼油软胶囊60粒/瓶-默认-(DYWEB625273090420);Webber伟博 Osteo氨糖软骨素MSM添加乳香姜黄素高端关节修护30粒-默认-(625273090321),2,26.0,0.07692307692307693,SALES_DROP
2025-03-06,7.12461115418552e+18,Webber naturals伟博深海鱼油500mgOmega3+D3青少年补脑 100粒/瓶-默认-(DYWEB625273090291),1,13.0,0.07692307692307693,SALES_DROP
2025-04-08,,【3瓶装】加拿大伟博天然小分子胶原蛋白多肽粉150g/瓶-【3瓶组合装】,1,13.0,0.07692307692307693,SALES_DROP
2025-09-01,	7144930821143691527,WEBBER NATURALS南非醉茄KSM66 3600mg降低皮质醇缓压促睡眠120粒-默认-(DYWEB625273052640),1,12.857142857142858,0.07777777777777778,SALES_DROP
2025-11-06,7.054785415521419e+18,【进博会专属 】伟博天然6岁+儿童鱼油高DHA欧米伽3香橙味120粒-默认-(DYWEB625273033496),1,12.857142857142858,0.07777777777777778,SALES_DROP
2025-03-23,	7223222612581990715,【效期至25年7月】伟博天然高浓度奶蓟草熬夜养肝胶囊250mg护肝片-默认-(DYWEB625273090178),1,12.857142857142858,0.07777777777777778,SALES_DROP
2025-09-23,7.146569951686672e+18,WEBBER NATURALS高纯度深海鱼油omega3欧米伽3成人健身鱼油120粒D-默认-(DYWEB625273090086),1,12.857142857142858,0.07777777777777778,SALES_DROP
2025-10-14,	-,【徐冬冬专属】WEBBER NATURALS高纯度深海鱼油omega3欧米伽3成人健身鱼油120粒-鱼油120粒*1瓶装【赠100mg辅酶60粒一瓶】-(625273090086*1+628347570705*1),1,12.857142857142858,0.07777777777777778,SALES_DROP
2025-04-13,	-,【官方直播】加拿大伟博儿童鱼油高脑力DHA无腥可嚼软胶囊120粒/瓶-2瓶装,2,25.571428571428573,0.0782122905027933,SALES_DROP
2025-02-22,	7146569951686672673,【效期至27年10月】Webber naturals伟博高纯度Omega3鱼油120粒/瓶S-默认-(DYWEB625273090086),1,12.714285714285714,0.07865168539325842,SALES_DROP
2025-03-03,7.142731245833732e+18,伟博天然进口儿童鱼油高脑力DHA软胶囊120粒/瓶-默认-(DYWEB625273090185),1,12.714285714285714,0.07865168539325842,SALES_DROP
2025-08-23,7.329414437553848e+18,WEBBER NATURALS高纯度深海鱼油omega-3欧米伽3成人健身鱼油60粒-默认-(DYWEB625273090420),1,12.714285714285714,0.07865168539325842,SALES_DROP
2025-08-23,	7329414437553848576,WEBBER NATURALS高纯度深海鱼油omega-3欧米伽3成人健身鱼油60粒-默认-(DYWEB625273090420),1,12.714285714285714,0.07865168539325842,SALES_DROP
2025-02-22,7.146569951686672e+18,【效期至27年10月】Webber naturals伟博高纯度Omega3鱼油120粒/瓶S-默认-(DYWEB625273090086),1,12.714285714285714,0.07865168539325842,SALES_DROP
2025-03-02,	7124611154185519400,Webber naturals伟博深海鱼油500mgOmega3+D3青少年补脑 100粒/瓶-默认-(DYWEB625273090291),1,12.714285714285714,0.07865168539325842,SALES_DROP
2025-08-24,	7329414437553848576,WEBBER NATURALS高纯度深海鱼油omega-3欧米伽3成人健身鱼油60粒-默认-(DYWEB625273090420),1,12.571428571428571,0.07954545454545454,SALES_DROP
2025-10-06,	7146569951686672673,WEBBER NATURALS高纯度深海鱼油omega3欧米伽3成人健身鱼油120粒D-默认-(DYWEB625273090086),1,12.571428571428571,0.07954545454545454,SALES_DROP
2025-09-23,	7146569951686672673,WEBBER NATURALS高纯度深海鱼油omega3欧米伽3成人健身鱼油120粒D-默认-(DYWEB625273090086),1,12.571428571428571,0.07954545454545454,SALES_DROP
2025-08-24,7.329414437553848e+18,WEBBER NATURALS高纯度深海鱼油omega-3欧米伽3成人健身鱼油60粒-默认-(DYWEB625273090420),1,12.571428571428571,0.07954545454545454,SALES_DROP
2025-04-08,	-,【官方直播】加拿大伟博Webber儿童鱼油高DHAOmega-3甜橙味120粒/瓶-2瓶装,1,12.571428571428571,0.07954545454545454,SALES_DROP
2025-10-01,7.448836024085742e+18,Webber Naturals伟博天然阳光小金盾小颗粒深海儿童鱼油+D3 60粒-默认-(DYWEB625273071634),1,12.428571428571429,0.08045977011494253,SALES_DROP
2025-03-12,7.329414437553848e+18,【春蚕专属】Webber Naturals伟博天然高纯度1390mg深海精粹鱼油软胶囊60粒/瓶-默认-(DYWEB625273090420),1,12.428571428571429,0.08045977011494253,SALES_DROP
2025-10-01,	7448836024085741839,Webber Naturals伟博天然阳光小金盾小颗粒深海儿童鱼油+D3 60粒-默认-(DYWEB625273071634),1,12.428571428571429,0.08045977011494253,SALES_DROP
2025-12-05,7.11003268465066e+18,	WebberNaturals伟博天然500mg维生素C胶囊60粒,2,24.857142857142858,0.08045977011494253,SALES_DROP
2025-03-03,	7142731245833732390,伟博天然进口儿童鱼油高脑力DHA软胶囊120粒/瓶-默认-(DYWEB625273090185),1,12.428571428571429,0.08045977011494253,SALES_DROP
2025-03-07,7.12461115418552e+18,Webber naturals伟博深海鱼油500mgOmega3+D3青少年补脑 100粒/瓶-默认-(DYWEB625273090291),1,12.428571428571429,0.08045977011494253,SALES_DROP
2025-07-05,	7142731245833732390,【子豪专属】WebberNaturals进口儿童鱼油欧米伽3高DHA爆浆深海鱼油120粒 1岁+-默认-(DYWEB625273090185),1,12.428571428571429,0.08045977011494253,SALES_DROP
2025-03-11,7.329414437553848e+18,【春蚕专属】Webber Naturals伟博天然高纯度1390mg深海精粹鱼油软胶囊60粒/瓶-默认-(DYWEB625273090420),1,12.428571428571429,0.08045977011494253,SALES_DROP
2025-03-06,	7124611154185519400,Webber naturals伟博深海鱼油500mgOmega3+D3青少年补脑 100粒/瓶-默认-(DYWEB625273090291),1,12.285714285714286,0.0813953488372093,SALES_DROP
2025-06-27,7.05478541552142e+18,【子豪专属】Webber Naturals儿童鱼油150mg高DHA香橙味omega3脑黄金120粒6岁+-默认-(DYWEB625273033496),1,12.285714285714286,0.0813953488372093,SALES_DROP
2025-10-06,7.146569951686672e+18,WEBBER NATURALS高纯度深海鱼油omega3欧米伽3成人健身鱼油120粒D-默认-(DYWEB625273090086),1,12.285714285714286,0.0813953488372093,SALES_DROP
2025-04-05,	-,【效期至2027.7.29】加拿大伟博天然安睡宝 茶氨酸褪黑素45粒/瓶-褪黑素45粒*1,1,12.285714285714286,0.0813953488372093,SALES_DROP
2025-11-06,7.146569951686672e+18,WEBBER NATURALS高纯度深海鱼油omega3欧米伽3成人健身鱼油120粒D-默认-(DYWEB625273090086),3,36.857142857142854,0.08139534883720931,SALES_DROP
2025-03-11,7.329414437553848e+18,【楚门OI专属】Webber Naturals伟博天然高纯度1390mg深海精粹鱼油软胶囊60粒/瓶-默认-(DYWEB625273090420),1,12.142857142857142,0.08235294117647059,SALES_DROP
2025-11-14,7.054785415521419e+18,【进博会专属 】伟博天然6岁+儿童鱼油高DHA欧米伽3香橙味120粒-默认-(DYWEB625273033496),1,12.142857142857142,0.08235294117647059,SALES_DROP
2025-12-06,7.510043339572445e+18,	WEBBER NATURALS3倍深海鱼油欧米伽3成人健身无鱼腥DNA鱼油200粒,1,12.142857142857142,0.08235294117647059,SALES_DROP
2025-04-06,,【官方直播】加拿大伟博儿童鱼油高脑力DHA无腥可嚼软胶囊120粒/瓶-2瓶装,2,24.285714285714285,0.08235294117647059,SALES_DROP
2025-08-07,7.05478541563052e+18,伟博天然进口α硫辛酸胶囊100mg*60粒/瓶-默认-(DYWEB625273031287),1,12.142857142857142,0.08235294117647059,SALES_DROP
2025-10-03,,【免疫力】进口500mg维生素C缓释胶囊60粒 效期到2026-06-30-3瓶装-(625273076622*3),6,72.57142857142857,0.08267716535433071,SALES_DROP
2024-12-27,	7054785415521419523,webbernaturals进口儿童鱼油高DHA青少年Omega-3甜橙味120粒/瓶-默认-(DYWEB625273033496),1,12.0,0.08333333333333333,SALES_DROP
2025-03-17,	7142731245833732390, webber naturals伟博天然进口儿童鱼油高脑力DHA软胶囊120粒 d-默认-(DYWEB625273090185),1,12.0,0.08333333333333333,SALES_DROP
2025-10-14,	-,【美彤专属】【成人拍】WebberNaturals高纯度深海鱼油omega3成人健身鱼油120粒-【成人拍】1瓶装（送一瓶40mg叶黄素）-(625273090086*1+625273070255*1),1,12.0,0.08333333333333333,SALES_DROP
2025-11-26,,【进博会专属】伟博天然进口深海鱼油1100mg高纯度Omega3 120粒-三瓶装【1年的量】-(625273090086*3),1,12.0,0.08333333333333333,SALES_DROP
2025-03-17,7.142731245833732e+18, webber naturals伟博天然进口儿童鱼油高脑力DHA软胶囊120粒 d-默认-(DYWEB625273090185),1,12.0,0.08333333333333333,SALES_DROP
2025-09-15,	7146569951686672673;7481121574674874687,WEBBER NATURALS高纯度深海鱼油omega3欧米伽3成人健身鱼油120粒D-默认-(DYWEB625273090086);伟博天然辅酶Q10胶囊100mg 成人心脏活力60粒 效期至26年5月30日-默认-(DYWEB628347570705),2,24.0,0.08333333333333333,SALES_DROP
2025-10-03,	-,【美彤专属】【儿童拍】WebberNaturals伟博小金盾小颗粒深海儿童鱼油+D3 60粒-【儿童拍】2瓶装（送一瓶40mg叶黄素）-(625273071634*2+625273070255*1);【美彤专属】【成人拍】WebberNaturals高纯度深海鱼油omega3成人健身鱼油120粒-【成人拍】1瓶装（送一瓶40mg叶黄素）-(625273090086*1+625273070255*1),6,71.57142857142857,0.08383233532934133,SALES_DROP
2025-09-19,7.146569951686672e+18,WEBBER NATURALS高纯度深海鱼油omega3欧米伽3成人健身鱼油120粒D-默认-(DYWEB625273090086),1,11.857142857142858,0.08433734939759036,SALES_DROP
2025-09-29,7.146569951686672e+18,WEBBER NATURALS高纯度深海鱼油omega3欧米伽3成人健身鱼油120粒D-默认-(DYWEB625273090086),1,11.714285714285714,0.08536585365853659,SALES_DROP
2025-10-05,7.448836024085742e+18,Webber Naturals伟博天然阳光小金盾小颗粒深海儿童鱼油+D3 60粒-默认-(DYWEB625273071634),1,11.714285714285714,0.08536585365853659,SALES_DROP
2025-07-05,7.142731245833732e+18,【子豪专属】WebberNaturals进口儿童鱼油欧米伽3高DHA爆浆深海鱼油120粒 1岁+-默认-(DYWEB625273090185),1,11.714285714285714,0.08536585365853659,SALES_DROP
2025-10-05,	7448836024085741839,Webber Naturals伟博天然阳光小金盾小颗粒深海儿童鱼油+D3 60粒-默认-(DYWEB625273071634),1,11.714285714285714,0.08536585365853659,SALES_DROP
2025-03-07,	7124611154185519400,Webber naturals伟博深海鱼油500mgOmega3+D3青少年补脑 100粒/瓶-默认-(DYWEB625273090291),1,11.714285714285714,0.08536585365853659,SALES_DROP
2025-01-20,7.05478541552142e+18,Webber Naturals儿童鱼油150mg高DHA香橙味omega3脑黄金120粒6岁+-默认-(DYWEB625273033496),1,11.571428571428571,0.08641975308641975,SALES_DROP
2025-04-29,7.05478541552142e+18,Webber Naturals儿童鱼油150mg高DHA香橙味omega3脑黄金120粒6岁+-默认-(DYWEB625273033496),1,11.571428571428571,0.08641975308641975,SALES_DROP
2025-04-01,	7329414437553848576;7427011616899940648,Webber Naturals伟博天然高纯度1390mg深海精粹鱼油软胶囊60粒/瓶-默认-(DYWEB625273090420);Webber伟博 Osteo氨糖软骨素MSM添加乳香姜黄素高端关节修护30粒-默认-(625273090321),2,22.857142857142858,0.0875,SALES_DROP
2025-02-24,	7146569951686672673,【效期至27年10月】Webber naturals伟博高纯度Omega3鱼油120粒/瓶S-默认-(DYWEB625273090086),1,11.428571428571429,0.0875,SALES_DROP
2025-02-24,7.146569951686672e+18,【效期至27年10月】Webber naturals伟博高纯度Omega3鱼油120粒/瓶S-默认-(DYWEB625273090086),1,11.428571428571429,0.0875,SALES_DROP
2025-06-20,7.448837780370702e+18,Webber Naturals伟博天然叶黄素40毫克 30粒 呵护眼睛-默认-(DYWEB625273070255),1,11.428571428571429,0.0875,SALES_DROP
2025-09-24,	7146569951686672673,WEBBER NATURALS高纯度深海鱼油omega3欧米伽3成人健身鱼油120粒D-默认-(DYWEB625273090086),1,11.428571428571429,0.0875,SALES_DROP
2025-03-08,	7427011616899940648,Webber伟博 Osteo氨糖软骨素MSM添加乳香姜黄素高端关节修护30粒-默认-(625273090321),2,22.857142857142858,0.0875,SALES_DROP
2025-01-24,	7077809856803225896;7054785415630487840,WebberNaturals伟博深海鱼油900mg高纯度Omega3 DHA/EPA鱼油200粒-默认-(DYWEB625273052985);webber naturals宝宝儿童婴童维生素d3滴液D3滴剂120滴 3.6ml/瓶-默认-(DYWEB625273079319),2,22.857142857142858,0.0875,SALES_DROP
2025-01-02,	7142731245833732390,伟博天然进口儿童鱼油高脑力DHA软胶囊120粒/瓶-默认-(DYWEB625273090185),1,11.428571428571429,0.0875,SALES_DROP
2025-07-03,7.05478541552142e+18,【子豪专属】Webber Naturals儿童鱼油150mg高DHA香橙味omega3脑黄金120粒6岁+-默认-(DYWEB625273033496),2,22.714285714285715,0.0880503144654088,SALES_DROP
2025-01-20,	7054785415521419523,Webber Naturals儿童鱼油150mg高DHA香橙味omega3脑黄金120粒6岁+-默认-(DYWEB625273033496),1,11.285714285714286,0.08860759493670886,SALES_DROP
2025-03-31,7.22322261258199e+18,伟博天然高浓度奶蓟草熬夜养肝胶囊250mg(效期至25年7月)-默认-(DYWEB625273090178),1,11.285714285714286,0.08860759493670886,SALES_DROP
2025-03-20,7.199138110997873e+18,【二姐专属】Webber   Naturals伟博维生素C1000毫克150粒/瓶（效期至25年9月）-默认-(DYWEB625273032727),1,11.285714285714286,0.08860759493670886,SALES_DROP
2025-12-23,7.146569951686672e+18,	WEBBER NATURALS高纯度深海鱼油omega3欧米伽3成人健身鱼油120粒D,1,11.285714285714286,0.08860759493670886,SALES_DROP
2025-04-10,,【YY专属】Webber Naturals伟博维生素C1000毫克150粒/瓶（效期至25年9月）-3瓶装,4,45.142857142857146,0.08860759493670886,SALES_DROP
2025-04-10,,伟博Osteo氨糖软骨素MSM 高端关节修护30粒（效期至25年7月）-3瓶,4,44.714285714285715,0.08945686900958466,SALES_DROP
2025-04-03,	-,【YY专属】Webber Naturals伟博维生素C1000毫克150粒/瓶（效期至25年9月）-3瓶装,1,11.142857142857142,0.08974358974358974,SALES_DROP
2025-01-13,	7146569951686672673,【效期至27年10月】Webber naturals伟博高纯度Omega3鱼油120粒/瓶S-默认-(DYWEB625273090086),1,11.142857142857142,0.08974358974358974,SALES_DROP
2025-10-01,7.146569951686672e+18,WEBBER NATURALS高纯度深海鱼油omega3欧米伽3成人健身鱼油120粒D-默认-(DYWEB625273090086),1,11.142857142857142,0.08974358974358974,SALES_DROP
2025-04-29,	7054785415521419523,Webber Naturals儿童鱼油150mg高DHA香橙味omega3脑黄金120粒6岁+-默认-(DYWEB625273033496),1,11.142857142857142,0.08974358974358974,SALES_DROP
2025-01-15,	7081192833746780446,webbernaturals辅酶Q10天然发酵免疫软胶囊60粒/瓶100mg营养-默认-(DYWEB625273038552),1,11.142857142857142,0.08974358974358974,SALES_DROP
2025-11-06,	7054785415521419523,WEBBER NATURALS6岁+儿童鱼油高DHA香橙味欧米伽3眼脑同步120粒-默认-(DYWEB625273033496),1,11.142857142857142,0.08974358974358974,SALES_DROP
2025-12-04,7.054785415521419e+18,WEBBER NATURALS6岁+儿童鱼油高DHA香橙味欧米伽3眼脑同步120粒-默认-(DYWEB625273033496),1,11.0,0.09090909090909091,SALES_DROP
2025-09-21,	-,Webber Naturals伟博天然阳光小金盾小颗粒深海儿童鱼油+D3 60粒-2瓶装-(625273071634*2),1,11.0,0.09090909090909091,SALES_DROP
2025-03-31,	7223222612581990715,伟博天然高浓度奶蓟草熬夜养肝胶囊250mg(效期至25年7月)-默认-(DYWEB625273090178),1,11.0,0.09090909090909091,SALES_DROP
2025-02-23,7.142731245833732e+18,伟博天然进口儿童鱼油高脑力DHA软胶囊120粒/瓶-默认-(DYWEB625273090185),1,11.0,0.09090909090909091,SALES_DROP
2025-04-03,	-,伟博Osteo氨糖软骨素MSM 高端关节修护30粒（效期至25年7月）-3瓶,1,11.0,0.09090909090909091,SALES_DROP
2025-09-21,	-,Webber Naturals伟博天然进口小分子胶原蛋白多肽粉150g z-胶原蛋白多肽粉150g*3-(625273036657*3),1,11.0,0.09090909090909091,SALES_DROP
2025-09-21,	-,WebberNaturals伟博500mg维生素C胶囊60粒  效期到2026-06-30-3瓶装-(625273076622*3),1,11.0,0.09090909090909091,SALES_DROP
2025-11-07,7.481121574674874e+18,伟博天然辅酶Q10胶囊100mg 成人心脏活力60粒 效期至26年5月30日-默认-(DYWEB628347570705),4,43.857142857142854,0.09120521172638438,SALES_DROP
2025-03-27,,【YY专属】Webber Naturals伟博维生素C1000毫克150粒/瓶（效期至25年9月）-3瓶装,2,21.857142857142858,0.0915032679738562,SALES_DROP
2025-03-12,7.11003268465066e+18,【效期至25年6月】webbernaturals伟博500mg维生素C胶囊60粒-默认-(625273076622),2,21.714285714285715,0.09210526315789473,SALES_DROP
2025-11-03,	7481121574674874687,伟博天然辅酶Q10胶囊100mg 成人心脏活力60粒 效期至26年5月30日-默认-(DYWEB628347570705),1,10.857142857142858,0.09210526315789473,SALES_DROP
2025-09-12,7.054785415521419e+18,WEBBER NATURALS儿童6岁+鱼油高DHA香橙味欧米伽3眼脑同步120粒-默认-(DYWEB625273033496),1,10.857142857142858,0.09210526315789473,SALES_DROP
2025-09-21,	-,【官方直播】WebberNaturals 95%高纯度omega-3迷你深海鱼油30粒/瓶-1瓶试用装【不推荐】-(625273070781*1),1,10.857142857142858,0.09210526315789473,SALES_DROP
2025-04-10,	-,【官方直播】WebberNaturals伟博深海鱼油1390mg高纯度Omega3 120粒-3瓶装,4,43.285714285714285,0.09240924092409242,SALES_DROP
2025-03-31,	-,【鱼油+卵磷脂组合装】1100mg鱼油120粒+大豆卵磷脂胶囊1200mg180粒-1100mg鱼油120粒/瓶+大豆卵磷脂胶囊1200mg180粒/瓶,1,10.714285714285714,0.09333333333333334,SALES_DROP
2025-03-30,,Webber naturals伟博深海鱼油900mg高纯度Omega3/DHA/EPA 200粒z-伟博油900mg深海鱼油200粒*1,1,10.714285714285714,0.09333333333333334,SALES_DROP
2025-09-03,7.146569951686672e+18,WEBBER NATURALS高纯度深海鱼油omega3欧米伽3成人健身鱼油120粒D-默认-(DYWEB625273090086),1,10.714285714285714,0.09333333333333334,SALES_DROP
2025-08-28,	7329414437553848576,Webber Naturals伟博天然高纯度1390mg深海精粹鱼油软胶囊60粒/瓶-默认-(DYWEB625273090420),1,10.714285714285714,0.09333333333333334,SALES_DROP
2025-03-14,,【官方直播】WebberNaturals伟博深海鱼油1390mg高纯度Omega3 120粒-3瓶装,1,10.714285714285714,0.09333333333333334,SALES_DROP
2025-05-11,7.146569951686672e+18,伟博精粹金CO2提纯1100mg4倍含量omega3成人心脑欧鱼油120粒 D-默认-(DYWEB625273090086),1,10.714285714285714,0.09333333333333334,SALES_DROP
2025-10-07,	7146569951686672673,WEBBER NATURALS高纯度深海鱼油omega3欧米伽3成人健身鱼油120粒D-默认-(DYWEB625273090086),1,10.714285714285714,0.09333333333333334,SALES_DROP
2025-08-28,7.329414437553848e+18,Webber Naturals伟博天然高纯度1390mg深海精粹鱼油软胶囊60粒/瓶-默认-(DYWEB625273090420),1,10.714285714285714,0.09333333333333334,SALES_DROP
2025-10-04,	7054785415521419523,WEBBER NATURALS儿童6岁+鱼油高DHA香橙味欧米伽3眼脑同步120粒-默认-(DYWEB625273033496),1,10.714285714285714,0.09333333333333334,SALES_DROP
2025-12-21,7.146569951686672e+18,	WEBBER NATURALS高纯度深海鱼油omega3欧米伽3成人健身鱼油120粒D,1,10.714285714285714,0.09333333333333334,SALES_DROP
2025-04-23,7.05478541552142e+18,Webber Naturals儿童鱼油150mg高DHA香橙味omega3脑黄金120粒6岁+-默认-(DYWEB625273033496),1,10.714285714285714,0.09333333333333334,SALES_DROP
2025-10-27,,伟博天然进口VB番茄红素锌硒钙水果多酚55+男士全营养素 30粒z-2瓶装-(625273079968*2),1,10.714285714285714,0.09333333333333334,SALES_DROP
2025-03-07,7.11003268465066e+18,【效期至25年6月】webbernaturals伟博500mg维生素C胶囊60粒-默认-(625273076622),2,21.285714285714285,0.09395973154362416,SALES_DROP
2025-04-11,	-,Webber Naturals伟博天然进口小分子胶原蛋白多肽粉150g z-胶原蛋白多肽粉150g*3,2,21.285714285714285,0.09395973154362416,SALES_DROP
2025-04-09,,【官方直播】加拿大伟博儿童鱼油高脑力DHA无腥可嚼软胶囊120粒/瓶-2瓶装,4,42.42857142857143,0.09427609427609428,SALES_DROP
2025-07-12,7.142731245833732e+18,【子豪专属】WEBBER NATURALS进口儿童鱼油欧米伽3高DHA爆浆深海鱼油120粒1岁+-默认-(DYWEB625273090185),1,10.571428571428571,0.0945945945945946,SALES_DROP
2025-03-31,	-,WebberNaturals伟博天然高纯度1390mg深海精粹鱼油软胶囊60粒/瓶s-120粒*2瓶【8个月量】,1,10.571428571428571,0.0945945945945946,SALES_DROP
2025-04-10,	-,【YY专属】Webber Naturals伟博维生素C1000毫克150粒/瓶（效期至25年9月）-3瓶装,4,42.142857142857146,0.09491525423728812,SALES_DROP
2025-04-10,	-,伟博Osteo氨糖软骨素MSM 高端关节修护30粒（效期至25年7月）-3瓶,4,41.857142857142854,0.09556313993174062,SALES_DROP
2025-10-08,7.146569951686672e+18,WEBBER NATURALS高纯度深海鱼油omega3欧米伽3成人健身鱼油120粒D-默认-(DYWEB625273090086),1,10.428571428571429,0.0958904109589041,SALES_DROP
2025-11-28,7.481121574674874e+18,伟博天然辅酶Q10胶囊100mg 成人心脏活力60粒 效期至26年5月30日-默认-(DYWEB628347570705),1,10.428571428571429,0.0958904109589041,SALES_DROP
2025-01-25,7.4469700355807e+18,【新年礼盒】Webber伟博天然高纯度Omega3精粹金鱼油120粒2瓶装礼盒-默认-(625273090086*2),1,10.428571428571429,0.0958904109589041,SALES_DROP
2025-04-02,	7077809856803225896,Webber Naturals伟博维生素C1000毫克150粒/瓶（效期至25年9月）-1瓶装;WebberNaturals伟博深海鱼油900mg高纯度Omega3 DHA/EPA鱼油200粒-默认-(DYWEB625273052985),2,20.571428571428573,0.09722222222222221,SALES_DROP
2025-11-08,7.054785415521419e+18,【进博会专属 】伟博天然6岁+儿童鱼油高DHA欧米伽3香橙味120粒-默认-(DYWEB625273033496),1,10.285714285714286,0.09722222222222221,SALES_DROP
2025-06-28,7.05478541552142e+18,【子豪专属】Webber Naturals儿童鱼油150mg高DHA香橙味omega3脑黄金120粒6岁+-默认-(DYWEB625273033496),1,10.285714285714286,0.09722222222222221,SALES_DROP
2025-11-23,7.054785415521419e+18,【官方直播 】伟博天然6岁+儿童鱼油高DHA欧米伽3香橙味120粒-默认-(DYWEB625273033496),1,10.285714285714286,0.09722222222222221,SALES_DROP
2025-09-24,7.146569951686672e+18,WEBBER NATURALS高纯度深海鱼油omega3欧米伽3成人健身鱼油120粒D-默认-(DYWEB625273090086),1,10.285714285714286,0.09722222222222221,SALES_DROP
2025-04-11,	-,伟博天然进口辅酶Q10胶囊100mg 成人心脏活力60粒（效期至26年5月）-1瓶装,3,30.714285714285715,0.09767441860465116,SALES_DROP
2025-10-12,,【3瓶装】webber naturals胶原蛋白与神经酰胺生物活性胶原肽120片-【3瓶装】webber naturals胶原蛋白与神经酰胺生物活性胶原肽120片-(625273036695*3),2,20.428571428571427,0.0979020979020979,SALES_DROP
2024-12-28,	7054785415521419523,webbernaturals进口儿童鱼油高DHA青少年Omega-3甜橙味120粒/瓶-默认-(DYWEB625273033496),1,10.142857142857142,0.09859154929577466,SALES_DROP
2025-03-14,,Webber Naturals辅酶Q10天然发酵免疫软胶囊60粒/瓶100mg营养 z-1瓶装,1,10.142857142857142,0.09859154929577466,SALES_DROP
2025-04-30,7.05478541552142e+18,Webber Naturals儿童鱼油150mg高DHA香橙味omega3脑黄金120粒6岁+-默认-(DYWEB625273033496),1,10.142857142857142,0.09859154929577466,SALES_DROP
2025-04-01,,【鱼油+卵磷脂组合装】1100mg鱼油120粒+大豆卵磷脂胶囊1200mg180粒-1100mg鱼油120粒/瓶+大豆卵磷脂胶囊1200mg180粒/瓶,1,10.142857142857142,0.09859154929577466,SALES_DROP
2026-01-07,7.146569951686672e+18,	WEBBER NATURALS高纯度深海鱼油omega3欧米伽3成人健身鱼油120粒D,1,10.142857142857142,0.09859154929577466,SALES_DROP
2025-11-07,7.054785415521419e+18,【进博会专属 】伟博天然6岁+儿童鱼油高DHA欧米伽3香橙味120粒-默认-(DYWEB625273033496),1,10.142857142857142,0.09859154929577466,SALES_DROP
2025-09-07,	7144930821143691527,伟博天然进口VB番茄红素锌硒钙水果多酚55+男士全营养素 30粒z-1瓶装-(625273079968*1);WEBBER NATURALS南非醉茄KSM66 3600mg降低皮质醇缓压促睡眠120粒-默认-(DYWEB625273052640),2,20.285714285714285,0.09859154929577466,SALES_DROP
2025-09-26,7.146569951686672e+18,WEBBER NATURALS高纯度深海鱼油omega3欧米伽3成人健身鱼油120粒D-默认-(DYWEB625273090086),1,10.142857142857142,0.09859154929577466,SALES_DROP
2025-03-07,7.086274688812433e+18,Webber Naturals伟博胶原蛋白与神经酰胺生物活性胶原肽120片/瓶-默认-(DYWEB625273036695),1,10.142857142857142,0.09859154929577466,SALES_DROP
2025-04-27,7.05478541552142e+18,Webber Naturals儿童鱼油150mg高DHA香橙味omega3脑黄金120粒6岁+-默认-(DYWEB625273033496),1,10.142857142857142,0.09859154929577466,SALES_DROP
2025-12-30,7.054785415630438e+18,	【达人专属】WEBBER NATURALS高浓缩肉桂精华植物维稳糖值150mg呵护健康60粒,1,10.142857142857142,0.09859154929577466,SALES_DROP
2025-04-12,,伟博Osteo氨糖软骨素MSM 高端关节修护30粒（效期至25年7月）-3瓶,4,40.42857142857143,0.0989399293286219,SALES_DROP
2025-03-28,,【效期至2027.7.29】加拿大伟博天然安睡宝 茶氨酸褪黑素45粒/瓶-褪黑素45粒*3,2,20.142857142857142,0.09929078014184398,SALES_DROP
2025-03-28,,Webber naturals伟博深海鱼油900mg高纯度Omega3/DHA/EPA 200粒z-伟博油900mg深海鱼油200粒*1,2,20.142857142857142,0.09929078014184398,SALES_DROP
2025-09-09,7.146569951686672e+18,WEBBER NATURALS高纯度深海鱼油omega3欧米伽3成人健身鱼油120粒D-默认-(DYWEB625273090086),1,10.0,0.1,SALES_DROP
2025-09-12,7.146569951686672e+18,【徐冬冬专属】WEBBER NATURALS高纯度深海鱼油omega3欧米伽3成人健身鱼油120粒-默认-(DYWEB625273090086),1,10.0,0.1,SALES_DROP
2025-03-07,	7086274688812433667,Webber Naturals伟博胶原蛋白与神经酰胺生物活性胶原肽120片/瓶-默认-(DYWEB625273036695),1,10.0,0.1,SALES_DROP
2025-09-14,	7146569951686672673;7481121574674874687,【徐冬冬专属】WEBBER NATURALS高纯度深海鱼油omega3欧米伽3成人健身鱼油120粒D-默认-(DYWEB625273090086);伟博天然进口辅酶Q10胶囊100mg 成人心脏活力60粒（效期至26年6月）-默认-(DYWEB628347570705),2,19.857142857142858,0.10071942446043165,SALES_DROP
2025-03-25,,【官方直播】WebberNaturals伟博深海鱼油1390mg高纯度Omega3 120粒-5瓶装,1,9.857142857142858,0.10144927536231883,SALES_DROP
2025-08-11,7.144930821143691e+18,WEBBER NATURALS南非醉茄KSM66 3600mg降低皮质醇缓压促睡眠120粒-默认-(DYWEB625273052640),1,9.857142857142858,0.10144927536231883,SALES_DROP
2025-09-22,,伟博天然进口儿童鱼油高脑力DHA软胶囊120粒/瓶-1瓶装-(625273090185*1),1,9.857142857142858,0.10144927536231883,SALES_DROP
2024-12-29,	7081192833746780446,webbernaturals辅酶Q10天然发酵免疫软胶囊60粒/瓶100mg营养-默认-(DYWEB625273038552),1,9.857142857142858,0.10144927536231883,SALES_DROP
2025-10-19,7.054785415521419e+18,WEBBER NATURALS儿童6岁+鱼油高DHA香橙味欧米伽3眼脑同步120粒-默认-(DYWEB625273033496),1,9.857142857142858,0.10144927536231883,SALES_DROP
2025-04-02,	-,Webber naturals伟博深海鱼油900mg高纯度Omega3/DHA/EPA 200粒z-伟博油900mg深海鱼油200粒*1,1,9.857142857142858,0.10144927536231883,SALES_DROP
2025-04-02,	-,Webber Naturals伟博天然进口小分子胶原蛋白多肽粉150g z-胶原蛋白多肽粉150g*1,1,9.857142857142858,0.10144927536231883,SALES_DROP
2025-11-13,7.054785415521419e+18,【官方直播 】伟博天然6岁+儿童鱼油高DHA欧米伽3香橙味120粒-默认-(DYWEB625273033496),1,9.857142857142858,0.10144927536231883,SALES_DROP
2025-03-13,,【官方直播】加拿大伟博Webber深海鱼油1390mg高纯度120粒/瓶-精粹鱼油1瓶装,1,9.857142857142858,0.10144927536231883,SALES_DROP
2025-08-11,	7144930821143691527,WEBBER NATURALS南非醉茄KSM66 3600mg降低皮质醇缓压促睡眠120粒-默认-(DYWEB625273052640),1,9.857142857142858,0.10144927536231883,SALES_DROP
2025-04-30,	7054785415521419523,Webber Naturals儿童鱼油150mg高DHA香橙味omega3脑黄金120粒6岁+-默认-(DYWEB625273033496),1,9.714285714285714,0.10294117647058824,SALES_DROP
2025-03-14,,Webber naturals伟博深海鱼油900mg高纯度Omega3/DHA/EPA 200粒z-伟博油900mg深海鱼油200粒*1,1,9.714285714285714,0.10294117647058824,SALES_DROP
2025-10-27,,伟博加拿大进口99%纯度1100mg成人omega3深海鱼油心血管养护120粒-三瓶装（1年量）【送两瓶价值149的60粒100mg辅酶Q10】-(625273090086*3+628347570705*2),1,9.714285714285714,0.10294117647058824,SALES_DROP
2025-04-23,	7054785415521419523,Webber Naturals儿童鱼油150mg高DHA香橙味omega3脑黄金120粒6岁+-默认-(DYWEB625273033496),1,9.714285714285714,0.10294117647058824,SALES_DROP
2025-03-14,,伟博天然进口KSM66南非醉茄印度人参精华7200mg*120粒降低皮质醇z-伟博南非醉茄7200mg*1瓶,1,9.714285714285714,0.10294117647058824,SALES_DROP
2025-03-05,7.142731245833732e+18, webber naturals伟博天然进口儿童鱼油高脑力DHA软胶囊120粒 d-默认-(DYWEB625273090185),1,9.714285714285714,0.10294117647058824,SALES_DROP
2025-09-26,	7146569951686672673,WEBBER NATURALS高纯度深海鱼油omega3欧米伽3成人健身鱼油120粒D-默认-(DYWEB625273090086),1,9.714285714285714,0.10294117647058824,SALES_DROP
2025-09-28,7.146569951686672e+18,【徐冬冬专属】WEBBER NATURALS高纯度深海鱼油omega3欧米伽3成人健身鱼油120粒D-默认-(DYWEB625273090086),1,9.714285714285714,0.10294117647058824,SALES_DROP
2025-04-11,,伟博天然进口辅酶Q10胶囊100mg 成人心脏活力60粒（效期至26年5月）-1瓶装,3,29.0,0.10344827586206896,SALES_DROP
2025-04-11,,伟博Osteo氨糖软骨素MSM 高端关节修护30粒（效期至25年7月）-3瓶,3,28.857142857142858,0.10396039603960396,SALES_DROP
2025-08-15,7.054785415521419e+18,【子豪专属】WEBBER NATURALS6岁+儿童鱼油高DHA香橙味欧米伽3眼脑同步120粒-默认-(DYWEB625273033496),1,9.571428571428571,0.1044776119402985,SALES_DROP
2025-10-19,	7054785415521419523,WEBBER NATURALS儿童6岁+鱼油高DHA香橙味欧米伽3眼脑同步120粒-默认-(DYWEB625273033496),1,9.571428571428571,0.1044776119402985,SALES_DROP
2025-09-22,,【3瓶装】加拿大伟博天然小分子胶原蛋白多肽粉150g/瓶-3瓶装-(625273036657*3),1,9.571428571428571,0.1044776119402985,SALES_DROP
2025-04-27,	7054785415521419523,Webber Naturals儿童鱼油150mg高DHA香橙味omega3脑黄金120粒6岁+-默认-(DYWEB625273033496),1,9.571428571428571,0.1044776119402985,SALES_DROP
2025-08-18,7.144930821143691e+18,WEBBER NATURALS南非醉茄KSM66 3600mg降低皮质醇缓压促睡眠120粒-默认-(DYWEB625273052640),1,9.571428571428571,0.1044776119402985,SALES_DROP
2025-08-20,7.144930821143691e+18,WEBBER NATURALS南非醉茄KSM66 3600mg降低皮质醇缓压促睡眠120粒-默认-(DYWEB625273052640),1,9.571428571428571,0.1044776119402985,SALES_DROP
2025-09-14,	7146569951686672673;7481121574674874687,WEBBER NATURALS高纯度深海鱼油omega3欧米伽3成人健身鱼油120粒D-默认-(DYWEB625273090086);伟博天然辅酶Q10胶囊100mg 成人心脏活力60粒 效期至26年5月30日-默认-(DYWEB628347570705),2,19.0,0.10526315789473684,SALES_DROP
2025-11-29,7.481121574674874e+18,伟博天然辅酶Q10胶囊100mg 成人心脏活力60粒 效期至26年5月30日-默认-(DYWEB628347570705),1,9.428571428571429,0.10606060606060606,SALES_DROP
2025-04-02,,WebberNaturals伟博天然高纯度1390mg深海精粹鱼油软胶囊60粒/瓶s-120粒*1瓶【4个月量】,1,9.428571428571429,0.10606060606060606,SALES_DROP
2025-09-22,	-,【3瓶装】加拿大伟博天然小分子胶原蛋白多肽粉150g/瓶-3瓶装-(625273036657*3),1,9.428571428571429,0.10606060606060606,SALES_DROP
2025-06-22,7.448837780370702e+18,Webber Naturals伟博天然叶黄素40毫克 30粒 呵护眼睛-默认-(DYWEB625273070255),1,9.428571428571429,0.10606060606060606,SALES_DROP
2025-02-23,	7142731245833732390,伟博天然进口儿童鱼油高脑力DHA软胶囊120粒/瓶-默认-(DYWEB625273090185),1,9.428571428571429,0.10606060606060606,SALES_DROP
2025-03-26,,【官方直播】加拿大伟博深海鱼油1390mg高纯度Omega3-两瓶装组合,1,9.428571428571429,0.10606060606060606,SALES_DROP
2025-03-16,	7199138110997872936,【二姐专属】Webber   Naturals伟博维生素C1000毫克150粒/瓶（效期至25年9月）-默认-(DYWEB625273032727),2,18.857142857142858,0.10606060606060606,SALES_DROP
2025-03-05,	7142731245833732390, webber naturals伟博天然进口儿童鱼油高脑力DHA软胶囊120粒 d-默认-(DYWEB625273090185),1,9.428571428571429,0.10606060606060606,SALES_DROP
2025-11-21,7.146569951686672e+18,【达人专属】WEBBER NATURALS高纯度深海鱼油omega3欧米伽3成人健身鱼油120粒-默认-(DYWEB625273090086),3,28.285714285714285,0.10606060606060606,SALES_DROP
2025-04-09,7.146569951686672e+18,伟博精粹金CO2提纯1100mg4倍含量omega3成人心脑欧鱼油120粒 S-默认-(DYWEB625273090086),1,9.428571428571429,0.10606060606060606,SALES_DROP
2025-03-25,	-,【官方直播】加拿大伟博Webber儿童鱼油高DHAOmega-3甜橙味120粒/瓶-2瓶装,1,9.428571428571429,0.10606060606060606,SALES_DROP
2025-03-30,7.22322261258199e+18,伟博天然高浓度奶蓟草熬夜养肝胶囊250mg(效期至25年7月)-默认-(DYWEB625273090178),1,9.428571428571429,0.10606060606060606,SALES_DROP
2025-11-01,,【效期至2027年12月】伟博天然高纯度深海鱼油omega3成人健身120粒A-一瓶装（体验装）-(625273090086*1),1,9.428571428571429,0.10606060606060606,SALES_DROP
2025-04-02,,Webber naturals伟博深海鱼油900mg高纯度Omega3/DHA/EPA 200粒z-伟博油900mg深海鱼油200粒*1,1,9.428571428571429,0.10606060606060606,SALES_DROP
2025-04-02,,Webber Naturals伟博天然进口小分子胶原蛋白多肽粉150g z-胶原蛋白多肽粉150g*1,1,9.428571428571429,0.10606060606060606,SALES_DROP
2025-03-26,	-,【效期至2027.7.29】加拿大伟博天然安睡宝 茶氨酸褪黑素45粒/瓶-褪黑素45粒*1,1,9.428571428571429,0.10606060606060606,SALES_DROP
2025-03-13,	-,WebberNaturals伟博天然高纯度1390mg深海精粹鱼油软胶囊60粒/瓶s-60粒*1瓶【2个月量】,1,9.428571428571429,0.10606060606060606,SALES_DROP
2025-12-03,7.146569951686672e+18,WEBBER NATURALS高纯度深海鱼油omega3欧米伽3成人健身鱼油120粒D-默认-(DYWEB625273090086),1,9.428571428571429,0.10606060606060606,SALES_DROP
2025-04-10,	-,【官方直播】WebberNaturals伟博深海鱼油1390mg高纯度Omega3 120粒-2瓶装,3,28.142857142857142,0.1065989847715736,SALES_DROP
2025-03-27,	-,Webber naturals伟博深海鱼油900mg高纯度Omega3/DHA/EPA 200粒z-伟博油900mg深海鱼油200粒*1,2,18.714285714285715,0.10687022900763359,SALES_DROP
2025-04-12,	-,伟博Osteo氨糖软骨素MSM 高端关节修护30粒（效期至25年7月）-3瓶,2,18.714285714285715,0.10687022900763359,SALES_DROP
2025-04-09,	-,【官方直播】加拿大伟博儿童鱼油高脑力DHA无腥可嚼软胶囊120粒/瓶-2瓶装,4,37.285714285714285,0.10727969348659004,SALES_DROP
2025-11-26,7.146569951686672e+18,WEBBER NATURALS高纯度深海鱼油omega3欧米伽3成人健身鱼油120粒D-默认-(DYWEB625273090086),2,18.571428571428573,0.10769230769230768,SALES_DROP
2025-03-17,,【鱼油+卵磷脂组合装】1100mg鱼油120粒+大豆卵磷脂胶囊1200mg180粒-1100mg鱼油120粒/瓶+大豆卵磷脂胶囊1200mg180粒/瓶,1,9.285714285714286,0.10769230769230768,SALES_DROP
2025-06-23,, webber naturals伟博胶原蛋白与神经酰胺生物活性胶原肽120片z-抗皱胶原蛋白+神经酰胺120粒*2,1,9.285714285714286,0.10769230769230768,SALES_DROP
2025-11-01,,WebberNaturals伟博进口叶黄素玉米黄素软胶囊呵护眼睛10mg60粒 z-伟博天然叶黄素玉米黄素软胶囊10mg*60粒*1-(625273033663*1),1,9.285714285714286,0.10769230769230768,SALES_DROP
2025-02-24,7.329414437553848e+18,【春蚕专属】Webber Naturals伟博天然高纯度1390mg深海精粹鱼油软胶囊60粒/瓶-默认-(DYWEB625273090420),1,9.285714285714286,0.10769230769230768,SALES_DROP
2025-10-27,,伟博加拿大进口99%纯度1100mg成人omega3深海鱼油心血管养护120粒-一瓶装【体验装】-(625273090086*1),1,9.285714285714286,0.10769230769230768,SALES_DROP
2025-08-17,	7144930821143691527,WEBBER NATURALS南非醉茄KSM66 3600mg降低皮质醇缓压促睡眠120粒-默认-(DYWEB625273052640),1,9.285714285714286,0.10769230769230768,SALES_DROP
2025-05-24,,伟博进口99%纯度1100mg成人omega3深海鱼油中老年心血管养护120粒-2瓶装（8个月的量）,1,9.285714285714286,0.10769230769230768,SALES_DROP
2025-11-26,,WEBBER NATURALS伟博天然高纯度1390mg深海精粹鱼油软胶囊60粒/瓶-60粒*1瓶【2个月量】-(625273090420*1),1,9.285714285714286,0.10769230769230768,SALES_DROP
2025-05-24,,【鱼油+卵磷脂组合装】1100mg鱼油120粒+大豆卵磷脂胶囊1200mg180粒-1100mg鱼油120粒/瓶+大豆卵磷脂胶囊1200mg180粒/瓶,1,9.285714285714286,0.10769230769230768,SALES_DROP
2025-04-12,	-,【效期至2027.7.29】加拿大伟博天然安睡宝 茶氨酸褪黑素45粒/瓶-褪黑素45粒*1,2,18.571428571428573,0.10769230769230768,SALES_DROP
2025-08-28,7.146569951686672e+18,【董先生专属】WEBBER NATURALS高纯度深海鱼油omega3欧米伽3成人健身鱼油120粒-默认-(DYWEB625273090086),2,18.428571428571427,0.10852713178294575,SALES_DROP
2025-03-08,7.11003268465066e+18,【效期至25年6月】webbernaturals伟博500mg维生素C胶囊60粒-默认-(625273076622),2,18.428571428571427,0.10852713178294575,SALES_DROP
2025-10-09,7.054785415521419e+18,WEBBER NATURALS儿童6岁+鱼油高DHA香橙味欧米伽3眼脑同步120粒-默认-(DYWEB625273033496),2,18.285714285714285,0.109375,SALES_DROP
2025-03-17,,【官方直播】加拿大伟博儿童鱼油高脑力DHA无腥可嚼软胶囊120粒/瓶-2瓶装,1,9.142857142857142,0.109375,SALES_DROP
2024-12-23,	7146569951686672673,【效期至27年10月】Webber naturals伟博高纯度Omega3鱼油120粒/瓶S-默认-(DYWEB625273090086),1,9.142857142857142,0.109375,SALES_DROP
2025-03-26,,【官方直播】加拿大伟博Webber儿童鱼油高DHAOmega-3甜橙味120粒/瓶-2瓶装,1,9.142857142857142,0.109375,SALES_DROP
2025-12-04,7.146569951686672e+18,【达人专属】WEBBER NATURALS高纯度深海鱼油omega3欧米伽3成人健身鱼油120粒-默认-(DYWEB625273090086),1,9.142857142857142,0.109375,SALES_DROP
2025-10-09,	7054785415521419523,WEBBER NATURALS儿童6岁+鱼油高DHA香橙味欧米伽3眼脑同步120粒-默认-(DYWEB625273033496),2,18.285714285714285,0.109375,SALES_DROP
2025-08-18,	7144930821143691527,WEBBER NATURALS南非醉茄KSM66 3600mg降低皮质醇缓压促睡眠120粒-默认-(DYWEB625273052640),1,9.142857142857142,0.109375,SALES_DROP
2025-12-06,7.11003268465066e+18,	WebberNaturals伟博天然500mg维生素C胶囊60粒,2,18.285714285714285,0.109375,SALES_DROP
2025-03-27,	7223222612581990715,伟博天然高浓度奶蓟草熬夜养肝胶囊250mg(效期至25年7月)-默认-(DYWEB625273090178),1,9.142857142857142,0.109375,SALES_DROP
2025-04-01,,伟博天然进口辅酶Q10胶囊100mg 成人心脏活力60粒（效期至26年5月）-1瓶装,1,9.142857142857142,0.109375,SALES_DROP
2025-02-24,7.329414437553848e+18,Webber Naturals伟博天然高纯度1390mg深海精粹鱼油软胶囊60粒/瓶-默认-(DYWEB625273090420),1,9.142857142857142,0.109375,SALES_DROP
2025-02-24,7.329414437553848e+18,【官方直播】Webber伟博天然高纯度1390mg深海精粹鱼油软胶囊60粒-默认-(DYWEB625273090420),1,9.142857142857142,0.109375,SALES_DROP
2025-10-11,	7054785415521419523,WEBBER NATURALS儿童6岁+鱼油高DHA香橙味欧米伽3眼脑同步120粒-默认-(DYWEB625273033496),2,18.142857142857142,0.11023622047244094,SALES_DROP
2025-10-27,,【官方直播】WebberNaturals阳光小金盾小颗粒全家深海鱼油+D3 60粒-1瓶装-(625273071634*1),1,9.0,0.1111111111111111,SALES_DROP
2025-04-12,	-,伟博天然进口辅酶Q10胶囊100mg 成人心脏活力60粒（效期至26年5月）-1瓶装,2,18.0,0.1111111111111111,SALES_DROP
2025-05-24,,【官方直播】加拿大伟博儿童鱼油高脑力DHA无腥可嚼软胶囊120粒/瓶-1瓶装,1,9.0,0.1111111111111111,SALES_DROP
2025-09-05,7.054785415521419e+18,WEBBER NATURALS儿童6岁+鱼油高DHA香橙味欧米伽3眼脑同步120粒-默认-(DYWEB625273033496),1,9.0,0.1111111111111111,SALES_DROP
2025-02-24,	7329414437553848576,【官方直播】Webber伟博天然高纯度1390mg深海精粹鱼油软胶囊60粒-默认-(DYWEB625273090420),1,9.0,0.1111111111111111,SALES_DROP
2025-02-24,	7329414437553848576,Webber Naturals伟博天然高纯度1390mg深海精粹鱼油软胶囊60粒/瓶-默认-(DYWEB625273090420),1,9.0,0.1111111111111111,SALES_DROP
2025-05-24,,【官方直播】Webber Naturals加拿大进口鱼油+辅酶Q10鱼油搭档-1100mg高纯度深海鱼油180粒+100mg辅酶Q10 60粒,1,9.0,0.1111111111111111,SALES_DROP
2025-11-03,,【官方直播】WebberNaturals伟博深海鱼油1100mg高纯度Omega3 120粒-三瓶装【1年的量】-(625273090086*3),1,9.0,0.1111111111111111,SALES_DROP
2025-04-19,	7146569951686672673,伟博精粹金CO2提纯1100mg4倍含量omega3成人心脑欧鱼油120粒 S-默认-(DYWEB625273090086),1,9.0,0.1111111111111111,SALES_DROP
2025-03-14,7.199138110997873e+18,Webber   Naturals伟博维生素C1000毫克150粒/瓶-默认-(DYWEB625273032727),1,9.0,0.1111111111111111,SALES_DROP
2024-12-22,	7146569951686672673,【效期至27年10月】Webber naturals伟博高纯度Omega3鱼油120粒/瓶S-默认-(DYWEB625273090086),1,9.0,0.1111111111111111,SALES_DROP
2025-04-01,	-,【鱼油+卵磷脂组合装】1100mg鱼油120粒+大豆卵磷脂胶囊1200mg180粒-1100mg鱼油120粒/瓶+大豆卵磷脂胶囊1200mg180粒/瓶,1,9.0,0.1111111111111111,SALES_DROP
2025-03-13,	-,webber naturals伟博天然褪黑素片10毫克72粒z-褪黑素片10毫克72粒*1,1,9.0,0.1111111111111111,SALES_DROP
2025-04-01,,伟博天然进口辅酶Q10胶囊100mg 成人心脏活力60粒（效期至26年5月）-3瓶装,1,9.0,0.1111111111111111,SALES_DROP
2025-04-01,,伟博天然进口辅酶Q10胶囊100mg 成人心脏活力60粒（效期至26年6月）-1瓶装,1,9.0,0.1111111111111111,SALES_DROP
2025-09-03,	7146569951686672673,【徐冬冬专属】WEBBER NATURALS高纯度深海鱼油omega3欧米伽3成人健身鱼油120粒D-默认-(DYWEB625273090086),1,9.0,0.1111111111111111,SALES_DROP
2025-09-04,7.054785415521419e+18,WEBBER NATURALS儿童6岁+鱼油高DHA香橙味欧米伽3眼脑同步120粒-默认-(DYWEB625273033496),1,9.0,0.1111111111111111,SALES_DROP
2025-09-12,	7054785415521419523,WEBBER NATURALS儿童6岁+鱼油高DHA香橙味欧米伽3眼脑同步120粒-默认-(DYWEB625273033496),1,9.0,0.1111111111111111,SALES_DROP
2025-04-01,	-,伟博天然进口辅酶Q10胶囊100mg 成人心脏活力60粒（效期至26年5月）-1瓶装,1,9.0,0.1111111111111111,SALES_DROP
2025-04-01,	-,伟博天然进口辅酶Q10胶囊100mg 成人心脏活力60粒（效期至26年5月）-3瓶装,1,9.0,0.1111111111111111,SALES_DROP
2025-08-15,	7054785415521419523,【子豪专属】WEBBER NATURALS6岁+儿童鱼油高DHA香橙味欧米伽3眼脑同步120粒-默认-(DYWEB625273033496),1,8.857142857142858,0.11290322580645161,SALES_DROP
2025-04-07,	-,Webber Naturals伟博天然进口小分子胶原蛋白多肽粉150g z-胶原蛋白多肽粉150g*1,2,17.714285714285715,0.11290322580645161,SALES_DROP
2025-04-08,	-,【官方直播】加拿大伟博Webber鱼油500mgOmega3+D3青少年 100粒/瓶-2瓶装,1,8.857142857142858,0.11290322580645161,SALES_DROP
2025-11-03,,【3瓶装】webber naturals胶原蛋白与神经酰胺生物活性胶原肽120片-【3瓶装】webber naturals胶原蛋白与神经酰胺生物活性胶原肽120片-(625273036695*3),1,8.857142857142858,0.11290322580645161,SALES_DROP
2025-04-08,	-,【官方直播】加拿大伟博Webber鱼油500mgOmega3+D3青少年 100粒/瓶-3瓶装,1,8.857142857142858,0.11290322580645161,SALES_DROP
2025-03-26,,【鱼油+卵磷脂组合装】1100mg鱼油120粒+大豆卵磷脂胶囊1200mg180粒-1100mg鱼油120粒/瓶+大豆卵磷脂胶囊1200mg180粒/瓶,1,8.857142857142858,0.11290322580645161,SALES_DROP
2025-03-13,	-,【官方直播】加拿大伟博Webber深海鱼油1390mg高纯度120粒/瓶-精粹鱼油1瓶装,1,8.857142857142858,0.11290322580645161,SALES_DROP
2025-04-05,	-,【官方直播】加拿大伟博儿童鱼油高脑力DHA无腥可嚼软胶囊120粒/瓶-1瓶装,3,26.428571428571427,0.11351351351351352,SALES_DROP
2025-08-28,7.481121574674874e+18,伟博天然辅酶Q10胶囊100mg 成人心脏活力60粒 效期至26年5月30日-默认-(DYWEB628347570705),1,8.714285714285714,0.11475409836065575,SALES_DROP
2025-11-15,7.054785415521419e+18,【官方直播 】伟博天然6岁+儿童鱼油高DHA欧米伽3香橙味120粒-默认-(DYWEB625273033496),1,8.714285714285714,0.11475409836065575,SALES_DROP
2025-03-31,7.146569951686672e+18,伟博精粹金CO2提纯1100mg4倍含量omega3成人心脑欧鱼油120粒 S-默认-(DYWEB625273090086),1,8.714285714285714,0.11475409836065575,SALES_DROP
2025-05-06,	7146569951686672673,伟博精粹金CO2提纯1100mg4倍含量omega3成人心脑欧鱼油120粒 S-默认-(DYWEB625273090086),1,8.714285714285714,0.11475409836065575,SALES_DROP
2025-03-26,	7223222612581990715,伟博天然高浓度奶蓟草熬夜养肝胶囊250mg(效期至25年7月)-默认-(DYWEB625273090178),1,8.714285714285714,0.11475409836065575,SALES_DROP
2025-03-17,,Webber naturals伟博深海鱼油900mg高纯度Omega3/DHA/EPA 200粒z-伟博油900mg深海鱼油200粒*2,1,8.714285714285714,0.11475409836065575,SALES_DROP
2025-06-21,7.05478541552142e+18,Webber Naturals儿童鱼油150mg高DHA香橙味omega3脑黄金120粒6岁+-默认-(DYWEB625273033496),1,8.714285714285714,0.11475409836065575,SALES_DROP
2025-02-21,7.142731245833732e+18,伟博天然进口儿童鱼油高脑力DHA软胶囊120粒/瓶-默认-(DYWEB625273090185),1,8.714285714285714,0.11475409836065575,SALES_DROP
2025-03-28,	-,【官方直播】WebberNaturals伟博深海鱼油1390mg高纯度Omega3 120粒-5瓶装,1,8.714285714285714,0.11475409836065575,SALES_DROP
2025-04-06,,【官方直播】加拿大伟博Webber鱼油500mgOmega3+D3青少年 100粒/瓶-3瓶装,3,26.0,0.11538461538461539,SALES_DROP
2025-08-28,	7144930821143691527,WEBBER NATURALS南非醉茄KSM66 3600mg降低皮质醇缓压促睡眠120粒-默认-(DYWEB625273052640),2,17.285714285714285,0.11570247933884298,SALES_DROP
2025-04-06,,伟博Osteo氨糖软骨素MSM 高端关节修护30粒（效期至25年7月）-3瓶,2,17.142857142857142,0.11666666666666667,SALES_DROP
2025-01-08,	7146569951686672673,【效期至27年10月】Webber naturals伟博高纯度Omega3鱼油120粒/瓶S-默认-(DYWEB625273090086),1,8.571428571428571,0.11666666666666667,SALES_DROP
2025-03-28,	-,【官方直播】加拿大伟博儿童鱼油高脑力DHA无腥可嚼软胶囊120粒/瓶-2瓶装,2,17.142857142857142,0.11666666666666667,SALES_DROP
2025-11-24,7.054785415521419e+18,【官方直播 】伟博天然6岁+儿童鱼油高DHA欧米伽3香橙味120粒-默认-(DYWEB625273033496),1,8.571428571428571,0.11666666666666667,SALES_DROP
2025-11-19,7.054785415521419e+18,WEBBER NATURALS儿童6岁+鱼油高DHA香橙味欧米伽3眼脑同步120粒-默认-(DYWEB625273033496),1,8.571428571428571,0.11666666666666667,SALES_DROP
2025-11-20,7.054785415521419e+18,【进博会专属 】伟博天然6岁+儿童鱼油高DHA欧米伽3香橙味120粒-默认-(DYWEB625273033496),1,8.571428571428571,0.11666666666666667,SALES_DROP
2025-11-19,7.054785415521419e+18,【进博会专属 】伟博天然6岁+儿童鱼油高DHA欧米伽3香橙味120粒-默认-(DYWEB625273033496),1,8.571428571428571,0.11666666666666667,SALES_DROP
2025-04-07,,【官方直播】加拿大伟博Webber儿童鱼油高DHAOmega-3甜橙味120粒/瓶-2瓶装,2,17.142857142857142,0.11666666666666667,SALES_DROP
2025-03-28,	-,【官方直播】加拿大伟博儿童鱼油高脑力DHA无腥可嚼软胶囊120粒/瓶-2瓶装;【鱼油+卵磷脂组合装】1100mg鱼油120粒+大豆卵磷脂胶囊1200mg180粒-1100mg鱼油120粒/瓶+大豆卵磷脂胶囊1200mg180粒/瓶,2,17.0,0.11764705882352941,SALES_DROP
2025-03-28,	-,Webber naturals伟博深海鱼油900mg高纯度Omega3/DHA/EPA 200粒z-伟博油900mg深海鱼油200粒*1,2,17.0,0.11764705882352941,SALES_DROP
2025-02-21,	7142731245833732390,伟博天然进口儿童鱼油高脑力DHA软胶囊120粒/瓶-默认-(DYWEB625273090185),1,8.428571428571429,0.11864406779661017,SALES_DROP
2025-11-19,7.054785415630537e+18,WEBBER NATURALS奶蓟草护肝片姜黄硫辛酸熬夜加班养护65粒护肝片-默认-(DYWEB625273034523),1,8.428571428571429,0.11864406779661017,SALES_DROP
2025-03-25,,【官方直播】加拿大伟博Webber儿童鱼油高DHAOmega-3甜橙味120粒/瓶-2瓶装,1,8.428571428571429,0.11864406779661017,SALES_DROP
2025-04-09,,伟博天然进口辅酶Q10胶囊100mg 成人心脏活力60粒（效期至26年6月）-3瓶装,7,59.0,0.11864406779661017,SALES_DROP
2025-11-28,7.054785415630438e+18,WEBBER NATURALS高浓缩肉桂精华植物维稳糖值150mg呵护健康60粒-默认-(DYWEB625273034370),2,16.857142857142858,0.11864406779661017,SALES_DROP
2025-08-30,	7329414437553848576,WEBBER NATURALS高纯度深海鱼油omega-3欧米伽3成人健身鱼油60粒-默认-(DYWEB625273090420),1,8.428571428571429,0.11864406779661017,SALES_DROP
2025-07-11,7.12461115418552e+18,WEBBER NATURALS500mg Omega-3深海鱼油添加D3青少年鱼油100粒/瓶-默认-(DYWEB625273090291),1,8.428571428571429,0.11864406779661017,SALES_DROP
2025-09-20,,伟博加拿大进口99%纯度1100mg成人omega3深海鱼油心血管养护120粒-一瓶装【体验装】-(625273090086*1),1,8.428571428571429,0.11864406779661017,SALES_DROP
2025-09-20,,Webber Naturals伟博天然进口小分子胶原蛋白多肽粉150g z-胶原蛋白多肽粉150g*3-(625273036657*3),1,8.428571428571429,0.11864406779661017,SALES_DROP
2024-12-17,	7081192833746780446,webbernaturals辅酶Q10天然发酵免疫软胶囊60粒/瓶100mg营养-默认-(DYWEB625273038552),1,8.428571428571429,0.11864406779661017,SALES_DROP
2025-08-30,7.329414437553848e+18,WEBBER NATURALS高纯度深海鱼油omega-3欧米伽3成人健身鱼油60粒-默认-(DYWEB625273090420),1,8.428571428571429,0.11864406779661017,SALES_DROP
2025-08-21,7.144930821143691e+18,WEBBER NATURALS南非醉茄KSM66 3600mg降低皮质醇缓压促睡眠120粒-默认-(DYWEB625273052640),1,8.428571428571429,0.11864406779661017,SALES_DROP
2025-11-01,,【官方直播】WebberNaturals阳光小金盾小颗粒全家深海鱼油+D3 60粒-1瓶装-(625273071634*1),1,8.428571428571429,0.11864406779661017,SALES_DROP
2025-10-05,7.481121574674874e+18,伟博天然辅酶Q10胶囊100mg 成人心脏活力60粒 效期至26年5月30日-默认-(DYWEB628347570705),1,8.428571428571429,0.11864406779661017,SALES_DROP
2025-10-30,7.503765776017555e+18,WEBBER NATURALS茶氨酸加纳籽褪黑素香蜂草草本5重配方安睡宝10粒-默认-(DYWEB990312500179),1,8.428571428571429,0.11864406779661017,SALES_DROP
2025-09-21,,【官方直播】加拿大伟博儿童鱼油高脑力DHA无腥可嚼软胶囊120粒/瓶-2瓶装-(625273090185*2),1,8.428571428571429,0.11864406779661017,SALES_DROP
2025-09-30,,【官方直播】WebberNaturals 95%高纯度omega-3迷你深海鱼油30粒/瓶-2瓶周期装【送一瓶价值149元的60粒100mg辅酶Q10】-(625273070781*2),1,8.428571428571429,0.11864406779661017,SALES_DROP
2025-11-25,7.054785415521419e+18,【官方直播 】伟博天然6岁+儿童鱼油高DHA欧米伽3香橙味120粒-默认-(DYWEB625273033496),1,8.428571428571429,0.11864406779661017,SALES_DROP
2025-03-30,	-,【官方直播】WebberNaturals伟博深海鱼油1390mg高纯度Omega3 120粒-1瓶装,2,16.714285714285715,0.11965811965811965,SALES_DROP
2025-09-13,	7144930821143691527,WEBBER NATURALS南非醉茄KSM66 3600mg降低皮质醇缓压促睡眠120粒-默认-(DYWEB625273052640),2,16.571428571428573,0.12068965517241378,SALES_DROP
2025-08-16,7.054785415521419e+18,【子豪专属】WEBBER NATURALS6岁+儿童鱼油高DHA香橙味欧米伽3眼脑同步120粒-默认-(DYWEB625273033496),1,8.285714285714286,0.12068965517241378,SALES_DROP
2025-09-26,7.144930821143691e+18,WEBBER NATURALS南非醉茄KSM66 3600mg降低皮质醇缓压促睡眠120粒-默认-(DYWEB625273052640),2,16.571428571428573,0.12068965517241378,SALES_DROP
2025-04-11,7.144930821143692e+18,伟博天然进口KSM66南非醉茄印度人参精华3600mg*120粒缓压促睡眠-默认-(DYWEB625273052640),1,8.285714285714286,0.12068965517241378,SALES_DROP
2024-12-21,	7146569951686672673,伟博精粹金CO2提纯1100mg4倍含量omega3成人心脑欧米伽3鱼油120粒-默认-(DYWEB625273090086),1,8.285714285714286,0.12068965517241378,SALES_DROP
2025-04-19,7.146569951686672e+18,伟博精粹金CO2提纯1100mg4倍含量omega3成人心脑欧鱼油120粒 S-默认-(DYWEB625273090086),1,8.285714285714286,0.12068965517241378,SALES_DROP
2025-03-21,7.144930821143692e+18,伟博天然进口KSM66南非醉茄印度人参精华3600mg*120粒缓压促睡眠-默认-(DYWEB625273052640),1,8.285714285714286,0.12068965517241378,SALES_DROP
2025-03-30,,Webber Naturals伟博天然进口小分子胶原蛋白多肽粉150g z-胶原蛋白多肽粉150g*1,2,16.571428571428573,0.12068965517241378,SALES_DROP
2025-08-20,	7144930821143691527,WEBBER NATURALS南非醉茄KSM66 3600mg降低皮质醇缓压促睡眠120粒-默认-(DYWEB625273052640),1,8.285714285714286,0.12068965517241378,SALES_DROP
2025-04-11,	7144930821143691527,伟博天然进口KSM66南非醉茄印度人参精华3600mg*120粒缓压促睡眠-默认-(DYWEB625273052640),1,8.285714285714286,0.12068965517241378,SALES_DROP
2025-11-05,	7146569951686672673;7481121574674874687,WEBBER NATURALS高纯度深海鱼油omega3欧米伽3成人健身鱼油120粒-默认-(DYWEB625273090086);伟博天然辅酶Q10胶囊100mg 成人心脏活力60粒 效期至26年5月30日-默认-(DYWEB628347570705),5,41.285714285714285,0.12110726643598617,SALES_DROP
2025-09-13,7.144930821143691e+18,WEBBER NATURALS南非醉茄KSM66 3600mg降低皮质醇缓压促睡眠120粒-默认-(DYWEB625273052640),2,16.428571428571427,0.12173913043478261,SALES_DROP
2025-10-27,	7481121574674874687,【官方直播】WebberNaturals阳光小金盾小颗粒全家深海鱼油+D3 60粒-2瓶装-(625273071634*2);伟博天然辅酶Q10胶囊100mg 成人心脏活力60粒 效期至26年5月30日-默认-(DYWEB628347570705),2,16.428571428571427,0.12173913043478261,SALES_DROP
2025-11-19,7.054785415630438e+18,WEBBER NATURALS高浓缩肉桂精华植物维稳糖值150mg呵护健康60粒-默认-(DYWEB625273034370),2,16.428571428571427,0.12173913043478261,SALES_DROP
2025-11-17,7.11003268465066e+18,WebberNaturals伟博天然500mg维生素C胶囊60粒 效期到2026-06-30-默认-(625273076622),2,16.428571428571427,0.12173913043478261,SALES_DROP
2025-02-15,	7077809856803225896,【官方直播】加拿大伟博Webber鱼油500mgOmega3+D3青少年 100粒/瓶-3瓶装;WebberNaturals伟博深海鱼油900mg高纯度Omega3 DHA/EPA鱼油200粒-默认-(DYWEB625273052985),2,16.285714285714285,0.12280701754385966,SALES_DROP
2025-11-13,7.481121574674874e+18,伟博天然辅酶Q10胶囊100mg 成人心脏活力60粒 效期至26年5月30日-默认-(DYWEB628347570705),1,8.142857142857142,0.12280701754385966,SALES_DROP
2025-01-15,7.146569951686672e+18,【效期至27年10月】Webber naturals伟博高纯度Omega3鱼油120粒/瓶S-默认-(DYWEB625273090086),1,8.142857142857142,0.12280701754385966,SALES_DROP
2025-12-08,7.054785415521419e+18,	【达人专属】WEBBER NATURALS6岁+儿童鱼油高DHA香橙味欧米伽3眼脑同步120粒,1,8.142857142857142,0.12280701754385966,SALES_DROP
2025-08-16,	7144930821143691527,WEBBER NATURALS南非醉茄KSM66 3600mg降低皮质醇缓压促睡眠120粒-默认-(DYWEB625273052640),1,8.142857142857142,0.12280701754385966,SALES_DROP
2025-04-09,	7146569951686672673,伟博精粹金CO2提纯1100mg4倍含量omega3成人心脑欧鱼油120粒 S-默认-(DYWEB625273090086),1,8.142857142857142,0.12280701754385966,SALES_DROP
2025-03-14,7.11003268465066e+18,【效期至25年6月】webbernaturals伟博500mg维生素C胶囊60粒-默认-(625273076622),2,16.285714285714285,0.12280701754385966,SALES_DROP
2025-10-30,	7481121574674874687,【官方直播】加拿大伟博儿童鱼油高脑力DHA无腥可嚼软胶囊120粒/瓶-2瓶装-(625273090185*2);伟博天然辅酶Q10胶囊100mg 成人心脏活力60粒 效期至26年5月30日-默认-(DYWEB628347570705),2,16.285714285714285,0.12280701754385966,SALES_DROP
2025-12-08,7.054785415521419e+18,	【子豪专属】WEBBER NATURALS6岁+儿童鱼油高DHA香橙味欧米伽3眼脑同步120粒,1,8.142857142857142,0.12280701754385966,SALES_DROP
2025-03-16,7.199138110997873e+18,【二姐专属】Webber   Naturals伟博维生素C1000毫克150粒/瓶（效期至25年9月）-默认-(DYWEB625273032727),2,16.285714285714285,0.12280701754385966,SALES_DROP
2025-03-18,	-,Webber Naturals伟博天然进口小分子胶原蛋白多肽粉150g z-胶原蛋白多肽粉150g*3,1,8.142857142857142,0.12280701754385966,SALES_DROP
2025-03-18,	-,Webber Naturals辅酶Q10天然发酵免疫软胶囊60粒/瓶100mg营养 z-6瓶,1,8.142857142857142,0.12280701754385966,SALES_DROP
2025-09-04,	7054785415521419523,WEBBER NATURALS儿童6岁+鱼油高DHA香橙味欧米伽3眼脑同步120粒-默认-(DYWEB625273033496),1,8.142857142857142,0.12280701754385966,SALES_DROP
2025-10-12,,【美彤专属】【成人拍】WebberNaturals高纯度深海鱼油omega3成人健身鱼油120粒-【成人拍】1瓶装（送一瓶40mg叶黄素）-(625273090086*1+625273070255*1),1,8.142857142857142,0.12280701754385966,SALES_DROP
2025-03-17,	-,【官方直播】加拿大伟博儿童鱼油高脑力DHA无腥可嚼软胶囊120粒/瓶-2瓶装,1,8.142857142857142,0.12280701754385966,SALES_DROP
2025-03-17,	-,Webber naturals伟博深海鱼油900mg高纯度Omega3/DHA/EPA 200粒z-伟博油900mg深海鱼油200粒*2,1,8.142857142857142,0.12280701754385966,SALES_DROP
2025-11-09,7.481121574674874e+18,伟博天然辅酶Q10胶囊100mg 成人心脏活力60粒 效期至26年5月30日-默认-(DYWEB628347570705),4,32.285714285714285,0.12389380530973451,SALES_DROP
2025-11-03,	7146569951686672673,WEBBER NATURALS高纯度深海鱼油omega3欧米伽3成人健身鱼油120粒D-默认-(DYWEB625273090086),2,16.142857142857142,0.12389380530973451,SALES_DROP
2025-11-02,,【官方直播】WebberNaturals阳光小金盾小颗粒全家深海鱼油+D3 60粒-1瓶装-(625273071634*1),1,8.0,0.125,SALES_DROP
2025-11-04,,【子豪&琳琳】伟博天然进口儿童鱼油高脑力DHA软胶囊120粒/瓶-2瓶装-(625273090185*2),1,8.0,0.125,SALES_DROP
2025-11-04,,【子豪&琳琳】伟博天然进口儿童鱼油高脑力DHA软胶囊120粒/瓶-1瓶装-(625273090185*1),1,8.0,0.125,SALES_DROP
2025-01-16,7.146569951686672e+18,【效期至27年10月】Webber naturals伟博高纯度Omega3鱼油120粒/瓶S-默认-(DYWEB625273090086),1,8.0,0.125,SALES_DROP
2025-03-26,,【官方直播】加拿大伟博儿童鱼油高脑力DHA无腥可嚼软胶囊120粒/瓶-1瓶装,1,8.0,0.125,SALES_DROP
2025-08-16,	7054785415521419523,【子豪专属】WEBBER NATURALS6岁+儿童鱼油高DHA香橙味欧米伽3眼脑同步120粒-默认-(DYWEB625273033496),1,8.0,0.125,SALES_DROP
2025-12-29,7.146569951686672e+18,	【达人专属】WEBBER NATURALS高纯度深海鱼油omega3欧米伽3成人健身鱼油120粒D,1,8.0,0.125,SALES_DROP
2024-12-19,	7146569951686672673,【官方直播】Webber naturals伟博深海鱼油1100mg高纯度Omega3-默认-(DYWEB625273090086),1,8.0,0.125,SALES_DROP
2025-01-15,	7146569951686672673,【效期至27年10月】Webber naturals伟博高纯度Omega3鱼油120粒/瓶S-默认-(DYWEB625273090086),1,8.0,0.125,SALES_DROP
2025-10-12,,【美彤专属】【儿童拍】WebberNaturals伟博小金盾小颗粒深海儿童鱼油+D3 60粒-【儿童拍】2瓶装（送一瓶40mg叶黄素）-(625273071634*2+625273070255*1),1,8.0,0.125,SALES_DROP
2025-10-12,,【徐冬冬专属】WEBBER NATURALS高纯度深海鱼油omega3欧米伽3成人健身鱼油120粒-鱼油120粒*1瓶装【赠100mg辅酶60粒一瓶】-(625273090086*1+628347570705*1),1,8.0,0.125,SALES_DROP
2025-10-12,,【护发美甲美肤】进口VB烟酰胺锌硒女士全能营养素30粒26-5-30-3瓶装-(625273079975*3),1,8.0,0.125,SALES_DROP
2025-04-30,7.05478541552142e+18,Webber Naturals儿童鱼油150mg高DHA香橙味omega3脑黄金120粒6岁+-默认-(DYWEB625273033496),1,8.0,0.125,SALES_DROP
2025-09-12,	7146569951686672673,【徐冬冬专属】WEBBER NATURALS高纯度深海鱼油omega3欧米伽3成人健身鱼油120粒-默认-(DYWEB625273090086),1,8.0,0.125,SALES_DROP
2025-03-05,	7146569951686672673,伟博精粹金CO2提纯1100mg4倍含量omega3成人心脑欧鱼油120粒 S-默认-(DYWEB625273090086),1,8.0,0.125,SALES_DROP
2025-03-27,,WebberNaturals伟博进口叶黄素玉米黄素软胶囊呵护眼睛10mg60粒 z-伟博天然叶黄素玉米黄素软胶囊10mg*60粒*1,1,8.0,0.125,SALES_DROP
2025-06-24,7.448837780370702e+18,Webber Naturals伟博天然叶黄素40毫克 30粒 呵护眼睛-默认-(DYWEB625273070255),1,8.0,0.125,SALES_DROP
2025-11-25,7.146569951686672e+18,【达人专属】WEBBER NATURALS高纯度深海鱼油omega3欧米伽3成人健身鱼油120粒-默认-(DYWEB625273090086),3,24.0,0.125,SALES_DROP
2025-11-28,7.146569951686672e+18,WEBBER NATURALS高纯度深海鱼油omega3欧米伽3成人健身鱼油120粒D-默认-(DYWEB625273090086),2,16.0,0.125,SALES_DROP
2025-01-18,7.142731245833732e+18,伟博天然进口儿童鱼油高脑力DHA软胶囊120粒/瓶-默认-(DYWEB625273090185),1,8.0,0.125,SALES_DROP
2025-05-19,7.05478541552142e+18,Webber Naturals儿童鱼油150mg高DHA香橙味omega3脑黄金120粒6岁+-默认-(DYWEB625273033496),1,8.0,0.125,SALES_DROP
2025-08-17,7.144930821143691e+18,WEBBER NATURALS南非醉茄KSM66 3600mg降低皮质醇缓压促睡眠120粒-默认-(DYWEB625273052640),1,8.0,0.125,SALES_DROP
2025-01-05,	7142731245833732390,webbernaturals进口儿童鱼油欧米伽3高DHA爆浆深海鱼油120粒 1岁+-默认-(DYWEB625273090185),1,8.0,0.125,SALES_DROP
2025-11-05,	7481121574674874687,【官方直播】WebberNaturals伟博深海鱼油1100mg高纯度Omega3 120粒-一瓶装【4个月的量】-(625273090086*1);伟博天然辅酶Q10胶囊100mg 成人心脏活力60粒 效期至26年5月30日-默认-(DYWEB628347570705),2,16.0,0.125,SALES_DROP
2025-11-03,,【官方直播】WebberNaturals 95%高纯度omega-3迷你深海鱼油30粒/瓶-1瓶试用装【不推荐】-(625273070781*1),1,8.0,0.125,SALES_DROP
2025-11-03,,WEBBER NATURALS伟博天然高纯度1390mg深海精粹鱼油软胶囊60粒/瓶-120粒*1瓶【4个月量】-(625273090086*1),1,8.0,0.125,SALES_DROP
2025-09-22,,WebberNaturals伟博500mg维生素C胶囊60粒  效期到2026-06-30-3瓶装-(625273076622*3),2,15.857142857142858,0.12612612612612611,SALES_DROP
2025-03-07,7.146569951686672e+18,伟博精粹金CO2提纯1100mg4倍含量omega3成人心脑欧鱼油120粒 S-默认-(DYWEB625273090086),1,7.857142857142857,0.1272727272727273,SALES_DROP
2025-02-05,7.146569951686672e+18,【效期至27年10月】Webber naturals伟博高纯度Omega3鱼油120粒/瓶S-默认-(DYWEB625273090086),1,7.857142857142857,0.1272727272727273,SALES_DROP
2025-10-28,	7054785415630536992,WEBBER NATURALS奶蓟草护肝片姜黄硫辛酸熬夜加班养护65粒护肝片-默认-(DYWEB625273034523),1,7.857142857142857,0.1272727272727273,SALES_DROP
2025-09-08,7.124611154185519e+18,WEBBER NATURALS500mg Omega-3深海鱼油添加D3青少年鱼油100粒/瓶-默认-(DYWEB625273090291),1,7.857142857142857,0.1272727272727273,SALES_DROP
2025-02-20,	7142731245833732390,伟博天然进口儿童鱼油高脑力DHA软胶囊120粒/瓶-默认-(DYWEB625273090185),1,7.857142857142857,0.1272727272727273,SALES_DROP
2025-10-22,	7481121574674874687,伟博天然辅酶Q10胶囊100mg 成人心脏活力60粒 效期至26年5月30日-默认-(DYWEB628347570705),1,7.857142857142857,0.1272727272727273,SALES_DROP
2025-08-16,7.144930821143691e+18,WEBBER NATURALS南非醉茄KSM66 3600mg降低皮质醇缓压促睡眠120粒-默认-(DYWEB625273052640),1,7.857142857142857,0.1272727272727273,SALES_DROP
2025-01-06,	7142731245833732390, webber naturals进口儿童鱼油高脑力DHA软胶囊120粒/瓶-默认-(DYWEB625273090185),1,7.857142857142857,0.1272727272727273,SALES_DROP
2025-03-07,	7146569951686672673,伟博精粹金CO2提纯1100mg4倍含量omega3成人心脑欧鱼油120粒 S-默认-(DYWEB625273090086),1,7.857142857142857,0.1272727272727273,SALES_DROP
2025-01-14,	7081192833746780446,webbernaturals辅酶Q10天然发酵免疫软胶囊60粒/瓶100mg营养-默认-(DYWEB625273038552),1,7.857142857142857,0.1272727272727273,SALES_DROP
2025-07-04,, 【2瓶装】webber naturals进口儿童鱼油高脑力DHA软胶囊120粒/瓶-2瓶装,1,7.857142857142857,0.1272727272727273,SALES_DROP
2025-03-27,	-,伟博天然进口辅酶Q10胶囊100mg 成人心脏活力60粒（效期至26年6月）-1瓶装,1,7.857142857142857,0.1272727272727273,SALES_DROP
2025-09-08,	7124611154185519400,WEBBER NATURALS500mg Omega-3深海鱼油添加D3青少年鱼油100粒/瓶-默认-(DYWEB625273090291),1,7.857142857142857,0.1272727272727273,SALES_DROP
2025-11-21,7.054785415521419e+18,【官方直播 】伟博天然6岁+儿童鱼油高DHA欧米伽3香橙味120粒-默认-(DYWEB625273033496),1,7.857142857142857,0.1272727272727273,SALES_DROP
2025-06-16,7.142731245833732e+18,【子豪专属】WebberNaturals进口儿童鱼油欧米伽3高DHA爆浆深海鱼油120粒 1岁+-默认-(DYWEB625273090185),3,23.428571428571427,0.12804878048780488,SALES_DROP
2025-11-05,7.481121574674874e+18,伟博天然辅酶Q10胶囊100mg 成人心脏活力60粒 效期至26年5月30日-默认-(DYWEB628347570705),7,54.57142857142857,0.12827225130890052,SALES_DROP
2025-09-10,	7146569951686672673;7481121574674874687,【徐冬冬专属】WEBBER NATURALS高纯度深海鱼油omega3欧米伽3成人健身鱼油120粒D-默认-(DYWEB625273090086);伟博天然辅酶Q10胶囊100mg 成人心脏活力60粒 效期至26年5月30日-默认-(DYWEB628347570705),2,15.571428571428571,0.12844036697247707,SALES_DROP
2025-03-30,,伟博Osteo氨糖软骨素MSM 高端关节修护30粒（效期至25年7月）-1瓶装,2,15.571428571428571,0.12844036697247707,SALES_DROP
2025-01-31,7.05478541552142e+18,Webber Naturals儿童鱼油150mg高DHA香橙味omega3脑黄金120粒6岁+-默认-(DYWEB625273033496),1,7.714285714285714,0.12962962962962962,SALES_DROP
2025-01-16,	7146569951686672673,【效期至27年10月】Webber naturals伟博高纯度Omega3鱼油120粒/瓶S-默认-(DYWEB625273090086),1,7.714285714285714,0.12962962962962962,SALES_DROP
2025-01-06,	7146569951686672673,【官方直播】WebberNaturals伟博深海鱼油1390mg高纯度Omega3 120粒-默认-(DYWEB625273090086),1,7.714285714285714,0.12962962962962962,SALES_DROP
2025-03-26,	7427011616899940648,Webber伟博 Osteo氨糖软骨素MSM添加乳香姜黄素高端关节修护30粒-默认-(625273090321),1,7.714285714285714,0.12962962962962962,SALES_DROP
2025-06-24,, webber naturals伟博胶原蛋白与神经酰胺生物活性胶原肽120片z-抗皱胶原蛋白+神经酰胺120粒*1,1,7.714285714285714,0.12962962962962962,SALES_DROP
2025-02-12,7.4469700355807e+18,【年货送礼】Webber伟博天然高纯度Omega3精粹金鱼油120粒2瓶装礼盒-默认-(625273090086*2),1,7.714285714285714,0.12962962962962962,SALES_DROP
2025-03-27,	-,Webber Naturals伟博天然进口小分子胶原蛋白多肽粉150g z-胶原蛋白多肽粉150g*3,2,15.428571428571429,0.12962962962962962,SALES_DROP
2025-09-05,7.146569951686672e+18,【董先生专属】WEBBER NATURALS高纯度深海鱼油omega3欧米伽3成人健身鱼油120粒-默认-(DYWEB625273090086),1,7.714285714285714,0.12962962962962962,SALES_DROP
2025-02-12,7.454032906437558e+18,枫叶围巾-默认-(20241230001),1,7.714285714285714,0.12962962962962962,SALES_DROP
2025-10-20,	7054785415630536992,WEBBER NATURALS奶蓟草护肝片姜黄硫辛酸熬夜加班养护65粒护肝片-默认-(DYWEB625273034523),1,7.714285714285714,0.12962962962962962,SALES_DROP
2025-09-05,	7054785415521419523,WEBBER NATURALS儿童6岁+鱼油高DHA香橙味欧米伽3眼脑同步120粒-默认-(DYWEB625273033496),1,7.714285714285714,0.12962962962962962,SALES_DROP
2025-02-12,	7446970035580698914;7454032906437558543,【年货送礼】Webber伟博天然高纯度Omega3精粹金鱼油120粒2瓶装礼盒-默认-(625273090086*2);枫叶围巾-默认-(20241230001),2,15.428571428571429,0.12962962962962962,SALES_DROP
2025-04-22,	7077809856803225896,Webber Naturals伟博维生素C1000毫克150粒/瓶（效期至25年9月）-1瓶装;WebberNaturals伟博深海鱼油900mg高纯度Omega3 DHA/EPA鱼油200粒-默认-(DYWEB625273052985),2,15.428571428571429,0.12962962962962962,SALES_DROP
2025-02-21,	7329414437553848576,【官方直播】Webber伟博天然高纯度1390mg深海精粹鱼油软胶囊60粒-默认-(DYWEB625273090420),1,7.714285714285714,0.12962962962962962,SALES_DROP
2025-03-14,	7329414437553848576;7110032684650660136,Webber Naturals伟博天然高纯度1390mg深海精粹鱼油软胶囊60粒/瓶-默认-(DYWEB625273090420);【效期至25年6月】webbernaturals伟博500mg维生素C胶囊60粒-默认-(625273076622),4,30.857142857142858,0.12962962962962962,SALES_DROP
2025-04-30,	7054785415521419523,Webber Naturals儿童鱼油150mg高DHA香橙味omega3脑黄金120粒6岁+-默认-(DYWEB625273033496),1,7.714285714285714,0.12962962962962962,SALES_DROP
2025-02-20,7.142731245833732e+18,伟博天然进口儿童鱼油高脑力DHA软胶囊120粒/瓶-默认-(DYWEB625273090185),1,7.714285714285714,0.12962962962962962,SALES_DROP
2025-08-15,7.054785415521419e+18,WEBBER NATURALS儿童6岁+鱼油高DHA香橙味欧米伽3眼脑同步120粒-默认-(DYWEB625273033496),1,7.714285714285714,0.12962962962962962,SALES_DROP
2025-03-29,,【2瓶】Webber Naturals伟博维生素C1000毫克150粒（效期至25年9月） -2瓶装,2,15.285714285714286,0.1308411214953271,SALES_DROP
2025-04-12,,【官方直播】加拿大伟博儿童鱼油高脑力DHA无腥可嚼软胶囊120粒/瓶-2瓶装,4,30.428571428571427,0.13145539906103287,SALES_DROP
2025-09-26,7.448836024085742e+18,Webber Naturals伟博天然阳光小金盾小颗粒深海儿童鱼油+D3 60粒-默认-(DYWEB625273071634),1,7.571428571428571,0.1320754716981132,SALES_DROP
2025-10-04,	7146569951686672673,WEBBER NATURALS高纯度深海鱼油omega3欧米伽3成人健身鱼油120粒D-默认-(DYWEB625273090086),2,15.142857142857142,0.1320754716981132,SALES_DROP
2025-12-03,7.054785415630438e+18,WEBBER NATURALS高浓缩肉桂精华植物维稳糖值150mg呵护健康60粒-默认-(DYWEB625273034370),1,7.571428571428571,0.1320754716981132,SALES_DROP
2025-08-01,	7144930821143691527,WEBBER NATURALS南非醉茄KSM66 3600mg降低皮质醇缓压促睡眠120粒-默认-(DYWEB625273052640),1,7.571428571428571,0.1320754716981132,SALES_DROP
2025-08-09,7.054785415521419e+18,WEBBER NATURALS儿童6岁+鱼油高DHA香橙味欧米伽3眼脑同步120粒-默认-(DYWEB625273033496),1,7.571428571428571,0.1320754716981132,SALES_DROP
2025-09-20,	-,伟博加拿大进口99%纯度1100mg成人omega3深海鱼油心血管养护120粒-一瓶装【体验装】-(625273090086*1),1,7.571428571428571,0.1320754716981132,SALES_DROP
2025-01-18,	7142731245833732390,伟博天然进口儿童鱼油高脑力DHA软胶囊120粒/瓶-默认-(DYWEB625273090185),1,7.571428571428571,0.1320754716981132,SALES_DROP
2025-04-10,	7329414437553848576;7427011616899940648,Webber Naturals伟博天然高纯度1390mg深海精粹鱼油软胶囊60粒/瓶-默认-(DYWEB625273090420);Webber伟博 Osteo氨糖软骨素MSM添加乳香姜黄素高端关节修护30粒-默认-(625273090321),2,15.142857142857142,0.1320754716981132,SALES_DROP
2025-06-01,7.05478541552142e+18,Webber Naturals儿童鱼油150mg高DHA香橙味omega3脑黄金120粒6岁+-默认-(DYWEB625273033496),1,7.571428571428571,0.1320754716981132,SALES_DROP
2025-08-16,7.054785415521419e+18,WEBBER NATURALS儿童6岁+鱼油高DHA香橙味欧米伽3眼脑同步120粒-默认-(DYWEB625273033496),1,7.571428571428571,0.1320754716981132,SALES_DROP
2025-09-26,	7448836024085741839,Webber Naturals伟博天然阳光小金盾小颗粒深海儿童鱼油+D3 60粒-默认-(DYWEB625273071634),1,7.571428571428571,0.1320754716981132,SALES_DROP
2025-04-10,7.427011616899939e+18,Webber伟博 Osteo氨糖软骨素MSM添加乳香姜黄素高端关节修护30粒-默认-(625273090321),1,7.571428571428571,0.1320754716981132,SALES_DROP
2025-01-31,	7054785415521419523,Webber Naturals儿童鱼油150mg高DHA香橙味omega3脑黄金120粒6岁+-默认-(DYWEB625273033496),1,7.571428571428571,0.1320754716981132,SALES_DROP
2025-12-07,7.11003268465066e+18,	WebberNaturals伟博天然500mg维生素C胶囊60粒,2,15.0,0.13333333333333333,SALES_DROP
2025-01-05,	7124611154185519400,Webber naturals伟博深海鱼油500mgOmega3+D3青少年补脑 100粒/瓶-默认-(DYWEB625273090291); webber naturals进口儿童鱼油高脑力DHA软胶囊120粒z-儿童鱼油高脑力DHA软胶囊120粒*1,2,15.0,0.13333333333333333,SALES_DROP
2025-10-28,	7481121574674874687,【官方直播】加拿大伟博儿童鱼油高脑力DHA无腥可嚼软胶囊120粒/瓶-2瓶装-(625273090185*2);伟博天然辅酶Q10胶囊100mg 成人心脏活力60粒 效期至26年5月30日-默认-(DYWEB628347570705),2,15.0,0.13333333333333333,SALES_DROP
2025-03-12,	7329414437553848576;7110032684650660136,Webber Naturals伟博天然高纯度1390mg深海精粹鱼油软胶囊60粒/瓶-默认-(DYWEB625273090420);【效期至25年6月】webbernaturals伟博500mg维生素C胶囊60粒-默认-(625273076622),4,30.0,0.13333333333333333,SALES_DROP
2025-03-29,	-,伟博天然进口辅酶Q10胶囊100mg 成人心脏活力60粒（效期至26年5月）-3瓶装,2,15.0,0.13333333333333333,SALES_DROP
2025-07-06,7.144930821143692e+18,伟博天然进口KSM66南非醉茄印度人参精华3600mg*120粒缓压促睡眠-默认-(DYWEB625273052640),1,7.428571428571429,0.1346153846153846,SALES_DROP
2025-09-21,,【官方直播】WebberNaturals 95%高纯度omega-3迷你深海鱼油30粒/瓶-1瓶试用装【不推荐】-(625273070781*1),1,7.428571428571429,0.1346153846153846,SALES_DROP
2024-12-29,	7054785415521419523,伟博天然儿童鱼油150mg高DHA香橙味omega3IVO认证脑黄金120粒6岁+-默认-(DYWEB625273033496),1,7.428571428571429,0.1346153846153846,SALES_DROP
2025-09-20,	-,Webber Naturals伟博天然进口小分子胶原蛋白多肽粉150g z-胶原蛋白多肽粉150g*3-(625273036657*3),1,7.428571428571429,0.1346153846153846,SALES_DROP
2025-04-11,	7329414437553848576;7427011616899940648,Webber Naturals伟博天然高纯度1390mg深海精粹鱼油软胶囊60粒/瓶-默认-(DYWEB625273090420);Webber伟博 Osteo氨糖软骨素MSM添加乳香姜黄素高端关节修护30粒-默认-(625273090321),2,14.857142857142858,0.1346153846153846,SALES_DROP
2025-01-19,	7142731245833732390,WebberNaturals进口儿童鱼油欧米伽3高DHA爆浆深海鱼油120粒 1岁+-默认-(DYWEB625273090185),1,7.428571428571429,0.1346153846153846,SALES_DROP
2025-01-19,7.142731245833732e+18,伟博天然进口儿童鱼油高脑力DHA软胶囊120粒/瓶-默认-(DYWEB625273090185),1,7.428571428571429,0.1346153846153846,SALES_DROP
2025-08-04,	7144930821143691527,WEBBER NATURALS南非醉茄KSM66 3600mg降低皮质醇缓压促睡眠120粒-默认-(DYWEB625273052640),1,7.428571428571429,0.1346153846153846,SALES_DROP
2025-04-08,,【官方直播】加拿大伟博Webber鱼油500mgOmega3+D3青少年 100粒/瓶-2瓶装,1,7.428571428571429,0.1346153846153846,SALES_DROP
2025-08-15,	7054785415521419523,WEBBER NATURALS儿童6岁+鱼油高DHA香橙味欧米伽3眼脑同步120粒-默认-(DYWEB625273033496),1,7.428571428571429,0.1346153846153846,SALES_DROP
2025-01-05,	7146569951686672673,【效期至27年10月】Webber naturals伟博高纯度Omega3鱼油120粒/瓶S-默认-(DYWEB625273090086),1,7.428571428571429,0.1346153846153846,SALES_DROP
2025-12-29,7.146569951686672e+18,	WEBBER NATURALS高纯度深海鱼油omega3欧米伽3成人健身鱼油120粒D,1,7.428571428571429,0.1346153846153846,SALES_DROP
2025-01-09,	7146569951686672673,【官方直播】WebberNaturals伟博深海鱼油1390mg高纯度Omega3 120粒-默认-(DYWEB625273090086),1,7.428571428571429,0.1346153846153846,SALES_DROP
2025-01-13,7.146569951686672e+18,【效期至27年10月】Webber naturals伟博高纯度Omega3鱼油120粒/瓶S-默认-(DYWEB625273090086),1,7.428571428571429,0.1346153846153846,SALES_DROP
2025-08-28,7.144930821143691e+18,WEBBER NATURALS南非醉茄KSM66 3600mg降低皮质醇缓压促睡眠120粒-默认-(DYWEB625273052640),2,14.857142857142858,0.1346153846153846,SALES_DROP
2025-11-03,,【效期至2027年12月】伟博天然高纯度深海鱼油omega3成人健身120粒A-两瓶装（1个周期）【送一瓶安睡宝】-(625273090086*2+990312500179*1),1,7.428571428571429,0.1346153846153846,SALES_DROP
2025-09-10,7.146569951686672e+18,WEBBER NATURALS高纯度深海鱼油omega3欧米伽3成人健身鱼油120粒D-默认-(DYWEB625273090086),2,14.857142857142858,0.1346153846153846,SALES_DROP
2025-04-08,	-,【3瓶装】加拿大伟博天然小分子胶原蛋白多肽粉150g/瓶-【3瓶组合装】,1,7.428571428571429,0.1346153846153846,SALES_DROP
2025-10-28,	7481121574674874687,Webber Naturals伟博天然进口小分子胶原蛋白多肽粉150g z-1瓶装-(625273036657*1);伟博天然辅酶Q10胶囊100mg 成人心脏活力60粒 效期至26年5月30日-默认-(DYWEB628347570705),2,14.857142857142858,0.1346153846153846,SALES_DROP
2025-08-18,7.146569951686672e+18,WEBBER NATURALS高纯度深海鱼油omega3欧米伽3成人健身鱼油120粒D-默认-(DYWEB625273090086),1,7.428571428571429,0.1346153846153846,SALES_DROP
2025-09-12,	7146569951686672673;7481121574674874687,WEBBER NATURALS高纯度深海鱼油omega3欧米伽3成人健身鱼油120粒D-默认-(DYWEB625273090086);伟博天然辅酶Q10胶囊100mg 成人心脏活力60粒 效期至26年5月30日-默认-(DYWEB628347570705),2,14.571428571428571,0.13725490196078433,SALES_DROP
2025-02-05,	7146569951686672673,【效期至27年10月】Webber naturals伟博高纯度Omega3鱼油120粒/瓶S-默认-(DYWEB625273090086),1,7.285714285714286,0.13725490196078433,SALES_DROP
2025-08-16,	7054785415521419523,WEBBER NATURALS儿童6岁+鱼油高DHA香橙味欧米伽3眼脑同步120粒-默认-(DYWEB625273033496),1,7.285714285714286,0.13725490196078433,SALES_DROP
2025-10-06,7.481121574674874e+18,伟博天然辅酶Q10胶囊100mg 成人心脏活力60粒 效期至26年5月30日-默认-(DYWEB628347570705),1,7.285714285714286,0.13725490196078433,SALES_DROP
2025-12-25,7.146569951686672e+18,	WEBBER NATURALS高纯度深海鱼油omega3欧米伽3成人健身鱼油120粒D,1,7.285714285714286,0.13725490196078433,SALES_DROP
2025-03-27,7.146569951686672e+18,伟博精粹金CO2提纯1100mg4倍含量omega3成人心脑欧鱼油120粒 S-默认-(DYWEB625273090086),1,7.285714285714286,0.13725490196078433,SALES_DROP
2025-08-18,	7146569951686672673,WEBBER NATURALS高纯度深海鱼油omega3欧米伽3成人健身鱼油120粒D-默认-(DYWEB625273090086),1,7.285714285714286,0.13725490196078433,SALES_DROP
2025-04-01,7.146569951686672e+18,伟博精粹金CO2提纯1100mg4倍含量omega3成人心脑欧鱼油120粒 S-默认-(DYWEB625273090086),1,7.285714285714286,0.13725490196078433,SALES_DROP
2025-03-05,7.146569951686672e+18,伟博精粹金CO2提纯1100mg4倍含量omega3成人心脑欧鱼油120粒 S-默认-(DYWEB625273090086),1,7.285714285714286,0.13725490196078433,SALES_DROP
2025-04-11,7.427011616899939e+18,Webber伟博 Osteo氨糖软骨素MSM添加乳香姜黄素高端关节修护30粒-默认-(625273090321),1,7.285714285714286,0.13725490196078433,SALES_DROP
2025-03-01,7.329414437553848e+18,Webber Naturals伟博天然高纯度1390mg深海精粹鱼油软胶囊60粒/瓶-默认-(DYWEB625273090420),1,7.285714285714286,0.13725490196078433,SALES_DROP
2024-12-29,	7146569951686672673,【官方直播】WebberNaturals伟博深海鱼油1390mg高纯度Omega3 120粒-默认-(DYWEB625273090086),1,7.285714285714286,0.13725490196078433,SALES_DROP
2025-08-18,7.054785415521419e+18,WEBBER NATURALS儿童6岁+鱼油高DHA香橙味欧米伽3眼脑同步120粒-默认-(DYWEB625273033496),1,7.285714285714286,0.13725490196078433,SALES_DROP
2025-09-20,	-,【官方直播】加拿大伟博儿童鱼油高脑力DHA无腥可嚼软胶囊120粒/瓶-2瓶装-(625273090185*2),1,7.285714285714286,0.13725490196078433,SALES_DROP
2025-03-21,	7144930821143691527,伟博天然进口KSM66南非醉茄印度人参精华3600mg*120粒缓压促睡眠-默认-(DYWEB625273052640),1,7.285714285714286,0.13725490196078433,SALES_DROP
2025-03-01,	7168643947345035558,伟博天然进口VB番茄红素锌硒钙水果多酚55+男士全营养素 30粒-默认-(DYWEB625273079968),1,7.285714285714286,0.13725490196078433,SALES_DROP
2026-01-12,7.146569951686672e+18,	【达人专属】WEBBER NATURALS高纯度深海鱼油omega3欧米伽3成人健身鱼油120粒D,1,7.285714285714286,0.13725490196078433,SALES_DROP
2025-03-01,7.168643947345036e+18,伟博天然进口VB番茄红素锌硒钙水果多酚55+男士全营养素 30粒-默认-(DYWEB625273079968),1,7.285714285714286,0.13725490196078433,SALES_DROP
2025-11-13,7.146569951686672e+18,WEBBER NATURALS高纯度深海鱼油omega3欧米伽3成人健身鱼油120粒D-默认-(DYWEB625273090086),3,21.714285714285715,0.1381578947368421,SALES_DROP
2025-08-29,	7144930821143691527,WEBBER NATURALS南非醉茄KSM66 3600mg降低皮质醇缓压促睡眠120粒-默认-(DYWEB625273052640),2,14.428571428571429,0.1386138613861386,SALES_DROP
2025-09-21,7.054785415521419e+18,WEBBER NATURALS儿童6岁+鱼油高DHA香橙味欧米伽3眼脑同步120粒-默认-(DYWEB625273033496),2,14.428571428571429,0.1386138613861386,SALES_DROP
2024-12-29,	7142731245833732390,webbernaturals进口儿童鱼油欧米伽3高DHA爆浆深海鱼油120粒 1岁+-默认-(DYWEB625273090185),3,21.571428571428573,0.1390728476821192,SALES_DROP
2025-12-03,7.11003268465066e+18,WebberNaturals伟博天然500mg维生素C胶囊60粒-默认-(625273076622),5,35.857142857142854,0.13944223107569723,SALES_DROP
2025-03-08,7.146569951686672e+18,【效期至27年10月】Webber naturals伟博高纯度Omega3鱼油120粒/瓶S-默认-(DYWEB625273090086),1,7.142857142857143,0.13999999999999999,SALES_DROP
2025-01-18,	7146569951686672673,【效期至27年10月】Webber naturals伟博高纯度Omega3鱼油120粒/瓶S-默认-(DYWEB625273090086),1,7.142857142857143,0.13999999999999999,SALES_DROP
2025-10-13,,伟博加拿大进口99%纯度1100mg成人omega3深海鱼油心血管养护120粒-三瓶装（1年量）【送两瓶价值149的60粒100mg辅酶Q10】-(625273090086*3+628347570705*2),1,7.142857142857143,0.13999999999999999,SALES_DROP
2025-08-20,7.054785415521419e+18,【子豪专属】WEBBER NATURALS6岁+儿童鱼油高DHA香橙味欧米伽3眼脑同步120粒-默认-(DYWEB625273033496),1,7.142857142857143,0.13999999999999999,SALES_DROP
2025-08-23,	7054785415521419523,WEBBER NATURALS儿童6岁+鱼油高DHA香橙味欧米伽3眼脑同步120粒-默认-(DYWEB625273033496),1,7.142857142857143,0.13999999999999999,SALES_DROP
2025-06-12,,Webber Naturals伟博天然进口小分子胶原蛋白多肽粉150g z-胶原蛋白多肽粉150g*3,1,7.142857142857143,0.13999999999999999,SALES_DROP
2025-02-17,7.086274688812433e+18,Webber Naturals伟博胶原蛋白与神经酰胺生物活性胶原肽120片/瓶-默认-(DYWEB625273036695),1,7.142857142857143,0.13999999999999999,SALES_DROP
2025-09-30,	-,Webber Naturals伟博天然阳光小金盾小颗粒深海儿童鱼油+D3 60粒-2瓶装-(625273071634*2),1,7.142857142857143,0.13999999999999999,SALES_DROP
2025-06-12,,【官方直播】加拿大伟博Webber鱼油500mgOmega3+D3青少年 100粒/瓶-3瓶装,1,7.142857142857143,0.13999999999999999,SALES_DROP
2025-07-05,,WebberNaturals伟博500mg维生素C胶囊60粒-3瓶装,1,7.142857142857143,0.13999999999999999,SALES_DROP
2025-08-16,7.146569951686672e+18,WEBBER NATURALS高纯度深海鱼油omega3欧米伽3成人健身鱼油120粒D-默认-(DYWEB625273090086),1,7.142857142857143,0.13999999999999999,SALES_DROP
2025-08-19,	7054785415521419523,WEBBER NATURALS儿童6岁+鱼油高DHA香橙味欧米伽3眼脑同步120粒-默认-(DYWEB625273033496),1,7.142857142857143,0.13999999999999999,SALES_DROP
2025-08-18,	7054785415521419523,WEBBER NATURALS儿童6岁+鱼油高DHA香橙味欧米伽3眼脑同步120粒-默认-(DYWEB625273033496),1,7.142857142857143,0.13999999999999999,SALES_DROP
2025-09-21,	7054785415521419523,WEBBER NATURALS儿童6岁+鱼油高DHA香橙味欧米伽3眼脑同步120粒-默认-(DYWEB625273033496),2,14.285714285714286,0.13999999999999999,SALES_DROP
2025-10-15,,【官方直播】WebberNaturals阳光小金盾小颗粒全家深海鱼油+D3 60粒-1瓶装-(625273071634*1),1,7.142857142857143,0.13999999999999999,SALES_DROP
2025-10-15,,伟博天然进口儿童鱼油高脑力DHA软胶囊120粒/瓶-1瓶装-(625273090185*1),1,7.142857142857143,0.13999999999999999,SALES_DROP
2025-10-15,,【效期至2027.7.29】伟博加拿大伟博天然安睡宝茶氨酸褪黑素45粒/瓶-褪黑素45粒*1-(625273090338*1),1,7.142857142857143,0.13999999999999999,SALES_DROP
2025-08-11,7.054785415521419e+18,【子豪专属】WEBBER NATURALS6岁+儿童鱼油高DHA香橙味欧米伽3眼脑同步120粒-默认-(DYWEB625273033496),1,7.142857142857143,0.13999999999999999,SALES_DROP
2025-03-27,	-,【官方直播】加拿大伟博儿童鱼油高脑力DHA无腥可嚼软胶囊120粒/瓶-2瓶装,2,14.285714285714286,0.13999999999999999,SALES_DROP
2025-02-17,	7086274688812433667,Webber Naturals伟博胶原蛋白与神经酰胺生物活性胶原肽120片/瓶-默认-(DYWEB625273036695),1,7.142857142857143,0.13999999999999999,SALES_DROP
2025-05-27,7.146569951686672e+18,伟博精粹金CO2提纯1100mg4倍含量omega3成人心脑欧鱼油120粒 D-默认-(DYWEB625273090086),1,7.142857142857143,0.13999999999999999,SALES_DROP
2025-01-18,7.146569951686672e+18,【官方直播】WebberNaturals伟博深海鱼油1390mg高纯度Omega3 120粒-默认-(DYWEB625273090086),1,7.142857142857143,0.13999999999999999,SALES_DROP
2025-07-02,7.144930821143692e+18,伟博天然进口KSM66南非醉茄印度人参精华3600mg*120粒缓压促睡眠-默认-(DYWEB625273052640),1,7.142857142857143,0.13999999999999999,SALES_DROP
2025-05-17,,【3瓶装】webber naturals胶原蛋白与神经酰胺生物活性胶原肽120片-【3瓶装】webber naturals胶原蛋白与神经酰胺生物活性胶原肽120片,1,7.142857142857143,0.13999999999999999,SALES_DROP
2025-03-26,	-,Webber naturals伟博深海鱼油900mg高纯度Omega3/DHA/EPA 200粒z-伟博油900mg深海鱼油200粒*1,2,14.142857142857142,0.1414141414141414,SALES_DROP
2025-03-31,,Webber naturals伟博深海鱼油900mg高纯度Omega3/DHA/EPA 200粒z-伟博油900mg深海鱼油200粒*1,2,14.142857142857142,0.1414141414141414,SALES_DROP
2025-10-26,	7146569951686672673,【官方直播】WebberNaturals 95%高纯度omega-3迷你深海鱼油30粒/瓶-1瓶试用装【不推荐】-(625273070781*1);WEBBER NATURALS高纯度深海鱼油omega3欧米伽3成人健身鱼油120粒-默认-(DYWEB625273090086),2,14.142857142857142,0.1414141414141414,SALES_DROP
2025-06-04,,【官方直播】WebberNaturals伟博深海鱼油1100mg高纯度Omega3 120粒-三瓶装【一年的量送一瓶奶蓟草】,1,7.0,0.14285714285714285,SALES_DROP
2025-03-02,7.146569951686672e+18,【效期至27年10月】Webber naturals伟博高纯度Omega3鱼油120粒/瓶S-默认-(DYWEB625273090086),1,7.0,0.14285714285714285,SALES_DROP
2025-02-28,7.146569951686672e+18,【效期至27年10月】Webber naturals伟博高纯度Omega3鱼油120粒/瓶S-默认-(DYWEB625273090086),1,7.0,0.14285714285714285,SALES_DROP
2025-10-19,	7448836024085741839,Webber Naturals伟博天然阳光小金盾小颗粒深海儿童鱼油+D3 60粒-默认-(DYWEB625273071634),1,7.0,0.14285714285714285,SALES_DROP
2025-10-14,	-,【官方直播】1100mg鱼油120粒+大豆卵磷脂胶囊1200mg180粒鱼油搭档-1100mg鱼油120粒/瓶+大豆卵磷脂胶囊1200mg180粒/瓶-(625273079746*1+625273090086*1),1,7.0,0.14285714285714285,SALES_DROP
2025-04-22,7.144930821143692e+18,伟博天然进口KSM66南非醉茄印度人参精华3600mg*120粒缓压促睡眠-默认-(DYWEB625273052640),1,7.0,0.14285714285714285,SALES_DROP
2025-08-17,7.142731245833732e+18,【子豪专属】WEBBER NATURALS进口儿童鱼油欧米伽3高DHA爆浆深海鱼油120粒1岁+-默认-(DYWEB625273090185),1,7.0,0.14285714285714285,SALES_DROP
2025-07-05,,Webber Naturals伟博天然高纯度1100mg深海精粹鱼油软胶囊60粒 D-2瓶装,1,7.0,0.14285714285714285,SALES_DROP
2025-08-03,	7054785415521419523,WEBBER NATURALS儿童6岁+鱼油高DHA香橙味欧米伽3眼脑同步120粒-默认-(DYWEB625273033496),1,7.0,0.14285714285714285,SALES_DROP
2025-08-02,	7054785415521419523,WEBBER NATURALS儿童6岁+鱼油高DHA香橙味欧米伽3眼脑同步120粒-默认-(DYWEB625273033496),1,7.0,0.14285714285714285,SALES_DROP
2025-03-06,	7144930821143691527,伟博天然进口KSM66南非醉茄印度人参精华3600mg*120粒缓压促睡眠-默认-(DYWEB625273052640),1,7.0,0.14285714285714285,SALES_DROP
2025-04-22,	7144930821143691527,伟博天然进口KSM66南非醉茄印度人参精华3600mg*120粒缓压促睡眠-默认-(DYWEB625273052640),1,7.0,0.14285714285714285,SALES_DROP
2025-11-21,7.146569951686672e+18,WEBBER NATURALS高纯度深海鱼油omega3欧米伽3成人健身鱼油120粒D-默认-(DYWEB625273090086),4,28.0,0.14285714285714285,SALES_DROP
2025-05-17,,Webber naturals伟博深海鱼油1100mg高纯度Omega3 120粒 z-1瓶装,1,7.0,0.14285714285714285,SALES_DROP
2025-10-08,	7146569951686672673,WEBBER NATURALS高纯度深海鱼油omega3欧米伽3成人健身鱼油120粒D-默认-(DYWEB625273090086),1,7.0,0.14285714285714285,SALES_DROP
2025-09-14,,伟博加拿大进口99%纯度1100mg成人omega3深海鱼油心血管养护120粒-两瓶装（1个周期）【送一瓶价值149的60粒100mg辅酶Q10】-(625273090086*2+628347570705*1),1,7.0,0.14285714285714285,SALES_DROP
2025-04-04,7.22322261258199e+18,伟博天然高浓度奶蓟草熬夜养肝胶囊250mg(效期至25年7月)-默认-(DYWEB625273090178),1,7.0,0.14285714285714285,SALES_DROP
2025-12-28,7.146569951686672e+18,	【达人专属】WEBBER NATURALS高纯度深海鱼油omega3欧米伽3成人健身鱼油120粒D,1,7.0,0.14285714285714285,SALES_DROP
2025-11-02,,【官方直播】WebberNaturals阳光小金盾小颗粒全家深海鱼油+D3 60粒-2瓶装-(625273071634*2),1,7.0,0.14285714285714285,SALES_DROP
2025-06-21,7.142731245833732e+18,【子豪专属】WebberNaturals进口儿童鱼油欧米伽3高DHA爆浆深海鱼油120粒 1岁+-默认-(DYWEB625273090185),2,14.0,0.14285714285714285,SALES_DROP
2025-05-16,7.146569951686672e+18,伟博进口99%纯度1100mg成人omega3鱼油中老年心血管养护120粒 DB-默认-(DYWEB625273090086),1,7.0,0.14285714285714285,SALES_DROP
2025-05-17,7.146569951686672e+18,伟博精粹金CO2提纯1100mg4倍含量omega3成人心脑欧鱼油120粒 S-默认-(DYWEB625273090086),1,7.0,0.14285714285714285,SALES_DROP
2025-10-15,	7481121574674874687,伟博天然辅酶Q10胶囊100mg 成人心脏活力60粒 效期至26年5月30日-默认-(DYWEB628347570705),1,7.0,0.14285714285714285,SALES_DROP
2025-03-26,	-,WebberNaturals伟博天然进口辅酶Q10胶囊辅酶守护心脏150mg 60粒z-伟博天然150mg辅酶Q10 60粒*1瓶,2,14.0,0.14285714285714285,SALES_DROP
2025-05-14,7.146569951686672e+18,伟博精粹金CO2提纯1100mg4倍含量omega3成人心脑欧鱼油120粒 S-默认-(DYWEB625273090086),1,7.0,0.14285714285714285,SALES_DROP
2025-04-04,7.22322261258199e+18,【效期至25年7月】伟博天然高浓度奶蓟草熬夜养肝胶囊250mg护肝片-默认-(DYWEB625273090178),1,7.0,0.14285714285714285,SALES_DROP
2025-10-13,,伟博加拿大进口99%纯度1100mg成人omega3深海鱼油心血管养护120粒-两瓶装（1个周期）【送一瓶价值149的60粒100mg辅酶Q10】-(625273090086*2+628347570705*1),1,7.0,0.14285714285714285,SALES_DROP
2025-08-25,	7054785415521419523,WEBBER NATURALS儿童6岁+鱼油高DHA香橙味欧米伽3眼脑同步120粒-默认-(DYWEB625273033496),1,7.0,0.14285714285714285,SALES_DROP
2025-08-23,7.054785415521419e+18,WEBBER NATURALS儿童6岁+鱼油高DHA香橙味欧米伽3眼脑同步120粒-默认-(DYWEB625273033496),1,7.0,0.14285714285714285,SALES_DROP
2025-09-30,	-,【官方直播】1100mg鱼油120粒+大豆卵磷脂胶囊1200mg180粒鱼油搭档-1100mg鱼油120粒/瓶+大豆卵磷脂胶囊1200mg180粒/瓶-(625273079746*1+625273090086*1),1,7.0,0.14285714285714285,SALES_DROP
2025-11-22,7.146569951686672e+18,WEBBER NATURALS高纯度深海鱼油omega3欧米伽3成人健身鱼油120粒D-默认-(DYWEB625273090086),3,20.571428571428573,0.14583333333333331,SALES_DROP
2025-04-15,	7146569951686672673,伟博精粹金CO2提纯1100mg4倍含量omega3成人心脑欧鱼油120粒 S-默认-(DYWEB625273090086),3,20.571428571428573,0.14583333333333331,SALES_DROP
2025-01-19,7.142731245833732e+18,WebberNaturals进口儿童鱼油欧米伽3高DHA爆浆深海鱼油120粒 1岁+-默认-(DYWEB625273090185),1,6.857142857142857,0.14583333333333334,SALES_DROP
2025-10-25,,【官方直播】WebberNaturals 95%高纯度omega-3迷你深海鱼油30粒/瓶-2瓶周期装【送一瓶价值149元的60粒100mg辅酶Q10】-(625273070781*2+628347570705*1),1,6.857142857142857,0.14583333333333334,SALES_DROP
2025-01-19,	7142731245833732390,伟博天然进口儿童鱼油高脑力DHA软胶囊120粒/瓶-默认-(DYWEB625273090185),1,6.857142857142857,0.14583333333333334,SALES_DROP
2025-09-05,,【官方直播】加拿大伟博儿童鱼油高脑力DHA无腥可嚼软胶囊120粒/瓶-2瓶装-(625273090185*2),1,6.857142857142857,0.14583333333333334,SALES_DROP
2025-08-19,7.054785415521419e+18,WEBBER NATURALS儿童6岁+鱼油高DHA香橙味欧米伽3眼脑同步120粒-默认-(DYWEB625273033496),1,6.857142857142857,0.14583333333333334,SALES_DROP
2025-03-02,	7146569951686672673,【效期至27年10月】Webber naturals伟博高纯度Omega3鱼油120粒/瓶S-默认-(DYWEB625273090086),1,6.857142857142857,0.14583333333333334,SALES_DROP
2025-09-09,,Webber Naturals伟博天然阳光小金盾小颗粒深海儿童鱼油+D3 60粒-2瓶装-(625273071634*2),1,6.857142857142857,0.14583333333333334,SALES_DROP
2025-09-30,	-,Webber Naturals伟博天然进口小分子胶原蛋白多肽粉150g z-3瓶装-(625273036657*3),1,6.857142857142857,0.14583333333333334,SALES_DROP
2025-12-26,7.146569951686672e+18,	WEBBER NATURALS高纯度深海鱼油omega3欧米伽3成人健身鱼油120粒D,1,6.857142857142857,0.14583333333333334,SALES_DROP
2025-05-17,7.146569951686672e+18,伟博精粹金CO2提纯1100mg4倍含量omega3成人心脑欧鱼油120粒 D-默认-(DYWEB625273090086),1,6.857142857142857,0.14583333333333334,SALES_DROP
2025-05-22,7.146569951686672e+18,伟博精粹金CO2提纯1100mg4倍含量omega3成人心脑欧鱼油120粒 D-默认-(DYWEB625273090086),1,6.857142857142857,0.14583333333333334,SALES_DROP
2025-09-12,	7146569951686672673,WEBBER NATURALS高纯度深海鱼油omega3欧米伽3成人健身鱼油120粒D-默认-(DYWEB625273090086),1,6.857142857142857,0.14583333333333334,SALES_DROP
2025-05-22,7.146569951686672e+18,伟博进口99%纯度1100mg成人omega3鱼油中老年心血管养护120粒 DB-默认-(DYWEB625273090086),1,6.857142857142857,0.14583333333333334,SALES_DROP
2025-06-06,7.146569951686672e+18,伟博加拿大进口99%纯度1100mg成人omega3鱼油心血管养护120粒 DB-默认-(DYWEB625273090086),1,6.857142857142857,0.14583333333333334,SALES_DROP
2025-09-14,,伟博天然进口儿童鱼油高脑力DHA软胶囊120粒/瓶-1瓶装-(625273090185*1),1,6.857142857142857,0.14583333333333334,SALES_DROP
2025-08-04,7.144930821143691e+18,WEBBER NATURALS南非醉茄KSM66 3600mg降低皮质醇缓压促睡眠120粒-默认-(DYWEB625273052640),1,6.857142857142857,0.14583333333333334,SALES_DROP
2025-09-28,,伟博天然进口VB番茄红素锌硒钙水果多酚55+男士全营养素 30粒z-2瓶装-(625273079968*2),1,6.857142857142857,0.14583333333333334,SALES_DROP
2025-03-06,7.144930821143692e+18,伟博天然进口KSM66南非醉茄印度人参精华3600mg*120粒缓压促睡眠-默认-(DYWEB625273052640),1,6.857142857142857,0.14583333333333334,SALES_DROP
2025-08-14,7.144930821143691e+18,WEBBER NATURALS南非醉茄KSM66 3600mg降低皮质醇缓压促睡眠120粒-默认-(DYWEB625273052640),1,6.857142857142857,0.14583333333333334,SALES_DROP
2025-08-15,7.146569951686672e+18,WEBBER NATURALS高纯度深海鱼油omega3欧米伽3成人健身鱼油120粒D-默认-(DYWEB625273090086),1,6.857142857142857,0.14583333333333334,SALES_DROP
2025-08-14,	7144930821143691527,WEBBER NATURALS南非醉茄KSM66 3600mg降低皮质醇缓压促睡眠120粒-默认-(DYWEB625273052640),1,6.857142857142857,0.14583333333333334,SALES_DROP
2025-08-17,	-,【官方直播】WebberNaturals伟博深海鱼油1100mg高纯度Omega3 120粒-一瓶装【4个月的量】,1,6.857142857142857,0.14583333333333334,SALES_DROP
2024-12-30,	7054785415521419523,webbernaturals进口儿童鱼油高DHA青少年Omega-3甜橙味120粒/瓶-默认-(DYWEB625273033496),1,6.857142857142857,0.14583333333333334,SALES_DROP
2025-08-08,	7054785415521419523,WEBBER NATURALS儿童6岁+鱼油高DHA香橙味欧米伽3眼脑同步120粒-默认-(DYWEB625273033496),1,6.857142857142857,0.14583333333333334,SALES_DROP
2025-03-15,7.146569951686672e+18,伟博精粹金CO2提纯1100mg4倍含量omega3成人心脑欧鱼油120粒 S-默认-(DYWEB625273090086),1,6.857142857142857,0.14583333333333334,SALES_DROP
2025-03-23,	7077809856803225896;7081274293186969897,WebberNaturals伟博深海鱼油900mg高纯度Omega3 DHA/EPA鱼油200粒-默认-(DYWEB625273052985);【效期至25年8月】伟博复合氨糖维骨素胶囊三倍营养骨骼120粒/瓶-默认-(DYWEB625273050363),2,13.666666666666666,0.14634146341463417,SALES_DROP
2025-09-26,	7144930821143691527,WEBBER NATURALS南非醉茄KSM66 3600mg降低皮质醇缓压促睡眠120粒-默认-(DYWEB625273052640),2,13.571428571428571,0.1473684210526316,SALES_DROP
2025-03-26,7.329414437553848e+18,Webber Naturals伟博天然高纯度1390mg深海精粹鱼油软胶囊60粒/瓶-默认-(DYWEB625273090420),2,13.571428571428571,0.1473684210526316,SALES_DROP
2025-10-13,,Webber Naturals伟博天然进口小分子胶原蛋白多肽粉150g z-1瓶装-(625273036657*1),2,13.571428571428571,0.1473684210526316,SALES_DROP
2025-01-08,	7142731245833732390,webbernaturals进口儿童鱼油欧米伽3高DHA爆浆深海鱼油120粒 1岁+-默认-(DYWEB625273090185),1,6.714285714285714,0.14893617021276595,SALES_DROP
2025-09-28,,【效期至2027.7.29】伟博加拿大伟博天然安睡宝茶氨酸褪黑素45粒/瓶-褪黑素45粒*3-(625273090338*3),1,6.714285714285714,0.14893617021276595,SALES_DROP
2025-09-30,,Webber Naturals伟博天然阳光小金盾小颗粒深海儿童鱼油+D3 60粒-2瓶装-(625273071634*2),1,6.714285714285714,0.14893617021276595,SALES_DROP
2025-08-19,	7146569951686672673,【董先生专属】WEBBER NATURALS高纯度深海鱼油omega3欧米伽3成人健身鱼油120粒-默认-(DYWEB625273090086),1,6.714285714285714,0.14893617021276595,SALES_DROP
2025-01-04,	7146569951686672673,【官方直播】WebberNaturals伟博深海鱼油1390mg高纯度Omega3 120粒-默认-(DYWEB625273090086),1,6.714285714285714,0.14893617021276595,SALES_DROP
2025-11-02,,【官方直播】WebberNaturals阳光小金盾小颗粒全家深海鱼油+D3 60粒-3瓶装-(625273071634*3),1,6.714285714285714,0.14893617021276595,SALES_DROP
2025-05-06,7.144930821143692e+18,伟博天然进口KSM66南非醉茄印度人参精华3600mg*120粒降低皮质醇-默认-(DYWEB625273052640),1,6.714285714285714,0.14893617021276595,SALES_DROP
2026-01-03,7.146569951686672e+18,	WEBBER NATURALS高纯度深海鱼油omega3欧米伽3成人健身鱼油120粒D,1,6.714285714285714,0.14893617021276595,SALES_DROP
2025-11-29,7.146569951686672e+18,【达人专属】WEBBER NATURALS高纯度深海鱼油omega3欧米伽3成人健身鱼油120粒-默认-(DYWEB625273090086),2,13.428571428571429,0.14893617021276595,SALES_DROP
2025-11-02,,伟博加拿大进口99%纯度1100mg成人omega3深海鱼油心血管养护120粒-两瓶装（1个周期）【送一瓶价值149的60粒100mg辅酶Q10】-(625273090086*2+628347570705*1),1,6.714285714285714,0.14893617021276595,SALES_DROP
2025-10-13,,伟博加拿大进口99%纯度1100mg成人omega3深海鱼油心血管养护120粒-一瓶装【体验装】-(625273090086*1),2,13.428571428571429,0.14893617021276595,SALES_DROP
2025-02-26,	7146569951686672673,【效期至27年10月】Webber naturals伟博高纯度Omega3鱼油120粒/瓶S-默认-(DYWEB625273090086),1,6.714285714285714,0.14893617021276595,SALES_DROP
2025-08-20,	7054785415521419523,【子豪专属】WEBBER NATURALS6岁+儿童鱼油高DHA香橙味欧米伽3眼脑同步120粒-默认-(DYWEB625273033496),1,6.714285714285714,0.14893617021276595,SALES_DROP
2025-09-09,	-,Webber Naturals伟博天然阳光小金盾小颗粒深海儿童鱼油+D3 60粒-2瓶装-(625273071634*2),1,6.714285714285714,0.14893617021276595,SALES_DROP
2025-09-09,	-,Webber Naturals伟博天然进口小分子胶原蛋白多肽粉150g z-胶原蛋白多肽粉150g*3-(625273036657*3),1,6.714285714285714,0.14893617021276595,SALES_DROP
2025-09-29,	-,WebberNaturals伟博500mg维生素C胶囊60粒  效期到2026-06-30-3瓶装-(625273076622*3),1,6.714285714285714,0.14893617021276595,SALES_DROP
2025-09-09,,Webber Naturals伟博天然进口小分子胶原蛋白多肽粉150g z-胶原蛋白多肽粉150g*3-(625273036657*3),1,6.714285714285714,0.14893617021276595,SALES_DROP
2025-08-09,	7054785415521419523,WEBBER NATURALS儿童6岁+鱼油高DHA香橙味欧米伽3眼脑同步120粒-默认-(DYWEB625273033496),1,6.714285714285714,0.14893617021276595,SALES_DROP
2025-10-13,,【3瓶装】webber naturals胶原蛋白与神经酰胺生物活性胶原肽120片-【3瓶装】webber naturals胶原蛋白与神经酰胺生物活性胶原肽120片-(625273036695*3),2,13.428571428571429,0.14893617021276595,SALES_DROP
2025-06-06,7.144930821143692e+18,伟博天然进口KSM66南非醉茄印度人参精华3600mg*120粒缓压促睡眠-默认-(DYWEB625273052640),1,6.714285714285714,0.14893617021276595,SALES_DROP
2025-06-15,7.146569951686672e+18,伟博加拿大进口99%纯度1100mg成人omega3鱼油心血管养护120粒 DB-默认-(DYWEB625273090086),1,6.714285714285714,0.14893617021276595,SALES_DROP
2025-04-05,	-,【官方直播】加拿大伟博儿童鱼油高脑力DHA无腥可嚼软胶囊120粒/瓶-2瓶装,4,26.857142857142858,0.14893617021276595,SALES_DROP
2025-09-20,,Webber Naturals伟博天然进口小分子胶原蛋白多肽粉150g z-胶原蛋白多肽粉150g*1-(625273036657*1),1,6.714285714285714,0.14893617021276595,SALES_DROP
2025-10-25,,【官方直播】WebberNaturals 95%高纯度omega-3迷你深海鱼油30粒/瓶-1瓶试用装【不推荐】-(625273070781*1),1,6.714285714285714,0.14893617021276595,SALES_DROP
2025-09-12,	7146569951686672673;7481121574674874687,【董先生专属】WEBBER NATURALS高纯度深海鱼油omega3欧米伽3成人健身鱼油120粒-默认-(DYWEB625273090086);伟博天然进口辅酶Q10胶囊100mg 成人心脏活力60粒（效期至26年6月）-默认-(DYWEB628347570705),2,13.428571428571429,0.14893617021276595,SALES_DROP
2025-09-30,,【官方直播】1100mg鱼油120粒+大豆卵磷脂胶囊1200mg180粒鱼油搭档-1100mg鱼油120粒/瓶+大豆卵磷脂胶囊1200mg180粒/瓶-(625273079746*1+625273090086*1),1,6.714285714285714,0.14893617021276595,SALES_DROP
2025-06-04,,【3瓶装】加拿大伟博天然小分子胶原蛋白多肽粉150g/瓶-3瓶装,1,6.714285714285714,0.14893617021276595,SALES_DROP
2025-09-20,,Webber Naturals伟博天然高纯度1100mg深海精粹鱼油软胶囊60粒 D-1瓶装-(625273090420*1),1,6.714285714285714,0.14893617021276595,SALES_DROP
2025-04-26,,【官方直播】WebberNaturals伟博深海鱼油1100mg高纯度Omega3 120粒-两瓶装【8个月的量送一瓶奶蓟草】,1,6.714285714285714,0.14893617021276595,SALES_DROP
2024-12-18,	7142731245833732390,伟博天然进口儿童鱼油高脑力DHA软胶囊120粒/瓶-默认-(DYWEB625273090185),1,6.714285714285714,0.14893617021276595,SALES_DROP
2025-10-13,,【徐冬冬专属】WEBBER NATURALS高纯度深海鱼油omega3欧米伽3成人健身鱼油120粒-鱼油120粒*1瓶装【赠100mg辅酶60粒一瓶】-(625273090086*1+628347570705*1),1,6.714285714285714,0.14893617021276595,SALES_DROP
2025-07-30,	7054785415521419523,Webber Naturals儿童鱼油150mg高DHA香橙味omega3脑黄金120粒6岁+-默认-(DYWEB625273033496),1,6.714285714285714,0.14893617021276595,SALES_DROP
2025-07-30,	7054785415521419523,【子豪专属】WEBBER NATURALS6岁+儿童鱼油高DHA香橙味欧米伽3眼脑同步120粒-默认-(DYWEB625273033496),1,6.714285714285714,0.14893617021276595,SALES_DROP
2025-06-02,7.05478541552142e+18,Webber Naturals儿童鱼油150mg高DHA香橙味omega3脑黄金120粒6岁+-默认-(DYWEB625273033496),1,6.714285714285714,0.14893617021276595,SALES_DROP
2025-02-26,7.146569951686672e+18,【效期至27年10月】Webber naturals伟博高纯度Omega3鱼油120粒/瓶S-默认-(DYWEB625273090086),1,6.714285714285714,0.14893617021276595,SALES_DROP
2025-03-09,7.146569951686672e+18,伟博精粹金CO2提纯1100mg4倍含量omega3成人心脑欧鱼油120粒 S-默认-(DYWEB625273090086),1,6.714285714285714,0.14893617021276595,SALES_DROP
2025-02-06,7.146569951686672e+18,【效期至27年10月】Webber naturals伟博高纯度Omega3鱼油120粒/瓶S-默认-(DYWEB625273090086),1,6.714285714285714,0.14893617021276595,SALES_DROP
2025-09-13,	7146569951686672673;7481121574674874687,WEBBER NATURALS高纯度深海鱼油omega3欧米伽3成人健身鱼油120粒-默认-(DYWEB625273090086);伟博天然辅酶Q10胶囊100mg 成人心脏活力60粒 效期至26年5月30日-默认-(DYWEB628347570705),2,13.285714285714286,0.15053763440860216,SALES_DROP
2025-04-12,	-,【官方直播】加拿大伟博儿童鱼油高脑力DHA无腥可嚼软胶囊120粒/瓶-2瓶装,4,26.571428571428573,0.15053763440860216,SALES_DROP
2025-04-09,	-,【官方直播】WebberNaturals伟博深海鱼油1390mg高纯度Omega3 120粒-2瓶装,2,13.285714285714286,0.15053763440860216,SALES_DROP
2025-10-12,,伟博加拿大进口99%纯度1100mg成人omega3深海鱼油心血管养护120粒-两瓶装（1个周期）【送一瓶价值149的60粒100mg辅酶Q10】-(625273090086*2+628347570705*1),3,19.857142857142858,0.1510791366906475,SALES_DROP
2025-10-12,	-,伟博加拿大进口99%纯度1100mg成人omega3深海鱼油心血管养护120粒-一瓶装（体验装）-(625273090086*1),4,26.428571428571427,0.15135135135135136,SALES_DROP
2025-11-14,7.146569951686672e+18,WEBBER NATURALS高纯度深海鱼油omega3欧米伽3成人健身鱼油120粒D-默认-(DYWEB625273090086),4,26.285714285714285,0.15217391304347827,SALES_DROP
2025-10-25,,【官方直播】WebberNaturals阳光小金盾小颗粒全家深海鱼油+D3 60粒-2瓶装-(625273071634*2),1,6.571428571428571,0.15217391304347827,SALES_DROP
2025-04-13,7.144930821143692e+18,伟博天然进口KSM66南非醉茄印度人参精华3600mg*120粒缓压促睡眠-默认-(DYWEB625273052640),1,6.571428571428571,0.15217391304347827,SALES_DROP
2025-05-15,7.144930821143692e+18,伟博天然进口KSM66南非醉茄印度人参精华3600mg*120粒缓压促睡眠-默认-(DYWEB625273052640),1,6.571428571428571,0.15217391304347827,SALES_DROP
2025-08-18,7.146569951686672e+18,【董先生专属】WEBBER NATURALS高纯度深海鱼油omega3欧米伽3成人健身鱼油120粒-默认-(DYWEB625273090086),1,6.571428571428571,0.15217391304347827,SALES_DROP
2025-10-25,,【3瓶装】webber naturals胶原蛋白与神经酰胺生物活性胶原肽120片-【3瓶装】webber naturals胶原蛋白与神经酰胺生物活性胶原肽120片-(625273036695*3),1,6.571428571428571,0.15217391304347827,SALES_DROP
2025-05-27,7.086274688812433e+18,Webber Naturals伟博胶原蛋白与神经酰胺生物活性胶原肽120片/瓶-默认-(DYWEB625273036695),1,6.571428571428571,0.15217391304347827,SALES_DROP
2025-06-08,,Webber Naturals伟博天然高纯度1100mg深海精粹鱼油软胶囊60粒 D-2瓶装（赠40mg叶黄素一瓶）,1,6.571428571428571,0.15217391304347827,SALES_DROP
2025-04-13,	7144930821143691527,伟博天然进口KSM66南非醉茄印度人参精华3600mg*120粒缓压促睡眠-默认-(DYWEB625273052640),1,6.571428571428571,0.15217391304347827,SALES_DROP
2025-08-30,7.054785415521419e+18,WEBBER NATURALS儿童6岁+鱼油高DHA香橙味欧米伽3眼脑同步120粒-默认-(DYWEB625273033496),2,13.142857142857142,0.15217391304347827,SALES_DROP
2025-02-06,	7146569951686672673,【效期至27年10月】Webber naturals伟博高纯度Omega3鱼油120粒/瓶S-默认-(DYWEB625273090086),1,6.571428571428571,0.15217391304347827,SALES_DROP
2024-12-23,	7146569951686672673,伟博精粹金CO2提纯1100mg4倍含量omega3成人心脑欧米伽3鱼油120粒-默认-(DYWEB625273090086),1,6.571428571428571,0.15217391304347827,SALES_DROP
2025-01-18,	7146569951686672673,【官方直播】WebberNaturals伟博深海鱼油1390mg高纯度Omega3 120粒-默认-(DYWEB625273090086),1,6.571428571428571,0.15217391304347827,SALES_DROP
2025-03-10,7.05478541552142e+18,Webber Naturals儿童鱼油150mg高DHA香橙味omega3脑黄金120粒6岁+-默认-(DYWEB625273033496),2,13.142857142857142,0.15217391304347827,SALES_DROP
2025-08-04,	7146569951686672673,WEBBER NATURALS高纯度深海鱼油omega3欧米伽3成人健身鱼油120粒D-默认-(DYWEB625273090086),1,6.571428571428571,0.15217391304347827,SALES_DROP
2025-01-27,7.12461115418552e+18,Webber naturals伟博深海鱼油500mgOmega3+D3青少年补脑 100粒/瓶-默认-(DYWEB625273090291),1,6.571428571428571,0.15217391304347827,SALES_DROP
2025-01-21,	7146569951686672673,【效期至27年10月】Webber naturals伟博高纯度Omega3鱼油120粒/瓶S-默认-(DYWEB625273090086),1,6.571428571428571,0.15217391304347827,SALES_DROP
2025-10-29,,【达人专属】伟博加拿大进口99%纯度1100mg成人omega3深海鱼油心血管养护120粒-一瓶装（体验装）-(625273090086*1),1,6.571428571428571,0.15217391304347827,SALES_DROP
2025-11-13,,【子豪专属】伟博天然进口儿童鱼油高脑力DHA软胶囊120粒/瓶-2瓶装-(625273090185*2),1,6.571428571428571,0.15217391304347827,SALES_DROP
2025-06-28,7.146569951686672e+18,【佳姐专属】伟博加拿大进口99%纯度1100mg成人omega3鱼油心血管养护120粒 DB-默认-(DYWEB625273090086),1,6.571428571428571,0.15217391304347827,SALES_DROP
2025-12-07,7.146569951686672e+18,	WEBBER NATURALS高纯度深海鱼油omega3欧米伽3成人健身鱼油120粒,1,6.571428571428571,0.15217391304347827,SALES_DROP
2025-01-18,7.146569951686672e+18,【效期至27年10月】Webber naturals伟博高纯度Omega3鱼油120粒/瓶S-默认-(DYWEB625273090086),1,6.571428571428571,0.15217391304347827,SALES_DROP
2025-01-18,	7124611154185519400,Webber naturals伟博深海鱼油500mgOmega3+D3青少年补脑 100粒/瓶-默认-(DYWEB625273090291),2,13.142857142857142,0.15217391304347827,SALES_DROP
2025-12-01,7.448836024085742e+18,【达人专属】Webber Naturals伟博天然阳光小金盾小颗粒深海儿童鱼油+D3 60粒-默认-(DYWEB625273071634),1,6.571428571428571,0.15217391304347827,SALES_DROP
2026-01-04,7.081273337766478e+18,	WEBBER NATURALS进口Verisol小分子多肽胶原蛋白加生物素120粒/瓶,1,6.571428571428571,0.15217391304347827,SALES_DROP
2025-01-21,7.146569951686672e+18,【官方直播】WebberNaturals伟博深海鱼油1390mg高纯度Omega3 120粒-默认-(DYWEB625273090086),1,6.571428571428571,0.15217391304347827,SALES_DROP
2025-01-21,7.146569951686672e+18,【效期至27年10月】Webber naturals伟博高纯度Omega3鱼油120粒/瓶S-默认-(DYWEB625273090086),1,6.571428571428571,0.15217391304347827,SALES_DROP
2025-03-10,	7054785415521419523,Webber Naturals儿童鱼油150mg高DHA香橙味omega3脑黄金120粒6岁+-默认-(DYWEB625273033496),2,13.0,0.15384615384615385,SALES_DROP
2025-03-27,	7329414437553848576;7427011616899940648,Webber Naturals伟博天然高纯度1390mg深海精粹鱼油软胶囊60粒/瓶-默认-(DYWEB625273090420);Webber伟博 Osteo氨糖软骨素MSM添加乳香姜黄素高端关节修护30粒-默认-(625273090321),4,26.0,0.15384615384615385,SALES_DROP
2025-03-28,	7329414437553848576;7427011616899940648,Webber Naturals伟博天然高纯度1390mg深海精粹鱼油软胶囊60粒/瓶-默认-(DYWEB625273090420);Webber伟博 Osteo氨糖软骨素MSM添加乳香姜黄素高端关节修护30粒-默认-(625273090321),4,26.0,0.15384615384615385,SALES_DROP
2025-05-25,,【官方直播】WebberNaturals伟博深海鱼油1100mg高纯度Omega3 120粒-两瓶装【8个月的量】,1,6.428571428571429,0.15555555555555556,SALES_DROP
2025-11-16,7.054785415521419e+18,【官方直播 】伟博天然6岁+儿童鱼油高DHA欧米伽3香橙味120粒-默认-(DYWEB625273033496),1,6.428571428571429,0.15555555555555556,SALES_DROP
2025-03-19,7.329414437553848e+18,【春蚕专属】Webber Naturals伟博天然高纯度1390mg深海精粹鱼油软胶囊60粒/瓶-默认-(DYWEB625273090420),1,6.428571428571429,0.15555555555555556,SALES_DROP
2025-05-30,7.086274688812433e+18,Webber Naturals伟博胶原蛋白与神经酰胺生物活性胶原肽120片/瓶-默认-(DYWEB625273036695),1,6.428571428571429,0.15555555555555556,SALES_DROP
2025-10-20,,伟博天然进口儿童鱼油高脑力DHA软胶囊120粒/瓶-2瓶装-(625273090185*2),1,6.428571428571429,0.15555555555555556,SALES_DROP
2025-01-22,7.144930821143692e+18,伟博天然进口KSM66南非醉茄印度人参精华3600mg*120粒缓压促睡眠-默认-(DYWEB625273052640),1,6.428571428571429,0.15555555555555556,SALES_DROP
2025-10-17,,Webber Naturals伟博天然高纯度1100mg深海精粹鱼油软胶囊60粒 Z-1瓶装-(625273090420*1),1,6.428571428571429,0.15555555555555556,SALES_DROP
2025-03-24,,【官方直播】WebberNaturals伟博深海鱼油1390mg高纯度Omega3 120粒-5瓶装,1,6.428571428571429,0.15555555555555556,SALES_DROP
2025-08-10,7.054785415521419e+18,WEBBER NATURALS儿童6岁+鱼油高DHA香橙味欧米伽3眼脑同步120粒-默认-(DYWEB625273033496),1,6.428571428571429,0.15555555555555556,SALES_DROP
2025-08-08,7.054785415521419e+18,WEBBER NATURALS儿童6岁+鱼油高DHA香橙味欧米伽3眼脑同步120粒-默认-(DYWEB625273033496),1,6.428571428571429,0.15555555555555556,SALES_DROP
2025-09-04,	-,Webber Naturals伟博天然高纯度1100mg深海精粹鱼油软胶囊60粒 D-1瓶装-(625273090420*1),1,6.428571428571429,0.15555555555555556,SALES_DROP
2025-08-08,	7054785415521419523,【子豪专属】WEBBER NATURALS6岁+儿童鱼油高DHA香橙味欧米伽3眼脑同步120粒-默认-(DYWEB625273033496),1,6.428571428571429,0.15555555555555556,SALES_DROP
2025-09-24,	-,伟博天然进口KSM-66 南非醉茄 降低皮质醇缓压促睡眠120粒-7200mg南非醉茄一瓶（120粒 每天1粒 可吃4个月）-(625273071597*1),1,6.428571428571429,0.15555555555555556,SALES_DROP
2025-04-03,,伟博天然进口辅酶Q10胶囊100mg 成人心脏活力60粒（效期至26年5月）-3瓶装,1,6.428571428571429,0.15555555555555556,SALES_DROP
2025-04-03,,伟博Osteo氨糖软骨素MSM 高端关节修护30粒（效期至25年7月）-3瓶,1,6.428571428571429,0.15555555555555556,SALES_DROP
2025-04-03,,伟博Osteo氨糖软骨素MSM 高端关节修护30粒（效期至25年7月）-1瓶装,1,6.428571428571429,0.15555555555555556,SALES_DROP
2025-02-07,	7146569951686672673,【老板娘专属】伟博精粹金CO2提纯1100mg4倍含量omega3成人心脑欧米伽3鱼油120粒-默认-(DYWEB625273090086),1,6.428571428571429,0.15555555555555556,SALES_DROP
2026-01-01,7.054785415521419e+18,	【子豪专属】WEBBER NATURALS6岁+儿童鱼油高DHA香橙味欧米伽3眼脑同步120粒,1,6.428571428571429,0.15555555555555556,SALES_DROP
2025-08-10,	7054785415521419523,WEBBER NATURALS儿童6岁+鱼油高DHA香橙味欧米伽3眼脑同步120粒-默认-(DYWEB625273033496),1,6.428571428571429,0.15555555555555556,SALES_DROP
2025-04-03,,【summer专属3瓶装】加拿大伟博天然胶原蛋白与神经酰胺120片/瓶-【3瓶组合装】,1,6.428571428571429,0.15555555555555556,SALES_DROP
2025-04-03,,【YY专属】Webber Naturals伟博维生素C1000毫克150粒/瓶（效期至25年9月）-3瓶装,1,6.428571428571429,0.15555555555555556,SALES_DROP
2025-09-09,,【官方直播】WebberNaturals 95%高纯度omega-3迷你深海鱼油30粒/瓶-2瓶周期装【送一瓶价值149元的60粒100mg辅酶Q10】-(625273070781*2),1,6.428571428571429,0.15555555555555556,SALES_DROP
2025-09-11,	-,Webber Naturals伟博天然阳光小金盾小颗粒全家深海鱼油+D3 60粒-1瓶装-(625273071634*1),1,6.428571428571429,0.15555555555555556,SALES_DROP
2025-01-21,	7146569951686672673,【官方直播】WebberNaturals伟博深海鱼油1390mg高纯度Omega3 120粒-默认-(DYWEB625273090086),1,6.428571428571429,0.15555555555555556,SALES_DROP
2025-09-20,	-,Webber Naturals伟博天然进口小分子胶原蛋白多肽粉150g z-胶原蛋白多肽粉150g*1-(625273036657*1),1,6.428571428571429,0.15555555555555556,SALES_DROP
2025-10-11,	-,伟博加拿大进口99%纯度1100mg成人omega3深海鱼油心血管养护120粒-两瓶装（1个周期）【送一瓶价值149的60粒100mg辅酶Q10】-(625273090086*2+628347570705*1),3,19.285714285714285,0.15555555555555556,SALES_DROP
2025-09-20,	-,Webber Naturals伟博天然高纯度1100mg深海精粹鱼油软胶囊60粒 D-1瓶装-(625273090420*1),1,6.428571428571429,0.15555555555555556,SALES_DROP
2025-03-26,,【效期至2027.7.29】加拿大伟博天然安睡宝 茶氨酸褪黑素45粒/瓶-褪黑素45粒*1,1,6.428571428571429,0.15555555555555556,SALES_DROP
2025-10-27,7.448836024085742e+18,Webber Naturals伟博天然阳光小金盾小颗粒深海儿童鱼油+D3 60粒-默认-(DYWEB625273071634),1,6.428571428571429,0.15555555555555556,SALES_DROP
2025-03-20,	7199138110997872936,【二姐专属】Webber   Naturals伟博维生素C1000毫克150粒/瓶（效期至25年9月）-默认-(DYWEB625273032727),1,6.428571428571429,0.15555555555555556,SALES_DROP
2025-05-23,,【官方直播】WebberNaturals伟博深海鱼油1100mg高纯度Omega3 120粒-两瓶装【8个月的量】,1,6.428571428571429,0.15555555555555556,SALES_DROP
2025-06-01,7.146569951686672e+18,伟博加拿大进口99%纯度1100mg成人omega3鱼油心血管养护120粒 DB-默认-(DYWEB625273090086),1,6.428571428571429,0.15555555555555556,SALES_DROP
2025-10-15,	-,【徐冬冬专属】WEBBER NATURALS高纯度深海鱼油omega3欧米伽3成人健身鱼油120粒-鱼油120粒*1瓶装【赠100mg辅酶60粒一瓶】-(625273090086*1+628347570705*1),1,6.428571428571429,0.15555555555555556,SALES_DROP
2025-10-16,	-,【3瓶装】webber naturals胶原蛋白与神经酰胺生物活性胶原肽120片-【3瓶装】webber naturals胶原蛋白与神经酰胺生物活性胶原肽120片-(625273036695*3),1,6.428571428571429,0.15555555555555556,SALES_DROP
2025-10-27,	7448836024085741839,Webber Naturals伟博天然阳光小金盾小颗粒深海儿童鱼油+D3 60粒-默认-(DYWEB625273071634),1,6.428571428571429,0.15555555555555556,SALES_DROP
2025-10-13,	-,伟博加拿大进口99%纯度1100mg成人omega3深海鱼油心血管养护120粒-一瓶装【体验装】-(625273090086*1),2,12.857142857142858,0.15555555555555556,SALES_DROP
2025-04-15,7.146569951686672e+18,伟博精粹金CO2提纯1100mg4倍含量omega3成人心脑欧鱼油120粒 S-默认-(DYWEB625273090086),3,19.142857142857142,0.15671641791044777,SALES_DROP
2025-09-06,7.144930821143691e+18,WEBBER NATURALS南非醉茄KSM66 3600mg降低皮质醇缓压促睡眠120粒-默认-(DYWEB625273052640),3,19.142857142857142,0.15671641791044777,SALES_DROP
2025-08-29,7.144930821143691e+18,WEBBER NATURALS南非醉茄KSM66 3600mg降低皮质醇缓压促睡眠120粒-默认-(DYWEB625273052640),2,12.714285714285714,0.15730337078651685,SALES_DROP
2025-03-16,7.11003268465066e+18,【效期至25年6月】webbernaturals伟博500mg维生素C胶囊60粒-默认-(625273076622),2,12.714285714285714,0.15730337078651685,SALES_DROP
2025-03-09,	7427011616899940648,【官方直播】WebberNaturals伟博深海鱼油1390mg高纯度Omega3 120粒-3瓶装;Webber伟博 Osteo氨糖软骨素MSM添加乳香姜黄素高端关节修护30粒-默认-(625273090321),4,25.428571428571427,0.15730337078651685,SALES_DROP
2025-01-19,7.05478541552142e+18,Webber Naturals儿童鱼油150mg高DHA香橙味omega3脑黄金120粒6岁+-默认-(DYWEB625273033496),2,12.714285714285714,0.15730337078651685,SALES_DROP
2025-01-09,	7142731245833732390,webbernaturals进口儿童鱼油欧米伽3高DHA爆浆深海鱼油120粒 1岁+-默认-(DYWEB625273090185),3,19.0,0.15789473684210525,SALES_DROP
2025-02-25,	7329414437553848576,【楚门OI专属】Webber Naturals伟博天然高纯度1390mg深海精粹鱼油软胶囊60粒/瓶-默认-(DYWEB625273090420),1,6.285714285714286,0.1590909090909091,SALES_DROP
2025-07-13,7.142731245833732e+18,【子豪专属】WEBBER NATURALS进口儿童鱼油欧米伽3高DHA爆浆深海鱼油120粒1岁+-默认-(DYWEB625273090185),1,6.285714285714286,0.1590909090909091,SALES_DROP
2025-09-30,,【美彤专属】【儿童拍】WebberNaturals伟博小金盾小颗粒深海儿童鱼油+D3 60粒-【儿童拍】2瓶装（送一瓶40mg叶黄素）-(625273071634*2+625273070255*1),1,6.285714285714286,0.1590909090909091,SALES_DROP
2025-11-05,7.448836024085742e+18,Webber Naturals伟博天然阳光小金盾小颗粒深海儿童鱼油+D3 60粒-默认-(DYWEB625273071634),2,12.571428571428571,0.1590909090909091,SALES_DROP
2025-12-25,,	伟博加拿大进口99%纯度1100mg成人omega3深海鱼油心血管养护120粒,1,6.285714285714286,0.1590909090909091,SALES_DROP
2025-03-24,	-,伟博Osteo氨糖软骨素MSM 高端关节修护30粒（效期至25年7月）-3瓶,1,6.285714285714286,0.1590909090909091,SALES_DROP
2025-04-04,	-,Webber Naturals伟博天然进口小分子胶原蛋白多肽粉150g z-胶原蛋白多肽粉150g*3,1,6.285714285714286,0.1590909090909091,SALES_DROP
2025-08-06,7.144930821143691e+18,WEBBER NATURALS南非醉茄KSM66 3600mg降低皮质醇缓压促睡眠120粒-默认-(DYWEB625273052640),1,6.285714285714286,0.1590909090909091,SALES_DROP
2025-08-11,7.146569951686672e+18,WEBBER NATURALS高纯度深海鱼油omega3欧米伽3成人健身鱼油120粒D-默认-(DYWEB625273090086),1,6.285714285714286,0.1590909090909091,SALES_DROP
2025-04-03,7.329414437553848e+18,【春蚕专属】Webber Naturals伟博天然高纯度1390mg深海精粹鱼油软胶囊60粒/瓶-默认-(DYWEB625273090420),1,6.285714285714286,0.1590909090909091,SALES_DROP
2025-05-19,7.146569951686672e+18,伟博精粹金CO2提纯1100mg4倍含量omega3成人心脑欧鱼油120粒 D-默认-(DYWEB625273090086),1,6.285714285714286,0.1590909090909091,SALES_DROP
2025-04-01,7.329414437553848e+18,Webber Naturals伟博天然高纯度1390mg深海精粹鱼油软胶囊60粒/瓶-默认-(DYWEB625273090420),1,6.285714285714286,0.1590909090909091,SALES_DROP
2025-03-25,	-,Webber naturals伟博深海鱼油900mg高纯度Omega3/DHA/EPA 200粒z-伟博油900mg深海鱼油200粒*2,1,6.285714285714286,0.1590909090909091,SALES_DROP
2025-07-04,	7144930821143691527,伟博天然进口KSM66南非醉茄印度人参精华3600mg*120粒降低皮质醇-默认-(DYWEB625273052640),1,6.285714285714286,0.1590909090909091,SALES_DROP
2025-03-08,	7146569951686672673,【效期至27年10月】Webber naturals伟博高纯度Omega3鱼油120粒/瓶S-默认-(DYWEB625273090086),1,6.285714285714286,0.1590909090909091,SALES_DROP
2025-07-29,	7146569951686672673,WEBBER NATURALS高纯度深海鱼油omega3欧米伽3成人健身鱼油120粒D-默认-(DYWEB625273090086),1,6.285714285714286,0.1590909090909091,SALES_DROP
2025-08-06,	7144930821143691527,WEBBER NATURALS南非醉茄KSM66 3600mg降低皮质醇缓压促睡眠120粒-默认-(DYWEB625273052640),1,6.285714285714286,0.1590909090909091,SALES_DROP
2025-04-10,,【官方直播】加拿大伟博Webber儿童鱼油高DHAOmega-3甜橙味120粒/瓶-2瓶装,1,6.285714285714286,0.1590909090909091,SALES_DROP
2025-01-19,	7054785415521419523,Webber Naturals儿童鱼油150mg高DHA香橙味omega3脑黄金120粒6岁+-默认-(DYWEB625273033496),2,12.571428571428571,0.1590909090909091,SALES_DROP
2025-08-07,7.054785415521419e+18,WEBBER NATURALS儿童6岁+鱼油高DHA香橙味欧米伽3眼脑同步120粒-默认-(DYWEB625273033496),1,6.285714285714286,0.1590909090909091,SALES_DROP
2025-08-07,	7054785415521419523,【子豪专属】WEBBER NATURALS6岁+儿童鱼油高DHA香橙味欧米伽3眼脑同步120粒-默认-(DYWEB625273033496),1,6.285714285714286,0.1590909090909091,SALES_DROP
2025-07-11,7.05478541552142e+18,【子豪专属】WEBBER NATURALS6岁+儿童鱼油高DHA香橙味欧米伽3眼脑同步120粒-默认-(DYWEB625273033496),1,6.285714285714286,0.1590909090909091,SALES_DROP
2025-10-31,	7481121574674874687,Webber Naturals伟博天然进口小分子胶原蛋白多肽粉150g z-1瓶装-(625273036657*1);伟博天然辅酶Q10胶囊100mg 成人心脏活力60粒 效期至26年5月30日-默认-(DYWEB628347570705),2,12.571428571428571,0.1590909090909091,SALES_DROP
2025-10-18,7.448836024085742e+18,Webber Naturals伟博天然阳光小金盾小颗粒深海儿童鱼油+D3 60粒-默认-(DYWEB625273071634),1,6.285714285714286,0.1590909090909091,SALES_DROP
2025-09-06,	-,【官方直播】加拿大伟博儿童鱼油高脑力DHA无腥可嚼软胶囊120粒/瓶-2瓶装-(625273090185*2),1,6.285714285714286,0.1590909090909091,SALES_DROP
2025-09-11,	-,【董先生专属】【2瓶装】伟博精粹金CO2提纯1100mg4倍含量omega3成人心脑鱼油120粒-两瓶装（周期装）【送一瓶价值149的60粒100mg辅酶Q10】-(625273090086*2+628347570705*1),1,6.285714285714286,0.1590909090909091,SALES_DROP
2025-09-11,	-,Webber Naturals伟博天然阳光小金盾小颗粒深海儿童鱼油+D3 60粒-2瓶装-(625273071634*2),1,6.285714285714286,0.1590909090909091,SALES_DROP
2025-06-03,,【官方直播】WebberNaturals伟博深海鱼油1100mg高纯度Omega3 120粒-三瓶装【一年的量送一瓶奶蓟草】,1,6.285714285714286,0.1590909090909091,SALES_DROP
2025-09-07,7.146569951686672e+18,WEBBER NATURALS高纯度深海鱼油omega3欧米伽3成人健身鱼油120粒D-默认-(DYWEB625273090086),1,6.285714285714286,0.1590909090909091,SALES_DROP
2025-03-31,7.329414437553848e+18,【春蚕专属】Webber Naturals伟博天然高纯度1390mg深海精粹鱼油软胶囊60粒/瓶-默认-(DYWEB625273090420),1,6.285714285714286,0.1590909090909091,SALES_DROP
2025-07-13,7.12461115418552e+18,WEBBER NATURALS500mg Omega-3深海鱼油添加D3青少年鱼油100粒/瓶-默认-(DYWEB625273090291),1,6.285714285714286,0.1590909090909091,SALES_DROP
2025-04-11,,Webber naturals伟博深海鱼油900mg高纯度Omega3/DHA/EPA 200粒z-伟博油900mg深海鱼油200粒*1,1,6.285714285714286,0.1590909090909091,SALES_DROP
2025-08-21,	7054785415521419523,【子豪专属】WEBBER NATURALS6岁+儿童鱼油高DHA香橙味欧米伽3眼脑同步120粒-默认-(DYWEB625273033496),1,6.285714285714286,0.1590909090909091,SALES_DROP
2025-11-12,,【儿童心脑眼组合】伟博天然小金盾鱼油60粒+6岁+儿童叶黄素60粒-鱼油护眼组合-(625273071634*1+625273033342*1),1,6.285714285714286,0.1590909090909091,SALES_DROP
2025-11-13,,【进博会专属】伟博天然1岁+儿童鱼油高脑力DHA可嚼软胶囊120粒-1瓶装-(625273090185*1),1,6.285714285714286,0.1590909090909091,SALES_DROP
2025-08-18,	7146569951686672673,【董先生专属】WEBBER NATURALS高纯度深海鱼油omega3欧米伽3成人健身鱼油120粒-默认-(DYWEB625273090086),1,6.285714285714286,0.1590909090909091,SALES_DROP
2024-12-29,	-,webber naturals伟博天然蔓越莓浓缩精华胶囊80粒z-伟博天然蔓越莓浓缩精华胶囊80粒*1,1,6.285714285714286,0.1590909090909091,SALES_DROP
2025-12-24,,	【效期至2027年12月】伟博天然高纯度深海鱼油omega3成人健身120粒,1,6.285714285714286,0.1590909090909091,SALES_DROP
2024-12-29,	-,Webber naturals伟博深海鱼油1100mg高纯度Omega3 120粒 z-1瓶装,1,6.285714285714286,0.1590909090909091,SALES_DROP
2025-11-13,,【进博会专属】伟博天然1岁+儿童鱼油高脑力DHA可嚼软胶囊120粒-2瓶装-(625273090185*2),1,6.285714285714286,0.1590909090909091,SALES_DROP
2025-05-19,,【效期至26年6月30日】Webber naturals伟博500mg维生素C胶囊60粒-3瓶装,1,6.285714285714286,0.1590909090909091,SALES_DROP
2025-05-20,,伟博进口99%纯度1100mg成人omega3深海鱼油中老年心血管养护120粒-3瓶装（1年的量）,1,6.285714285714286,0.1590909090909091,SALES_DROP
2025-09-06,	7144930821143691527,WEBBER NATURALS南非醉茄KSM66 3600mg降低皮质醇缓压促睡眠120粒-默认-(DYWEB625273052640),3,18.714285714285715,0.16030534351145037,SALES_DROP
2025-07-04,7.142731245833732e+18,【子豪专属】WebberNaturals进口儿童鱼油欧米伽3高DHA爆浆深海鱼油120粒 1岁+-默认-(DYWEB625273090185),2,12.428571428571429,0.16091954022988506,SALES_DROP
2024-12-28,	7077809856803225896,WebberNaturals伟博深海鱼油900mg高纯度Omega3 DHA/EPA鱼油200粒-默认-(DYWEB625273052985),2,12.428571428571429,0.16091954022988506,SALES_DROP
2024-12-30,	7142731245833732390,webbernaturals进口儿童鱼油欧米伽3高DHA爆浆深海鱼油120粒 1岁+-默认-(DYWEB625273090185),3,18.571428571428573,0.16153846153846152,SALES_DROP
2025-08-25,7.124611154185519e+18,WEBBER NATURALS500mg Omega-3深海鱼油添加D3青少年鱼油100粒/瓶-默认-(DYWEB625273090291),1,6.142857142857143,0.1627906976744186,SALES_DROP
2025-07-25,	7144930821143691527,WEBBER NATURALS南非醉茄KSM66 3600mg降低皮质醇缓压促睡眠120粒-默认-(DYWEB625273052640),1,6.142857142857143,0.1627906976744186,SALES_DROP
2025-04-02,,伟博Osteo氨糖软骨素MSM 高端关节修护30粒（效期至25年7月）-1瓶装,1,6.142857142857143,0.1627906976744186,SALES_DROP
2025-10-14,,【成人拍】WebberNaturals高纯度深海鱼油omega3成人健身鱼油120粒-【成人拍】1瓶装（送一瓶40mg叶黄素）-(625273090086*1+625273070255*1),1,6.142857142857143,0.1627906976744186,SALES_DROP
2025-06-03,,【官方直播】加拿大伟博Webber鱼油500mgOmega3+D3青少年 100粒/瓶-3瓶装,1,6.142857142857143,0.1627906976744186,SALES_DROP
2025-06-03,,伟博进口99%纯度1100mg成人omega3深海鱼油中老年心血管养护120粒-2瓶装（8个月的量）,1,6.142857142857143,0.1627906976744186,SALES_DROP
2025-09-29,	-,Webber Naturals伟博天然阳光小金盾小颗粒深海儿童鱼油+D3 60粒-2瓶装-(625273071634*2),1,6.142857142857143,0.1627906976744186,SALES_DROP
2025-04-01,7.329414437553848e+18,【春蚕专属】Webber Naturals伟博天然高纯度1390mg深海精粹鱼油软胶囊60粒/瓶-默认-(DYWEB625273090420),1,6.142857142857143,0.1627906976744186,SALES_DROP
2025-08-03,7.054785415521419e+18,WEBBER NATURALS儿童6岁+鱼油高DHA香橙味欧米伽3眼脑同步120粒-默认-(DYWEB625273033496),1,6.142857142857143,0.1627906976744186,SALES_DROP
2025-09-30,	-,伟博加拿大进口99%纯度1100mg成人omega3深海鱼油心血管养护120粒-三瓶装（1年量）【送两瓶价值149的60粒100mg辅酶Q10】-(625273090086*3+628347570705*2),1,6.142857142857143,0.1627906976744186,SALES_DROP
2025-08-26,	-,伟博加拿大进口99%纯度1100mg成人omega3深海鱼油心血管养护120粒-两瓶装（1个周期）【送一瓶价值149的60粒100mg辅酶Q10】-(625273090086*2+628347570705*1),1,6.142857142857143,0.1627906976744186,SALES_DROP
2025-08-08,7.054785415521419e+18,【子豪专属】WEBBER NATURALS6岁+儿童鱼油高DHA香橙味欧米伽3眼脑同步120粒-默认-(DYWEB625273033496),1,6.142857142857143,0.1627906976744186,SALES_DROP
2025-01-24,7.05478541552142e+18,伟博天然儿童鱼油150mg高DHA香橙味omega3IVO认证脑黄金120粒6岁+-默认-(DYWEB625273033496),1,6.142857142857143,0.1627906976744186,SALES_DROP
2025-02-28,	7146569951686672673,【效期至27年10月】Webber naturals伟博高纯度Omega3鱼油120粒/瓶S-默认-(DYWEB625273090086),1,6.142857142857143,0.1627906976744186,SALES_DROP
2025-12-24,,	【达人专属】Webber Naturals伟博天然进口小分子胶原蛋白多肽粉150g z,1,6.142857142857143,0.1627906976744186,SALES_DROP
2025-04-04,	-,Webber naturals伟博深海鱼油900mg高纯度Omega3/DHA/EPA 200粒z-伟博油900mg深海鱼油200粒*1,1,6.142857142857143,0.1627906976744186,SALES_DROP
2025-03-21,	7199138110997872936,【二姐专属】Webber   Naturals伟博维生素C1000毫克150粒/瓶（效期至25年9月）-默认-(DYWEB625273032727),1,6.142857142857143,0.1627906976744186,SALES_DROP
2025-05-23,,【3瓶装】webber naturals胶原蛋白与神经酰胺生物活性胶原肽120片-【3瓶装】webber naturals胶原蛋白与神经酰胺生物活性胶原肽120片,1,6.142857142857143,0.1627906976744186,SALES_DROP
2025-01-07,	7081192833746780446,webbernaturals辅酶Q10天然发酵免疫软胶囊60粒/瓶100mg营养-默认-(DYWEB625273038552),1,6.142857142857143,0.1627906976744186,SALES_DROP
2025-01-05,	7081192833746780446,webbernaturals辅酶Q10天然发酵免疫软胶囊60粒/瓶100mg营养-默认-(DYWEB625273038552),1,6.142857142857143,0.1627906976744186,SALES_DROP
2025-05-15,,【子子小琪专属】Webber Naturals伟博天然高纯度1100mg深海精粹鱼油软胶囊60粒 D-2瓶装（赠40mg叶黄素一瓶）,1,6.142857142857143,0.1627906976744186,SALES_DROP
2025-05-15,,【春蚕专属】伟博天然高纯度1390mg深海精粹鱼油软胶囊60粒 DB-鱼油2瓶【赠叶黄素1瓶+奶蓟草1瓶（奶蓟草少量送完为止）】,1,6.142857142857143,0.1627906976744186,SALES_DROP
2025-06-15,,伟博天然进口儿童鱼油高脑力DHA软胶囊120粒/瓶-1瓶装,1,6.142857142857143,0.1627906976744186,SALES_DROP
2025-04-07,	-,【官方直播】WebberNaturals伟博深海鱼油1390mg高纯度Omega3 120粒-2瓶装,2,12.285714285714286,0.1627906976744186,SALES_DROP
2025-10-21,,Webber Naturals伟博天然阳光小金盾小颗粒深海儿童鱼油+D3 60粒-2瓶装-(625273071634*2),1,6.142857142857143,0.1627906976744186,SALES_DROP
2025-01-19,7.144930821143692e+18,伟博天然进口KSM66南非醉茄印度人参精华3600mg*120粒缓压促睡眠-默认-(DYWEB625273052640),1,6.142857142857143,0.1627906976744186,SALES_DROP
2025-05-19,,Webber Naturals伟博天然高纯度1100mg深海精粹鱼油软胶囊60粒 D-1瓶装（赠500mgVC一瓶）,1,6.142857142857143,0.1627906976744186,SALES_DROP
2025-05-20,,WebberNaturals伟博天然高纯度1390mg深海精粹鱼油软胶囊60粒/瓶s-120粒*1瓶【4个月量】,1,6.142857142857143,0.1627906976744186,SALES_DROP
2025-10-21,,【官方直播】WebberNaturals阳光小金盾小颗粒全家深海鱼油+D3 60粒-1瓶装-(625273071634*1),1,6.142857142857143,0.1627906976744186,SALES_DROP
2025-01-08,7.146569951686672e+18,【效期至27年10月】Webber naturals伟博高纯度Omega3鱼油120粒/瓶S-默认-(DYWEB625273090086),1,6.142857142857143,0.1627906976744186,SALES_DROP
2025-04-08,	-,伟博Osteo氨糖软骨素MSM 高端关节修护30粒（效期至25年7月）-1瓶装,1,6.142857142857143,0.1627906976744186,SALES_DROP
2025-07-10,	7124611154185519400,Webber naturals伟博深海鱼油500mgOmega3+D3青少年补脑 100粒/瓶-默认-(DYWEB625273090291),1,6.142857142857143,0.1627906976744186,SALES_DROP
2025-09-28,7.448836024085742e+18,Webber Naturals伟博天然阳光小金盾小颗粒深海儿童鱼油+D3 60粒-默认-(DYWEB625273071634),2,12.285714285714286,0.1627906976744186,SALES_DROP
2025-01-24,	7054785415521419523,伟博天然儿童鱼油150mg高DHA香橙味omega3IVO认证脑黄金120粒6岁+-默认-(DYWEB625273033496),1,6.142857142857143,0.1627906976744186,SALES_DROP
2025-02-26,	7329414437553848576,Webber Naturals伟博天然高纯度1390mg深海精粹鱼油软胶囊60粒/瓶-默认-(DYWEB625273090420),1,6.142857142857143,0.1627906976744186,SALES_DROP
2025-09-28,	7448836024085741839,Webber Naturals伟博天然阳光小金盾小颗粒深海儿童鱼油+D3 60粒-默认-(DYWEB625273071634),2,12.285714285714286,0.1627906976744186,SALES_DROP
2025-10-05,,【美彤专属】【儿童拍】WebberNaturals伟博小金盾小颗粒深海儿童鱼油+D3 60粒-【儿童拍】2瓶装（送一瓶40mg叶黄素）-(625273071634*2+625273070255*1),1,6.142857142857143,0.1627906976744186,SALES_DROP
2025-11-05,	7448836024085741839,Webber Naturals伟博天然阳光小金盾小颗粒深海儿童鱼油+D3 60粒-默认-(DYWEB625273071634),2,12.285714285714286,0.1627906976744186,SALES_DROP
2025-12-25,,	【官方直播】伟博天然进口深海鱼油1100mg高纯度Omega3 120粒,1,6.142857142857143,0.1627906976744186,SALES_DROP
2025-12-25,,	【囤货3瓶装】WebberNaturals伟博天然500mg维生素C胶囊60粒,1,6.142857142857143,0.1627906976744186,SALES_DROP
2025-04-07,	-,伟博天然进口辅酶Q10胶囊100mg 成人心脏活力60粒（效期至26年6月）-1瓶装,1,6.142857142857143,0.1627906976744186,SALES_DROP
2025-04-06,7.427011616899939e+18,Webber伟博 Osteo氨糖软骨素MSM添加乳香姜黄素高端关节修护30粒-默认-(625273090321),2,12.285714285714286,0.1627906976744186,SALES_DROP
2025-11-12,,【官方直播】WebberNaturals阳光小金盾小颗粒全家深海鱼油+D3 60粒-1瓶装-(625273071634*1),1,6.142857142857143,0.1627906976744186,SALES_DROP
2025-02-07,7.146569951686672e+18,【老板娘专属】伟博精粹金CO2提纯1100mg4倍含量omega3成人心脑欧米伽3鱼油120粒-默认-(DYWEB625273090086),1,6.142857142857143,0.1627906976744186,SALES_DROP
2025-11-09,,【子豪&琳琳】伟博天然进口儿童鱼油高脑力DHA软胶囊120粒/瓶-1瓶装-(625273090185*1),1,6.142857142857143,0.1627906976744186,SALES_DROP
2025-03-15,	7086274688812433667,Webber Naturals伟博胶原蛋白与神经酰胺生物活性胶原肽120片/瓶-默认-(DYWEB625273036695);Webber Naturals伟博天然进口小分子胶原蛋白多肽粉150g z-胶原蛋白多肽粉150g*3,3,18.285714285714285,0.1640625,SALES_DROP
2025-10-02,7.146569951686672e+18,WEBBER NATURALS高纯度深海鱼油omega3欧米伽3成人健身鱼油120粒D-默认-(DYWEB625273090086),2,12.142857142857142,0.16470588235294117,SALES_DROP
2025-08-08,7.05478541563052e+18,伟博天然进口α硫辛酸胶囊100mg*60粒/瓶-默认-(DYWEB625273031287),2,12.142857142857142,0.16470588235294117,SALES_DROP
2025-11-05,	7503765776017555739,【官方直播】加拿大伟博儿童鱼油高脑力DHA无腥可嚼软胶囊120粒/瓶-2瓶装-(625273090185*2);WEBBER NATURALS茶氨酸加纳籽褪黑素香蜂草草本5重配方安睡宝10粒-默认-(DYWEB990312500179),2,12.142857142857142,0.16470588235294117,SALES_DROP
2025-11-28,7.146569951686672e+18,【达人专属】WEBBER NATURALS高纯度深海鱼油omega3欧米伽3成人健身鱼油120粒-默认-(DYWEB625273090086),2,12.142857142857142,0.16470588235294117,SALES_DROP
2025-03-06,	7077809856803225896;7110032684650660136,WebberNaturals伟博深海鱼油900mg高纯度Omega3 DHA/EPA鱼油200粒-默认-(DYWEB625273052985);【效期至25年6月】webbernaturals伟博500mg维生素C胶囊60粒-默认-(625273076622),6,36.285714285714285,0.16535433070866143,SALES_DROP
2025-10-15,,【3瓶装】webber naturals胶原蛋白与神经酰胺生物活性胶原肽120片-【3瓶装】webber naturals胶原蛋白与神经酰胺生物活性胶原肽120片-(625273036695*3),1,6.0,0.16666666666666666,SALES_DROP
2025-09-05,,【官方直播】WebberNaturals 95%高纯度omega-3迷你深海鱼油30粒/瓶-2瓶周期装【送一瓶价值149元的60粒100mg辅酶Q10】-(625273070781*2),1,6.0,0.16666666666666666,SALES_DROP
2025-08-29,	-,【官方直播】WebberNaturals 95%高纯度omega-3迷你深海鱼油30粒/瓶-1瓶试用装【不推荐】-(625273070781*1),1,6.0,0.16666666666666666,SALES_DROP
2025-10-15,,【官方直播】1100mg鱼油120粒+大豆卵磷脂胶囊1200mg180粒鱼油搭档-1100mg鱼油120粒/瓶+大豆卵磷脂胶囊1200mg180粒/瓶-(625273079746*1+625273090086*1),1,6.0,0.16666666666666666,SALES_DROP
2025-04-02,,伟博天然进口辅酶Q10胶囊100mg 成人心脏活力60粒（效期至26年5月）-3瓶装,1,6.0,0.16666666666666666,SALES_DROP
2025-10-14,,【官方直播】1100mg鱼油120粒+大豆卵磷脂胶囊1200mg180粒鱼油搭档-1100mg鱼油120粒/瓶+大豆卵磷脂胶囊1200mg180粒/瓶-(625273079746*1+625273090086*1),1,6.0,0.16666666666666666,SALES_DROP
2024-12-20,	7054785415630536992,奶蓟草护肝片姜黄硫辛酸熬夜加班养护65粒/瓶-默认-(DYWEB625273034523),1,6.0,0.16666666666666666,SALES_DROP
2025-01-19,	7144930821143691527,伟博天然进口KSM66南非醉茄印度人参精华3600mg*120粒缓压促睡眠-默认-(DYWEB625273052640),1,6.0,0.16666666666666666,SALES_DROP
2025-04-09,	7144930821143691527,伟博天然进口KSM66南非醉茄印度人参精华3600mg*120粒缓压促睡眠-默认-(DYWEB625273052640),1,6.0,0.16666666666666666,SALES_DROP
2025-01-22,	7146569951686672673,【效期至27年10月】Webber naturals伟博高纯度Omega3鱼油120粒/瓶S-默认-(DYWEB625273090086),1,6.0,0.16666666666666666,SALES_DROP
2025-10-14,,伟博天然进口儿童鱼油高脑力DHA软胶囊120粒/瓶-2瓶装-(625273090185*2),1,6.0,0.16666666666666666,SALES_DROP
2025-08-21,	7144930821143691527,WEBBER NATURALS南非醉茄KSM66 3600mg降低皮质醇缓压促睡眠120粒-默认-(DYWEB625273052640),1,6.0,0.16666666666666666,SALES_DROP
2025-01-24,	7146569951686672673,【官方直播】WebberNaturals伟博深海鱼油1390mg高纯度Omega3 120粒-默认-(DYWEB625273090086),1,6.0,0.16666666666666666,SALES_DROP
2025-10-14,,【美彤专属】【成人拍】WebberNaturals高纯度深海鱼油omega3成人健身鱼油120粒-【成人拍】1瓶装（送一瓶40mg叶黄素）-(625273090086*1+625273070255*1),1,6.0,0.16666666666666666,SALES_DROP
2025-08-19,,【官方直播】WebberNaturals伟博深海鱼油1100mg高纯度Omega3 120粒-两瓶装【8个月的量】-(625273090086*2),1,6.0,0.16666666666666666,SALES_DROP
2025-09-09,	-,【官方直播】加拿大伟博Webber鱼油500mgOmega3+D3青少年 100粒/瓶-2瓶装-(625273090291*2),1,6.0,0.16666666666666666,SALES_DROP
2025-08-30,	7054785415521419523,WEBBER NATURALS儿童6岁+鱼油高DHA香橙味欧米伽3眼脑同步120粒-默认-(DYWEB625273033496),2,12.0,0.16666666666666666,SALES_DROP
2025-04-09,7.144930821143692e+18,伟博天然进口KSM66南非醉茄印度人参精华3600mg*120粒缓压促睡眠-默认-(DYWEB625273052640),1,6.0,0.16666666666666666,SALES_DROP
2025-05-17,, webber naturals进口儿童鱼油高脑力DHA软胶囊120粒z-儿童鱼油高脑力DHA软胶囊120粒*1,1,6.0,0.16666666666666666,SALES_DROP
2025-07-13,7.05478541552142e+18,Webber Naturals儿童鱼油150mg高DHA香橙味omega3脑黄金120粒6岁+-默认-(DYWEB625273033496),1,6.0,0.16666666666666666,SALES_DROP
2025-03-24,	-,【鱼油+卵磷脂组合装】1100mg鱼油120粒+大豆卵磷脂胶囊1200mg180粒-1100mg鱼油120粒/瓶+大豆卵磷脂胶囊1200mg180粒/瓶,1,6.0,0.16666666666666666,SALES_DROP
2025-12-25,,	【3瓶装】webber naturals胶原蛋白与神经酰胺生物活性胶原肽120片,1,6.0,0.16666666666666666,SALES_DROP
2025-06-25,7.144930821143692e+18,伟博天然进口KSM66南非醉茄印度人参精华3600mg*120粒缓压促睡眠-默认-(DYWEB625273052640),1,6.0,0.16666666666666666,SALES_DROP
2025-03-28,,【官方直播】WebberNaturals伟博深海鱼油1390mg高纯度Omega3 120粒-5瓶装,1,6.0,0.16666666666666666,SALES_DROP
2025-08-03,7.054785415521419e+18,【子豪专属】WEBBER NATURALS6岁+儿童鱼油高DHA香橙味欧米伽3眼脑同步120粒-默认-(DYWEB625273033496),1,6.0,0.16666666666666666,SALES_DROP
2025-08-06,7.146569951686672e+18,WEBBER NATURALS高纯度深海鱼油omega3欧米伽3成人健身鱼油120粒D-默认-(DYWEB625273090086),1,6.0,0.16666666666666666,SALES_DROP
2025-04-02,7.146569951686672e+18,伟博精粹金CO2提纯1100mg4倍含量omega3成人心脑欧鱼油120粒 S-默认-(DYWEB625273090086),1,6.0,0.16666666666666666,SALES_DROP
2025-04-03,7.144930821143692e+18,伟博天然进口KSM66南非醉茄印度人参精华3600mg*120粒缓压促睡眠-默认-(DYWEB625273052640),1,6.0,0.16666666666666666,SALES_DROP
2025-11-07,7.448836024085742e+18,Webber Naturals伟博天然阳光小金盾小颗粒深海儿童鱼油+D3 60粒-默认-(DYWEB625273071634),2,12.0,0.16666666666666666,SALES_DROP
2025-08-19,7.146569951686672e+18,【董先生专属】WEBBER NATURALS高纯度深海鱼油omega3欧米伽3成人健身鱼油120粒-默认-(DYWEB625273090086),1,6.0,0.16666666666666666,SALES_DROP
2025-04-04,	-, webber naturals伟博胶原蛋白与神经酰胺生物活性胶原肽120片z-抗皱胶原蛋白+神经酰胺120粒*1,1,6.0,0.16666666666666666,SALES_DROP
2025-08-06,	7146569951686672673,WEBBER NATURALS高纯度深海鱼油omega3欧米伽3成人健身鱼油120粒D-默认-(DYWEB625273090086),1,6.0,0.16666666666666666,SALES_DROP
2025-10-15,,【送辅酶Q10】伟博95%高纯度深海鱼油omega3成人小颗粒健身鱼油30粒-【日常保养2瓶装】30粒*2瓶（下单送100mg辅酶Q10 60粒）-(625273070781*2+628347570705*1),1,6.0,0.16666666666666666,SALES_DROP
2025-08-15,	7146569951686672673,WEBBER NATURALS高纯度深海鱼油omega3欧米伽3成人健身鱼油120粒D-默认-(DYWEB625273090086),1,6.0,0.16666666666666666,SALES_DROP
2025-03-23,7.08127429318697e+18,【效期至25年8月】伟博复合氨糖维骨素胶囊三倍营养骨骼120粒/瓶-默认-(DYWEB625273050363),1,6.0,0.16666666666666666,SALES_DROP
2025-03-10,,Webber Naturals辅酶Q10天然发酵免疫软胶囊60粒/瓶100mg营养 z-2瓶装,1,6.0,0.16666666666666666,SALES_DROP
2025-10-15,,【3瓶装】加拿大伟博天然小分子胶原蛋白多肽粉150g/瓶-3瓶装-(625273036657*3),1,6.0,0.16666666666666666,SALES_DROP
2025-03-10,,Webber naturals伟博深海鱼油900mg高纯度Omega3/DHA/EPA 200粒z-伟博油900mg深海鱼油200粒*2,1,6.0,0.16666666666666666,SALES_DROP
2025-08-20,7.146569951686672e+18,【董先生专属】WEBBER NATURALS高纯度深海鱼油omega3欧米伽3成人健身鱼油120粒-默认-(DYWEB625273090086),1,6.0,0.16666666666666666,SALES_DROP
2025-08-25,	7124611154185519400,WEBBER NATURALS500mg Omega-3深海鱼油添加D3青少年鱼油100粒/瓶-默认-(DYWEB625273090291),1,6.0,0.16666666666666666,SALES_DROP
2025-06-20,,伟博加拿大进口99%纯度1100mg成人omega3深海鱼油心血管养护120粒-2瓶装（8个月的量）,1,6.0,0.16666666666666666,SALES_DROP
2025-11-27,,【3瓶装】加拿大伟博天然小分子胶原蛋白多肽粉150g/瓶-3瓶装-(625273036657*3),1,6.0,0.16666666666666666,SALES_DROP
2025-11-22,,【进博会专属】伟博天然阳光小金盾小颗粒全家深海鱼油+D3 60粒-3瓶装-(625273071634*3),1,6.0,0.16666666666666666,SALES_DROP
2025-01-25,7.146569951686672e+18,【老板娘专属】伟博精粹金CO2提纯1100mg4倍含量omega3成人心脑欧米伽3鱼油120粒-默认-(DYWEB625273090086),1,6.0,0.16666666666666666,SALES_DROP
2025-11-09,,伟博加拿大进口99%纯度1100mg成人omega3深海鱼油心血管养护120粒-两瓶装（1个周期）【送一瓶价值149的60粒100mg辅酶Q10】-(625273090086*2+628347570705*1),1,6.0,0.16666666666666666,SALES_DROP
2025-08-02,7.054785415521419e+18,WEBBER NATURALS儿童6岁+鱼油高DHA香橙味欧米伽3眼脑同步120粒-默认-(DYWEB625273033496),1,6.0,0.16666666666666666,SALES_DROP
2025-04-01,	-,【官方直播】加拿大伟博儿童鱼油高脑力DHA无腥可嚼软胶囊120粒/瓶-1瓶装,1,6.0,0.16666666666666666,SALES_DROP
2025-06-06,,伟博加拿大进口99%纯度1100mg成人omega3深海鱼油心血管养护120粒-2瓶装（8个月的量）,1,6.0,0.16666666666666666,SALES_DROP
2025-12-30,7.054785415630438e+18,	WEBBER NATURALS高浓缩肉桂精华植物维稳糖值150mg呵护健康60粒,2,11.857142857142858,0.1686746987951807,SALES_DROP
2025-10-13,,【官方直播】WebberNaturals伟博深海鱼油1100mg高纯度Omega3 120粒-三瓶装【1年的量】-(625273090086*3),2,11.857142857142858,0.1686746987951807,SALES_DROP
2025-11-25,7.146569951686672e+18,WEBBER NATURALS高纯度深海鱼油omega3欧米伽3成人健身鱼油120粒D-默认-(DYWEB625273090086),3,17.714285714285715,0.1693548387096774,SALES_DROP
2025-11-22,,Webber Naturals伟博天然进口小分子胶原蛋白多肽粉150g z-3瓶装-(625273036657*3),1,5.857142857142857,0.17073170731707318,SALES_DROP
2024-12-29,	-,【效期至2027.7.29】加拿大伟博天然安睡宝 茶氨酸褪黑素45粒/瓶-褪黑素45粒*1,1,5.857142857142857,0.17073170731707318,SALES_DROP
2025-07-03,	7146569951686672673,伟博加拿大进口99%纯度1100mg成人omega3鱼油心血管养护120粒 DB-默认-(DYWEB625273090086),1,5.857142857142857,0.17073170731707318,SALES_DROP
2024-12-29,	-,伟博天然进口KSM66南非醉茄印度人参精华7200mg*120粒降低皮质醇z-伟博南非醉茄7200mg*1瓶,1,5.857142857142857,0.17073170731707318,SALES_DROP
2025-02-23,7.144930821143692e+18,伟博天然进口KSM66南非醉茄印度人参精华3600mg*120粒缓压促睡眠-默认-(DYWEB625273052640),1,5.857142857142857,0.17073170731707318,SALES_DROP
2025-10-24,,Webber Naturals伟博天然高纯度1100mg深海精粹鱼油软胶囊60粒 D-1瓶装-(625273090420*1),1,5.857142857142857,0.17073170731707318,SALES_DROP
2025-06-01,7.144930821143692e+18,伟博天然进口KSM66南非醉茄印度人参精华3600mg*120粒缓压促睡眠-默认-(DYWEB625273052640),1,5.857142857142857,0.17073170731707318,SALES_DROP
2025-09-19,,【胖琴专属】WebberNaturals伟博500mg维生素C胶囊60粒  效期到2026-06-30-3瓶装-(625273076622*3),1,5.857142857142857,0.17073170731707318,SALES_DROP
2025-06-12,, webber naturals伟博胶原蛋白与神经酰胺生物活性胶原肽120片z-抗皱胶原蛋白+神经酰胺120粒*1,1,5.857142857142857,0.17073170731707318,SALES_DROP
2026-01-12,7.054785415630438e+18,	WEBBER NATURALS高浓缩肉桂精华植物维稳糖值150mg呵护健康60粒,1,5.857142857142857,0.17073170731707318,SALES_DROP
2025-10-24,,WEBBER NATURALS伟博天然高纯度1390mg深海精粹鱼油软胶囊60粒/瓶-60粒*1瓶【2个月量】-(625273090420*1),1,5.857142857142857,0.17073170731707318,SALES_DROP
2025-03-19,7.199138110997873e+18,【二姐专属】Webber   Naturals伟博维生素C1000毫克150粒/瓶（效期至25年9月）-默认-(DYWEB625273032727),2,11.714285714285714,0.17073170731707318,SALES_DROP
2025-08-07,7.146569951686672e+18,WEBBER NATURALS高纯度深海鱼油omega3欧米伽3成人健身鱼油120粒D-默认-(DYWEB625273090086),1,5.857142857142857,0.17073170731707318,SALES_DROP
2025-11-02,	7481121574674874687,【官方直播】WebberNaturals阳光小金盾小颗粒全家深海鱼油+D3 60粒-2瓶装-(625273071634*2);伟博天然辅酶Q10胶囊100mg 成人心脏活力60粒 效期至26年5月30日-默认-(DYWEB628347570705),2,11.714285714285714,0.17073170731707318,SALES_DROP
2025-09-05,,Webber Naturals伟博天然进口小分子胶原蛋白多肽粉150g z-胶原蛋白多肽粉150g*1-(625273036657*1),1,5.857142857142857,0.17073170731707318,SALES_DROP
2025-03-22,7.168643947345036e+18,伟博天然进口VB番茄红素锌硒钙水果多酚55+男士全营养素 30粒-默认-(DYWEB625273079968),1,5.857142857142857,0.17073170731707318,SALES_DROP
2025-08-19,,WEBBER NATURALS伟博天然高纯度1390mg深海精粹鱼油软胶囊60粒/瓶-60粒*1瓶【2个月量】-(625273090420*1),1,5.857142857142857,0.17073170731707318,SALES_DROP
2025-08-29,	-,WEBBER NATURALS伟博天然高纯度1390mg深海精粹鱼油软胶囊60粒/瓶-120粒*1瓶【4个月量】-(625273090086*1),1,5.857142857142857,0.17073170731707318,SALES_DROP
2025-05-31,7.146569951686672e+18,伟博加拿大进口99%纯度1100mg成人omega3鱼油心血管养护120粒 DB-默认-(DYWEB625273090086),1,5.857142857142857,0.17073170731707318,SALES_DROP
2025-09-27,	-,【送辅酶Q10】伟博95%高纯度深海鱼油omega3成人小颗粒健身鱼油30粒-【新人尝鲜1瓶装】30粒*1瓶-(625273070781*1),1,5.857142857142857,0.17073170731707318,SALES_DROP
2025-07-09,7.510043339572445e+18,WEBBER NATURALS3倍深海鱼油欧米伽3成人健身无鱼腥DNA鱼油200粒-默认-(625273072433),1,5.857142857142857,0.17073170731707318,SALES_DROP
2025-09-30,,Webber Naturals伟博天然进口小分子胶原蛋白多肽粉150g z-3瓶装-(625273036657*3),1,5.857142857142857,0.17073170731707318,SALES_DROP
2025-08-16,,WebberNaturals伟博500mg维生素C胶囊60粒-3瓶装-(625273076622*3),1,5.857142857142857,0.17073170731707318,SALES_DROP
2025-03-23,7.144930821143692e+18,伟博天然进口KSM66南非醉茄印度人参精华3600mg*120粒缓压促睡眠-默认-(DYWEB625273052640),1,5.857142857142857,0.17073170731707318,SALES_DROP
2025-11-22,7.054785415521419e+18,【官方直播 】伟博天然6岁+儿童鱼油高DHA欧米伽3香橙味120粒-默认-(DYWEB625273033496),2,11.714285714285714,0.17073170731707318,SALES_DROP
2025-05-04,7.146569951686672e+18,伟博精粹金CO2提纯1100mg4倍含量omega3成人心脑欧鱼油120粒 S-默认-(DYWEB625273090086),2,11.714285714285714,0.17073170731707318,SALES_DROP
2025-11-03,,【3瓶装】加拿大伟博天然小分子胶原蛋白多肽粉150g/瓶-3瓶装-(625273036657*3),1,5.857142857142857,0.17073170731707318,SALES_DROP
2025-10-24,,【3瓶装】webber naturals胶原蛋白与神经酰胺生物活性胶原肽120片-【3瓶装】webber naturals胶原蛋白与神经酰胺生物活性胶原肽120片-(625273036695*3),1,5.857142857142857,0.17073170731707318,SALES_DROP
2025-07-12,7.510043339572445e+18,webber伟博天然3倍深海鱼油欧米伽3成人保健无鱼腥DNA鱼油200粒-默认-(625273072433),1,5.857142857142857,0.17073170731707318,SALES_DROP
2025-09-19,,【官方直播】WebberNaturals伟博深海鱼油1100mg高纯度Omega3 120粒-两瓶装【8个月的量】-(625273090086*2),1,5.857142857142857,0.17073170731707318,SALES_DROP
2024-12-16,	7081192833746780446,webbernaturals辅酶Q10天然发酵免疫软胶囊60粒/瓶100mg营养-默认-(DYWEB625273038552),1,5.857142857142857,0.17073170731707318,SALES_DROP
2024-12-29,	-,Webber naturals伟博深海鱼油900mg高纯度Omega3/DHA/EPA 200粒z-伟博油900mg深海鱼油200粒*1,1,5.857142857142857,0.17073170731707318,SALES_DROP
2025-08-30,	7146569951686672673,【徐冬冬专属】WEBBER NATURALS高纯度深海鱼油omega3欧米伽3成人健身鱼油120粒D-默认-(DYWEB625273090086),4,23.428571428571427,0.17073170731707318,SALES_DROP
2025-11-09,7.054785415521419e+18,WEBBER NATURALS儿童6岁+鱼油高DHA香橙味欧米伽3眼脑同步120粒-默认-(DYWEB625273033496),2,11.714285714285714,0.17073170731707318,SALES_DROP
2025-05-04,	7146569951686672673,伟博精粹金CO2提纯1100mg4倍含量omega3成人心脑欧鱼油120粒 S-默认-(DYWEB625273090086),2,11.714285714285714,0.17073170731707318,SALES_DROP
2025-11-09,,【官方直播】1100mg鱼油120粒+大豆卵磷脂胶囊1200mg180粒鱼油搭档-1100mg鱼油120粒/瓶+大豆卵磷脂胶囊1200mg180粒/瓶-(625273079746*1+625273090086*1),1,5.857142857142857,0.17073170731707318,SALES_DROP
2025-06-01,,伟博天然进口儿童鱼油高脑力DHA软胶囊120粒/瓶-1瓶装,1,5.857142857142857,0.17073170731707318,SALES_DROP
2025-05-31,,伟博进口99%纯度1100mg成人omega3深海鱼油中老年心血管养护120粒-2瓶装（8个月的量）,1,5.857142857142857,0.17073170731707318,SALES_DROP
2025-05-29,,【官方直播】加拿大伟博Webber鱼油500mgOmega3+D3青少年 100粒/瓶-3瓶装,1,5.857142857142857,0.17073170731707318,SALES_DROP
2025-03-22,	7168643947345035558,伟博天然进口VB番茄红素锌硒钙水果多酚55+男士全营养素 30粒-默认-(DYWEB625273079968),1,5.857142857142857,0.17073170731707318,SALES_DROP
2025-09-20,	-,【韩大宝专属】WebberNaturals伟博500mg维生素C胶囊60粒  效期到2026-06-30-3瓶装-(625273076622*3),1,5.857142857142857,0.17073170731707318,SALES_DROP
2025-07-24,	7142731245833732390,WEBBER NATURALS进口儿童鱼油欧米伽3高DHA爆浆深海鱼油120粒1岁+-默认-(DYWEB625273090185),1,5.857142857142857,0.17073170731707318,SALES_DROP
2025-07-14,7.05478541552142e+18,WEBBER NATURALS6岁+儿童鱼油高DHA香橙味欧米伽3眼脑同步120粒-默认-(DYWEB625273033496),1,5.857142857142857,0.17073170731707318,SALES_DROP
2025-09-27,	-,【官方直播】1100mg鱼油120粒+大豆卵磷脂胶囊1200mg180粒鱼油搭档-1100mg鱼油120粒/瓶+大豆卵磷脂胶囊1200mg180粒/瓶-(625273079746*1+625273090086*1),1,5.857142857142857,0.17073170731707318,SALES_DROP
2025-08-07,	7146569951686672673,WEBBER NATURALS高纯度深海鱼油omega3欧米伽3成人健身鱼油120粒D-默认-(DYWEB625273090086),1,5.857142857142857,0.17073170731707318,SALES_DROP
2025-07-06,	7124611154185519400,Webber naturals伟博深海鱼油500mgOmega3+D3青少年补脑 100粒/瓶-默认-(DYWEB625273090291),2,11.571428571428571,0.1728395061728395,SALES_DROP
2025-10-07,7.146569951686672e+18,WEBBER NATURALS高纯度深海鱼油omega3欧米伽3成人健身鱼油120粒D-默认-(DYWEB625273090086),2,11.571428571428571,0.1728395061728395,SALES_DROP
2025-03-30,7.427011616899939e+18,Webber伟博 Osteo氨糖软骨素MSM添加乳香姜黄素高端关节修护30粒-默认-(625273090321),3,17.285714285714285,0.17355371900826447,SALES_DROP
2025-12-28,,	Webber Naturals伟博天然进口小分子胶原蛋白多肽粉150g z,1,5.714285714285714,0.175,SALES_DROP
2025-10-02,	7054785415521419523,WEBBER NATURALS6岁+儿童鱼油高DHA香橙味欧米伽3眼脑同步120粒-默认-(DYWEB625273033496);【官方直播】加拿大伟博儿童鱼油高脑力DHA无腥可嚼软胶囊120粒/瓶-1瓶装-(625273090185*1),2,11.428571428571429,0.175,SALES_DROP
2025-02-27,	7144930821143691527,伟博天然进口KSM66南非醉茄印度人参精华3600mg*120粒缓压促睡眠-默认-(DYWEB625273052640),1,5.714285714285714,0.175,SALES_DROP
2025-02-10,	7144930821143691527,【如晶专属】伟博天然进口KSM66南非醉茄印度人参精华3600mg*120粒降低皮质醇-默认-(DYWEB625273052640),1,5.714285714285714,0.175,SALES_DROP
2025-03-08,7.168643947345036e+18,伟博天然进口VB番茄红素锌硒钙水果多酚55+男士全营养素 30粒-默认-(DYWEB625273079968),1,5.714285714285714,0.175,SALES_DROP
2025-10-21,	7054785415521419523,WEBBER NATURALS儿童6岁+鱼油高DHA香橙味欧米伽3眼脑同步120粒-默认-(DYWEB625273033496),2,11.428571428571429,0.175,SALES_DROP
2025-05-14,, 【2瓶装】webber naturals进口儿童鱼油高脑力DHA软胶囊120粒/瓶-2瓶装,1,5.714285714285714,0.175,SALES_DROP
2025-10-27,,【官方直播】WebberNaturals阳光小金盾小颗粒全家深海鱼油+D3 60粒-2瓶装-(625273071634*2),1,5.714285714285714,0.175,SALES_DROP
2025-01-24,	7144930821143691527,伟博天然进口KSM66南非醉茄印度人参精华3600mg*120粒缓压促睡眠-默认-(DYWEB625273052640),1,5.714285714285714,0.175,SALES_DROP
2025-07-10,7.05478541552142e+18,【子豪专属】WEBBER NATURALS6岁+儿童鱼油高DHA香橙味欧米伽3眼脑同步120粒-默认-(DYWEB625273033496),1,5.714285714285714,0.175,SALES_DROP
2025-10-01,	-,WebberNaturals伟博进口叶黄素玉米黄素软胶囊呵护眼睛10mg60粒 z-伟博天然叶黄素玉米黄素软胶囊10mg*60粒*1-(625273033663*1),1,5.714285714285714,0.175,SALES_DROP
2025-10-25,	7481121574674874687,伟博天然辅酶Q10胶囊100mg 成人心脏活力60粒 效期至26年5月30日-默认-(DYWEB628347570705),1,5.714285714285714,0.175,SALES_DROP
2025-11-05,,【进博会专属】伟博天然进口深海鱼油1100mg高纯度Omega3 120粒-一瓶装【4个月的量】-(625273090086*1),1,5.714285714285714,0.175,SALES_DROP
2025-03-24,	-, webber naturals伟博胶原蛋白与神经酰胺生物活性胶原肽120片/瓶-3瓶装,1,5.714285714285714,0.175,SALES_DROP
2025-04-06,	-,Webber naturals伟博深海鱼油900mg高纯度Omega3/DHA/EPA 200粒z-伟博油900mg深海鱼油200粒*1,1,5.714285714285714,0.175,SALES_DROP
2025-07-09,7.144930821143692e+18,WEBBER NATURALS南非醉茄KSM66 3600mg降低皮质醇缓压促睡眠120粒-默认-(DYWEB625273052640),1,5.714285714285714,0.175,SALES_DROP
2025-11-03,,【达人专属】伟博天然进口儿童鱼油欧米伽3 高DHA爆浆深海鱼油120粒1岁+-1瓶装-(625273090185*1),1,5.714285714285714,0.175,SALES_DROP
2025-10-14,	7481121574674874687,伟博天然辅酶Q10胶囊100mg 成人心脏活力60粒 效期至26年5月30日-默认-(DYWEB628347570705),1,5.714285714285714,0.175,SALES_DROP
2025-07-19,7.142731245833732e+18,【子豪专属】WEBBER NATURALS进口儿童鱼油欧米伽3高DHA爆浆深海鱼油120粒1岁+-默认-(DYWEB625273090185),1,5.714285714285714,0.175,SALES_DROP
2025-04-07,	-,【官方直播】加拿大伟博Webber儿童鱼油高DHAOmega-3甜橙味120粒/瓶-2瓶装,2,11.428571428571429,0.175,SALES_DROP
2025-06-23,7.144930821143692e+18,伟博天然进口KSM66南非醉茄印度人参精华3600mg*120粒缓压促睡眠-默认-(DYWEB625273052640),1,5.714285714285714,0.175,SALES_DROP
2025-07-27,	7054785415521419523,【子豪专属】WEBBER NATURALS6岁+儿童鱼油高DHA香橙味欧米伽3眼脑同步120粒-默认-(DYWEB625273033496),1,5.714285714285714,0.175,SALES_DROP
2025-08-17,,【三少爷专属】WEBBER NATURALS伟博天然高纯度1390mg深海精粹鱼油软胶囊60粒/瓶-60粒*1瓶【2个月量】-(625273090420*1),1,5.714285714285714,0.175,SALES_DROP
2025-03-20,7.329414437553848e+18,Webber Naturals伟博天然高纯度1390mg深海精粹鱼油软胶囊60粒/瓶-默认-(DYWEB625273090420),1,5.714285714285714,0.175,SALES_DROP
2025-09-14,	-,【韩大宝专属】WebberNaturals伟博500mg维生素C胶囊60粒  效期到2026-06-30-3瓶装-(625273076622*3),1,5.714285714285714,0.175,SALES_DROP
2025-08-29,	-,【董先生专属】【2瓶装】伟博精粹金CO2提纯1100mg4倍含量omega3成人心脑鱼油120粒-两瓶装（周期装）【送一瓶价值149的60粒100mg辅酶Q10】-(625273090086*2+628347570705*1),1,5.714285714285714,0.175,SALES_DROP
2025-11-22,7.146569951686672e+18,【达人专属】WEBBER NATURALS高纯度深海鱼油omega3欧米伽3成人健身鱼油120粒-默认-(DYWEB625273090086),5,28.571428571428573,0.175,SALES_DROP
2025-04-24,7.144930821143692e+18,伟博天然进口KSM66南非醉茄印度人参精华3600mg*120粒缓压促睡眠-默认-(DYWEB625273052640),1,5.714285714285714,0.175,SALES_DROP
2025-06-05,,【效期至26年6月30日】Webber naturals伟博500mg维生素C胶囊60粒-1瓶装,1,5.714285714285714,0.175,SALES_DROP
2025-06-05,,【3瓶装】加拿大伟博天然小分子胶原蛋白多肽粉150g/瓶-3瓶装,1,5.714285714285714,0.175,SALES_DROP
2025-10-27,	7510043339572445477,WEBBER NATURALS3倍深海鱼油欧米伽3成人健身无鱼腥DNA鱼油200粒-默认-(625273072433),1,5.714285714285714,0.175,SALES_DROP
2025-03-21,7.199138110997873e+18,【二姐专属】Webber   Naturals伟博维生素C1000毫克150粒/瓶（效期至25年9月）-默认-(DYWEB625273032727),1,5.714285714285714,0.175,SALES_DROP
2025-02-10,7.144930821143692e+18,伟博天然进口KSM66南非醉茄印度人参精华3600mg*120粒缓压促睡眠-默认-(DYWEB625273052640),1,5.714285714285714,0.175,SALES_DROP
2025-08-16,	7146569951686672673,WEBBER NATURALS高纯度深海鱼油omega3欧米伽3成人健身鱼油120粒D-默认-(DYWEB625273090086),1,5.714285714285714,0.175,SALES_DROP
2025-10-16,7.146569951686672e+18,WEBBER NATURALS高纯度深海鱼油omega3欧米伽3成人健身鱼油120粒D-默认-(DYWEB625273090086),5,28.285714285714285,0.17676767676767677,SALES_DROP
2025-04-12,,伟博天然进口辅酶Q10胶囊100mg 成人心脏活力60粒（效期至26年5月）-3瓶装,7,39.57142857142857,0.1768953068592058,SALES_DROP
2025-11-10,7.448836024085742e+18,Webber Naturals伟博天然阳光小金盾小颗粒深海儿童鱼油+D3 60粒-默认-(DYWEB625273071634),2,11.285714285714286,0.17721518987341772,SALES_DROP
2025-04-02,	7329414437553848576;7427011616899940648,Webber Naturals伟博天然高纯度1390mg深海精粹鱼油软胶囊60粒/瓶-默认-(DYWEB625273090420);Webber伟博 Osteo氨糖软骨素MSM添加乳香姜黄素高端关节修护30粒-默认-(625273090321),4,22.571428571428573,0.17721518987341772,SALES_DROP
2025-04-22,7.146569951686672e+18,伟博精粹金CO2提纯1100mg4倍含量omega3成人心脑欧鱼油120粒 S-默认-(DYWEB625273090086),2,11.285714285714286,0.17721518987341772,SALES_DROP
2025-04-22,	7146569951686672673,伟博精粹金CO2提纯1100mg4倍含量omega3成人心脑欧鱼油120粒 S-默认-(DYWEB625273090086),2,11.285714285714286,0.17721518987341772,SALES_DROP
2025-12-03,7.054785415521419e+18,【官方直播 】伟博天然6岁+儿童鱼油高DHA欧米伽3香橙味120粒-默认-(DYWEB625273033496),2,11.285714285714286,0.17721518987341772,SALES_DROP
2025-01-17,7.144930821143692e+18,伟博天然进口KSM66南非醉茄印度人参精华3600mg*120粒缓压促睡眠-默认-(DYWEB625273052640),1,5.571428571428571,0.1794871794871795,SALES_DROP
2025-10-27,,【徐冬冬专属】WEBBER NATURALS高纯度深海鱼油omega3欧米伽3成人健身鱼油120粒-鱼油120粒*1瓶装【赠100mg辅酶60粒一瓶】-(625273090086*1+628347570705*1),1,5.571428571428571,0.1794871794871795,SALES_DROP
2025-03-25,7.144930821143692e+18,伟博天然进口KSM66南非醉茄印度人参精华3600mg*120粒缓压促睡眠-默认-(DYWEB625273052640),1,5.571428571428571,0.1794871794871795,SALES_DROP
2025-10-17,,Webber Naturals伟博天然阳光小金盾小颗粒深海儿童鱼油+D3 60粒-2瓶装-(625273071634*2),1,5.571428571428571,0.1794871794871795,SALES_DROP
2025-10-24,,【效期至2027年12月】伟博天然高纯度深海鱼油omega3成人健身120粒A-一瓶装（体验装）-(625273090086*1),1,5.571428571428571,0.1794871794871795,SALES_DROP
2025-10-17,,WEBBER NATURALS伟博天然高纯度1390mg深海精粹鱼油软胶囊60粒/瓶-60粒*1瓶【2个月量】-(625273090420*1),1,5.571428571428571,0.1794871794871795,SALES_DROP
2025-10-17,,【效期至2027.7.29】伟博加拿大伟博天然安睡宝茶氨酸褪黑素45粒/瓶-褪黑素45粒*3-(625273090338*3),1,5.571428571428571,0.1794871794871795,SALES_DROP
2025-10-25,,伟博加拿大进口99%纯度1100mg成人omega3深海鱼油心血管养护120粒-三瓶装（1年量）【送两瓶价值149的60粒100mg辅酶Q10】-(625273090086*3+628347570705*2),1,5.571428571428571,0.1794871794871795,SALES_DROP
2025-09-04,	-,伟博加拿大进口99%纯度1100mg成人omega3深海鱼油心血管养护120粒-一瓶装【体验装】-(625273090086*1),1,5.571428571428571,0.1794871794871795,SALES_DROP
2025-04-25,	-,伟博天然进口儿童鱼油高脑力DHA软胶囊120粒/瓶-1瓶装,1,5.571428571428571,0.1794871794871795,SALES_DROP
2025-01-28,7.12461115418552e+18,Webber naturals伟博深海鱼油500mgOmega3+D3青少年补脑 100粒/瓶-默认-(DYWEB625273090291),1,5.571428571428571,0.1794871794871795,SALES_DROP
2025-01-21,7.142731245833732e+18,伟博天然进口儿童鱼油高脑力DHA软胶囊120粒/瓶-默认-(DYWEB625273090185),1,5.571428571428571,0.1794871794871795,SALES_DROP
2025-09-10,	-,【3瓶装】加拿大伟博天然小分子胶原蛋白多肽粉150g/瓶-3瓶装-(625273036657*3),1,5.571428571428571,0.1794871794871795,SALES_DROP
2025-09-19,	-,伟博天然进口VB番茄红素锌硒钙水果多酚55+男士全营养素 30粒z-2瓶装-(625273079968*2),1,5.571428571428571,0.1794871794871795,SALES_DROP
2025-06-01,, webber naturals伟博胶原蛋白与神经酰胺生物活性胶原肽120片z-抗皱胶原蛋白+神经酰胺120粒*2,1,5.571428571428571,0.1794871794871795,SALES_DROP
2025-06-01,,伟博天然进口VB番茄红素锌硒钙水果多酚55+男士全营养素 30粒z-2瓶装,1,5.571428571428571,0.1794871794871795,SALES_DROP
2025-09-20,,【韩大宝专属】WebberNaturals伟博500mg维生素C胶囊60粒  效期到2026-06-30-3瓶装-(625273076622*3),1,5.571428571428571,0.1794871794871795,SALES_DROP
2025-09-19,,【官方直播】WebberNaturals伟博深海鱼油1100mg高纯度Omega3 120粒-三瓶装【1年的量】-(625273090086*3),1,5.571428571428571,0.1794871794871795,SALES_DROP
2025-03-17,7.199138110997873e+18,【二姐专属】Webber   Naturals伟博维生素C1000毫克150粒/瓶（效期至25年9月）-默认-(DYWEB625273032727),3,16.714285714285715,0.1794871794871795,SALES_DROP
2025-11-28,7.198069483125195e+18,WEBBER NATURALS伟博天然加拿大进口天然发酵好气色苹果醋240粒-默认-(DYWEB625273050547),1,5.571428571428571,0.1794871794871795,SALES_DROP
2025-07-28,	7054785415521419523,WEBBER NATURALS儿童6岁+鱼油高DHA香橙味欧米伽3眼脑同步120粒-默认-(DYWEB625273033496),1,5.571428571428571,0.1794871794871795,SALES_DROP
2025-10-31,	7054785415521419523,WEBBER NATURALS6岁+儿童鱼油高DHA香橙味欧米伽3眼脑同步120粒-默认-(DYWEB625273033496);【子豪专属】伟博天然进口儿童鱼油高脑力DHA软胶囊120粒/瓶-1瓶装-(625273090185*1),2,11.142857142857142,0.1794871794871795,SALES_DROP
2025-07-27,	7054785415521419523,WEBBER NATURALS儿童6岁+鱼油高DHA香橙味欧米伽3眼脑同步120粒-默认-(DYWEB625273033496),1,5.571428571428571,0.1794871794871795,SALES_DROP
2025-08-07,	7054785415521419523,WEBBER NATURALS儿童6岁+鱼油高DHA香橙味欧米伽3眼脑同步120粒-默认-(DYWEB625273033496),1,5.571428571428571,0.1794871794871795,SALES_DROP
2025-08-11,	7054785415521419523,【子豪专属】WEBBER NATURALS6岁+儿童鱼油高DHA香橙味欧米伽3眼脑同步120粒-默认-(DYWEB625273033496),1,5.571428571428571,0.1794871794871795,SALES_DROP
2025-02-27,7.081192833746781e+18,webbernaturals辅酶Q10天然发酵免疫软胶囊60粒/瓶100mg营养-默认-(DYWEB625273038552),1,5.571428571428571,0.1794871794871795,SALES_DROP
2025-03-19,7.081192833746781e+18,webbernaturals辅酶Q10天然发酵免疫软胶囊60粒/瓶100mg营养-默认-(DYWEB625273038552),1,5.571428571428571,0.1794871794871795,SALES_DROP
2025-11-26,7.054785415630537e+18,WEBBER NATURALS奶蓟草护肝片姜黄硫辛酸熬夜加班养护65粒护肝片-默认-(DYWEB625273034523),1,5.571428571428571,0.1794871794871795,SALES_DROP
2025-10-01,	-,【美彤专属】【成人拍】WebberNaturals高纯度深海鱼油omega3成人健身鱼油120粒-【成人拍】1瓶装（送一瓶40mg叶黄素）-(625273090086*1+625273070255*1),1,5.571428571428571,0.1794871794871795,SALES_DROP
2025-09-27,,【送辅酶Q10】伟博95%高纯度深海鱼油omega3成人小颗粒健身鱼油30粒-【新人尝鲜1瓶装】30粒*1瓶-(625273070781*1),1,5.571428571428571,0.1794871794871795,SALES_DROP
2025-03-08,7.329414437553848e+18,【楚门OI专属】Webber Naturals伟博天然高纯度1390mg深海精粹鱼油软胶囊60粒/瓶-默认-(DYWEB625273090420),1,5.571428571428571,0.1794871794871795,SALES_DROP
2025-06-15,,WebberNaturals伟博500mg维生素C胶囊60粒-3瓶装,1,5.571428571428571,0.1794871794871795,SALES_DROP
2025-12-22,7.481121574674874e+18,	伟博天然辅酶Q10胶囊100mg 成人心脏活力60粒 效期至26年5月30日,1,5.571428571428571,0.1794871794871795,SALES_DROP
2025-10-10,	7146569951686672673,WEBBER NATURALS高纯度深海鱼油omega3欧米伽3成人健身鱼油120粒D-默认-(DYWEB625273090086),2,11.142857142857142,0.1794871794871795,SALES_DROP
2025-09-30,	7146569951686672673,WEBBER NATURALS高纯度深海鱼油omega3欧米伽3成人健身鱼油120粒D-默认-(DYWEB625273090086),2,11.142857142857142,0.1794871794871795,SALES_DROP
2025-04-04,,【YY专属】Webber Naturals伟博维生素C1000毫克150粒/瓶（效期至25年9月）-3瓶装,1,5.571428571428571,0.1794871794871795,SALES_DROP
2024-12-24,	7146569951686672673,【效期至27年10月】Webber naturals伟博高纯度Omega3鱼油120粒/瓶S-默认-(DYWEB625273090086),1,5.571428571428571,0.1794871794871795,SALES_DROP
2024-12-31,	7146569951686672673,【效期至27年10月】Webber naturals伟博高纯度Omega3鱼油120粒/瓶S-默认-(DYWEB625273090086),1,5.571428571428571,0.1794871794871795,SALES_DROP
2025-11-26,,【官方直播】WebberNaturals伟博深海鱼油1100mg高纯度Omega3 120粒-一瓶装【4个月的量】-(625273090086*1),1,5.571428571428571,0.1794871794871795,SALES_DROP
2025-11-25,,伟博加拿大进口99%纯度1100mg成人omega3深海鱼油心血管养护120粒-两瓶装（1个周期）-(625273090086*2),1,5.571428571428571,0.1794871794871795,SALES_DROP
2025-03-28,	-,【官方直播】WebberNaturals伟博深海鱼油1390mg高纯度Omega3 120粒-1瓶装,3,16.714285714285715,0.1794871794871795,SALES_DROP
2025-12-29,,	【官方直播】伟博天然小金盾鱼油60粒+儿童6岁+叶黄素60粒,1,5.571428571428571,0.1794871794871795,SALES_DROP
2025-12-28,,	【达人专属】Webber Naturals伟博天然进口小分子胶原蛋白多肽粉150g z,1,5.571428571428571,0.1794871794871795,SALES_DROP
2025-12-29,,	【官方直播】伟博天然阳光小金盾小颗粒全家深海鱼油+D3 60粒,1,5.571428571428571,0.1794871794871795,SALES_DROP
2025-04-01,	-,Webber Naturals伟博天然高纯度1390mg深海精粹鱼油软胶囊60粒 z-伟博天然高纯度1390mg深海精粹鱼油60粒*1,1,5.571428571428571,0.1794871794871795,SALES_DROP
2025-11-24,,【进博会专属】伟博天然1岁+儿童鱼油高脑力DHA可嚼软胶囊120粒-1瓶装-(625273090185*1),1,5.571428571428571,0.1794871794871795,SALES_DROP
2025-10-29,,伟博天然进口儿童鱼油高脑力DHA软胶囊120粒/瓶-1瓶装-(625273090185*1),1,5.571428571428571,0.1794871794871795,SALES_DROP
2025-11-09,,【进博会专属】1100mg鱼油120粒+大豆卵磷脂1200mg180粒鱼油搭档-1100mg鱼油120粒/瓶+大豆卵磷脂胶囊1200mg180粒/瓶-(625273079746*1+625273090086*1),1,5.571428571428571,0.1794871794871795,SALES_DROP
2025-04-30,, webber naturals伟博胶原蛋白与神经酰胺生物活性胶原肽120片z-抗皱胶原蛋白+神经酰胺120粒*1,1,5.571428571428571,0.1794871794871795,SALES_DROP
2025-04-30,,【3瓶装】Webber进口Verisol小分子多肽胶原蛋白加生物素120粒-3瓶装,1,5.571428571428571,0.1794871794871795,SALES_DROP
2025-01-27,	7124611154185519400,Webber naturals伟博深海鱼油500mgOmega3+D3青少年补脑 100粒/瓶-默认-(DYWEB625273090291),1,5.571428571428571,0.1794871794871795,SALES_DROP
2025-08-17,	7142731245833732390,【子豪专属】WEBBER NATURALS进口儿童鱼油欧米伽3高DHA爆浆深海鱼油120粒1岁+-默认-(DYWEB625273090185),1,5.571428571428571,0.1794871794871795,SALES_DROP
2025-08-07,7.054785415521419e+18,【子豪专属】WEBBER NATURALS6岁+儿童鱼油高DHA香橙味欧米伽3眼脑同步120粒-默认-(DYWEB625273033496),1,5.571428571428571,0.1794871794871795,SALES_DROP
2025-03-06,7.329414437553848e+18,【春蚕专属】Webber Naturals伟博天然高纯度1390mg深海精粹鱼油软胶囊60粒/瓶-默认-(DYWEB625273090420),1,5.571428571428571,0.1794871794871795,SALES_DROP
2025-07-27,	7146569951686672673,WEBBER NATURALS高纯度深海鱼油omega3欧米伽3成人健身鱼油120粒D-默认-(DYWEB625273090086),1,5.571428571428571,0.1794871794871795,SALES_DROP
2025-01-14,	7144930821143691527,伟博天然进口KSM66南非醉茄印度人参精华3600mg*120粒缓压促睡眠-默认-(DYWEB625273052640),1,5.571428571428571,0.1794871794871795,SALES_DROP
2025-03-19,	7077809856803225896;7110032684650660136,WebberNaturals伟博深海鱼油900mg高纯度Omega3 DHA/EPA鱼油200粒-默认-(DYWEB625273052985);【效期至25年6月】webbernaturals伟博500mg维生素C胶囊60粒-默认-(625273076622),6,33.142857142857146,0.18103448275862066,SALES_DROP
2025-04-23,7.146569951686672e+18,伟博精粹金CO2提纯1100mg4倍含量omega3成人心脑欧鱼油120粒 S-默认-(DYWEB625273090086),2,11.0,0.18181818181818182,SALES_DROP
2025-03-11,	7077809856803225896;7081274293186969897,WebberNaturals伟博深海鱼油900mg高纯度Omega3 DHA/EPA鱼油200粒-默认-(DYWEB625273052985);【效期至25年8月】伟博复合氨糖维骨素胶囊三倍营养骨骼120粒/瓶-默认-(DYWEB625273050363),2,11.0,0.18181818181818182,SALES_DROP
2025-10-10,7.146569951686672e+18,WEBBER NATURALS高纯度深海鱼油omega3欧米伽3成人健身鱼油120粒D-默认-(DYWEB625273090086),2,11.0,0.18181818181818182,SALES_DROP
2025-07-29,	7124611154185519400,WEBBER NATURALS500mg Omega-3深海鱼油添加D3青少年鱼油100粒/瓶-默认-(DYWEB625273090291),2,11.0,0.18181818181818182,SALES_DROP
2025-04-03,	-,【YY专属】Webber Naturals伟博维生素C1000毫克150粒/瓶（效期至25年9月）-1瓶装,2,11.0,0.18181818181818182,SALES_DROP
2025-09-21,	-,Webber Naturals伟博天然进口小分子胶原蛋白多肽粉150g z-胶原蛋白多肽粉150g*1-(625273036657*1),2,11.0,0.18181818181818182,SALES_DROP
2025-04-06,	-,伟博Osteo氨糖软骨素MSM 高端关节修护30粒（效期至25年7月）-3瓶,2,11.0,0.18181818181818182,SALES_DROP
2025-04-23,	7146569951686672673,伟博精粹金CO2提纯1100mg4倍含量omega3成人心脑欧鱼油120粒 S-默认-(DYWEB625273090086),2,11.0,0.18181818181818182,SALES_DROP
2025-06-16,,伟博加拿大进口99%纯度1100mg成人omega3深海鱼油心血管养护120粒-2瓶装（8个月的量）,1,5.428571428571429,0.18421052631578946,SALES_DROP
2025-07-24,	7142731245833732390,【子豪专属】WEBBER NATURALS进口儿童鱼油欧米伽3高DHA爆浆深海鱼油120粒1岁+-默认-(DYWEB625273090185),1,5.428571428571429,0.18421052631578946,SALES_DROP
2025-08-06,	7142731245833732390,WEBBER NATURALS进口儿童鱼油欧米伽3高DHA爆浆深海鱼油120粒1岁+-默认-(DYWEB625273090185),1,5.428571428571429,0.18421052631578946,SALES_DROP
2025-12-28,7.054785415521419e+18,	【子豪专属】WEBBER NATURALS6岁+儿童鱼油高DHA香橙味欧米伽3眼脑同步120粒,1,5.428571428571429,0.18421052631578946,SALES_DROP
2025-08-03,	7054785415521419523,【子豪专属】WEBBER NATURALS6岁+儿童鱼油高DHA香橙味欧米伽3眼脑同步120粒-默认-(DYWEB625273033496),1,5.428571428571429,0.18421052631578946,SALES_DROP
2025-10-16,	-,伟博加拿大进口99%纯度1100mg成人omega3深海鱼油心血管养护120粒-三瓶装（1年量）【送两瓶价值149的60粒100mg辅酶Q10】-(625273090086*3+628347570705*2),1,5.428571428571429,0.18421052631578946,SALES_DROP
2025-01-28,	7124611154185519400,Webber naturals伟博深海鱼油500mgOmega3+D3青少年补脑 100粒/瓶-默认-(DYWEB625273090291),1,5.428571428571429,0.18421052631578946,SALES_DROP
2025-06-18,,Webber Naturals伟博天然高纯度1100mg深海精粹鱼油软胶囊60粒 Z-1瓶装（赠500mgVC一瓶）,1,5.428571428571429,0.18421052631578946,SALES_DROP
2025-06-14,,webber naturals伟博天然褪黑素片10毫克72粒z-褪黑素片10毫克72粒*1,1,5.428571428571429,0.18421052631578946,SALES_DROP
2025-04-26,,【官方直播】加拿大伟博Webber儿童鱼油高DHAOmega-3甜橙味120粒/瓶-2瓶装,1,5.428571428571429,0.18421052631578946,SALES_DROP
2025-05-15,,【官方直播】WebberNaturals伟博深海鱼油1100mg高纯度Omega3 120粒-三瓶装【一年的量送一瓶奶蓟草】,1,5.428571428571429,0.18421052631578946,SALES_DROP
2025-04-29,,【官方直播】WebberNaturals伟博深海鱼油1100mg高纯度Omega3 120粒-两瓶装【8个月的量送一瓶奶蓟草】,1,5.428571428571429,0.18421052631578946,SALES_DROP
2025-01-22,	7144930821143691527,伟博天然进口KSM66南非醉茄印度人参精华3600mg*120粒缓压促睡眠-默认-(DYWEB625273052640),1,5.428571428571429,0.18421052631578946,SALES_DROP
2025-08-25,	7329414437553848576,WEBBER NATURALS高纯度深海鱼油omega-3欧米伽3成人健身鱼油60粒-默认-(DYWEB625273090420),2,10.857142857142858,0.18421052631578946,SALES_DROP
2025-03-24,,【官方直播】加拿大伟博Webber儿童鱼油高DHAOmega-3甜橙味120粒/瓶-2瓶装,1,5.428571428571429,0.18421052631578946,SALES_DROP
2025-03-18,	7223222612581990715,【效期至25年7月】伟博天然高浓度奶蓟草熬夜养肝胶囊250mg护肝片-默认-(DYWEB625273090178),1,5.428571428571429,0.18421052631578946,SALES_DROP
2025-12-30,,	【达人专属】Webber Naturals伟博天然进口小分子胶原蛋白多肽粉150g z,1,5.428571428571429,0.18421052631578946,SALES_DROP
2025-11-08,,【3瓶装】webber naturals胶原蛋白与神经酰胺生物活性胶原肽120片-【3瓶装】webber naturals胶原蛋白与神经酰胺生物活性胶原肽120片-(625273036695*3),1,5.428571428571429,0.18421052631578946,SALES_DROP
2025-03-24,	-,【官方直播】加拿大伟博Webber儿童鱼油高DHAOmega-3甜橙味120粒/瓶-2瓶装,1,5.428571428571429,0.18421052631578946,SALES_DROP
2025-12-30,,	【3瓶装】webber naturals胶原蛋白与神经酰胺生物活性胶原肽120片,1,5.428571428571429,0.18421052631578946,SALES_DROP
2025-12-30,,	WEBBER NATURALS伟博天然高纯度1390mg深海精粹鱼油软胶囊60粒/瓶,1,5.428571428571429,0.18421052631578946,SALES_DROP
2025-03-28,	-,【3瓶装】加拿大伟博天然小分子胶原蛋白多肽粉150g/瓶-【3瓶组合装】,1,5.428571428571429,0.18421052631578946,SALES_DROP
2025-03-09,7.329414437553848e+18,【楚门OI专属】Webber Naturals伟博天然高纯度1390mg深海精粹鱼油软胶囊60粒/瓶-默认-(DYWEB625273090420),1,5.428571428571429,0.18421052631578946,SALES_DROP
2025-06-17,,【3瓶装】webber naturals胶原蛋白与神经酰胺生物活性胶原肽120片-【3瓶装】webber naturals胶原蛋白与神经酰胺生物活性胶原肽120片,1,5.428571428571429,0.18421052631578946,SALES_DROP
2025-08-25,7.329414437553848e+18,WEBBER NATURALS高纯度深海鱼油omega-3欧米伽3成人健身鱼油60粒-默认-(DYWEB625273090420),2,10.857142857142858,0.18421052631578946,SALES_DROP
2024-12-26,	7146569951686672673,【效期至27年10月】Webber naturals伟博高纯度Omega3鱼油120粒/瓶S-默认-(DYWEB625273090086),1,5.428571428571429,0.18421052631578946,SALES_DROP
2025-03-21,7.329414437553848e+18,【官方直播】Webber伟博天然高纯度1390mg深海精粹鱼油软胶囊60粒-默认-(DYWEB625273090420),1,5.428571428571429,0.18421052631578946,SALES_DROP
2025-04-17,,【效期至2027.7.29】加拿大伟博天然安睡宝 茶氨酸褪黑素45粒/瓶-褪黑素45粒*1,1,5.428571428571429,0.18421052631578946,SALES_DROP
2025-01-17,	7144930821143691527,伟博天然进口KSM66南非醉茄印度人参精华3600mg*120粒缓压促睡眠-默认-(DYWEB625273052640),1,5.428571428571429,0.18421052631578946,SALES_DROP
2025-04-24,	7144930821143691527,伟博天然进口KSM66南非醉茄印度人参精华3600mg*120粒缓压促睡眠-默认-(DYWEB625273052640),1,5.428571428571429,0.18421052631578946,SALES_DROP
2025-08-04,	7124611154185519400,WEBBER NATURALS500mg Omega-3深海鱼油添加D3青少年鱼油100粒/瓶-默认-(DYWEB625273090291),1,5.428571428571429,0.18421052631578946,SALES_DROP
2025-04-04,	-,伟博天然进口辅酶Q10胶囊100mg 成人心脏活力60粒（效期至26年5月）-3瓶装,1,5.428571428571429,0.18421052631578946,SALES_DROP
2025-11-07,,【官方直播】WebberNaturals阳光小金盾小颗粒全家深海鱼油+D3 60粒-1瓶装-(625273071634*1),1,5.428571428571429,0.18421052631578946,SALES_DROP
2025-08-29,	-,伟博天然进口儿童鱼油高脑力DHA软胶囊120粒/瓶-1瓶装-(625273090185*1),1,5.428571428571429,0.18421052631578946,SALES_DROP
2025-08-29,	-,伟博加拿大进口99%纯度1100mg成人omega3深海鱼油心血管养护120粒-两瓶装（1个周期）【送一瓶价值149的60粒100mg辅酶Q10】-(625273090086*2+628347570705*1),1,5.428571428571429,0.18421052631578946,SALES_DROP
2025-10-10,,【官方直播】加拿大伟博儿童鱼油高脑力DHA无腥可嚼软胶囊120粒/瓶-2瓶装-(625273090185*2),1,5.428571428571429,0.18421052631578946,SALES_DROP
2025-10-16,	-,伟博天然进口KSM-66 南非醉茄 降低皮质醇缓压促睡眠120粒-7200mg南非醉茄一瓶（120粒 每天1粒 可吃4个月）-(625273071597*1),1,5.428571428571429,0.18421052631578946,SALES_DROP
2025-10-16,	-,【官方直播】WebberNaturals伟博深海鱼油1100mg高纯度Omega3 120粒-一瓶装【4个月的量】-(625273090086*1),1,5.428571428571429,0.18421052631578946,SALES_DROP
2025-07-22,	7054785415521419523,Webber Naturals儿童鱼油150mg高DHA香橙味omega3脑黄金120粒6岁+-默认-(DYWEB625273033496),1,5.428571428571429,0.18421052631578946,SALES_DROP
2025-09-19,,伟博天然进口儿童鱼油高脑力DHA软胶囊120粒/瓶-1瓶装-(625273090185*1),1,5.428571428571429,0.18421052631578946,SALES_DROP
2025-05-29,,【3瓶装】伟博精粹金CO2提纯1100mg4倍含量omega3成人心脑鱼油120粒-3瓶装【赠叶黄素40粒一瓶】,1,5.428571428571429,0.18421052631578946,SALES_DROP
2025-05-25,, webber naturals伟博胶原蛋白与神经酰胺生物活性胶原肽120片z-抗皱胶原蛋白+神经酰胺120粒*1,1,5.428571428571429,0.18421052631578946,SALES_DROP
2026-01-02,7.054785415521419e+18,	【官方直播 】伟博天然6岁+儿童鱼油高DHA欧米伽3香橙味120粒,1,5.428571428571429,0.18421052631578946,SALES_DROP
2025-01-07,7.05478541552142e+18,伟博天然儿童鱼油150mg高DHA香橙味omega3IVO认证脑黄金120粒6岁+-默认-(DYWEB625273033496),1,5.428571428571429,0.18421052631578946,SALES_DROP
2025-03-11,	7081192833746780446,webbernaturals辅酶Q10天然发酵免疫软胶囊60粒/瓶100mg营养-默认-(DYWEB625273038552),1,5.428571428571429,0.18421052631578946,SALES_DROP
2025-10-23,,Webber Naturals伟博天然进口小分子胶原蛋白多肽粉150g z-1瓶装-(625273036657*1),1,5.428571428571429,0.18421052631578946,SALES_DROP
2025-10-25,,【官方直播】1100mg鱼油120粒+大豆卵磷脂胶囊1200mg180粒鱼油搭档-1100mg鱼油120粒/瓶+大豆卵磷脂胶囊1200mg180粒/瓶-(625273079746*1+625273090086*1),1,5.428571428571429,0.18421052631578946,SALES_DROP
2025-11-07,,【官方直播】WebberNaturals阳光小金盾小颗粒全家深海鱼油+D3 60粒-2瓶装-(625273071634*2),1,5.428571428571429,0.18421052631578946,SALES_DROP
2025-11-27,,【官方直播】1100mg鱼油120粒+大豆卵磷脂1200mg180粒鱼油搭档-1100mg鱼油120粒/瓶+大豆卵磷脂胶囊1200mg180粒/瓶-(625273079746*1+625273090086*1),1,5.428571428571429,0.18421052631578946,SALES_DROP
2025-11-07,,【进博会专属】伟博天然小金盾鱼油60粒+儿童6岁+叶黄素60粒-鱼油护眼组合-(625273071634*1+625273033342*1),1,5.428571428571429,0.18421052631578946,SALES_DROP
2025-08-24,7.146569951686672e+18,WEBBER NATURALS高纯度深海鱼油omega3欧米伽3成人健身鱼油120粒D-默认-(DYWEB625273090086),1,5.428571428571429,0.18421052631578946,SALES_DROP
2025-06-02,7.144930821143692e+18,伟博天然进口KSM66南非醉茄印度人参精华3600mg*120粒缓压促睡眠-默认-(DYWEB625273052640),1,5.428571428571429,0.18421052631578946,SALES_DROP
2025-11-06,,【进博会专属】伟博天然精粹金1100mg鱼油120粒+100mg辅酶Q10-心脑组合-(625273090086*1+625273038552*1),1,5.428571428571429,0.18421052631578946,SALES_DROP
2025-10-15,,【官方直播】加拿大伟博儿童鱼油高脑力DHA无腥可嚼软胶囊120粒/瓶-1瓶装-(625273090185*1),1,5.428571428571429,0.18421052631578946,SALES_DROP
2025-04-30,	-,【官方直播】WebberNaturals伟博深海鱼油1100mg高纯度Omega3 120粒-两瓶装【8个月的量送一瓶奶蓟草】,1,5.428571428571429,0.18421052631578946,SALES_DROP
2025-11-28,7.054785415521419e+18,【官方直播 】伟博天然6岁+儿童鱼油高DHA欧米伽3香橙味120粒-默认-(DYWEB625273033496),3,16.285714285714285,0.1842105263157895,SALES_DROP
2025-04-09,	-,伟博天然进口辅酶Q10胶囊100mg 成人心脏活力60粒（效期至26年6月）-3瓶装,5,27.0,0.18518518518518517,SALES_DROP
2025-04-09,	-,【官方直播】WebberNaturals伟博深海鱼油1390mg高纯度Omega3 120粒-1瓶装,7,37.714285714285715,0.1856060606060606,SALES_DROP
2025-09-14,	7054785415521419523,WEBBER NATURALS6岁+儿童鱼油高DHA香橙味欧米伽3眼脑同步120粒-默认-(DYWEB625273033496);WebberNaturals伟博500mg维生素C胶囊60粒  效期到2026-06-30-3瓶装-(625273076622*3),2,10.714285714285714,0.18666666666666668,SALES_DROP
2025-03-17,	7199138110997872936,【二姐专属】Webber   Naturals伟博维生素C1000毫克150粒/瓶（效期至25年9月）-默认-(DYWEB625273032727),3,15.857142857142858,0.18918918918918917,SALES_DROP
2025-11-10,7.146569951686672e+18,WEBBER NATURALS高纯度深海鱼油omega3欧米伽3成人健身鱼油120粒D-默认-(DYWEB625273090086),3,15.857142857142858,0.18918918918918917,SALES_DROP
2025-08-17,,【董先生专属】【2瓶装】伟博精粹金CO2提纯1100mg4倍含量omega3成人心脑鱼油120粒-两瓶装（周期装）【送一瓶价值149的60粒100mg辅酶Q10】-(625273090086*2+628347570705*1),1,5.285714285714286,0.1891891891891892,SALES_DROP
2025-09-27,,【官方直播】加拿大伟博儿童鱼油高脑力DHA无腥可嚼软胶囊120粒/瓶-2瓶装-(625273090185*2),1,5.285714285714286,0.1891891891891892,SALES_DROP
2025-12-26,,	WEBBER NATURALS伟博天然高纯度1390mg深海精粹鱼油软胶囊60粒/瓶,1,5.285714285714286,0.1891891891891892,SALES_DROP
2025-12-26,,	【官方直播】伟博天然小金盾鱼油60粒+儿童6岁+叶黄素60粒,1,5.285714285714286,0.1891891891891892,SALES_DROP
2025-12-26,,	【效期至2027年12月】伟博天然高纯度深海鱼油omega3成人健身120粒,1,5.285714285714286,0.1891891891891892,SALES_DROP
2025-12-26,,	【3瓶装】webber naturals胶原蛋白与神经酰胺生物活性胶原肽120片,1,5.285714285714286,0.1891891891891892,SALES_DROP
2025-10-30,,WebberNaturals伟博500mg维生素C胶囊60粒  效期到2026-06-30-3瓶装-(625273076622*3),1,5.285714285714286,0.1891891891891892,SALES_DROP
2025-11-08,,【官方直播】WebberNaturals 95%高纯度omega-3迷你深海鱼油30粒/瓶-1瓶试用装【不推荐】-(625273070781*1),1,5.285714285714286,0.1891891891891892,SALES_DROP
2025-08-21,7.054785415521419e+18,【子豪专属】WEBBER NATURALS6岁+儿童鱼油高DHA香橙味欧米伽3眼脑同步120粒-默认-(DYWEB625273033496),1,5.285714285714286,0.1891891891891892,SALES_DROP
2025-03-24,7.199138110997873e+18,【二姐专属】Webber   Naturals伟博维生素C1000毫克150粒/瓶（效期至25年9月）-默认-(DYWEB625273032727),1,5.285714285714286,0.1891891891891892,SALES_DROP
2025-11-24,,【官方直播】伟博天然1岁+儿童鱼油高脑力DHA可嚼软胶囊120粒-1瓶装-(625273090185*1),1,5.285714285714286,0.1891891891891892,SALES_DROP
2025-11-12,,【官方直播】WebberNaturals伟博深海鱼油1100mg高纯度Omega3 120粒-三瓶装【1年的量】-(625273090086*3),1,5.285714285714286,0.1891891891891892,SALES_DROP
2025-06-02,7.146569951686672e+18,伟博加拿大进口99%纯度1100mg成人omega3鱼油心血管养护120粒 DB-默认-(DYWEB625273090086),1,5.285714285714286,0.1891891891891892,SALES_DROP
2025-10-19,7.448836024085742e+18,Webber Naturals伟博天然阳光小金盾小颗粒深海儿童鱼油+D3 60粒-默认-(DYWEB625273071634),1,5.285714285714286,0.1891891891891892,SALES_DROP
2025-08-12,	7329414437553848576,Webber Naturals伟博天然高纯度1390mg深海精粹鱼油软胶囊60粒/瓶-默认-(DYWEB625273090420),1,5.285714285714286,0.1891891891891892,SALES_DROP
2024-12-20,	7144930821143691527,伟博天然进口KSM66南非醉茄印度人参精华3600mg*120粒缓压促睡眠-默认-(DYWEB625273052640),1,5.285714285714286,0.1891891891891892,SALES_DROP
2025-02-23,	7144930821143691527,伟博天然进口KSM66南非醉茄印度人参精华3600mg*120粒缓压促睡眠-默认-(DYWEB625273052640),1,5.285714285714286,0.1891891891891892,SALES_DROP
2025-08-07,	7168643947345035558,伟博天然进口VB番茄红素锌硒钙水果多酚55+男士全营养素 30粒-默认-(DYWEB625273079968),1,5.285714285714286,0.1891891891891892,SALES_DROP
2025-08-12,7.329414437553848e+18,Webber Naturals伟博天然高纯度1390mg深海精粹鱼油软胶囊60粒/瓶-默认-(DYWEB625273090420),1,5.285714285714286,0.1891891891891892,SALES_DROP
2025-05-06,	7142731245833732390,WebberNaturals进口儿童鱼油欧米伽3高DHA爆浆深海鱼油120粒 1岁+-默认-(DYWEB625273090185),8,42.285714285714285,0.1891891891891892,SALES_DROP
2025-07-24,	7144930821143691527,WEBBER NATURALS南非醉茄KSM66 3600mg降低皮质醇缓压促睡眠120粒-默认-(DYWEB625273052640),1,5.285714285714286,0.1891891891891892,SALES_DROP
2025-04-03,	7144930821143691527,伟博天然进口KSM66南非醉茄印度人参精华3600mg*120粒缓压促睡眠-默认-(DYWEB625273052640),1,5.285714285714286,0.1891891891891892,SALES_DROP
2025-06-14,,【3瓶装】webber naturals胶原蛋白与神经酰胺生物活性胶原肽120片-【3瓶装】webber naturals胶原蛋白与神经酰胺生物活性胶原肽120片,1,5.285714285714286,0.1891891891891892,SALES_DROP
2025-06-12,,WebberNaturals伟博500mg维生素C胶囊60粒 T-3瓶装,1,5.285714285714286,0.1891891891891892,SALES_DROP
2025-09-19,	7146569951686672673;7481121574674874687,WEBBER NATURALS高纯度深海鱼油omega3欧米伽3成人健身鱼油120粒D-默认-(DYWEB625273090086);伟博天然辅酶Q10胶囊100mg 成人心脏活力60粒 效期至26年5月30日-默认-(DYWEB628347570705),2,10.571428571428571,0.1891891891891892,SALES_DROP
2025-09-18,	7146569951686672673;7481121574674874687,WEBBER NATURALS高纯度深海鱼油omega3欧米伽3成人健身鱼油120粒-默认-(DYWEB625273090086);伟博天然辅酶Q10胶囊100mg 成人心脏活力60粒 效期至26年5月30日-默认-(DYWEB628347570705),2,10.571428571428571,0.1891891891891892,SALES_DROP
2025-03-24,, webber naturals伟博胶原蛋白与神经酰胺生物活性胶原肽120片/瓶-3瓶装,1,5.285714285714286,0.1891891891891892,SALES_DROP
2026-01-05,7.081273337766478e+18,	WEBBER NATURALS进口Verisol小分子多肽胶原蛋白加生物素120粒/瓶,1,5.285714285714286,0.1891891891891892,SALES_DROP
2025-08-20,	7146569951686672673,【董先生专属】WEBBER NATURALS高纯度深海鱼油omega3欧米伽3成人健身鱼油120粒-默认-(DYWEB625273090086),1,5.285714285714286,0.1891891891891892,SALES_DROP
2024-12-25,	7144930821143691527,伟博天然进口KSM66南非醉茄印度人参精华3600mg*120粒缓压促睡眠-默认-(DYWEB625273052640),1,5.285714285714286,0.1891891891891892,SALES_DROP
2024-12-25,	7146569951686672673,【效期至27年10月】Webber naturals伟博高纯度Omega3鱼油120粒/瓶S-默认-(DYWEB625273090086),1,5.285714285714286,0.1891891891891892,SALES_DROP
2024-12-25,	7146569951686672673,伟博精粹金CO2提纯1100mg4倍含量omega3成人心脑欧米伽3鱼油120粒-默认-(DYWEB625273090086),1,5.285714285714286,0.1891891891891892,SALES_DROP
2025-09-07,,伟博天然进口儿童鱼油高脑力DHA软胶囊120粒/瓶-1瓶装-(625273090185*1),1,5.285714285714286,0.1891891891891892,SALES_DROP
2025-09-05,,伟博天然进口儿童鱼油高脑力DHA软胶囊120粒/瓶-1瓶装-(625273090185*1),1,5.285714285714286,0.1891891891891892,SALES_DROP
2025-09-14,,【韩大宝专属】WebberNaturals伟博500mg维生素C胶囊60粒  效期到2026-06-30-3瓶装-(625273076622*3),1,5.285714285714286,0.1891891891891892,SALES_DROP
2025-08-18,	-,【官方直播】加拿大伟博Webber鱼油500mgOmega3+D3青少年 100粒/瓶-2瓶装-(625273090291*2),1,5.285714285714286,0.1891891891891892,SALES_DROP
2025-06-17,7.086274688812433e+18,Webber Naturals伟博胶原蛋白与神经酰胺生物活性胶原肽120片/瓶-默认-(DYWEB625273036695),1,5.285714285714286,0.1891891891891892,SALES_DROP
2025-09-06,	-,【官方直播】WebberNaturals 95%高纯度omega-3迷你深海鱼油30粒/瓶-1瓶试用装【不推荐】-(625273070781*1),1,5.285714285714286,0.1891891891891892,SALES_DROP
2025-10-10,,【3瓶装】加拿大伟博天然小分子胶原蛋白多肽粉150g/瓶-3瓶装-(625273036657*3),1,5.285714285714286,0.1891891891891892,SALES_DROP
2025-10-09,,Webber Naturals伟博天然高纯度1100mg深海精粹鱼油软胶囊60粒 D-1瓶装-(625273090420*1),1,5.285714285714286,0.1891891891891892,SALES_DROP
2025-08-18,	-,【官方直播】加拿大伟博Webber鱼油500mgOmega3+D3青少年 100粒/瓶-3瓶装-(625273090291*3),1,5.285714285714286,0.1891891891891892,SALES_DROP
2025-09-09,	-,WEBBER NATURALS伟博天然高纯度1390mg深海精粹鱼油软胶囊60粒/瓶-60粒*1瓶【2个月量】-(625273090420*1),1,5.285714285714286,0.1891891891891892,SALES_DROP
2025-10-27,,WEBBER NATURALS伟博天然高纯度1390mg深海精粹鱼油软胶囊60粒/瓶-120粒*1瓶【4个月量】-(625273090086*1),1,5.285714285714286,0.1891891891891892,SALES_DROP
2025-01-24,7.144930821143692e+18,伟博天然进口KSM66南非醉茄印度人参精华3600mg*120粒缓压促睡眠-默认-(DYWEB625273052640),1,5.285714285714286,0.1891891891891892,SALES_DROP
2025-04-06,	-,【官方直播】加拿大伟博儿童鱼油高脑力DHA无腥可嚼软胶囊120粒/瓶-1瓶装,1,5.285714285714286,0.1891891891891892,SALES_DROP
2025-11-06,,【达人专属】伟博天然进口儿童鱼油欧米伽3 高DHA爆浆深海鱼油120粒1岁+-2瓶装-(625273090185*2),1,5.285714285714286,0.1891891891891892,SALES_DROP
2025-11-05,,【官方直播】加拿大伟博儿童鱼油高脑力DHA无腥可嚼软胶囊120粒/瓶-2瓶装-(625273090185*2),1,5.285714285714286,0.1891891891891892,SALES_DROP
2025-01-09,7.146569951686672e+18,【效期至27年10月】Webber naturals伟博高纯度Omega3鱼油120粒/瓶S-默认-(DYWEB625273090086),1,5.285714285714286,0.1891891891891892,SALES_DROP
2025-09-19,	-,【美彤专属】【儿童拍】WebberNaturals伟博小金盾小颗粒深海儿童鱼油+D3 60粒-【儿童拍】2瓶装（送一瓶40mg叶黄素）-(625273071634*2+625273070255*1),1,5.285714285714286,0.1891891891891892,SALES_DROP
2025-08-24,7.146569951686672e+18,【董先生专属】WEBBER NATURALS高纯度深海鱼油omega3欧米伽3成人健身鱼油120粒-默认-(DYWEB625273090086),1,5.285714285714286,0.1891891891891892,SALES_DROP
2025-09-24,	-,伟博天然进口儿童鱼油高脑力DHA软胶囊120粒/瓶-1瓶装-(625273090185*1),1,5.285714285714286,0.1891891891891892,SALES_DROP
2025-09-10,,【官方直播】加拿大伟博Webber鱼油500mgOmega3+D3青少年 100粒/瓶-2瓶装-(625273090291*2),1,5.285714285714286,0.1891891891891892,SALES_DROP
2025-09-10,,伟博加拿大进口99%纯度1100mg成人omega3深海鱼油心血管养护120粒-两瓶装（1个周期）【送一瓶价值149的60粒100mg辅酶Q10】-(625273090086*2+628347570705*1),1,5.285714285714286,0.1891891891891892,SALES_DROP
2025-08-17,,Webber Naturals伟博天然进口小分子胶原蛋白多肽粉150g z-胶原蛋白多肽粉150g*3-(625273036657*3),1,5.285714285714286,0.1891891891891892,SALES_DROP
2025-02-09,7.168643947345036e+18,伟博天然进口VB番茄红素锌硒钙水果多酚55+男士全营养素 30粒-默认-(DYWEB625273079968),1,5.285714285714286,0.1891891891891892,SALES_DROP
2025-06-03,,【效期至26年6月30日】Webber naturals伟博500mg维生素C胶囊60粒-1瓶装,1,5.285714285714286,0.1891891891891892,SALES_DROP
2025-06-03,,伟博精粹金CO2提纯1100mg4倍含量omega3成人心脑欧米伽3鱼油120粒-1瓶装,1,5.285714285714286,0.1891891891891892,SALES_DROP
2025-09-30,	-,【美彤专属】【儿童拍】WebberNaturals伟博小金盾小颗粒深海儿童鱼油+D3 60粒-【儿童拍】2瓶装（送一瓶40mg叶黄素）-(625273071634*2+625273070255*1),1,5.285714285714286,0.1891891891891892,SALES_DROP
2025-06-01,,【官方直播】加拿大伟博Webber鱼油500mgOmega3+D3青少年 100粒/瓶-2瓶装,1,5.285714285714286,0.1891891891891892,SALES_DROP
2025-07-27,	7142731245833732390,【子豪专属】WEBBER NATURALS进口儿童鱼油欧米伽3高DHA爆浆深海鱼油120粒1岁+-默认-(DYWEB625273090185),1,5.285714285714286,0.1891891891891892,SALES_DROP
2025-04-17,,Webber Naturals伟博天然进口小分子胶原蛋白多肽粉150g z-胶原蛋白多肽粉150g*3,1,5.285714285714286,0.1891891891891892,SALES_DROP
2025-04-25,	7146569951686672673,伟博精粹金CO2提纯1100mg4倍含量omega3成人心脑欧鱼油120粒 S-默认-(DYWEB625273090086),2,10.428571428571429,0.1917808219178082,SALES_DROP
2025-01-18,7.12461115418552e+18,Webber naturals伟博深海鱼油500mgOmega3+D3青少年补脑 100粒/瓶-默认-(DYWEB625273090291),2,10.428571428571429,0.1917808219178082,SALES_DROP
2025-10-22,	7146569951686672673,WEBBER NATURALS高纯度深海鱼油omega3欧米伽3成人健身鱼油120粒D-默认-(DYWEB625273090086),3,15.571428571428571,0.1926605504587156,SALES_DROP
2025-09-09,	-,【3瓶装】加拿大伟博天然小分子胶原蛋白多肽粉150g/瓶-3瓶装-(625273036657*3),1,5.142857142857143,0.19444444444444442,SALES_DROP
2025-09-07,	-,【3瓶装】伟博精粹金CO2提纯1100mg4倍含量omega3成人心脑鱼油120粒-三瓶装（1年量）【送两瓶价值149的60粒100mg辅酶Q10】-(625273090086*3+628347570705*2),1,5.142857142857143,0.19444444444444442,SALES_DROP
2025-03-31,	-,WebberNaturals伟博天然高纯度1390mg深海精粹鱼油软胶囊60粒/瓶s-60粒*1瓶【2个月量】,1,5.142857142857143,0.19444444444444442,SALES_DROP
2025-11-08,,【进博会专属】伟博天然进口深海鱼油1100mg高纯度Omega3 120粒-一瓶装【4个月的量】-(625273090086*1),1,5.142857142857143,0.19444444444444442,SALES_DROP
2025-05-28,,【官方直播】WebberNaturals伟博深海鱼油1100mg高纯度Omega3 120粒-三瓶装【一年的量送一瓶奶蓟草】,1,5.142857142857143,0.19444444444444442,SALES_DROP
2025-05-21,,【官方直播】WebberNaturals伟博深海鱼油1100mg高纯度Omega3 120粒-两瓶装【8个月的量送一瓶奶蓟草】,1,5.142857142857143,0.19444444444444442,SALES_DROP
2025-04-12,7.168643947345036e+18,伟博天然进口VB番茄红素锌硒钙水果多酚55+男士全营养素 30粒-默认-(DYWEB625273079968),1,5.142857142857143,0.19444444444444442,SALES_DROP
2025-09-05,,Webber Naturals伟博天然阳光小金盾小颗粒深海儿童鱼油+D3 60粒-2瓶装-(625273071634*2),1,5.142857142857143,0.19444444444444442,SALES_DROP
2025-05-21,7.168643947345036e+18,伟博天然进口VB番茄红素锌硒钙水果多酚55+男士全营养素 30粒-默认-(DYWEB625273079968),1,5.142857142857143,0.19444444444444442,SALES_DROP
2025-05-31,,伟博加拿大进口99%纯度1100mg成人omega3深海鱼油心血管养护120粒-2瓶装（8个月的量）,1,5.142857142857143,0.19444444444444442,SALES_DROP
2025-01-07,	7077809856803225896,【官方直播】加拿大伟博儿童鱼油高脑力DHA无腥可嚼软胶囊120粒/瓶-2瓶装;WebberNaturals伟博深海鱼油900mg高纯度Omega3 DHA/EPA鱼油200粒-默认-(DYWEB625273052985),2,10.285714285714286,0.19444444444444442,SALES_DROP
2025-08-30,,Webber Naturals伟博天然阳光小金盾小颗粒深海儿童鱼油+D3 60粒-2瓶装-(625273071634*2),1,5.142857142857143,0.19444444444444442,SALES_DROP
2025-08-30,,Webber Naturals伟博天然高纯度1100mg深海精粹鱼油软胶囊60粒 D-1瓶装-(625273090420*1),1,5.142857142857143,0.19444444444444442,SALES_DROP
2025-09-27,	-,【官方直播】加拿大伟博儿童鱼油高脑力DHA无腥可嚼软胶囊120粒/瓶-2瓶装-(625273090185*2),1,5.142857142857143,0.19444444444444442,SALES_DROP
2025-11-05,	7054785415630438688,WEBBER NATURALS高浓缩肉桂精华植物维稳糖值150mg呵护健康60粒-默认-(DYWEB625273034370),1,5.142857142857143,0.19444444444444442,SALES_DROP
2025-11-25,7.198069483125195e+18,WEBBER NATURALS伟博天然加拿大进口天然发酵好气色苹果醋240粒-默认-(DYWEB625273050547),1,5.142857142857143,0.19444444444444442,SALES_DROP
2025-09-26,,伟博天然进口儿童鱼油高脑力DHA软胶囊120粒/瓶-1瓶装-(625273090185*1),1,5.142857142857143,0.19444444444444442,SALES_DROP
2025-10-21,7.054785415521419e+18,WEBBER NATURALS儿童6岁+鱼油高DHA香橙味欧米伽3眼脑同步120粒-默认-(DYWEB625273033496),2,10.285714285714286,0.19444444444444442,SALES_DROP
2025-04-07,	-,【官方直播】加拿大伟博Webber鱼油500mgOmega3+D3青少年 100粒/瓶-2瓶装,1,5.142857142857143,0.19444444444444442,SALES_DROP
2025-10-28,,【子豪专属】伟博天然进口儿童鱼油高脑力DHA软胶囊120粒/瓶-1瓶装-(625273090185*1),1,5.142857142857143,0.19444444444444442,SALES_DROP
2025-01-06,	-,【徐冬冬专属】Webber naturals伟博深海鱼油1100mg高纯度Omega3 120粒 z-2瓶装,1,5.142857142857143,0.19444444444444442,SALES_DROP
2025-12-23,,	【达人专属】伟博加拿大进口99%纯度1100mg成人omega3深海鱼油心血管养护120粒,1,5.142857142857143,0.19444444444444442,SALES_DROP
2025-06-03,7.144930821143692e+18,伟博天然进口KSM66南非醉茄印度人参精华3600mg*120粒缓压促睡眠-默认-(DYWEB625273052640),1,5.142857142857143,0.19444444444444442,SALES_DROP
2025-05-27,7.144930821143692e+18,伟博天然进口KSM66南非醉茄印度人参精华3600mg*120粒缓压促睡眠-默认-(DYWEB625273052640),1,5.142857142857143,0.19444444444444442,SALES_DROP
2025-04-07,7.144930821143692e+18,伟博天然进口KSM66南非醉茄印度人参精华3600mg*120粒缓压促睡眠-默认-(DYWEB625273052640),1,5.142857142857143,0.19444444444444442,SALES_DROP
2025-07-15,7.142731245833732e+18,【子豪专属】WEBBER NATURALS进口儿童鱼油欧米伽3高DHA爆浆深海鱼油120粒1岁+-默认-(DYWEB625273090185),1,5.142857142857143,0.19444444444444442,SALES_DROP
2025-08-22,	-,Webber Naturals伟博天然进口小分子胶原蛋白多肽粉150g z-胶原蛋白多肽粉150g*3-(625273036657*3),1,5.142857142857143,0.19444444444444442,SALES_DROP
2025-10-13,7.086274688812433e+18,WEBBER NATURALS伟博胶原蛋白与神经酰胺生物活性胶原肽120片/瓶-默认-(DYWEB625273036695),1,5.142857142857143,0.19444444444444442,SALES_DROP
2025-09-12,7.124611154185519e+18,WEBBER NATURALS500mg Omega-3深海鱼油添加D3青少年鱼油100粒/瓶-默认-(DYWEB625273090291),1,5.142857142857143,0.19444444444444442,SALES_DROP
2025-06-08,,【官方直播】加拿大伟博儿童鱼油高脑力DHA无腥可嚼软胶囊120粒/瓶-2瓶装,1,5.142857142857143,0.19444444444444442,SALES_DROP
2025-06-08,,【官方直播】WebberNaturals伟博深海鱼油1100mg高纯度Omega3 120粒-一瓶装【4个月的量】,1,5.142857142857143,0.19444444444444442,SALES_DROP
2025-10-14,	7086274688812433667,WEBBER NATURALS伟博胶原蛋白与神经酰胺生物活性胶原肽120片/瓶-默认-(DYWEB625273036695),1,5.142857142857143,0.19444444444444442,SALES_DROP
2025-06-28,,伟博天然进口儿童鱼油高脑力DHA软胶囊120粒/瓶-1瓶装,1,5.142857142857143,0.19444444444444442,SALES_DROP
2025-01-07,	7142731245833732390,伟博天然进口儿童鱼油高脑力DHA软胶囊120粒/瓶-默认-(DYWEB625273090185),1,5.142857142857143,0.19444444444444442,SALES_DROP
2025-01-06,	-,Webber naturals伟博深海鱼油900mg高纯度Omega3/DHA/EPA 200粒z-伟博油900mg深海鱼油200粒*1,1,5.142857142857143,0.19444444444444442,SALES_DROP
2025-10-30,,伟博加拿大进口99%纯度1100mg成人omega3深海鱼油心血管养护120粒-三瓶装（1年量）【送两瓶价值149的60粒100mg辅酶Q10】-(625273090086*3+628347570705*2),1,5.142857142857143,0.19444444444444442,SALES_DROP
2025-01-04,	7142731245833732390,webbernaturals进口儿童鱼油欧米伽3高DHA爆浆深海鱼油120粒 1岁+-默认-(DYWEB625273090185),2,10.285714285714286,0.19444444444444442,SALES_DROP
2025-03-28,,【官方直播】加拿大伟博儿童鱼油高脑力DHA无腥可嚼软胶囊120粒/瓶-1瓶装,1,5.142857142857143,0.19444444444444442,SALES_DROP
2025-05-21,,【官方直播】WebberNaturals伟博深海鱼油1100mg高纯度Omega3 120粒-两瓶装【8个月的量】,1,5.142857142857143,0.19444444444444442,SALES_DROP
2025-09-12,	7124611154185519400,WEBBER NATURALS500mg Omega-3深海鱼油添加D3青少年鱼油100粒/瓶-默认-(DYWEB625273090291),1,5.142857142857143,0.19444444444444442,SALES_DROP
2025-03-14,	7081192833746780446,webbernaturals辅酶Q10天然发酵免疫软胶囊60粒/瓶100mg营养-默认-(DYWEB625273038552),1,5.142857142857143,0.19444444444444442,SALES_DROP
2025-03-19,	7199138110997872936,【二姐专属】Webber   Naturals伟博维生素C1000毫克150粒/瓶（效期至25年9月）-默认-(DYWEB625273032727),2,10.285714285714286,0.19444444444444442,SALES_DROP
2025-07-13,7.510043339572445e+18,WEBBER NATURALS3倍深海鱼油欧米伽3成人健身无鱼腥DNA鱼油200粒-默认-(625273072433),1,5.142857142857143,0.19444444444444442,SALES_DROP
2025-03-20,,【效期至2027.7.29】加拿大伟博天然安睡宝 茶氨酸褪黑素45粒/瓶-褪黑素45粒*1,1,5.142857142857143,0.19444444444444442,SALES_DROP
2025-08-13,	7329414437553848576,Webber Naturals伟博天然高纯度1390mg深海精粹鱼油软胶囊60粒/瓶-默认-(DYWEB625273090420),1,5.142857142857143,0.19444444444444442,SALES_DROP
2025-03-24,,【官方直播】加拿大伟博深海鱼油1390mg高纯度Omega3-两瓶装组合,1,5.142857142857143,0.19444444444444442,SALES_DROP
2025-04-12,	7168643947345035558,伟博天然进口VB番茄红素锌硒钙水果多酚55+男士全营养素 30粒-默认-(DYWEB625273079968),1,5.142857142857143,0.19444444444444442,SALES_DROP
2025-02-09,	7168643947345035558,伟博天然进口VB番茄红素锌硒钙水果多酚55+男士全营养素 30粒-默认-(DYWEB625273079968),1,5.142857142857143,0.19444444444444442,SALES_DROP
2025-03-08,	7168643947345035558,伟博天然进口VB番茄红素锌硒钙水果多酚55+男士全营养素 30粒-默认-(DYWEB625273079968),1,5.142857142857143,0.19444444444444442,SALES_DROP
2025-07-23,	7242231858778341689,WEBBER NATURALS褪黑素片10mg快速入睡深度睡眠薄荷味72粒-默认-(DYWEB625273038279),1,5.142857142857143,0.19444444444444442,SALES_DROP
2025-04-18,7.146569951686672e+18,伟博精粹金CO2提纯1100mg4倍含量omega3成人心脑欧鱼油120粒 S-默认-(DYWEB625273090086),2,10.285714285714286,0.19444444444444442,SALES_DROP
2025-03-25,	-,webber naturals伟博天然褪黑素片10毫克72粒z-褪黑素片10毫克72粒*1,1,5.142857142857143,0.19444444444444442,SALES_DROP
2025-11-24,,【官方直播】加拿大伟博Webber儿童鱼油高DHAOmega-3甜橙味120粒/瓶-3瓶装-(625273033496*3),1,5.142857142857143,0.19444444444444442,SALES_DROP
2025-11-12,,Webber Naturals伟博天然进口小分子胶原蛋白多肽粉150g z-1瓶装-(625273036657*1),1,5.142857142857143,0.19444444444444442,SALES_DROP
2025-07-05,7.146569951686672e+18,伟博加拿大进口99%纯度1100mg成人omega3鱼油心血管养护120粒 DB-默认-(DYWEB625273090086),1,5.142857142857143,0.19444444444444442,SALES_DROP
2025-03-03,7.146569951686672e+18,伟博精粹金CO2提纯1100mg4倍含量omega3成人心脑欧鱼油120粒 S-默认-(DYWEB625273090086),1,5.142857142857143,0.19444444444444442,SALES_DROP
2024-12-30,	7081192833746780446,【官方直播】加拿大伟博深海鱼油1390mg高纯度Omega3-两瓶装组合;webbernaturals辅酶Q10天然发酵免疫软胶囊60粒/瓶100mg营养-默认-(DYWEB625273038552),2,10.142857142857142,0.1971830985915493,SALES_DROP
2025-09-18,7.146569951686672e+18,【徐冬冬专属】WEBBER NATURALS高纯度深海鱼油omega3欧米伽3成人健身鱼油120粒D-默认-(DYWEB625273090086),2,10.142857142857142,0.1971830985915493,SALES_DROP
2025-09-20,7.481121574674874e+18,伟博天然辅酶Q10胶囊100mg 成人心脏活力60粒 效期至26年5月30日-默认-(DYWEB628347570705),2,10.142857142857142,0.1971830985915493,SALES_DROP
2025-04-18,	7146569951686672673,伟博精粹金CO2提纯1100mg4倍含量omega3成人心脑欧鱼油120粒 S-默认-(DYWEB625273090086),2,10.142857142857142,0.1971830985915493,SALES_DROP
2025-03-26,7.199138110997873e+18,【二姐专属】Webber   Naturals伟博维生素C1000毫克150粒/瓶（效期至25年9月）-默认-(DYWEB625273032727),4,20.142857142857142,0.19858156028368795,SALES_DROP
2025-12-27,,	【官方直播】伟博天然进口深海鱼油1100mg高纯度Omega3 120粒,1,5.0,0.2,SALES_DROP
2025-12-27,,	【3瓶装】webber naturals胶原蛋白与神经酰胺生物活性胶原肽120片,1,5.0,0.2,SALES_DROP
2025-11-23,,【进博会专属】伟博天然进口深海鱼油1100mg高纯度Omega3 120粒-三瓶装【1年的量】-(625273090086*3),1,5.0,0.2,SALES_DROP
2025-03-21,	7329414437553848576,Webber Naturals伟博天然高纯度1390mg深海精粹鱼油软胶囊60粒/瓶-默认-(DYWEB625273090420),1,5.0,0.2,SALES_DROP
2025-03-21,	7329414437553848576,【官方直播】Webber伟博天然高纯度1390mg深海精粹鱼油软胶囊60粒-默认-(DYWEB625273090420),1,5.0,0.2,SALES_DROP
2025-06-29,7.448837780370702e+18,Webber Naturals伟博天然叶黄素40毫克 30粒 呵护眼睛-默认-(DYWEB625273070255),1,5.0,0.2,SALES_DROP
2025-01-10,	7146569951686672673,【效期至27年10月】Webber naturals伟博高纯度Omega3鱼油120粒/瓶S-默认-(DYWEB625273090086),1,5.0,0.2,SALES_DROP
2025-03-25,,【官方直播】加拿大伟博深海鱼油1390mg高纯度Omega3-两瓶装组合,1,5.0,0.2,SALES_DROP
2025-02-25,,Webber Naturals伟博天然高纯度1390mg深海精粹鱼油软胶囊60粒 z-伟博天然高纯度1390mg深海精粹鱼油60粒*1,1,5.0,0.2,SALES_DROP
2025-02-25,,【官方直播】加拿大伟博Webber鱼油500mgOmega3+D3青少年 100粒/瓶-2瓶装,1,5.0,0.2,SALES_DROP
2025-05-02,	7144930821143691527,伟博天然进口KSM66南非醉茄印度人参精华3600mg*120粒缓压促睡眠-默认-(DYWEB625273052640),1,5.0,0.2,SALES_DROP
2025-07-07,	7144930821143691527,伟博天然进口KSM66南非醉茄印度人参精华3600mg*120粒缓压促睡眠-默认-(DYWEB625273052640),1,5.0,0.2,SALES_DROP
2025-01-13,7.11003268465066e+18,【效期至25年6月】webbernaturals伟博500mg维生素C胶囊60粒-默认-(625273076622),1,5.0,0.2,SALES_DROP
2025-02-11,7.142731245833732e+18,webbernaturals进口儿童鱼油欧米伽3高DHA爆浆深海鱼油120粒 1岁+-默认-(DYWEB625273090185),1,5.0,0.2,SALES_DROP
2025-09-08,	-,伟博加拿大进口99%纯度1100mg成人omega3深海鱼油心血管养护120粒-两瓶装（1个周期）【送一瓶价值149的60粒100mg辅酶Q10】-(625273090086*2+628347570705*1),1,5.0,0.2,SALES_DROP
2025-08-31,7.086274688812433e+18,WEBBER NATURALS伟博胶原蛋白与神经酰胺生物活性胶原肽120片/瓶-默认-(DYWEB625273036695),1,5.0,0.2,SALES_DROP
2025-09-06,	7146569951686672673,【董先生专属】WEBBER NATURALS高纯度深海鱼油omega3欧米伽3成人健身鱼油120粒-默认-(DYWEB625273090086),1,5.0,0.2,SALES_DROP
2025-08-22,	-,【官方直播】加拿大伟博儿童鱼油高脑力DHA无腥可嚼软胶囊120粒/瓶-2瓶装-(625273090185*2),1,5.0,0.2,SALES_DROP
2025-08-20,	-,【3瓶装】伟博精粹金CO2提纯1100mg4倍含量omega3成人心脑鱼油120粒-三瓶装（1年量）【送两瓶价值149的60粒100mg辅酶Q10】-(625273090086*3+628347570705*2),1,5.0,0.2,SALES_DROP
2025-07-19,	7142731245833732390,【子豪专属】WEBBER NATURALS进口儿童鱼油欧米伽3高DHA爆浆深海鱼油120粒1岁+-默认-(DYWEB625273090185),1,5.0,0.2,SALES_DROP
2025-01-20,	7144930821143691527,伟博天然进口KSM66南非醉茄印度人参精华3600mg*120粒缓压促睡眠-默认-(DYWEB625273052640),1,5.0,0.2,SALES_DROP
2025-09-14,7.448836024085742e+18,Webber Naturals伟博天然阳光小金盾小颗粒深海儿童鱼油+D3 60粒-默认-(DYWEB625273071634),1,5.0,0.2,SALES_DROP
2025-07-11,	7124611154185519400,WEBBER NATURALS500mg Omega-3深海鱼油添加D3青少年鱼油100粒/瓶-默认-(DYWEB625273090291),1,5.0,0.2,SALES_DROP
2025-03-20,	7081192833746780446,webbernaturals辅酶Q10天然发酵免疫软胶囊60粒/瓶100mg营养-默认-(DYWEB625273038552),1,5.0,0.2,SALES_DROP
2025-09-14,	7448836024085741839,Webber Naturals伟博天然阳光小金盾小颗粒深海儿童鱼油+D3 60粒-默认-(DYWEB625273071634),1,5.0,0.2,SALES_DROP
2025-09-21,,【官方直播】WebberNaturals伟博深海鱼油1100mg高纯度Omega3 120粒-两瓶装【8个月的量】-(625273090086*2),1,5.0,0.2,SALES_DROP
2025-09-11,	-,【送辅酶Q10】伟博95%高纯度深海鱼油omega3成人小颗粒健身鱼油30粒-【新人尝鲜1瓶装】30粒*1瓶-(625273070781*1),1,5.0,0.2,SALES_DROP
2025-08-19,	-,Webber Naturals伟博天然高纯度1100mg深海精粹鱼油软胶囊60粒 Z-1瓶装-(625273090420*1),1,5.0,0.2,SALES_DROP
2025-08-17,	-,【三少爷专属】WEBBER NATURALS伟博天然高纯度1390mg深海精粹鱼油软胶囊60粒/瓶-60粒*1瓶【2个月量】-(625273090420*1),1,5.0,0.2,SALES_DROP
2025-01-25,7.086274688812433e+18, webber naturals伟博胶原蛋白与神经酰胺生物活性胶原肽120片/瓶-默认-(DYWEB625273036695),1,5.0,0.2,SALES_DROP
2025-06-25,7.05478541552142e+18,【子豪专属】Webber Naturals儿童鱼油150mg高DHA香橙味omega3脑黄金120粒6岁+-默认-(DYWEB625273033496),2,10.0,0.2,SALES_DROP
2026-01-02,7.054785415521419e+18,	【子豪专属】WEBBER NATURALS6岁+儿童鱼油高DHA香橙味欧米伽3眼脑同步120粒,1,5.0,0.2,SALES_DROP
2025-06-20,,【官方直播】加拿大伟博Webber鱼油500mgOmega3+D3青少年 100粒/瓶-3瓶装,1,5.0,0.2,SALES_DROP
2025-06-20,,【3瓶装】webber naturals胶原蛋白与神经酰胺生物活性胶原肽120片-【3瓶装】webber naturals胶原蛋白与神经酰胺生物活性胶原肽120片,1,5.0,0.2,SALES_DROP
2025-03-23,7.199138110997873e+18,【二姐专属】Webber   Naturals伟博维生素C1000毫克150粒/瓶（效期至25年9月）-默认-(DYWEB625273032727),1,5.0,0.2,SALES_DROP
2025-08-17,,WebberNaturals伟博500mg维生素C胶囊60粒-3瓶装-(625273076622*3),1,5.0,0.2,SALES_DROP
2025-09-11,,Webber Naturals伟博天然阳光小金盾小颗粒深海儿童鱼油+D3 60粒-2瓶装-(625273071634*2),1,5.0,0.2,SALES_DROP
2025-11-20,7.198069483125195e+18,WEBBER NATURALS伟博天然加拿大进口天然发酵好气色苹果醋240粒-默认-(DYWEB625273050547),1,5.0,0.2,SALES_DROP
2025-06-04,,【官方直播】加拿大伟博Webber鱼油500mgOmega3+D3青少年 100粒/瓶-3瓶装,1,5.0,0.2,SALES_DROP
2025-05-28,,伟博进口99%纯度1100mg成人omega3深海鱼油中老年心血管养护120粒-2瓶装（8个月的量）,1,5.0,0.2,SALES_DROP
2025-10-29,,伟博加拿大进口99%纯度1100mg成人omega3深海鱼油心血管养护120粒-三瓶装（1年量）【送两瓶价值149的60粒100mg辅酶Q10】-(625273090086*3+628347570705*2),1,5.0,0.2,SALES_DROP
2025-10-29,,伟博加拿大进口99%纯度1100mg成人omega3深海鱼油心血管养护120粒-两瓶装（1个周期）【送一瓶价值149的60粒100mg辅酶Q10】-(625273090086*2+628347570705*1),1,5.0,0.2,SALES_DROP
2025-01-22,7.146569951686672e+18,【效期至27年10月】Webber naturals伟博高纯度Omega3鱼油120粒/瓶S-默认-(DYWEB625273090086),1,5.0,0.2,SALES_DROP
2025-11-06,,【官方直播】加拿大伟博儿童鱼油高脑力DHA无腥可嚼软胶囊120粒/瓶-2瓶装-(625273090185*2),1,5.0,0.2,SALES_DROP
2025-10-23,,伟博天然进口VB番茄红素锌硒钙水果多酚55+男士全营养素 30粒z-2瓶装-(625273079968*2),1,5.0,0.2,SALES_DROP
2025-08-18,7.142731245833732e+18,【子豪专属】WEBBER NATURALS进口儿童鱼油欧米伽3高DHA爆浆深海鱼油120粒1岁+-默认-(DYWEB625273090185),1,5.0,0.2,SALES_DROP
2025-03-10,	7329414437553848576;7110032684650660136,Webber Naturals伟博天然高纯度1390mg深海精粹鱼油软胶囊60粒/瓶-默认-(DYWEB625273090420);【效期至25年6月】webbernaturals伟博500mg维生素C胶囊60粒-默认-(625273076622),2,10.0,0.2,SALES_DROP
2025-05-02,7.144930821143692e+18,伟博天然进口KSM66南非醉茄印度人参精华3600mg*120粒缓压促睡眠-默认-(DYWEB625273052640),1,5.0,0.2,SALES_DROP
2024-12-30,	7081192833746780446,webbernaturals辅酶Q10天然发酵免疫软胶囊60粒/瓶100mg营养-默认-(DYWEB625273038552),2,10.0,0.2,SALES_DROP
2025-04-17,, webber naturals伟博胶原蛋白与神经酰胺生物活性胶原肽120片z-抗皱胶原蛋白+神经酰胺120粒*1,1,5.0,0.2,SALES_DROP
2025-04-26,,【官方直播】加拿大伟博Webber鱼油500mgOmega3+D3青少年 100粒/瓶-3瓶装,1,5.0,0.2,SALES_DROP
2025-08-31,	7086274688812433667,WEBBER NATURALS伟博胶原蛋白与神经酰胺生物活性胶原肽120片/瓶-默认-(DYWEB625273036695),1,5.0,0.2,SALES_DROP
2025-04-16,,Webber Naturals伟博天然苹果醋胶囊天然维稳240粒/瓶 z-1瓶装,1,5.0,0.2,SALES_DROP
2026-01-04,7.054785415521419e+18,	【官方直播 】伟博天然6岁+儿童鱼油高DHA欧米伽3香橙味120粒,1,5.0,0.2,SALES_DROP
2025-10-12,,伟博加拿大进口99%纯度1100mg成人omega3深海鱼油心血管养护120粒-一瓶装（体验装）-(625273090086*1),4,19.857142857142858,0.2014388489208633,SALES_DROP
2025-01-13,	7142731245833732390,webbernaturals进口儿童鱼油欧米伽3高DHA爆浆深海鱼油120粒 1岁+-默认-(DYWEB625273090185),4,19.714285714285715,0.20289855072463767,SALES_DROP
2025-03-21,7.086274688812433e+18,Webber Naturals伟博胶原蛋白与神经酰胺生物活性胶原肽120片/瓶-默认-(DYWEB625273036695),3,14.714285714285714,0.2038834951456311,SALES_DROP
2025-03-22,7.086274688812433e+18,Webber Naturals伟博胶原蛋白与神经酰胺生物活性胶原肽120片/瓶-默认-(DYWEB625273036695),3,14.571428571428571,0.20588235294117646,SALES_DROP
2025-03-02,	7446970035580698914;7454032906437558543,【紫气高升】Webber伟博天然高纯度Omega3精粹金鱼油120粒2瓶装礼盒-默认-(625273090086*2);枫叶围巾-默认-(20241230001),2,9.714285714285714,0.2058823529411765,SALES_DROP
2025-03-31,	7146569951686672673;7427011616899940648,伟博精粹金CO2提纯1100mg4倍含量omega3成人心脑欧鱼油120粒 S-默认-(DYWEB625273090086);Webber伟博 Osteo氨糖软骨素MSM添加乳香姜黄素高端关节修护30粒-默认-(625273090321),2,9.714285714285714,0.2058823529411765,SALES_DROP
2025-03-24,	7427011616899940648,【官方直播】WebberNaturals伟博深海鱼油1390mg高纯度Omega3 120粒-1瓶装;Webber伟博 Osteo氨糖软骨素MSM添加乳香姜黄素高端关节修护30粒-默认-(625273090321),2,9.714285714285714,0.2058823529411765,SALES_DROP
2025-01-18,	7081192833746780446,【官方直播】加拿大伟博深海鱼油1390mg高纯度Omega3-两瓶装组合;webbernaturals辅酶Q10天然发酵免疫软胶囊60粒/瓶100mg营养-默认-(DYWEB625273038552),2,9.714285714285714,0.2058823529411765,SALES_DROP
2025-10-01,7.054785415521419e+18,WEBBER NATURALS儿童6岁+鱼油高DHA香橙味欧米伽3眼脑同步120粒-默认-(DYWEB625273033496),3,14.428571428571429,0.2079207920792079,SALES_DROP
2025-03-22,	7146569951686672673;7427011616899940648,伟博精粹金CO2提纯1100mg4倍含量omega3成人心脑欧鱼油120粒 S-默认-(DYWEB625273090086);Webber伟博 Osteo氨糖软骨素MSM添加乳香姜黄素高端关节修护30粒-默认-(625273090321),2,9.571428571428571,0.208955223880597,SALES_DROP
2025-09-22,	-,伟博加拿大进口99%纯度1100mg成人omega3深海鱼油心血管养护120粒-三瓶装（1年量）【送两瓶价值149的60粒100mg辅酶Q10】-(625273090086*3+628347570705*2),2,9.571428571428571,0.208955223880597,SALES_DROP
2025-01-18,	7081192833746780446,webbernaturals辅酶Q10天然发酵免疫软胶囊60粒/瓶100mg营养-默认-(DYWEB625273038552),2,9.571428571428571,0.208955223880597,SALES_DROP
2025-04-01,,【YY专属】Webber Naturals伟博维生素C1000毫克150粒/瓶（效期至25年9月）-3瓶装,2,9.571428571428571,0.208955223880597,SALES_DROP
2025-04-26,	7146569951686672673,伟博精粹金CO2提纯1100mg4倍含量omega3成人心脑欧鱼油120粒 S-默认-(DYWEB625273090086),2,9.571428571428571,0.208955223880597,SALES_DROP
2025-04-26,7.146569951686672e+18,伟博精粹金CO2提纯1100mg4倍含量omega3成人心脑欧鱼油120粒 S-默认-(DYWEB625273090086),2,9.571428571428571,0.208955223880597,SALES_DROP
2025-07-05,	7142731245833732390,WebberNaturals进口儿童鱼油欧米伽3高DHA爆浆深海鱼油120粒 1岁+-默认-(DYWEB625273090185),3,14.285714285714286,0.21,SALES_DROP
2025-04-10,	-,【官方直播】WebberNaturals伟博深海鱼油1390mg高纯度Omega3 120粒-1瓶装,6,28.428571428571427,0.21105527638190955,SALES_DROP
2025-04-03,7.22322261258199e+18,【效期至25年7月】伟博天然高浓度奶蓟草熬夜养肝胶囊250mg护肝片-默认-(DYWEB625273090178),2,9.428571428571429,0.21212121212121213,SALES_DROP
2025-01-20,	7124611154185519400,Webber naturals伟博深海鱼油900mg高纯度Omega3/DHA/EPA 200粒z-伟博油900mg深海鱼油200粒*1;Webber naturals伟博深海鱼油500mgOmega3+D3青少年补脑 100粒/瓶-默认-(DYWEB625273090291),2,9.428571428571429,0.21212121212121213,SALES_DROP
2025-03-21,	7086274688812433667,Webber Naturals伟博胶原蛋白与神经酰胺生物活性胶原肽120片/瓶-默认-(DYWEB625273036695),3,14.142857142857142,0.21212121212121213,SALES_DROP
2025-03-22,	7086274688812433667,Webber Naturals伟博胶原蛋白与神经酰胺生物活性胶原肽120片/瓶-默认-(DYWEB625273036695),3,14.142857142857142,0.21212121212121213,SALES_DROP
2025-10-21,	7481121574674874687,【官方直播】加拿大伟博儿童鱼油高脑力DHA无腥可嚼软胶囊120粒/瓶-2瓶装-(625273090185*2);伟博天然辅酶Q10胶囊100mg 成人心脏活力60粒 效期至26年5月30日-默认-(DYWEB628347570705),2,9.428571428571429,0.21212121212121213,SALES_DROP
2025-03-13,	-,【3瓶装】webber naturals胶原蛋白与神经酰胺生物活性胶原肽120片-【3瓶装】webber naturals胶原蛋白与神经酰胺生物活性胶原肽120片,2,9.428571428571429,0.21212121212121213,SALES_DROP
2025-04-18,7.144930821143692e+18,伟博天然进口KSM66南非醉茄印度人参精华3600mg*120粒缓压促睡眠-默认-(DYWEB625273052640),2,9.428571428571429,0.21212121212121213,SALES_DROP
2025-05-13,7.146569951686672e+18,伟博精粹金CO2提纯1100mg4倍含量omega3成人心脑欧鱼油120粒 S-默认-(DYWEB625273090086),2,9.428571428571429,0.21212121212121213,SALES_DROP
2025-04-01,	-,【YY专属】Webber Naturals伟博维生素C1000毫克150粒/瓶（效期至25年9月）-3瓶装,2,9.428571428571429,0.21212121212121213,SALES_DROP
2025-04-25,7.146569951686672e+18,伟博精粹金CO2提纯1100mg4倍含量omega3成人心脑欧鱼油120粒 S-默认-(DYWEB625273090086),2,9.428571428571429,0.21212121212121213,SALES_DROP
2025-11-05,	7503765776017555739,【官方直播】WebberNaturals阳光小金盾小颗粒全家深海鱼油+D3 60粒-2瓶装-(625273071634*2);WEBBER NATURALS茶氨酸加纳籽褪黑素香蜂草草本5重配方安睡宝10粒-默认-(DYWEB990312500179),2,9.428571428571429,0.21212121212121213,SALES_DROP
2025-10-01,	7054785415521419523,WEBBER NATURALS儿童6岁+鱼油高DHA香橙味欧米伽3眼脑同步120粒-默认-(DYWEB625273033496),3,14.0,0.21428571428571427,SALES_DROP
2025-02-12,7.086274688812433e+18,Webber Naturals伟博胶原蛋白与神经酰胺生物活性胶原肽120片/瓶-默认-(DYWEB625273036695),3,14.0,0.21428571428571427,SALES_DROP
2025-09-10,	7146569951686672673;7481121574674874687,WEBBER NATURALS高纯度深海鱼油omega3欧米伽3成人健身鱼油120粒-默认-(DYWEB625273090086);伟博天然辅酶Q10胶囊100mg 成人心脏活力60粒 效期至26年5月30日-默认-(DYWEB628347570705),3,14.0,0.21428571428571427,SALES_DROP
2025-02-12,	7086274688812433667,Webber Naturals伟博胶原蛋白与神经酰胺生物活性胶原肽120片/瓶-默认-(DYWEB625273036695),3,14.0,0.21428571428571427,SALES_DROP
2025-03-24,, webber naturals伟博胶原蛋白与神经酰胺生物活性胶原肽120片z-抗皱胶原蛋白+神经酰胺120粒*1,2,9.285714285714286,0.21538461538461537,SALES_DROP
2025-06-22,7.05478541552142e+18,【子豪专属】Webber Naturals儿童鱼油150mg高DHA香橙味omega3脑黄金120粒6岁+-默认-(DYWEB625273033496),2,9.285714285714286,0.21538461538461537,SALES_DROP
2025-02-03,7.146569951686672e+18,【效期至27年10月】Webber naturals伟博高纯度Omega3鱼油120粒/瓶S-默认-(DYWEB625273090086),2,9.285714285714286,0.21538461538461537,SALES_DROP
2025-08-17,	7144930821143691527,WEBBER NATURALS南非醉茄KSM66 3600mg降低皮质醇缓压促睡眠120粒-默认-(DYWEB625273052640);【官方直播】WebberNaturals伟博深海鱼油1100mg高纯度Omega3 120粒-一瓶装【4个月的量】-(625273090086*1),2,9.285714285714286,0.21538461538461537,SALES_DROP
2025-04-18,	7144930821143691527,伟博天然进口KSM66南非醉茄印度人参精华3600mg*120粒缓压促睡眠-默认-(DYWEB625273052640),2,9.285714285714286,0.21538461538461537,SALES_DROP
2025-01-06,	7124611154185519400,Webber naturals伟博深海鱼油500mgOmega3+D3青少年补脑 100粒/瓶-默认-(DYWEB625273090291),3,13.857142857142858,0.21649484536082472,SALES_DROP
2025-10-14,	7054785415521419523,伟博天然进口儿童鱼油高脑力DHA软胶囊120粒/瓶-2瓶装-(625273090185*2);WEBBER NATURALS6岁+儿童鱼油高DHA香橙味欧米伽3眼脑同步120粒-默认-(DYWEB625273033496),3,13.857142857142858,0.21649484536082472,SALES_DROP
2025-07-07,	7124611154185519400,Webber naturals伟博深海鱼油500mgOmega3+D3青少年补脑 100粒/瓶-默认-(DYWEB625273090291),2,9.142857142857142,0.21875,SALES_DROP
2025-02-26,	7077809856803225896;7110032684650660136,WebberNaturals伟博深海鱼油900mg高纯度Omega3 DHA/EPA鱼油200粒-默认-(DYWEB625273052985);【效期至25年6月】webbernaturals伟博500mg维生素C胶囊60粒-默认-(625273076622),2,9.142857142857142,0.21875,SALES_DROP
2025-04-05,	-,【官方直播】WebberNaturals伟博深海鱼油1390mg高纯度Omega3 120粒-2瓶装,3,13.714285714285714,0.21875,SALES_DROP
2025-03-31,,WebberNaturals伟博天然高纯度1390mg深海精粹鱼油软胶囊60粒/瓶s-120粒*1瓶【4个月量】,3,13.714285714285714,0.21875,SALES_DROP
2025-08-29,7.481121574674874e+18,伟博天然辅酶Q10胶囊100mg 成人心脏活力60粒 效期至26年5月30日-默认-(DYWEB628347570705),2,9.142857142857142,0.21875,SALES_DROP
2025-03-27,7.329414437553848e+18,Webber Naturals伟博天然高纯度1390mg深海精粹鱼油软胶囊60粒/瓶-默认-(DYWEB625273090420),3,13.714285714285714,0.21875,SALES_DROP
2025-03-24,,Webber Naturals伟博天然进口小分子胶原蛋白多肽粉150g z-胶原蛋白多肽粉150g*1,2,9.142857142857142,0.21875,SALES_DROP
2025-09-18,7.481121574674874e+18,伟博天然辅酶Q10胶囊100mg 成人心脏活力60粒 效期至26年5月30日-默认-(DYWEB628347570705),4,18.142857142857142,0.2204724409448819,SALES_DROP
2025-04-12,	-,WebberNaturals伟博天然高纯度1390mg深海精粹鱼油软胶囊60粒/瓶s-120粒*1瓶【4个月量】,4,18.142857142857142,0.2204724409448819,SALES_DROP
2025-04-01,,【YY专属】Webber Naturals伟博维生素C1000毫克150粒/瓶（效期至25年9月）-1瓶装,3,13.571428571428571,0.22105263157894736,SALES_DROP
2025-08-30,7.146569951686672e+18,【徐冬冬专属】WEBBER NATURALS高纯度深海鱼油omega3欧米伽3成人健身鱼油120粒D-默认-(DYWEB625273090086),6,27.142857142857142,0.22105263157894736,SALES_DROP
2025-04-01,	-,伟博Osteo氨糖软骨素MSM 高端关节修护30粒（效期至25年7月）-3瓶,2,9.0,0.2222222222222222,SALES_DROP
2025-04-27,7.146569951686672e+18,伟博精粹金CO2提纯1100mg4倍含量omega3成人心脑欧鱼油120粒 S-默认-(DYWEB625273090086),2,9.0,0.2222222222222222,SALES_DROP
2025-10-25,	-,【官方直播】加拿大伟博儿童鱼油高脑力DHA无腥可嚼软胶囊120粒/瓶-2瓶装-(625273090185*2),2,9.0,0.2222222222222222,SALES_DROP
2025-12-02,7.054785415630438e+18,WEBBER NATURALS高浓缩肉桂精华植物维稳糖值150mg呵护健康60粒-默认-(DYWEB625273034370),2,9.0,0.2222222222222222,SALES_DROP
2025-10-04,7.146569951686672e+18,WEBBER NATURALS高纯度深海鱼油omega3欧米伽3成人健身鱼油120粒D-默认-(DYWEB625273090086),3,13.428571428571429,0.22340425531914893,SALES_DROP
2025-10-04,7.124611154185519e+18,WEBBER NATURALS500mg Omega-3深海鱼油添加D3青少年鱼油100粒/瓶-默认-(DYWEB625273090291),3,13.428571428571429,0.22340425531914893,SALES_DROP
2025-10-04,	7124611154185519400,WEBBER NATURALS500mg Omega-3深海鱼油添加D3青少年鱼油100粒/瓶-默认-(DYWEB625273090291),3,13.428571428571429,0.22340425531914893,SALES_DROP
2025-03-14,	7086274688812433667,Webber Naturals伟博胶原蛋白与神经酰胺生物活性胶原肽120片/瓶-默认-(DYWEB625273036695),4,17.857142857142858,0.224,SALES_DROP
2025-03-14,7.086274688812433e+18,Webber Naturals伟博胶原蛋白与神经酰胺生物活性胶原肽120片/瓶-默认-(DYWEB625273036695),4,17.857142857142858,0.224,SALES_DROP
2025-04-12,	-,伟博天然进口辅酶Q10胶囊100mg 成人心脏活力60粒（效期至26年5月）-3瓶装,6,26.714285714285715,0.2245989304812834,SALES_DROP
2024-12-27,	7146569951686672673,【效期至27年10月】Webber naturals伟博高纯度Omega3鱼油120粒/瓶S-默认-(DYWEB625273090086),2,8.857142857142858,0.22580645161290322,SALES_DROP
2025-03-15,	7427011616899940648,【官方直播】WebberNaturals伟博深海鱼油1390mg高纯度Omega3 120粒-5瓶装;Webber伟博 Osteo氨糖软骨素MSM添加乳香姜黄素高端关节修护30粒-默认-(625273090321),4,17.714285714285715,0.22580645161290322,SALES_DROP
2025-10-12,	-,【官方直播】加拿大伟博儿童鱼油高脑力DHA无腥可嚼软胶囊120粒/瓶-2瓶装-(625273090185*2),2,8.857142857142858,0.22580645161290322,SALES_DROP
2025-03-23,7.086274688812433e+18,Webber Naturals伟博胶原蛋白与神经酰胺生物活性胶原肽120片/瓶-默认-(DYWEB625273036695),3,13.285714285714286,0.22580645161290322,SALES_DROP
2025-03-29,7.329414437553848e+18,【春蚕专属】Webber Naturals伟博天然高纯度1390mg深海精粹鱼油软胶囊60粒/瓶-默认-(DYWEB625273090420),2,8.857142857142858,0.22580645161290322,SALES_DROP
2025-10-21,	7481121574674874687,【官方直播】WebberNaturals伟博深海鱼油1100mg高纯度Omega3 120粒-两瓶装【8个月的量】-(625273090086*2);伟博天然辅酶Q10胶囊100mg 成人心脏活力60粒 效期至26年5月30日-默认-(DYWEB628347570705),2,8.857142857142858,0.22580645161290322,SALES_DROP
2025-04-27,	7146569951686672673,伟博精粹金CO2提纯1100mg4倍含量omega3成人心脑欧鱼油120粒 S-默认-(DYWEB625273090086),2,8.857142857142858,0.22580645161290322,SALES_DROP
2025-03-28,,【官方直播】加拿大伟博儿童鱼油高脑力DHA无腥可嚼软胶囊120粒/瓶-2瓶装,3,13.285714285714286,0.22580645161290322,SALES_DROP
2025-11-30,7.054785415630438e+18,WEBBER NATURALS高浓缩肉桂精华植物维稳糖值150mg呵护健康60粒-默认-(DYWEB625273034370),3,13.285714285714286,0.22580645161290322,SALES_DROP
2025-09-17,7.481121574674874e+18,伟博天然辅酶Q10胶囊100mg 成人心脏活力60粒 效期至26年5月30日-默认-(DYWEB628347570705),4,17.714285714285715,0.22580645161290322,SALES_DROP
2025-03-26,	-,【官方直播】WebberNaturals伟博深海鱼油1390mg高纯度Omega3 120粒-1瓶装,2,8.857142857142858,0.22580645161290322,SALES_DROP
2025-11-02,	7481121574674874687,【官方直播】加拿大伟博儿童鱼油高脑力DHA无腥可嚼软胶囊120粒/瓶-2瓶装-(625273090185*2);伟博天然辅酶Q10胶囊100mg 成人心脏活力60粒 效期至26年5月30日-默认-(DYWEB628347570705),4,17.714285714285715,0.22580645161290322,SALES_DROP
2025-04-09,,【YY专属】Webber Naturals伟博维生素C1000毫克150粒/瓶（效期至25年9月）-3瓶装,13,57.42857142857143,0.2263681592039801,SALES_DROP
2025-04-10,,【YY专属】Webber Naturals伟博维生素C1000毫克150粒/瓶（效期至25年9月）-1瓶装,10,44.142857142857146,0.22653721682847894,SALES_DROP
2025-06-05,7.142731245833732e+18,WebberNaturals进口儿童鱼油欧米伽3高DHA爆浆深海鱼油120粒 1岁+-默认-(DYWEB625273090185),15,66.14285714285714,0.2267818574514039,SALES_DROP
2025-04-09,	-,【YY专属】Webber Naturals伟博维生素C1000毫克150粒/瓶（效期至25年9月）-3瓶装,13,57.142857142857146,0.22749999999999998,SALES_DROP
2025-11-05,	7503765776017555739,WebberNaturals伟博胶原蛋白与神经酰胺生物活性胶原肽120片 DB-2瓶装-(625273036695*2);Webber Naturals伟博天然进口小分子胶原蛋白多肽粉150g z-1瓶装-(625273036657*1);WEBBER NATURALS茶氨酸加纳籽褪黑素香蜂草草本5重配方安睡宝10粒-默认-(DYWEB990312500179),3,13.142857142857142,0.2282608695652174,SALES_DROP
2024-12-28,	7081192833746780446,webbernaturals辅酶Q10天然发酵免疫软胶囊60粒/瓶100mg营养-默认-(DYWEB625273038552),3,13.142857142857142,0.2282608695652174,SALES_DROP
2025-03-23,	7086274688812433667,Webber Naturals伟博胶原蛋白与神经酰胺生物活性胶原肽120片/瓶-默认-(DYWEB625273036695),3,13.142857142857142,0.2282608695652174,SALES_DROP
2025-03-28,,【官方直播】WebberNaturals伟博深海鱼油1390mg高纯度Omega3 120粒-3瓶装,4,17.428571428571427,0.2295081967213115,SALES_DROP
2025-10-12,	-,【官方直播】加拿大伟博儿童鱼油高脑力DHA无腥可嚼软胶囊120粒/瓶-1瓶装-(625273090185*1),2,8.714285714285714,0.2295081967213115,SALES_DROP
2025-01-28,	7146569951686672673,【效期至27年10月】Webber naturals伟博高纯度Omega3鱼油120粒/瓶S-默认-(DYWEB625273090086),2,8.714285714285714,0.2295081967213115,SALES_DROP
2025-02-28,7.05478541552142e+18,Webber Naturals儿童鱼油150mg高DHA香橙味omega3脑黄金120粒6岁+-默认-(DYWEB625273033496),8,34.857142857142854,0.2295081967213115,SALES_DROP
2025-03-13,	-, webber naturals伟博胶原蛋白与神经酰胺生物活性胶原肽120片z-抗皱胶原蛋白+神经酰胺120粒*1,2,8.714285714285714,0.2295081967213115,SALES_DROP
2025-09-06,7.054785415521419e+18,WEBBER NATURALS儿童6岁+鱼油高DHA香橙味欧米伽3眼脑同步120粒-默认-(DYWEB625273033496),2,8.714285714285714,0.2295081967213115,SALES_DROP
2025-10-21,	7481121574674874687,Webber Naturals伟博天然进口小分子胶原蛋白多肽粉150g z-1瓶装-(625273036657*1);伟博天然辅酶Q10胶囊100mg 成人心脏活力60粒 效期至26年5月30日-默认-(DYWEB628347570705),2,8.714285714285714,0.2295081967213115,SALES_DROP
2025-11-02,	7481121574674874687,Webber Naturals伟博天然进口小分子胶原蛋白多肽粉150g z-1瓶装-(625273036657*1);伟博天然辅酶Q10胶囊100mg 成人心脏活力60粒 效期至26年5月30日-默认-(DYWEB628347570705),4,17.428571428571427,0.2295081967213115,SALES_DROP
2025-05-24,,【效期至26年6月30日】Webber naturals伟博500mg维生素C胶囊60粒-1瓶装,2,8.714285714285714,0.2295081967213115,SALES_DROP
2025-03-17,,Webber naturals伟博深海鱼油900mg高纯度Omega3/DHA/EPA 200粒z-伟博油900mg深海鱼油200粒*1,2,8.714285714285714,0.2295081967213115,SALES_DROP
2025-03-29,	-,【2瓶】Webber Naturals伟博维生素C1000毫克150粒（效期至25年9月） -2瓶装,2,8.714285714285714,0.2295081967213115,SALES_DROP
2025-02-28,	7054785415521419523,Webber Naturals儿童鱼油150mg高DHA香橙味omega3脑黄金120粒6岁+-默认-(DYWEB625273033496),8,34.42857142857143,0.23236514522821575,SALES_DROP
2025-08-28,	7146569951686672673;7481121574674874687,【董先生专属】WEBBER NATURALS高纯度深海鱼油omega3欧米伽3成人健身鱼油120粒-默认-(DYWEB625273090086);伟博天然进口辅酶Q10胶囊100mg 成人心脏活力60粒（效期至26年6月）-默认-(DYWEB628347570705),2,8.571428571428571,0.23333333333333334,SALES_DROP
2025-11-02,	7503765776017555739,【官方直播】加拿大伟博儿童鱼油高脑力DHA无腥可嚼软胶囊120粒/瓶-2瓶装-(625273090185*2);WEBBER NATURALS茶氨酸加纳籽褪黑素香蜂草草本5重配方安睡宝10粒-默认-(DYWEB990312500179),2,8.571428571428571,0.23333333333333334,SALES_DROP
2025-06-14,7.11003268465066e+18,WebberNaturals伟博天然500mg维生素C胶囊60粒 -默认-(625273076622),3,12.857142857142858,0.23333333333333334,SALES_DROP
2025-08-28,	7146569951686672673;7481121574674874687,【董先生专属】WEBBER NATURALS高纯度深海鱼油omega3欧米伽3成人健身鱼油120粒-默认-(DYWEB625273090086);伟博天然辅酶Q10胶囊100mg 成人心脏活力60粒 效期至26年5月30日-默认-(DYWEB628347570705),2,8.571428571428571,0.23333333333333334,SALES_DROP
2025-09-21,,伟博天然进口KSM-66 南非醉茄 降低皮质醇缓压促睡眠120粒-7200mg南非醉茄一瓶（120粒 每天1粒 可吃4个月）-(625273071597*1),2,8.571428571428571,0.23333333333333334,SALES_DROP
2025-03-07,	7144930821143691527,伟博天然进口KSM66南非醉茄印度人参精华3600mg*120粒缓压促睡眠-默认-(DYWEB625273052640),2,8.571428571428571,0.23333333333333334,SALES_DROP
2025-02-22,7.329414437553848e+18,【楚门OI专属】Webber Naturals伟博天然高纯度1390mg深海精粹鱼油软胶囊60粒/瓶-默认-(DYWEB625273090420),2,8.571428571428571,0.23333333333333334,SALES_DROP
2025-08-31,	7146569951686672673;7481121574674874687,【董先生专属】WEBBER NATURALS高纯度深海鱼油omega3欧米伽3成人健身鱼油120粒-默认-(DYWEB625273090086);伟博天然辅酶Q10胶囊100mg 成人心脏活力60粒 效期至26年5月30日-默认-(DYWEB628347570705),2,8.571428571428571,0.23333333333333334,SALES_DROP
2025-04-12,	-,伟博Osteo氨糖软骨素MSM 高端关节修护30粒（效期至25年7月）-3瓶;Webber Naturals伟博维生素C1000毫克150粒/瓶（效期至25年9月）-3瓶装,4,17.0,0.23529411764705882,SALES_DROP
2025-03-19,7.11003268465066e+18,【效期至25年6月】webbernaturals伟博500mg维生素C胶囊60粒-默认-(625273076622),3,12.714285714285714,0.2359550561797753,SALES_DROP
2025-04-16,7.144930821143692e+18,伟博天然进口KSM66南非醉茄印度人参精华3600mg*120粒缓压促睡眠-默认-(DYWEB625273052640),2,8.428571428571429,0.23728813559322035,SALES_DROP
2024-12-30,	7077809856803225896,WebberNaturals伟博深海鱼油900mg高纯度Omega3 DHA/EPA鱼油200粒-默认-(DYWEB625273052985),2,8.428571428571429,0.23728813559322035,SALES_DROP
2025-11-04,	7054785415630536992,【官方直播】1100mg鱼油120粒+大豆卵磷脂胶囊1200mg180粒鱼油搭档-1100mg鱼油120粒/瓶+大豆卵磷脂胶囊1200mg180粒/瓶-(625273079746*1+625273090086*1);WEBBER NATURALS奶蓟草护肝片姜黄硫辛酸熬夜加班养护65粒护肝片-默认-(DYWEB625273034523),2,8.428571428571429,0.23728813559322035,SALES_DROP
2025-06-05,7.146569951686672e+18,伟博加拿大进口99%纯度1100mg成人omega3鱼油心血管养护120粒 DB-默认-(DYWEB625273090086),2,8.428571428571429,0.23728813559322035,SALES_DROP
2025-04-19,7.144930821143692e+18,伟博天然进口KSM66南非醉茄印度人参精华3600mg*120粒缓压促睡眠-默认-(DYWEB625273052640),2,8.428571428571429,0.23728813559322035,SALES_DROP
2025-03-30,,【官方直播】加拿大伟博儿童鱼油高脑力DHA无腥可嚼软胶囊120粒/瓶-2瓶装,4,16.857142857142858,0.23728813559322035,SALES_DROP
2025-03-11,	7427011616899940648,【官方直播】WebberNaturals伟博深海鱼油1390mg高纯度Omega3 120粒-3瓶装;Webber伟博 Osteo氨糖软骨素MSM添加乳香姜黄素高端关节修护30粒-默认-(625273090321),4,16.857142857142858,0.23728813559322035,SALES_DROP
2025-10-24,	7481121574674874687,【官方直播】加拿大伟博儿童鱼油高脑力DHA无腥可嚼软胶囊120粒/瓶-2瓶装-(625273090185*2);伟博天然辅酶Q10胶囊100mg 成人心脏活力60粒 效期至26年5月30日-默认-(DYWEB628347570705),2,8.428571428571429,0.23728813559322035,SALES_DROP
2024-12-19,	7146569951686672673,【效期至27年10月】Webber naturals伟博高纯度Omega3鱼油120粒/瓶S-默认-(DYWEB625273090086),2,8.428571428571429,0.23728813559322035,SALES_DROP
2025-03-28,	-,【效期至2027.7.29】加拿大伟博天然安睡宝 茶氨酸褪黑素45粒/瓶-褪黑素45粒*3,2,8.428571428571429,0.23728813559322035,SALES_DROP
2025-03-30,	-,【官方直播】加拿大伟博儿童鱼油高脑力DHA无腥可嚼软胶囊120粒/瓶-2瓶装,4,16.857142857142858,0.23728813559322035,SALES_DROP
2025-12-31,7.054785415630438e+18,	WEBBER NATURALS高浓缩肉桂精华植物维稳糖值150mg呵护健康60粒,2,8.428571428571429,0.23728813559322035,SALES_DROP
2025-01-03,	7081192833746780446,webbernaturals辅酶Q10天然发酵免疫软胶囊60粒/瓶100mg营养-默认-(DYWEB625273038552),2,8.428571428571429,0.23728813559322035,SALES_DROP
2025-10-28,	7503765776017555739,【官方直播】WebberNaturals阳光小金盾小颗粒全家深海鱼油+D3 60粒-2瓶装-(625273071634*2);WEBBER NATURALS茶氨酸加纳籽褪黑素香蜂草草本5重配方安睡宝10粒-默认-(DYWEB990312500179),2,8.4,0.23809523809523808,SALES_DROP
2025-04-10,	-,Webber Naturals伟博天然进口小分子胶原蛋白多肽粉150g z-胶原蛋白多肽粉150g*1,10,42.0,0.23809523809523808,SALES_DROP
2024-12-27,	7081192833746780446,webbernaturals辅酶Q10天然发酵免疫软胶囊60粒/瓶100mg营养-默认-(DYWEB625273038552),3,12.571428571428571,0.23863636363636365,SALES_DROP
2025-11-09,7.054785415521419e+18,【进博会专属 】伟博天然6岁+儿童鱼油高DHA欧米伽3香橙味120粒-默认-(DYWEB625273033496),3,12.571428571428571,0.23863636363636365,SALES_DROP
2025-10-03,,【官方直播】WebberNaturals伟博深海鱼油1100mg高纯度Omega3 120粒-一瓶装【4个月的量】-(625273090086*1),12,50.285714285714285,0.23863636363636365,SALES_DROP
2025-03-28,	-,Webber Naturals伟博天然进口小分子胶原蛋白多肽粉150g z-胶原蛋白多肽粉150g*1,4,16.714285714285715,0.2393162393162393,SALES_DROP
2025-10-14,7.142731245833732e+18,WEBBER NATURALS进口儿童鱼油欧米伽3高DHA爆浆深海鱼油120粒1岁+-默认-(DYWEB625273090185),2,8.285714285714286,0.24137931034482757,SALES_DROP
2025-11-10,7.142731245833732e+18,WEBBER NATURALS进口儿童鱼油欧米伽3高DHA爆浆深海鱼油120粒1岁+-默认-(DYWEB625273090185),2,8.285714285714286,0.24137931034482757,SALES_DROP
2025-10-23,	7510043339572445477;7481121574674874687,WEBBER NATURALS3倍深海鱼油欧米伽3成人健身无鱼腥DNA鱼油200粒-默认-(625273072433);伟博天然辅酶Q10胶囊100mg 成人心脏活力60粒 效期至26年5月30日-默认-(DYWEB628347570705),2,8.285714285714286,0.24137931034482757,SALES_DROP
2025-04-12,7.144930821143692e+18,伟博天然进口KSM66南非醉茄印度人参精华3600mg*120粒缓压促睡眠-默认-(DYWEB625273052640),2,8.285714285714286,0.24137931034482757,SALES_DROP
2024-12-24,	7081192833746780446,webbernaturals辅酶Q10天然发酵免疫软胶囊60粒/瓶100mg营养-默认-(DYWEB625273038552),3,12.428571428571429,0.24137931034482757,SALES_DROP
2025-02-21,	7446970035580698914;7454032906437558543,【年货送礼】Webber伟博天然高纯度Omega3精粹金鱼油120粒2瓶装礼盒-默认-(625273090086*2);枫叶围巾-默认-(20241230001);【官方直播】加拿大伟博Webber鱼油500mgOmega3+D3青少年 100粒/瓶-3瓶装,3,12.428571428571429,0.24137931034482757,SALES_DROP
2025-09-21,,【官方直播】加拿大伟博儿童鱼油高脑力DHA无腥可嚼软胶囊120粒/瓶-1瓶装-(625273090185*1),2,8.285714285714286,0.24137931034482757,SALES_DROP
2025-09-30,,【官方直播】WebberNaturals伟博深海鱼油1100mg高纯度Omega3 120粒-两瓶装【8个月的量】-(625273090086*2),2,8.285714285714286,0.24137931034482757,SALES_DROP
2025-04-12,	7144930821143691527,伟博天然进口KSM66南非醉茄印度人参精华3600mg*120粒缓压促睡眠-默认-(DYWEB625273052640),2,8.285714285714286,0.24137931034482757,SALES_DROP
2025-04-21,7.12461115418552e+18,Webber naturals伟博深海鱼油500mgOmega3+D3青少年补脑 100粒/瓶-默认-(DYWEB625273090291),2,8.285714285714286,0.24137931034482757,SALES_DROP
2025-04-19,	7144930821143691527,伟博天然进口KSM66南非醉茄印度人参精华3600mg*120粒缓压促睡眠-默认-(DYWEB625273052640),2,8.285714285714286,0.24137931034482757,SALES_DROP
2025-10-25,	-,伟博天然进口KSM-66 南非醉茄 降低皮质醇缓压促睡眠120粒-7200mg南非醉茄一瓶（120粒 每天1粒 可吃4个月）-(625273071597*1),2,8.285714285714286,0.24137931034482757,SALES_DROP
2025-03-06,	7146569951686672673,伟博精粹金CO2提纯1100mg4倍含量omega3成人心脑欧鱼油120粒 S-默认-(DYWEB625273090086),2,8.285714285714286,0.24137931034482757,SALES_DROP
2025-06-24,,【官方直播】加拿大伟博儿童鱼油高脑力DHA无腥可嚼软胶囊120粒/瓶-1瓶装,2,8.285714285714286,0.24137931034482757,SALES_DROP
2025-10-27,,伟博天然进口儿童鱼油高脑力DHA软胶囊120粒/瓶-1瓶装-(625273090185*1),2,8.285714285714286,0.24137931034482757,SALES_DROP
2025-04-08,,【YY专属】Webber Naturals伟博维生素C1000毫克150粒/瓶（效期至25年9月）-3瓶装,10,41.142857142857146,0.24305555555555552,SALES_DROP
2025-06-20,7.05478541552142e+18,【子豪专属】Webber Naturals儿童鱼油150mg高DHA香橙味omega3脑黄金120粒6岁+-默认-(DYWEB625273033496),3,12.285714285714286,0.2441860465116279,SALES_DROP
2025-10-12,,【官方直播】加拿大伟博儿童鱼油高脑力DHA无腥可嚼软胶囊120粒/瓶-2瓶装-(625273090185*2),2,8.142857142857142,0.2456140350877193,SALES_DROP
2025-10-28,	7054785415630536992,【官方直播】1100mg鱼油120粒+大豆卵磷脂胶囊1200mg180粒鱼油搭档-1100mg鱼油120粒/瓶+大豆卵磷脂胶囊1200mg180粒/瓶-(625273079746*1+625273090086*1);WEBBER NATURALS奶蓟草护肝片姜黄硫辛酸熬夜加班养护65粒护肝片-默认-(DYWEB625273034523),2,8.142857142857142,0.2456140350877193,SALES_DROP
2025-05-17,,伟博进口99%纯度1100mg成人omega3深海鱼油中老年心血管养护120粒-2瓶装（8个月的量）,2,8.142857142857142,0.2456140350877193,SALES_DROP
2024-12-28,	7146569951686672673,伟博精粹金CO2提纯1100mg4倍含量omega3成人心脑欧米伽3鱼油120粒-默认-(DYWEB625273090086),2,8.142857142857142,0.2456140350877193,SALES_DROP
2025-10-25,	-,伟博加拿大进口99%纯度1100mg成人omega3深海鱼油心血管养护120粒-三瓶装（1年量）【送两瓶价值149的60粒100mg辅酶Q10】-(625273090086*3+628347570705*2),2,8.142857142857142,0.2456140350877193,SALES_DROP
2025-10-30,	7481121574674874687,Webber Naturals伟博天然进口小分子胶原蛋白多肽粉150g z-1瓶装-(625273036657*1);伟博天然辅酶Q10胶囊100mg 成人心脏活力60粒 效期至26年5月30日-默认-(DYWEB628347570705),4,16.285714285714285,0.2456140350877193,SALES_DROP
2025-05-26,,【效期至26年6月30日】Webber naturals伟博500mg维生素C胶囊60粒-3瓶装,2,8.142857142857142,0.2456140350877193,SALES_DROP
2025-03-16,	7223222612581990715,【官方直播】WebberNaturals伟博深海鱼油1390mg高纯度Omega3 120粒-1瓶装;【效期至25年7月】伟博天然高浓度奶蓟草熬夜养肝胶囊250mg护肝片-默认-(DYWEB625273090178),2,8.142857142857142,0.2456140350877193,SALES_DROP
2025-11-23,7.146569951686672e+18,WEBBER NATURALS高纯度深海鱼油omega3欧米伽3成人健身鱼油120粒D-默认-(DYWEB625273090086),4,16.285714285714285,0.2456140350877193,SALES_DROP
2025-10-12,,【官方直播】WebberNaturals伟博深海鱼油1100mg高纯度Omega3 120粒-两瓶装【8个月的量】-(625273090086*2),5,20.285714285714285,0.24647887323943662,SALES_DROP
2025-03-12,7.329414437553848e+18,Webber Naturals伟博天然高纯度1390mg深海精粹鱼油软胶囊60粒/瓶-默认-(DYWEB625273090420),3,12.142857142857142,0.24705882352941178,SALES_DROP
2025-03-01,	7427011616899940648,【官方直播】WebberNaturals伟博深海鱼油1390mg高纯度Omega3 120粒-3瓶装;Webber伟博 Osteo氨糖软骨素MSM添加乳香姜黄素高端关节修护30粒-默认-(625273090321),4,16.0,0.25,SALES_DROP
2025-03-16,	7427011616899940648,【官方直播】WebberNaturals伟博深海鱼油1390mg高纯度Omega3 120粒-5瓶装;Webber伟博 Osteo氨糖软骨素MSM添加乳香姜黄素高端关节修护30粒-默认-(625273090321),4,16.0,0.25,SALES_DROP
2025-03-03,	7427011616899940648,【官方直播】WebberNaturals伟博深海鱼油1390mg高纯度Omega3 120粒-3瓶装;Webber伟博 Osteo氨糖软骨素MSM添加乳香姜黄素高端关节修护30粒-默认-(625273090321),4,16.0,0.25,SALES_DROP
2025-11-26,7.481121574674874e+18,伟博天然辅酶Q10胶囊100mg 成人心脏活力60粒 效期至26年5月30日-默认-(DYWEB628347570705),3,12.0,0.25,SALES_DROP
2025-04-02,,【YY专属】Webber Naturals伟博维生素C1000毫克150粒/瓶（效期至25年9月）-1瓶装,2,8.0,0.25,SALES_DROP
2025-08-05,	7144930821143691527,WEBBER NATURALS南非醉茄KSM66 3600mg降低皮质醇缓压促睡眠120粒-默认-(DYWEB625273052640),2,8.0,0.25,SALES_DROP
2025-03-07,	7146569951686672673;7427011616899940648,伟博精粹金CO2提纯1100mg4倍含量omega3成人心脑欧米伽3鱼油120粒-默认-(DYWEB625273090086);Webber伟博 Osteo氨糖软骨素MSM添加乳香姜黄素高端关节修护30粒-默认-(625273090321),2,8.0,0.25,SALES_DROP
2025-02-22,	7329414437553848576,【楚门OI专属】Webber Naturals伟博天然高纯度1390mg深海精粹鱼油软胶囊60粒/瓶-默认-(DYWEB625273090420),2,8.0,0.25,SALES_DROP
2025-03-22,	7329414437553848576;7427011616899940648,Webber Naturals伟博天然高纯度1390mg深海精粹鱼油软胶囊60粒/瓶-默认-(DYWEB625273090420);Webber伟博 Osteo氨糖软骨素MSM添加乳香姜黄素高端关节修护30粒-默认-(625273090321),4,16.0,0.25,SALES_DROP
2025-11-12,7.142731245833732e+18,WEBBER NATURALS进口儿童鱼油欧米伽3高DHA爆浆深海鱼油120粒1岁+-默认-(DYWEB625273090185),2,8.0,0.25,SALES_DROP
2025-03-17,	-,Webber naturals伟博深海鱼油900mg高纯度Omega3/DHA/EPA 200粒z-伟博油900mg深海鱼油200粒*1,2,8.0,0.25,SALES_DROP
2025-04-21,	7124611154185519400,Webber naturals伟博深海鱼油500mgOmega3+D3青少年补脑 100粒/瓶-默认-(DYWEB625273090291),2,8.0,0.25,SALES_DROP
2025-11-11,7.054785415521419e+18,【进博会专属 】伟博天然6岁+儿童鱼油高DHA欧米伽3香橙味120粒-默认-(DYWEB625273033496),2,8.0,0.25,SALES_DROP
2025-02-11,	7124611154185519400,Webber naturals伟博深海鱼油500mgOmega3+D3青少年补脑 100粒/瓶-默认-(DYWEB625273090291),2,8.0,0.25,SALES_DROP
2025-03-27,,Webber Naturals伟博天然进口小分子胶原蛋白多肽粉150g z-胶原蛋白多肽粉150g*3,2,8.0,0.25,SALES_DROP
2025-10-12,,【官方直播】加拿大伟博儿童鱼油高脑力DHA无腥可嚼软胶囊120粒/瓶-1瓶装-(625273090185*1),2,8.0,0.25,SALES_DROP
2025-02-11,7.12461115418552e+18,Webber naturals伟博深海鱼油500mgOmega3+D3青少年补脑 100粒/瓶-默认-(DYWEB625273090291),2,8.0,0.25,SALES_DROP
2025-03-28,,Webber Naturals伟博天然进口小分子胶原蛋白多肽粉150g z-胶原蛋白多肽粉150g*1,5,19.857142857142858,0.2517985611510791,SALES_DROP
2025-04-06,,【官方直播】WebberNaturals伟博深海鱼油1390mg高纯度Omega3 120粒-2瓶装,3,11.857142857142858,0.25301204819277107,SALES_DROP
2025-08-31,	7146569951686672673,【董先生专属】WEBBER NATURALS高纯度深海鱼油omega3欧米伽3成人健身鱼油120粒-默认-(DYWEB625273090086),3,11.857142857142858,0.25301204819277107,SALES_DROP
2025-11-15,7.054785415521419e+18,【进博会专属 】伟博天然6岁+儿童鱼油高DHA欧米伽3香橙味120粒-默认-(DYWEB625273033496),3,11.857142857142858,0.25301204819277107,SALES_DROP
2025-12-01,7.448836024085742e+18,Webber Naturals伟博天然阳光小金盾小颗粒深海儿童鱼油+D3 60粒-默认-(DYWEB625273071634),2,7.857142857142857,0.2545454545454546,SALES_DROP
2025-04-09,,【官方直播】WebberNaturals伟博深海鱼油1390mg高纯度Omega3 120粒-2瓶装,2,7.857142857142857,0.2545454545454546,SALES_DROP
2025-07-23,	7124611154185519400,WEBBER NATURALS500mg Omega-3深海鱼油添加D3青少年鱼油100粒/瓶-默认-(DYWEB625273090291),2,7.857142857142857,0.2545454545454546,SALES_DROP
2025-07-13,7.142731245833732e+18,WEBBER NATURALS进口儿童鱼油欧米伽3高DHA爆浆深海鱼油120粒1岁+-默认-(DYWEB625273090185),2,7.857142857142857,0.2545454545454546,SALES_DROP
2025-10-14,	7142731245833732390,WEBBER NATURALS进口儿童鱼油欧米伽3高DHA爆浆深海鱼油120粒1岁+-默认-(DYWEB625273090185),2,7.857142857142857,0.2545454545454546,SALES_DROP
2026-01-11,7.146569951686672e+18,	【达人专属】WEBBER NATURALS高纯度深海鱼油omega3欧米伽3成人健身鱼油120粒,2,7.857142857142857,0.2545454545454546,SALES_DROP
2025-10-27,	7054785415630536992,【鱼油辅酶组合】伟博天然精粹金1100mg鱼油120粒+100mg辅酶Q10-心脑组合-(625273090086*1+625273038552*1);WEBBER NATURALS奶蓟草护肝片姜黄硫辛酸熬夜加班养护65粒护肝片-默认-(DYWEB625273034523),2,7.857142857142857,0.2545454545454546,SALES_DROP
2025-10-27,	7054785415630536992,【官方直播】1100mg鱼油120粒+大豆卵磷脂胶囊1200mg180粒鱼油搭档-1100mg鱼油120粒/瓶+大豆卵磷脂胶囊1200mg180粒/瓶-(625273079746*1+625273090086*1);WEBBER NATURALS奶蓟草护肝片姜黄硫辛酸熬夜加班养护65粒护肝片-默认-(DYWEB625273034523),2,7.857142857142857,0.2545454545454546,SALES_DROP
2025-08-17,	7054785415521419523,WEBBER NATURALS儿童6岁+鱼油高DHA香橙味欧米伽3眼脑同步120粒-默认-(DYWEB625273033496),2,7.857142857142857,0.2545454545454546,SALES_DROP
2025-08-05,7.144930821143691e+18,WEBBER NATURALS南非醉茄KSM66 3600mg降低皮质醇缓压促睡眠120粒-默认-(DYWEB625273052640),2,7.857142857142857,0.2545454545454546,SALES_DROP
2025-04-28,	7054785415521419523,Webber Naturals儿童鱼油150mg高DHA香橙味omega3脑黄金120粒6岁+-默认-(DYWEB625273033496),3,11.714285714285714,0.25609756097560976,SALES_DROP
2025-03-21,	7223222612581990715,【官方直播】WebberNaturals伟博深海鱼油1390mg高纯度Omega3 120粒-3瓶装;【效期至25年7月】伟博天然高浓度奶蓟草熬夜养肝胶囊250mg护肝片-默认-(DYWEB625273090178),3,11.714285714285714,0.25609756097560976,SALES_DROP
2024-12-31,	7142731245833732390,webbernaturals进口儿童鱼油欧米伽3高DHA爆浆深海鱼油120粒 1岁+-默认-(DYWEB625273090185),3,11.714285714285714,0.25609756097560976,SALES_DROP
2025-12-23,7.054785415521419e+18,	【官方直播 】伟博天然6岁+儿童鱼油高DHA欧米伽3香橙味120粒,3,11.714285714285714,0.25609756097560976,SALES_DROP
2025-06-19,7.142731245833732e+18,【子豪专属】WebberNaturals进口儿童鱼油欧米伽3高DHA爆浆深海鱼油120粒 1岁+-默认-(DYWEB625273090185),3,11.714285714285714,0.25609756097560976,SALES_DROP
2025-06-06,7.142731245833732e+18,WebberNaturals进口儿童鱼油欧米伽3高DHA爆浆深海鱼油120粒 1岁+-默认-(DYWEB625273090185),15,58.0,0.25862068965517243,SALES_DROP
2025-11-17,7.054785415521419e+18,WEBBER NATURALS儿童6岁+鱼油高DHA香橙味欧米伽3眼脑同步120粒-默认-(DYWEB625273033496),2,7.714285714285714,0.25925925925925924,SALES_DROP
2025-08-17,7.054785415521419e+18,WEBBER NATURALS儿童6岁+鱼油高DHA香橙味欧米伽3眼脑同步120粒-默认-(DYWEB625273033496),2,7.714285714285714,0.25925925925925924,SALES_DROP
2025-11-02,	7503765776017555739,Webber Naturals伟博天然进口小分子胶原蛋白多肽粉150g z-1瓶装-(625273036657*1);WEBBER NATURALS茶氨酸加纳籽褪黑素香蜂草草本5重配方安睡宝10粒-默认-(DYWEB990312500179),2,7.714285714285714,0.25925925925925924,SALES_DROP
2025-08-02,	7144930821143691527,WEBBER NATURALS南非醉茄KSM66 3600mg降低皮质醇缓压促睡眠120粒-默认-(DYWEB625273052640),2,7.714285714285714,0.25925925925925924,SALES_DROP
2025-04-07,,【官方直播】加拿大伟博儿童鱼油高脑力DHA无腥可嚼软胶囊120粒/瓶-2瓶装,3,11.571428571428571,0.25925925925925924,SALES_DROP
2025-04-14,	7086274688812433667,Webber Naturals伟博胶原蛋白与神经酰胺生物活性胶原肽120片/瓶-默认-(DYWEB625273036695),2,7.714285714285714,0.25925925925925924,SALES_DROP
2025-10-29,	7503765776017555739,【官方直播】WebberNaturals阳光小金盾小颗粒全家深海鱼油+D3 60粒-2瓶装-(625273071634*2);WEBBER NATURALS茶氨酸加纳籽褪黑素香蜂草草本5重配方安睡宝10粒-默认-(DYWEB990312500179),2,7.714285714285714,0.25925925925925924,SALES_DROP
2025-09-06,	7054785415521419523,WEBBER NATURALS儿童6岁+鱼油高DHA香橙味欧米伽3眼脑同步120粒-默认-(DYWEB625273033496),2,7.714285714285714,0.25925925925925924,SALES_DROP
2025-05-17,7.146569951686672e+18,伟博进口99%纯度1100mg成人omega3鱼油中老年心血管养护120粒 DB-默认-(DYWEB625273090086),2,7.714285714285714,0.25925925925925924,SALES_DROP
2024-12-22,	7081192833746780446,webbernaturals辅酶Q10天然发酵免疫软胶囊60粒/瓶100mg营养-默认-(DYWEB625273038552),3,11.571428571428571,0.25925925925925924,SALES_DROP
2025-02-03,	7146569951686672673,【效期至27年10月】Webber naturals伟博高纯度Omega3鱼油120粒/瓶S-默认-(DYWEB625273090086),2,7.714285714285714,0.25925925925925924,SALES_DROP
2025-05-05,	7146569951686672673,伟博精粹金CO2提纯1100mg4倍含量omega3成人心脑欧鱼油120粒 S-默认-(DYWEB625273090086),3,11.571428571428571,0.25925925925925924,SALES_DROP
2025-04-14,7.086274688812433e+18,Webber Naturals伟博胶原蛋白与神经酰胺生物活性胶原肽120片/瓶-默认-(DYWEB625273036695),2,7.714285714285714,0.25925925925925924,SALES_DROP
2025-07-12,7.12461115418552e+18,Webber naturals伟博深海鱼油500mgOmega3+D3青少年补脑 100粒/瓶-默认-(DYWEB625273090291),2,7.714285714285714,0.25925925925925924,SALES_DROP
2025-10-31,	7146569951686672673;7481121574674874687,WEBBER NATURALS高纯度深海鱼油omega3欧米伽3成人健身鱼油120粒-默认-(DYWEB625273090086);伟博天然辅酶Q10胶囊100mg 成人心脏活力60粒 效期至26年5月30日-默认-(DYWEB628347570705),11,42.142857142857146,0.26101694915254237,SALES_DROP
2025-03-30,,伟博天然进口辅酶Q10胶囊100mg 成人心脏活力60粒（效期至26年5月）-3瓶装,4,15.285714285714286,0.2616822429906542,SALES_DROP
2025-03-22,7.427011616899939e+18,Webber伟博 Osteo氨糖软骨素MSM添加乳香姜黄素高端关节修护30粒-默认-(625273090321),7,26.714285714285715,0.2620320855614973,SALES_DROP
2025-04-08,	-,【官方直播】加拿大伟博儿童鱼油高脑力DHA无腥可嚼软胶囊120粒/瓶-1瓶装,3,11.428571428571429,0.2625,SALES_DROP
2025-06-11,,【官方直播】加拿大伟博儿童鱼油高脑力DHA无腥可嚼软胶囊120粒/瓶-1瓶装,2,7.571428571428571,0.2641509433962264,SALES_DROP
2025-06-24,,Webber Naturals伟博天然进口小分子胶原蛋白多肽粉150g z-胶原蛋白多肽粉150g*1,2,7.571428571428571,0.2641509433962264,SALES_DROP
2025-10-11,7.054785415521419e+18,WEBBER NATURALS儿童6岁+鱼油高DHA香橙味欧米伽3眼脑同步120粒-默认-(DYWEB625273033496),4,15.142857142857142,0.2641509433962264,SALES_DROP
2025-11-29,7.054785415630438e+18,WEBBER NATURALS高浓缩肉桂精华植物维稳糖值150mg呵护健康60粒-默认-(DYWEB625273034370),4,15.142857142857142,0.2641509433962264,SALES_DROP
2025-11-04,	7527938665289761070;7481121574674874687,WEBBER NATURALS伟博天然守护前列番茄红素南瓜籽油锯棕榈60粒/瓶-默认-(625273039344);伟博天然辅酶Q10胶囊100mg 成人心脏活力60粒 效期至26年5月30日-默认-(DYWEB628347570705),2,7.571428571428571,0.2641509433962264,SALES_DROP
2025-10-23,	7481121574674874687,【官方直播】WebberNaturals阳光小金盾小颗粒全家深海鱼油+D3 60粒-2瓶装-(625273071634*2);伟博天然辅酶Q10胶囊100mg 成人心脏活力60粒 效期至26年5月30日-默认-(DYWEB628347570705),2,7.571428571428571,0.2641509433962264,SALES_DROP
2025-10-16,	7510043339572445477,WEBBER NATURALS3倍深海鱼油欧米伽3成人健身无鱼腥DNA鱼油200粒-默认-(625273072433);伟博天然进口VB番茄红素锌硒钙水果多酚55+男士全营养素 30粒z-1瓶装-(625273079968*1),2,7.571428571428571,0.2641509433962264,SALES_DROP
2025-01-17,7.146569951686672e+18,【官方直播】WebberNaturals伟博深海鱼油1390mg高纯度Omega3 120粒-默认-(DYWEB625273090086),2,7.571428571428571,0.2641509433962264,SALES_DROP
2025-11-18,7.054785415521419e+18,【进博会专属 】伟博天然6岁+儿童鱼油高DHA欧米伽3香橙味120粒-默认-(DYWEB625273033496),2,7.571428571428571,0.2641509433962264,SALES_DROP
2025-09-04,	7146569951686672673,【徐冬冬专属】WEBBER NATURALS高纯度深海鱼油omega3欧米伽3成人健身鱼油120粒D-默认-(DYWEB625273090086),2,7.571428571428571,0.2641509433962264,SALES_DROP
2025-03-27,,伟博Osteo氨糖软骨素MSM 高端关节修护30粒（效期至25年7月）-3瓶,4,15.142857142857142,0.2641509433962264,SALES_DROP
2024-12-21,	7081192833746780446,webbernaturals辅酶Q10天然发酵免疫软胶囊60粒/瓶100mg营养-默认-(DYWEB625273038552),3,11.285714285714286,0.26582278481012656,SALES_DROP
2025-04-28,7.05478541552142e+18,Webber Naturals儿童鱼油150mg高DHA香橙味omega3脑黄金120粒6岁+-默认-(DYWEB625273033496),3,11.285714285714286,0.26582278481012656,SALES_DROP
2025-03-10,	7146569951686672673;7427011616899940648,伟博精粹金CO2提纯1100mg4倍含量omega3成人心脑欧鱼油120粒 S-默认-(DYWEB625273090086);Webber伟博 Osteo氨糖软骨素MSM添加乳香姜黄素高端关节修护30粒-默认-(625273090321),2,7.5,0.26666666666666666,SALES_DROP
2025-03-16,7.086274688812433e+18,Webber Naturals伟博胶原蛋白与神经酰胺生物活性胶原肽120片/瓶-默认-(DYWEB625273036695),5,18.714285714285715,0.26717557251908397,SALES_DROP
2025-03-19,	7077809856803225896;7054785415630520608,WebberNaturals伟博深海鱼油900mg高纯度Omega3 DHA/EPA鱼油200粒-默认-(DYWEB625273052985);伟博天然进口α硫辛酸胶囊100mg*60粒/瓶-默认-(DYWEB625273031287),2,7.428571428571429,0.2692307692307692,SALES_DROP
2025-10-29,	7481121574674874687,Webber Naturals伟博天然进口小分子胶原蛋白多肽粉150g z-1瓶装-(625273036657*1);伟博天然辅酶Q10胶囊100mg 成人心脏活力60粒 效期至26年5月30日-默认-(DYWEB628347570705),2,7.428571428571429,0.2692307692307692,SALES_DROP
2025-11-03,	7503765776017555739,【官方直播】WebberNaturals阳光小金盾小颗粒全家深海鱼油+D3 60粒-2瓶装-(625273071634*2);WEBBER NATURALS茶氨酸加纳籽褪黑素香蜂草草本5重配方安睡宝10粒-默认-(DYWEB990312500179),2,7.428571428571429,0.2692307692307692,SALES_DROP
2025-07-04,,Webber Naturals伟博天然进口小分子胶原蛋白多肽粉150g z-胶原蛋白多肽粉150g*3,2,7.428571428571429,0.2692307692307692,SALES_DROP
2025-09-11,7.054785415521419e+18,WEBBER NATURALS儿童6岁+鱼油高DHA香橙味欧米伽3眼脑同步120粒-默认-(DYWEB625273033496),3,11.142857142857142,0.2692307692307692,SALES_DROP
2025-06-11,,【3瓶装】加拿大伟博天然小分子胶原蛋白多肽粉150g/瓶-3瓶装,2,7.428571428571429,0.2692307692307692,SALES_DROP
2025-09-11,	7054785415521419523,WEBBER NATURALS儿童6岁+鱼油高DHA香橙味欧米伽3眼脑同步120粒-默认-(DYWEB625273033496),3,11.142857142857142,0.2692307692307692,SALES_DROP
2025-04-06,	7329414437553848576;7427011616899940648,Webber Naturals伟博天然高纯度1390mg深海精粹鱼油软胶囊60粒/瓶-默认-(DYWEB625273090420);Webber伟博 Osteo氨糖软骨素MSM添加乳香姜黄素高端关节修护30粒-默认-(625273090321),4,14.857142857142858,0.2692307692307692,SALES_DROP
2025-07-05,7.144930821143692e+18,伟博天然进口KSM66南非醉茄印度人参精华3600mg*120粒缓压促睡眠-默认-(DYWEB625273052640),2,7.428571428571429,0.2692307692307692,SALES_DROP
2025-09-29,	-,【美彤专属】【儿童拍】WebberNaturals伟博小金盾小颗粒深海儿童鱼油+D3 60粒-【儿童拍】2瓶装（送一瓶40mg叶黄素）-(625273071634*2+625273070255*1),2,7.428571428571429,0.2692307692307692,SALES_DROP
2025-03-02,	7427011616899940648,【官方直播】WebberNaturals伟博深海鱼油1390mg高纯度Omega3 120粒-3瓶装;Webber伟博 Osteo氨糖软骨素MSM添加乳香姜黄素高端关节修护30粒-默认-(625273090321),4,14.857142857142858,0.2692307692307692,SALES_DROP
2025-11-10,7.481121574674874e+18,伟博天然辅酶Q10胶囊100mg 成人心脏活力60粒 效期至26年5月30日-默认-(DYWEB628347570705),7,26.0,0.2692307692307692,SALES_DROP
2025-10-20,	7481121574674874687,【官方直播】WebberNaturals伟博深海鱼油1100mg高纯度Omega3 120粒-两瓶装【8个月的量】-(625273090086*2);伟博天然辅酶Q10胶囊100mg 成人心脏活力60粒 效期至26年5月30日-默认-(DYWEB628347570705),2,7.428571428571429,0.2692307692307692,SALES_DROP
2025-10-15,	-,伟博加拿大进口99%纯度1100mg成人omega3深海鱼油心血管养护120粒-两瓶装（1个周期）【送一瓶价值149的60粒100mg辅酶Q10】-(625273090086*2+628347570705*1),2,7.428571428571429,0.2692307692307692,SALES_DROP
2025-09-28,	-,【美彤专属】【成人拍】WebberNaturals高纯度深海鱼油omega3成人健身鱼油120粒-【成人拍】1瓶装（送一瓶40mg叶黄素）-(625273090086*1+625273070255*1),2,7.428571428571429,0.2692307692307692,SALES_DROP
2025-09-27,7.054785415521419e+18,WEBBER NATURALS儿童6岁+鱼油高DHA香橙味欧米伽3眼脑同步120粒-默认-(DYWEB625273033496),4,14.714285714285714,0.27184466019417475,SALES_DROP
2025-08-31,7.146569951686672e+18,【董先生专属】WEBBER NATURALS高纯度深海鱼油omega3欧米伽3成人健身鱼油120粒-默认-(DYWEB625273090086),4,14.714285714285714,0.27184466019417475,SALES_DROP
2025-10-14,7.054785415521419e+18,WEBBER NATURALS儿童6岁+鱼油高DHA香橙味欧米伽3眼脑同步120粒-默认-(DYWEB625273033496),4,14.714285714285714,0.27184466019417475,SALES_DROP
2025-10-21,	7481121574674874687,【官方直播】WebberNaturals伟博深海鱼油1100mg高纯度Omega3 120粒-三瓶装【1年的量】-(625273090086*3);伟博天然辅酶Q10胶囊100mg 成人心脏活力60粒 效期至26年5月30日-默认-(DYWEB628347570705),3,11.0,0.2727272727272727,SALES_DROP
2025-03-26,7.427011616899939e+18,Webber伟博 Osteo氨糖软骨素MSM添加乳香姜黄素高端关节修护30粒-默认-(625273090321),6,22.0,0.2727272727272727,SALES_DROP
2025-04-11,,伟博天然进口辅酶Q10胶囊100mg 成人心脏活力60粒（效期至26年5月）-3瓶装,8,29.285714285714285,0.2731707317073171,SALES_DROP
2025-03-16,	7086274688812433667,Webber Naturals伟博胶原蛋白与神经酰胺生物活性胶原肽120片/瓶-默认-(DYWEB625273036695),5,18.285714285714285,0.2734375,SALES_DROP
2025-01-10,	7142731245833732390,webbernaturals进口儿童鱼油欧米伽3高DHA爆浆深海鱼油120粒 1岁+-默认-(DYWEB625273090185),6,21.857142857142858,0.2745098039215686,SALES_DROP
2025-04-02,	7086274688812433667,Webber Naturals伟博胶原蛋白与神经酰胺生物活性胶原肽120片/瓶-默认-(DYWEB625273036695),2,7.285714285714286,0.27450980392156865,SALES_DROP
2025-08-01,	7510043339572445477,WEBBER NATURALS3倍深海鱼油欧米伽3成人健身无鱼腥DNA鱼油200粒-默认-(625273072433),2,7.285714285714286,0.27450980392156865,SALES_DROP
2025-02-14,7.454032906437558e+18,枫叶围巾-默认-(20241230001),2,7.285714285714286,0.27450980392156865,SALES_DROP
2025-11-26,,【子豪专属】伟博天然进口儿童鱼油高脑力DHA软胶囊120粒/瓶-2瓶装-(625273090185*2),2,7.285714285714286,0.27450980392156865,SALES_DROP
2025-04-02,7.086274688812433e+18,Webber Naturals伟博胶原蛋白与神经酰胺生物活性胶原肽120片/瓶-默认-(DYWEB625273036695),2,7.285714285714286,0.27450980392156865,SALES_DROP
2025-09-27,	7054785415521419523,WEBBER NATURALS儿童6岁+鱼油高DHA香橙味欧米伽3眼脑同步120粒-默认-(DYWEB625273033496),4,14.571428571428571,0.27450980392156865,SALES_DROP
2025-02-14,	7446970035580698914;7454032906437558543,【年货送礼】Webber伟博天然高纯度Omega3精粹金鱼油120粒2瓶装礼盒-默认-(625273090086*2);枫叶围巾-默认-(20241230001),4,14.571428571428571,0.27450980392156865,SALES_DROP
2025-03-19,	7427011616899940648,【官方直播】WebberNaturals伟博深海鱼油1390mg高纯度Omega3 120粒-1瓶装;Webber伟博 Osteo氨糖软骨素MSM添加乳香姜黄素高端关节修护30粒-默认-(625273090321),4,14.571428571428571,0.27450980392156865,SALES_DROP
2025-07-05,,【官方直播】加拿大伟博儿童鱼油高脑力DHA无腥可嚼软胶囊120粒/瓶-1瓶装,2,7.285714285714286,0.27450980392156865,SALES_DROP
2026-01-08,7.146569951686672e+18,	WEBBER NATURALS高纯度深海鱼油omega3欧米伽3成人健身鱼油120粒,2,7.285714285714286,0.27450980392156865,SALES_DROP
2025-04-03,	7223222612581990715,【效期至25年7月】伟博天然高浓度奶蓟草熬夜养肝胶囊250mg护肝片-默认-(DYWEB625273090178),2,7.285714285714286,0.27450980392156865,SALES_DROP
2025-03-18,	-,WebberNaturals伟博进口叶黄素玉米黄素软胶囊呵护眼睛10mg60粒 z-伟博天然叶黄素玉米黄素软胶囊10mg*60粒*1,2,7.285714285714286,0.27450980392156865,SALES_DROP
2025-02-14,7.4469700355807e+18,【年货送礼】Webber伟博天然高纯度Omega3精粹金鱼油120粒2瓶装礼盒-默认-(625273090086*2),2,7.285714285714286,0.27450980392156865,SALES_DROP
2025-03-18,	7427011616899940648,【官方直播】WebberNaturals伟博深海鱼油1390mg高纯度Omega3 120粒-3瓶装;Webber伟博 Osteo氨糖软骨素MSM添加乳香姜黄素高端关节修护30粒-默认-(625273090321),4,14.571428571428571,0.27450980392156865,SALES_DROP
2025-03-14,	7199138110997872936,Webber naturals伟博深海鱼油900mg高纯度Omega3/DHA/EPA 200粒z-伟博油900mg深海鱼油200粒*1;Webber   Naturals伟博维生素C1000毫克150粒/瓶（效期至25年9月）-默认-(DYWEB625273032727),2,7.285714285714286,0.27450980392156865,SALES_DROP
2025-08-29,7.146569951686672e+18,【董先生专属】WEBBER NATURALS高纯度深海鱼油omega3欧米伽3成人健身鱼油120粒-默认-(DYWEB625273090086),5,18.142857142857142,0.2755905511811024,SALES_DROP
2025-06-21,7.05478541552142e+18,【子豪专属】Webber Naturals儿童鱼油150mg高DHA香橙味omega3脑黄金120粒6岁+-默认-(DYWEB625273033496),3,10.857142857142858,0.2763157894736842,SALES_DROP
2025-03-21,	7146569951686672673;7427011616899940648,伟博精粹金CO2提纯1100mg4倍含量omega3成人心脑欧米伽3鱼油120粒-默认-(DYWEB625273090086);Webber Naturals伟博维生素C1000毫克150粒/瓶（效期至25年9月）-1瓶装;Webber伟博 Osteo氨糖软骨素MSM添加乳香姜黄素高端关节修护30粒-默认-(625273090321),3,10.857142857142858,0.2763157894736842,SALES_DROP
2025-04-30,7.146569951686672e+18,伟博精粹金CO2提纯1100mg4倍含量omega3成人心脑欧鱼油120粒 S-默认-(DYWEB625273090086),3,10.857142857142858,0.2763157894736842,SALES_DROP
2025-12-31,7.054785415521419e+18,	WEBBER NATURALS6岁+儿童鱼油高DHA香橙味欧米伽3眼脑同步120粒,3,10.857142857142858,0.2763157894736842,SALES_DROP
2025-03-19,	7086274688812433667,Webber Naturals伟博胶原蛋白与神经酰胺生物活性胶原肽120片/瓶-默认-(DYWEB625273036695),7,25.285714285714285,0.2768361581920904,SALES_DROP
2025-11-30,7.054785415521419e+18,【官方直播 】伟博天然6岁+儿童鱼油高DHA欧米伽3香橙味120粒-默认-(DYWEB625273033496),4,14.428571428571429,0.2772277227722772,SALES_DROP
2025-10-14,	7054785415521419523,WEBBER NATURALS儿童6岁+鱼油高DHA香橙味欧米伽3眼脑同步120粒-默认-(DYWEB625273033496),4,14.428571428571429,0.2772277227722772,SALES_DROP
2025-03-30,	7142731245833732390,WebberNaturals进口儿童鱼油欧米伽3高DHA爆浆深海鱼油120粒 1岁+-默认-(DYWEB625273090185),5,18.0,0.2777777777777778,SALES_DROP
2025-05-26,7.146569951686672e+18,伟博进口99%纯度1100mg成人omega3鱼油中老年心血管养护120粒 DB-默认-(DYWEB625273090086),2,7.142857142857143,0.27999999999999997,SALES_DROP
2025-03-06,7.146569951686672e+18,伟博精粹金CO2提纯1100mg4倍含量omega3成人心脑欧鱼油120粒 S-默认-(DYWEB625273090086),2,7.142857142857143,0.27999999999999997,SALES_DROP
2025-04-13,,【官方直播】WebberNaturals伟博深海鱼油1390mg高纯度Omega3 120粒-1瓶装,5,17.857142857142858,0.27999999999999997,SALES_DROP
2025-10-31,	7503765776017555739,【官方直播】WebberNaturals 95%高纯度omega-3迷你深海鱼油30粒/瓶-2瓶周期装【送一瓶价值149元的60粒100mg辅酶Q10】-(625273070781*2+628347570705*1);WEBBER NATURALS茶氨酸加纳籽褪黑素香蜂草草本5重配方安睡宝10粒-默认-(DYWEB990312500179),2,7.142857142857143,0.27999999999999997,SALES_DROP
2025-11-05,	7054785415521419523,WEBBER NATURALS儿童6岁+鱼油高DHA香橙味欧米伽3眼脑同步120粒-默认-(DYWEB625273033496),4,14.285714285714286,0.27999999999999997,SALES_DROP
2025-08-12,	7054785415521419523,WEBBER NATURALS儿童6岁+鱼油高DHA香橙味欧米伽3眼脑同步120粒-默认-(DYWEB625273033496),2,7.142857142857143,0.27999999999999997,SALES_DROP
2025-12-02,7.146569951686672e+18,【达人专属】WEBBER NATURALS高纯度深海鱼油omega3欧米伽3成人健身鱼油120粒-默认-(DYWEB625273090086),2,7.142857142857143,0.27999999999999997,SALES_DROP
2025-08-31,7.142731245833732e+18,WEBBER NATURALS进口儿童鱼油欧米伽3高DHA爆浆深海鱼油120粒1岁+-默认-(DYWEB625273090185),2,7.142857142857143,0.27999999999999997,SALES_DROP
2025-11-03,,【效期至2027年12月】伟博天然高纯度深海鱼油omega3成人健身120粒A-一瓶装（体验装）-(625273090086*1),2,7.142857142857143,0.27999999999999997,SALES_DROP
2025-10-15,	7481121574674874687,【官方直播】WebberNaturals伟博深海鱼油1100mg高纯度Omega3 120粒-两瓶装【8个月的量】-(625273090086*2);伟博天然辅酶Q10胶囊100mg 成人心脏活力60粒 效期至26年5月30日-默认-(DYWEB628347570705),2,7.142857142857143,0.27999999999999997,SALES_DROP
2025-03-18,	7146569951686672673;7427011616899940648,伟博精粹金CO2提纯1100mg4倍含量omega3成人心脑欧鱼油120粒 S-默认-(DYWEB625273090086);Webber伟博 Osteo氨糖软骨素MSM添加乳香姜黄素高端关节修护30粒-默认-(625273090321),2,7.142857142857143,0.27999999999999997,SALES_DROP
2025-11-11,7.054785415521419e+18,WEBBER NATURALS儿童6岁+鱼油高DHA香橙味欧米伽3眼脑同步120粒-默认-(DYWEB625273033496),3,10.714285714285714,0.28,SALES_DROP
2025-04-13,	-,伟博Osteo氨糖软骨素MSM 高端关节修护30粒（效期至25年7月）-3瓶,7,25.0,0.28,SALES_DROP
2025-03-31,	-,【官方直播】加拿大伟博Webber儿童鱼油高DHAOmega-3甜橙味120粒/瓶-2瓶装,3,10.571428571428571,0.28378378378378377,SALES_DROP
2025-02-16,	7446970035580698914;7454032906437558543,【年货送礼】Webber伟博天然高纯度Omega3精粹金鱼油120粒2瓶装礼盒-默认-(625273090086*2);枫叶围巾-默认-(20241230001);【官方直播】加拿大伟博Webber鱼油500mgOmega3+D3青少年 100粒/瓶-2瓶装,3,10.571428571428571,0.28378378378378377,SALES_DROP
2025-11-18,7.054785415521419e+18,【官方直播 】伟博天然6岁+儿童鱼油高DHA欧米伽3香橙味120粒-默认-(DYWEB625273033496),3,10.571428571428571,0.28378378378378377,SALES_DROP
2025-03-18,7.199138110997873e+18,【二姐专属】Webber   Naturals伟博维生素C1000毫克150粒/瓶（效期至25年9月）-默认-(DYWEB625273032727),5,17.571428571428573,0.2845528455284553,SALES_DROP
2026-01-03,7.081273337766478e+18,	WEBBER NATURALS进口Verisol小分子多肽胶原蛋白加生物素120粒/瓶,2,7.0,0.2857142857142857,SALES_DROP
2025-06-04,,【官方直播】加拿大伟博儿童鱼油高脑力DHA无腥可嚼软胶囊120粒/瓶-1瓶装,2,7.0,0.2857142857142857,SALES_DROP
2025-10-13,,【官方直播】1100mg鱼油120粒+大豆卵磷脂胶囊1200mg180粒鱼油搭档-1100mg鱼油120粒/瓶+大豆卵磷脂胶囊1200mg180粒/瓶-(625273079746*1+625273090086*1),2,7.0,0.2857142857142857,SALES_DROP
2025-09-19,	-,Webber Naturals伟博天然进口小分子胶原蛋白多肽粉150g z-胶原蛋白多肽粉150g*1-(625273036657*1),2,7.0,0.2857142857142857,SALES_DROP
2025-03-08,7.144930821143692e+18,伟博天然进口KSM66南非醉茄印度人参精华3600mg*120粒缓压促睡眠-默认-(DYWEB625273052640),2,7.0,0.2857142857142857,SALES_DROP
2025-03-08,	7144930821143691527,伟博天然进口KSM66南非醉茄印度人参精华3600mg*120粒缓压促睡眠-默认-(DYWEB625273052640),2,7.0,0.2857142857142857,SALES_DROP
2025-06-12,,伟博加拿大进口99%纯度1100mg成人omega3深海鱼油心血管养护120粒-3瓶装（1年的量）,2,7.0,0.2857142857142857,SALES_DROP
2025-03-16,7.22322261258199e+18,【效期至25年7月】伟博天然高浓度奶蓟草熬夜养肝胶囊250mg护肝片-默认-(DYWEB625273090178),2,7.0,0.2857142857142857,SALES_DROP
2025-11-05,	7527938665289761070;7481121574674874687,WEBBER NATURALS伟博天然守护前列番茄红素南瓜籽油锯棕榈60粒/瓶-默认-(625273039344);伟博天然辅酶Q10胶囊100mg 成人心脏活力60粒 效期至26年5月30日-默认-(DYWEB628347570705),2,7.0,0.2857142857142857,SALES_DROP
2025-05-21,7.146569951686672e+18,伟博进口99%纯度1100mg成人omega3鱼油中老年心血管养护120粒 DB-默认-(DYWEB625273090086),2,7.0,0.2857142857142857,SALES_DROP
2025-09-22,7.054785415521419e+18,WEBBER NATURALS儿童6岁+鱼油高DHA香橙味欧米伽3眼脑同步120粒-默认-(DYWEB625273033496),4,14.0,0.2857142857142857,SALES_DROP
2025-12-09,7.054785415521419e+18,	【官方直播 】伟博天然6岁+儿童鱼油高DHA欧米伽3香橙味120粒,2,7.0,0.2857142857142857,SALES_DROP
2025-05-17,,【官方直播】WebberNaturals伟博深海鱼油1100mg高纯度Omega3 120粒-两瓶装【8个月的量送一瓶奶蓟草】,2,7.0,0.2857142857142857,SALES_DROP
2025-10-24,	7481121574674874687,【官方直播】WebberNaturals阳光小金盾小颗粒全家深海鱼油+D3 60粒-2瓶装-(625273071634*2);伟博天然辅酶Q10胶囊100mg 成人心脏活力60粒 效期至26年5月30日-默认-(DYWEB628347570705),2,7.0,0.2857142857142857,SALES_DROP
2025-02-25,	7144930821143691527,伟博天然进口KSM66南非醉茄印度人参精华3600mg*120粒缓压促睡眠-默认-(DYWEB625273052640),2,7.0,0.2857142857142857,SALES_DROP
2025-08-10,	7144930821143691527,WEBBER NATURALS南非醉茄KSM66 3600mg降低皮质醇缓压促睡眠120粒-默认-(DYWEB625273052640),3,10.428571428571429,0.2876712328767123,SALES_DROP
2025-08-10,7.144930821143691e+18,WEBBER NATURALS南非醉茄KSM66 3600mg降低皮质醇缓压促睡眠120粒-默认-(DYWEB625273052640),3,10.428571428571429,0.2876712328767123,SALES_DROP
2025-09-10,	7146569951686672673;7481121574674874687,WEBBER NATURALS高纯度深海鱼油omega3欧米伽3成人健身鱼油120粒D-默认-(DYWEB625273090086);伟博天然进口辅酶Q10胶囊100mg 成人心脏活力60粒（效期至26年6月）-默认-(DYWEB628347570705),4,13.857142857142858,0.28865979381443296,SALES_DROP
2025-03-30,	7086274688812433667,Webber Naturals伟博胶原蛋白与神经酰胺生物活性胶原肽120片/瓶-默认-(DYWEB625273036695),3,10.285714285714286,0.29166666666666663,SALES_DROP
2025-03-28,	-,伟博天然进口辅酶Q10胶囊100mg 成人心脏活力60粒（效期至26年5月）-3瓶装,3,10.285714285714286,0.29166666666666663,SALES_DROP
2025-03-30,7.086274688812433e+18,Webber Naturals伟博胶原蛋白与神经酰胺生物活性胶原肽120片/瓶-默认-(DYWEB625273036695),3,10.285714285714286,0.29166666666666663,SALES_DROP
2025-07-31,	7054785415521419523,WEBBER NATURALS儿童6岁+鱼油高DHA香橙味欧米伽3眼脑同步120粒-默认-(DYWEB625273033496),2,6.857142857142857,0.2916666666666667,SALES_DROP
2025-11-03,	7054785415521419523,WEBBER NATURALS儿童6岁+鱼油高DHA香橙味欧米伽3眼脑同步120粒-默认-(DYWEB625273033496),4,13.714285714285714,0.2916666666666667,SALES_DROP
2025-10-14,	-,伟博加拿大进口99%纯度1100mg成人omega3深海鱼油心血管养护120粒-两瓶装（1个周期）【送一瓶价值149的60粒100mg辅酶Q10】-(625273090086*2+628347570705*1),2,6.857142857142857,0.2916666666666667,SALES_DROP
2025-03-28,	-,【官方直播】加拿大伟博Webber儿童鱼油高DHAOmega-3甜橙味120粒/瓶-2瓶装,4,13.714285714285714,0.2916666666666667,SALES_DROP
2025-08-17,	-,【官方直播】1100mg鱼油120粒+大豆卵磷脂胶囊1200mg180粒鱼油搭档-1100mg鱼油120粒/瓶+大豆卵磷脂胶囊1200mg180粒/瓶-(625273079746*1+625273090086*1),2,6.857142857142857,0.2916666666666667,SALES_DROP
2025-12-12,7.448836024085742e+18,	【达人专属】Webber Naturals伟博天然阳光小金盾小颗粒深海儿童鱼油+D3 60粒,2,6.857142857142857,0.2916666666666667,SALES_DROP
2025-11-04,,【官方直播】加拿大伟博儿童鱼油高脑力DHA无腥可嚼软胶囊120粒/瓶-2瓶装-(625273090185*2),2,6.857142857142857,0.2916666666666667,SALES_DROP
2026-01-05,7.146569951686672e+18,	【达人专属】WEBBER NATURALS高纯度深海鱼油omega3欧米伽3成人健身鱼油120粒,2,6.857142857142857,0.2916666666666667,SALES_DROP
2025-09-18,	7054785415521419523,WEBBER NATURALS儿童6岁+鱼油高DHA香橙味欧米伽3眼脑同步120粒-默认-(DYWEB625273033496),4,13.714285714285714,0.2916666666666667,SALES_DROP
2025-04-23,7.144930821143692e+18,伟博天然进口KSM66南非醉茄印度人参精华3600mg*120粒缓压促睡眠-默认-(DYWEB625273052640),2,6.857142857142857,0.2916666666666667,SALES_DROP
2025-03-07,7.144930821143692e+18,伟博天然进口KSM66南非醉茄印度人参精华3600mg*120粒缓压促睡眠-默认-(DYWEB625273052640),2,6.857142857142857,0.2916666666666667,SALES_DROP
2025-03-22,	7144930821143691527,伟博天然进口KSM66南非醉茄印度人参精华3600mg*120粒缓压促睡眠-默认-(DYWEB625273052640),2,6.857142857142857,0.2916666666666667,SALES_DROP
2025-04-23,	7144930821143691527,伟博天然进口KSM66南非醉茄印度人参精华3600mg*120粒缓压促睡眠-默认-(DYWEB625273052640),2,6.857142857142857,0.2916666666666667,SALES_DROP
2025-09-19,	-,Webber Naturals伟博天然高纯度1100mg深海精粹鱼油软胶囊60粒 D-1瓶装-(625273090420*1),2,6.857142857142857,0.2916666666666667,SALES_DROP
2025-02-09,	7146569951686672673,【效期至27年10月】Webber naturals伟博高纯度Omega3鱼油120粒/瓶S-默认-(DYWEB625273090086),2,6.857142857142857,0.2916666666666667,SALES_DROP
2024-12-23,	7077809856803225896,WebberNaturals伟博深海鱼油900mg高纯度Omega3 DHA/EPA鱼油200粒-默认-(DYWEB625273052985),5,17.0,0.29411764705882354,SALES_DROP
2025-03-25,	7223222612581990715,【官方直播】WebberNaturals伟博深海鱼油1390mg高纯度Omega3 120粒-5瓶装;【效期至25年7月】伟博天然高浓度奶蓟草熬夜养肝胶囊250mg护肝片-默认-(DYWEB625273090178),4,13.571428571428571,0.2947368421052632,SALES_DROP
2025-06-19,7.05478541552142e+18,【子豪专属】Webber Naturals儿童鱼油150mg高DHA香橙味omega3脑黄金120粒6岁+-默认-(DYWEB625273033496),3,10.142857142857142,0.29577464788732394,SALES_DROP
2025-09-10,7.054785415521419e+18,WEBBER NATURALS儿童6岁+鱼油高DHA香橙味欧米伽3眼脑同步120粒-默认-(DYWEB625273033496),3,10.142857142857142,0.29577464788732394,SALES_DROP
2025-03-30,	-,【YY专属】Webber Naturals伟博维生素C1000毫克150粒/瓶（效期至25年9月）-1瓶装,5,16.857142857142858,0.2966101694915254,SALES_DROP
2025-01-14,	7168643947345035558,伟博天然高纯度1390mg深海精粹鱼油软胶囊-60粒/瓶;伟博天然进口VB番茄红素锌硒钙水果多酚55+男士全营养素 30粒-默认-(DYWEB625273079968),2,6.714285714285714,0.2978723404255319,SALES_DROP
2025-10-25,,【官方直播】WebberNaturals阳光小金盾小颗粒全家深海鱼油+D3 60粒-3瓶装-(625273071634*3),2,6.714285714285714,0.2978723404255319,SALES_DROP
2025-04-04,	7223222612581990715,【官方直播】WebberNaturals伟博深海鱼油1390mg高纯度Omega3 120粒-1瓶装;【效期至25年7月】伟博天然高浓度奶蓟草熬夜养肝胶囊250mg护肝片-默认-(DYWEB625273090178),2,6.714285714285714,0.2978723404255319,SALES_DROP
2025-03-22,7.144930821143692e+18,伟博天然进口KSM66南非醉茄印度人参精华3600mg*120粒缓压促睡眠-默认-(DYWEB625273052640),2,6.714285714285714,0.2978723404255319,SALES_DROP
2025-03-22,	7144930821143691527,伟博天然进口KSM66南非醉茄印度人参精华3600mg*120粒降低皮质醇-默认-(DYWEB625273052640);【官方直播】WebberNaturals伟博深海鱼油1390mg高纯度Omega3 120粒-1瓶装,2,6.714285714285714,0.2978723404255319,SALES_DROP
2025-03-17,	7223222612581990715,【官方直播】WebberNaturals伟博深海鱼油1390mg高纯度Omega3 120粒-1瓶装;【效期至25年7月】伟博天然高浓度奶蓟草熬夜养肝胶囊250mg护肝片-默认-(DYWEB625273090178),2,6.714285714285714,0.2978723404255319,SALES_DROP
2025-12-24,7.146569951686672e+18,	WEBBER NATURALS高纯度深海鱼油omega3欧米伽3成人健身鱼油120粒D,2,6.714285714285714,0.2978723404255319,SALES_DROP
2025-01-04,	7081192833746780446,【官方直播】加拿大伟博深海鱼油1390mg高纯度Omega3-两瓶装组合;webbernaturals辅酶Q10天然发酵免疫软胶囊60粒/瓶100mg营养-默认-(DYWEB625273038552),2,6.714285714285714,0.2978723404255319,SALES_DROP
2025-10-25,,【效期至2027年12月】伟博天然高纯度深海鱼油omega3成人健身120粒A-两瓶装（1个周期）【送一瓶安睡宝】-(625273090086*2+990312500179*1),2,6.714285714285714,0.2978723404255319,SALES_DROP
2025-10-14,,伟博加拿大进口99%纯度1100mg成人omega3深海鱼油心血管养护120粒-两瓶装（1个周期）【送一瓶价值149的60粒100mg辅酶Q10】-(625273090086*2+628347570705*1),2,6.714285714285714,0.2978723404255319,SALES_DROP
2025-03-23,,【官方直播】WebberNaturals伟博深海鱼油1390mg高纯度Omega3 120粒-5瓶装,2,6.714285714285714,0.2978723404255319,SALES_DROP
2025-03-27,,【官方直播】加拿大伟博儿童鱼油高脑力DHA无腥可嚼软胶囊120粒/瓶-2瓶装,2,6.714285714285714,0.2978723404255319,SALES_DROP
2025-11-29,7.054785415521419e+18,【官方直播 】伟博天然6岁+儿童鱼油高DHA欧米伽3香橙味120粒-默认-(DYWEB625273033496),5,16.714285714285715,0.29914529914529914,SALES_DROP
2024-12-21,	7146569951686672673,Webber naturals伟博深海鱼油1100mg高纯度Omega3-默认-(DYWEB625273090086),3,10.0,0.3,SALES_DROP
2025-03-28,	7086274688812433667,Webber Naturals伟博胶原蛋白与神经酰胺生物活性胶原肽120片/瓶-默认-(DYWEB625273036695),3,10.0,0.3,SALES_DROP
2025-03-28,7.086274688812433e+18,Webber Naturals伟博胶原蛋白与神经酰胺生物活性胶原肽120片/瓶-默认-(DYWEB625273036695),3,10.0,0.3,SALES_DROP
2024-12-28,	7146569951686672673,【效期至27年10月】Webber naturals伟博高纯度Omega3鱼油120粒/瓶S-默认-(DYWEB625273090086),3,10.0,0.3,SALES_DROP
